schema_version,tic,sector,cadence_s,n_epochs,var_amplitude_ppt,rotation_period_d,rotation_power,rotation_systematic,n_flares,is_dipper,n_dips,var_class,subclass,tool_version
2,1000946479,16,120,14835,174.2101942062378,,0.002412600012872192,False,0,False,0,variable,quiet,0.3.0
2,1001095628,16,120,14594,4.100405177486096,0.4637887828829886,0.2641138322514507,False,6,False,0,flaring,quiet,0.3.0
2,1001115459,16,120,14288,1.2135830998420716,,0.002719397868957257,False,0,False,0,quiet,quiet,0.3.0
2,1001164217,16,120,13581,364.4800173282623,,0.001485265571843434,False,0,False,0,variable,quiet,0.3.0
2,1001166180,16,120,13569,238.0394691109657,,0.0010315189692583814,False,0,False,0,variable,quiet,0.3.0
2,1001291727,16,120,15687,0.814504873752594,,0.0032682538277582743,False,0,False,0,quiet,quiet,0.3.0
2,1001379863,16,120,15689,10.824687588214873,6.3264926953159994,0.6204414354155652,False,0,False,0,rotator,quiet,0.3.0
2,100502409,16,120,14397,0.7848126053810119,0.41028229385528575,0.43956380352780583,False,0,False,0,rotator,quiet,0.3.0
2,100628936,16,120,14395,0.14271730184555054,,0.02711234387857585,False,0,False,0,quiet,quiet,0.3.0
2,100728163,16,120,13613,9.856595921516417,,0.008775342150128618,False,0,False,0,variable,quiet,0.3.0
2,100729135,16,120,13860,1.7578971683979032,,0.02277654559111953,False,0,False,0,quiet,quiet,0.3.0
2,100734189,16,120,14403,1.9379507303237913,4.837944867408339,0.4454590847774786,False,0,False,0,rotator,quiet,0.3.0
2,100734440,16,120,14397,1.1249481439590454,5.048292735175239,0.4869679849108353,False,0,False,0,rotator,quiet,0.3.0
2,100735545,16,120,14402,0.6545554518699646,,0.001965638067616916,False,0,False,0,quiet,quiet,0.3.0
2,100772163,16,120,14133,211.15745022296906,16.458256207160307,0.16364846354596035,False,0,False,0,rotator,quiet,0.3.0
2,100799858,16,120,14399,0.5489534854888916,,0.008421510089515133,False,0,False,0,quiet,quiet,0.3.0
2,10553552,16,120,14399,0.6434208512306213,,0.0013656950370828764,False,0,False,0,quiet,quiet,0.3.0
2,10668993,16,120,14221,0.9125070333480835,,0.002017577496188071,False,0,False,0,quiet,quiet,0.3.0
2,10677383,16,120,13660,1.5065291404724122,,0.010455250863368837,False,0,False,0,quiet,quiet,0.3.0
2,10680561,16,120,14403,0.63166766166687,7.256899468031435,0.520274559647314,False,11,False,0,flaring,quiet,0.3.0
2,10729385,16,120,15398,0.5179356694221496,,0.0018233295542450997,False,0,False,0,quiet,quiet,0.3.0
2,1102043869,16,120,15211,274.6351015090942,,0.0012876576004521771,False,0,False,0,variable,quiet,0.3.0
2,1102166561,16,120,14941,156.78224658966064,,0.0018507819444613014,False,0,False,0,variable,quiet,0.3.0
2,1102210459,16,120,14533,323.62363278865814,,0.0008289858382153863,False,0,False,0,variable,quiet,0.3.0
2,1102311837,16,120,15690,1.0232786052442011,4.623140616821852,0.3385422143340903,False,0,False,0,rotator,quiet,0.3.0
2,1102332935,16,120,14249,375.93990737199783,,0.0027877058924452476,False,0,False,1,variable,quiet,0.3.0
2,1102503442,16,120,13558,309.6371420122896,,0.0009195747288389938,False,0,False,0,variable,quiet,0.3.0
2,1102550101,16,120,14632,1.553939563035965,8.998009724085618,0.30368797943125464,False,0,False,0,rotator,quiet,0.3.0
2,1102582998,16,120,14628,0.3045666754245758,,0.09787664841870503,False,0,False,0,quiet,quiet,0.3.0
2,115684687,16,120,14324,0.6143471717834473,1.7592491604926692,0.11304396242764071,False,0,False,0,rotator,quiet,0.3.0
2,115736719,16,120,13615,1.642883813381195,,0.0034497669890128945,False,0,False,0,quiet,quiet,0.3.0
2,115737834,16,120,13594,10.509737769059472,2.7879260144011484,0.21656209532409143,False,0,False,0,rotator,quiet,0.3.0
2,115738030,16,120,14399,0.5062708497047425,,0.06921157263837979,False,0,False,0,quiet,quiet,0.3.0
2,115740024,16,120,13828,2.105455836816306,,0.001926959749638807,False,0,False,0,quiet,quiet,0.3.0
2,115744171,16,120,14402,0.9270438730716706,,0.004192683801323593,False,0,False,0,quiet,quiet,0.3.0
2,115771549,16,120,14401,0.4778157591819763,,0.04231172955428436,False,0,True,4,dipper,quiet,0.3.0
2,115779465,16,120,13954,1.7855568770898318,,0.013672414794550973,False,0,True,7,dipper,quiet,0.3.0
2,116280703,16,120,15194,1.0046767830848693,,0.02387633400943404,False,0,False,0,quiet,quiet,0.3.0
2,116281565,16,120,15394,0.44485380649566647,,0.002047981980510374,False,0,False,0,quiet,quiet,0.3.0
2,116283137,16,120,15398,0.9914213061332702,,0.023995921867802247,False,0,False,0,quiet,quiet,0.3.0
2,116283382,16,120,15399,6.208335185050964,,0.0014548088897370617,False,0,False,0,variable,quiet,0.3.0
2,116304791,16,120,15455,0.2873787403106689,,0.004918367161825978,False,0,False,0,quiet,quiet,0.3.0
2,116305686,16,120,15397,1.8281953811645508,3.0601340831863006,0.23768828269264602,False,0,False,0,rotator,quiet,0.3.0
2,116306164,16,120,15396,11.37492277547487,,0.01291669722507738,False,1,False,0,variable,quiet,0.3.0
2,116379482,16,120,15249,27.072279167175292,,0.0020794705235142783,False,0,False,0,variable,quiet,0.3.0
2,116415984,16,120,15451,0.17691643238067625,,0.010134557692119392,False,0,False,0,quiet,quiet,0.3.0
2,116441174,16,120,15452,0.4193591058254242,,0.0011101844993943414,False,0,False,0,quiet,quiet,0.3.0
2,116541879,16,120,15191,3.2311550617218017,,0.0020274242382238255,False,0,False,0,quiet,quiet,0.3.0
2,119478187,16,120,14173,0.9323902487754822,,0.0016013763977472987,False,0,False,0,quiet,quiet,0.3.0
2,119486764,16,120,14400,0.7941356005032181,7.256883546780983,0.21959638337434964,False,0,False,0,rotator,quiet,0.3.0
2,119577170,16,120,14379,1.6226471185684204,5.277730100405878,0.4326079583984001,False,0,False,0,rotator,quiet,0.3.0
2,119581022,16,120,13890,1.2442915843638305,,0.019433840070296665,False,0,False,0,quiet,quiet,0.3.0
2,119584963,16,120,14396,0.4723368287086486,1.1970103139597275,0.11394195994919573,False,0,False,0,rotator,quiet,0.3.0
2,119654644,16,120,14398,0.5355212688446044,,0.029733647031008174,False,0,False,0,quiet,quiet,0.3.0
2,119700084,16,120,13799,1.1293666362762451,,0.002036060646164835,False,0,False,0,quiet,quiet,0.3.0
2,119701473,16,120,14400,0.8470691621303558,,0.009878457021653412,False,0,False,0,quiet,quiet,0.3.0
2,119828907,16,120,14389,0.3779578328132629,,0.0034574219091305608,False,0,False,0,quiet,quiet,0.3.0
2,119837662,16,120,13850,1.0291552918645914,,0.009773695954509474,False,0,False,0,quiet,quiet,0.3.0
2,120051565,16,120,13655,1.5321563959121702,,0.001893572173506199,False,0,False,0,quiet,quiet,0.3.0
2,120059813,16,120,14400,0.7028937578201293,,0.005131926101975793,False,0,False,0,quiet,quiet,0.3.0
2,120116930,16,120,14215,0.9775472402572631,,0.009930082560558582,False,0,False,0,quiet,quiet,0.3.0
2,120117606,16,120,14397,0.5143125057220459,10.55550524930802,0.17415211539142453,False,0,False,0,rotator,quiet,0.3.0
2,1201246764,16,120,14313,2.7034103393554685,,0.004197478640437426,False,0,False,0,quiet,quiet,0.3.0
2,120239458,16,120,13818,1.9638872216973537,,0.01909206185404836,False,0,False,1,quiet,quiet,0.3.0
2,120346619,16,120,13853,4.966385364532471,4.787293946880407,0.7020653765793731,False,0,False,0,rotator,quiet,0.3.0
2,120480670,16,120,14401,0.6841593503952026,,0.0014132473183653446,False,0,False,0,quiet,quiet,0.3.0
2,120599496,16,120,14401,0.2826951384544372,,0.005279224428706109,False,0,False,0,quiet,quiet,0.3.0
2,120600076,16,120,14399,0.6055101871490478,,0.002254290783512737,False,0,False,0,quiet,quiet,0.3.0
2,120640439,16,120,13820,1.0945931343613007,,0.001454697714800188,False,0,False,0,quiet,quiet,0.3.0
2,120641035,16,120,14399,1.5139522075653074,,0.03403536220702631,False,0,False,0,quiet,quiet,0.3.0
2,120678901,16,120,13945,2.121760010719299,1.8281466745993962,0.28408566857359513,False,9,False,0,flaring,quiet,0.3.0
2,125443054,16,120,13617,2.385985851287842,,0.00454483892600481,False,0,False,0,quiet,quiet,0.3.0
2,125444290,16,120,13563,1.037815475463867,,0.0020207056900241114,False,0,False,0,quiet,quiet,0.3.0
2,125446693,16,120,13830,1.3065039543359294,1.0728966191436908,0.12766340936992554,False,0,False,0,rotator,quiet,0.3.0
2,125524271,16,120,13867,1.1724911212921143,1.6672003294289703,0.39936637841063,False,0,False,0,rotator,quiet,0.3.0
2,1271237667,16,120,14627,2.6177799582481383,,0.0008571434266790087,False,0,False,0,quiet,quiet,0.3.0
2,1271314855,16,120,15697,1215.158203983307,,0.00075913622027202,False,0,False,1,variable,quiet,0.3.0
2,1271318147,16,120,15699,178.95848278999327,,0.001219936167453391,False,0,False,0,variable,quiet,0.3.0
2,127336913,16,120,13885,2.558660531044006,11.503596394641134,0.5412314065285495,False,0,False,0,rotator,quiet,0.3.0
2,127338744,16,120,13884,0.935483193397522,,0.004654338267402145,False,0,False,0,quiet,quiet,0.3.0
2,128339513,16,120,13632,5.056213464028045,4.087540761698847,0.7502029805332592,False,0,False,0,rotator,quiet,0.3.0
2,128501244,16,120,13652,1.5329959094524384,,0.003573750211155098,False,0,False,0,quiet,quiet,0.3.0
2,128627365,16,120,14394,0.38370184995521006,,0.006324051933525095,False,0,False,0,quiet,quiet,0.3.0
2,128633920,16,120,14393,0.2950669169425964,,0.017426692606793096,False,0,False,0,quiet,quiet,0.3.0
2,128634789,16,120,14396,0.5714877963066101,,0.06722803449113052,False,0,False,0,quiet,quiet,0.3.0
2,128635496,16,120,13608,1.7291327834129333,,0.007849063835177004,False,0,False,0,quiet,quiet,0.3.0
2,128685865,16,120,13783,0.9769286513328552,,0.030615556918637234,False,0,False,0,quiet,quiet,0.3.0
2,128713835,16,120,14318,0.43628195740473014,,0.09118924688303302,False,0,False,0,quiet,quiet,0.3.0
2,128827502,16,120,14398,0.42766587138175965,,0.09901095156201134,False,0,False,0,quiet,quiet,0.3.0
2,128865821,16,120,14403,1.7232120037078855,,0.006054103933203164,False,0,False,0,quiet,quiet,0.3.0
2,128927693,16,120,13829,2.1658565640449523,4.601388410699292,0.6613426397969266,False,0,False,0,rotator,quiet,0.3.0
2,129006409,16,120,13602,12.06946560351448,5.444760968488686,0.9449314564639654,False,0,False,0,rotator,quiet,0.3.0
2,129012152,16,120,13882,0.7803941130638122,,0.06587130132194245,False,0,False,0,quiet,quiet,0.3.0
2,129046487,16,120,13737,5.272498512268066,6.359937079835542,0.30463705820900244,False,1,False,0,rotator,quiet,0.3.0
2,129101920,16,120,13607,41.528525590896606,,0.004455132587675156,False,0,False,0,variable,quiet,0.3.0
2,129201650,16,120,13843,8.104752087593079,,0.0013299017169681386,False,0,False,0,variable,quiet,0.3.0
2,129203970,16,120,13851,3.6947432756423946,19.17246241214343,0.894584675158585,False,2,False,0,rotator,quiet,0.3.0
2,129204608,16,120,13555,1.1495149612426756,,0.0038895659688977864,False,0,False,0,quiet,quiet,0.3.0
2,129216772,16,120,13883,0.6192958831787109,,0.04216196192834444,False,0,False,0,quiet,quiet,0.3.0
2,129330808,16,120,13882,0.7970076679291626,,0.0025308720879102637,False,0,False,0,quiet,quiet,0.3.0
2,129412836,16,120,13884,0.7423066650446257,,0.0018259935499224187,False,0,False,0,quiet,quiet,0.3.0
2,129414223,16,120,13842,0.6109448962840499,8.848840001893013,0.46511061079717875,False,0,False,0,rotator,quiet,0.3.0
2,129453319,16,120,13881,6.5093228816986075,0.1179847180947642,0.549569631569637,False,0,False,0,rotator,quiet,0.3.0
2,129457143,16,120,13653,1.3315568447113038,,0.0011025407636788456,False,0,False,0,quiet,quiet,0.3.0
2,129489880,16,120,13633,2.926809310913086,,0.001711836403053822,False,0,False,0,quiet,quiet,0.3.0
2,129537545,16,120,13877,0.601621913909912,,0.0017710525429756522,False,0,False,0,quiet,quiet,0.3.0
2,129564898,16,120,13880,1.279948778155519,2.0915505237694147,0.3494459598545263,False,0,False,0,rotator,quiet,0.3.0
2,136095274,16,120,14392,5.398823207616806,,0.000872218666972829,False,0,False,0,variable,quiet,0.3.0
2,136102983,16,120,14386,0.658487929656742,0.15112015228332606,0.3098194467757736,False,0,False,0,rotator,quiet,0.3.0
2,136458896,16,120,14390,57.258179794008136,,0.003171096598512566,False,0,False,0,variable,quiet,0.3.0
2,136513953,16,120,14392,13.680669282714682,0.13670221210393502,0.1370071060813499,False,0,False,0,rotator,quiet,0.3.0
2,136721616,16,120,14392,3.4787672675023296,,0.008126028807415014,False,0,False,0,quiet,quiet,0.3.0
2,136722103,16,120,14392,6.1814267510600915,,0.002902180537026347,False,0,False,0,variable,quiet,0.3.0
2,136849775,16,120,14390,8.391865468267635,,0.08215482128869098,False,1,False,0,variable,quiet,0.3.0
2,136851851,16,120,14390,36.56850176547462,,0.02993581220151075,False,0,False,0,variable,quiet,0.3.0
2,136951799,16,120,14661,0.7191538095474242,,0.012609102401912249,False,0,False,0,quiet,quiet,0.3.0
2,136953099,16,120,14625,4.713824343681336,,0.09109619409631552,False,5,False,0,flaring,quiet,0.3.0
2,136995094,16,120,14656,0.5204542100429534,8.366659469855417,0.12165315979751644,False,0,False,0,rotator,quiet,0.3.0
2,136999820,16,120,14663,1.1845094203948974,4.505123486448366,0.15698897213808793,False,0,False,0,rotator,quiet,0.3.0
2,136999953,16,120,14655,1.341807746887207,,0.001839420901557276,False,0,False,0,quiet,quiet,0.3.0
2,137004295,16,120,14658,0.47609257555559725,3.1657725813419026,0.12276219834562752,False,0,False,0,rotator,quiet,0.3.0
2,137020116,16,120,14662,1.0527057631997538,,0.001995408426095209,False,0,False,0,quiet,quiet,0.3.0
2,137021418,16,120,14547,2.162586879730225,5.837566601608273,0.14611578920003793,False,0,False,0,rotator,quiet,0.3.0
2,137025492,16,120,14663,1.2243642210960388,,0.08902637529618752,False,0,False,0,quiet,quiet,0.3.0
2,137272511,16,120,14392,26.37623407244682,,0.014951043997134462,False,0,False,0,variable,quiet,0.3.0
2,137511120,16,120,14391,20.655479514598845,,0.029853571229349982,False,0,False,0,variable,quiet,0.3.0
2,137513056,16,120,14388,0.5376421451568604,2.975903996865758,0.14713116511901203,False,0,False,0,rotator,quiet,0.3.0
2,137520593,16,120,14392,5.152094289535624,,0.005563238091048471,False,0,False,0,variable,quiet,0.3.0
2,137834449,16,120,14586,13.813753044195382,,0.001069992866690823,False,0,False,0,variable,quiet,0.3.0
2,137834492,16,120,15691,2.0719194173812863,,0.0003124147820061204,False,0,False,0,quiet,quiet,0.3.0
2,137843754,16,120,14550,6.781678748130798,,0.003062437836906415,False,0,False,0,variable,quiet,0.3.0
2,138005402,16,120,14392,0.5576579153537751,,0.012177960562067101,False,0,False,0,quiet,quiet,0.3.0
2,138136997,16,120,14392,3.42649670918276,,0.04024591794985252,False,0,True,12,dipper,quiet,0.3.0
2,138606429,16,120,14392,7.473216757976508,,0.049783271011529795,False,0,False,0,variable,quiet,0.3.0
2,138864295,16,120,14281,5.780094909667968,,0.0016832210129799406,False,0,False,0,variable,quiet,0.3.0
2,139209195,16,120,14392,11.509686452150344,,0.014280384466242342,False,0,False,0,variable,quiet,0.3.0
2,1400801643,16,120,15144,2.5686022153080166,,0.0024070898666740995,False,0,False,0,quiet,quiet,0.3.0
2,141812411,16,120,14661,1.3354451179504394,,0.008804729877336938,False,0,False,0,quiet,quiet,0.3.0
2,141812609,16,120,14648,3.7390166800921167,,0.0016651080260982442,False,0,False,0,quiet,quiet,0.3.0
2,141815834,16,120,14615,2.882712757587433,11.71262298044303,0.8261105110943691,False,4,False,0,flaring,quiet,0.3.0
2,141817017,16,120,15644,2.172793596982956,5.993831447067123,0.14574912082932606,False,0,False,0,rotator,quiet,0.3.0
2,141818815,16,120,15679,0.3413727164268493,,0.05473485446737876,False,0,False,0,quiet,quiet,0.3.0
2,141819826,16,120,14612,6.431734156608581,6.8766984557380395,0.7863957244538899,False,0,False,0,rotator,quiet,0.3.0
2,141822410,16,120,15228,0.9000468850135802,,0.0014656198364895213,False,0,False,0,quiet,quiet,0.3.0
2,141822426,16,120,15244,10.36640156507492,,0.0017315177284463366,False,0,False,0,variable,quiet,0.3.0
2,141859885,16,120,15680,0.5028244256973265,,0.01943794161390832,False,0,False,0,quiet,quiet,0.3.0
2,141860936,16,120,14683,1.1679842591285705,5.327073594167628,0.15587721929778436,False,0,False,0,rotator,quiet,0.3.0
2,141862415,16,120,15663,0.9167487859725951,5.723952443034445,0.17405972866615868,False,2,False,0,rotator,quiet,0.3.0
2,141872267,16,120,14648,73.7506459236145,,0.0020225656044133033,False,0,False,0,variable,quiet,0.3.0
2,141873211,16,120,15689,0.5541673064231872,,0.04239033650804656,False,0,False,0,quiet,quiet,0.3.0
2,141875398,16,120,15687,0.45563492774963377,,0.01017199428645415,False,0,False,0,quiet,quiet,0.3.0
2,141876286,16,120,14686,1.7356278636677345,,0.09260670700781531,False,0,False,0,quiet,quiet,0.3.0
2,148764701,16,120,13654,6.88387806511652,,0.014450222393710114,False,0,False,0,variable,quiet,0.3.0
2,148765586,16,120,15397,0.5318097352981568,,0.027656983964052147,False,0,False,0,quiet,quiet,0.3.0
2,148781321,16,120,15398,0.6763828039169311,,0.06087137794996616,False,0,False,0,quiet,quiet,0.3.0
2,148781422,16,120,14617,1.5822620987892149,,0.0009210800126565339,False,0,False,0,quiet,quiet,0.3.0
2,148781568,16,120,14624,2.292313745846935,,0.03128468903918408,False,0,False,0,quiet,quiet,0.3.0
2,148781689,16,120,15394,0.5235029697418213,1.5703412752811263,0.15200871930611867,False,0,False,0,rotator,quiet,0.3.0
2,148782377,16,120,15398,0.5051220417022704,,0.02441581534992366,False,0,False,0,quiet,quiet,0.3.0
2,148784071,16,120,14651,2.19943710565567,,0.032440998351986786,False,0,False,0,quiet,quiet,0.3.0
2,148784361,16,120,15398,0.9656173110008239,2.7124039755633786,0.5769283327886429,False,0,False,0,rotator,quiet,0.3.0
2,150434403,16,120,15454,0.2249896287918091,,0.07906011538417654,False,0,False,0,quiet,quiet,0.3.0
2,150434902,16,120,15399,1.1876023650169372,,0.001449596667376125,False,0,False,0,quiet,quiet,0.3.0
2,153823760,16,120,13134,1.022262382507324,,0.023447182620375616,False,0,False,0,quiet,quiet,0.3.0
2,153824002,16,120,13132,1.4474096701321104,,0.005111056849290642,False,0,False,0,quiet,quiet,0.3.0
2,153883237,16,120,13183,30.27303500175476,,0.07093873151759583,False,0,False,0,variable,quiet,0.3.0
2,153884128,16,120,13549,0.8313835144042968,2.038827639595289,0.3826343626193883,False,0,False,0,rotator,quiet,0.3.0
2,153886554,16,120,13547,0.6658667922019958,5.436875700835182,0.28958766035396566,False,0,False,0,rotator,quiet,0.3.0
2,153938747,16,120,13560,1.506219890899059,,0.036071383952733176,False,0,False,0,quiet,quiet,0.3.0
2,153938822,16,120,13575,2.546642231941223,,0.01402311791087707,False,0,False,0,quiet,quiet,0.3.0
2,153979988,16,120,12881,2.5576884627342222,,0.005260741796317815,False,0,False,0,quiet,quiet,0.3.0
2,153984162,16,120,13883,2.034980821609497,2.6752390403521003,0.12387419566909083,False,0,False,0,rotator,quiet,0.3.0
2,153985995,16,120,13883,1.897477340698242,,0.027206792082117973,False,0,False,0,quiet,quiet,0.3.0
2,153987674,16,120,13884,0.7459298285287721,,0.0024144205237556487,False,0,False,0,quiet,quiet,0.3.0
2,154089846,16,120,15691,0.8543596744537353,6.010184767138411,0.1955984547047167,False,10,False,0,flaring,quiet,0.3.0
2,154091678,16,120,15690,1.0650333881378173,0.9037860230371809,0.3801978188545688,False,0,False,0,rotator,quiet,0.3.0
2,154093840,16,120,15690,0.4497141480445862,,0.016242740188970265,False,0,False,2,quiet,quiet,0.3.0
2,154096314,16,120,13884,48.03709589728427,0.24526285096970835,0.7891769192496507,False,0,False,3,rotator,quiet,0.3.0
2,154107787,16,120,14626,1.0319830656051634,,0.06605821124195359,False,2,False,0,quiet,quiet,0.3.0
2,154125326,16,120,15062,9.990830015862883,,0.00356391440681905,False,0,False,0,variable,quiet,0.3.0
2,154164767,16,120,15688,2.463839759345047,5.46379233163355,0.6472311976773163,False,0,False,0,rotator,quiet,0.3.0
2,154182144,16,120,15690,0.6173075984303711,,0.008684718921649532,False,0,False,0,quiet,quiet,0.3.0
2,154182549,16,120,13721,1.1530497550964354,,0.011398593069729283,False,0,False,0,quiet,quiet,0.3.0
2,154208722,16,120,12790,1.4044177411670165,,0.003349636631763277,False,0,False,0,quiet,quiet,0.3.0
2,154209446,16,120,12842,7.237711555889592,6.141637907270858,0.7469730962392802,False,0,False,0,rotator,quiet,0.3.0
2,154213224,16,120,13882,0.6253049954590204,,0.004318426010871901,False,0,False,0,quiet,quiet,0.3.0
2,154221975,16,120,13557,1.2833069086074829,3.812313290674107,0.16348725482907261,False,0,False,0,rotator,quiet,0.3.0
2,154222258,16,120,13536,1.8314208805561063,,0.00308571125822332,False,0,False,0,quiet,quiet,0.3.0
2,154268913,16,120,13866,6.869385820627213,1.8548519449988026,0.6625886673470476,False,0,False,0,rotator,quiet,0.3.0
2,154271670,16,120,14931,1.4350379347801208,,0.00224557135197581,False,0,False,0,quiet,quiet,0.3.0
2,154271893,16,120,15396,0.48612249576315303,,0.06333626370178572,False,0,False,0,quiet,quiet,0.3.0
2,154272899,16,120,15230,3.006253892369684,,0.0019275921828995238,False,0,False,0,quiet,quiet,0.3.0
2,154294575,16,120,15459,1.3441053628921507,1.837151776771057,0.5391748365314069,False,0,False,0,rotator,quiet,0.3.0
2,154295215,16,120,13452,1.1247272528626697,,0.0065173864766461045,False,0,False,0,quiet,quiet,0.3.0
2,154295350,16,120,13881,0.5298655986785888,,0.08798643406021668,False,0,False,0,quiet,quiet,0.3.0
2,154303710,16,120,13786,3.640881745788999,5.228886067355813,0.1722719263288513,False,0,False,0,rotator,quiet,0.3.0
2,154348458,16,120,12454,2.865303897857666,6.482492496767102,0.1573005587238619,False,0,False,0,rotator,quiet,0.3.0
2,154350735,16,120,12904,8.227188754892016,3.4603128817840907,0.9096450780149012,False,0,False,0,rotator,quiet,0.3.0
2,154357942,16,120,15460,1.7530810117721556,5.191985093444857,0.31318974079677964,False,0,False,0,rotator,quiet,0.3.0
2,154383758,16,120,13908,7.096274978144468,,0.022688273889491427,False,1,False,0,variable,quiet,0.3.0
2,154383991,16,120,14481,1.1282178282737731,,0.0019376318395763407,False,0,False,0,quiet,quiet,0.3.0
2,154384371,16,120,15689,0.81441650390625,,0.0011139281143410246,False,0,False,0,quiet,quiet,0.3.0
2,154384818,16,120,15685,2.5514142036437986,,0.05347646268186613,False,0,False,0,quiet,quiet,0.3.0
2,154429755,16,120,13595,5.387025833129883,,0.0013851174896639463,False,0,False,0,variable,quiet,0.3.0
2,154582353,16,120,13473,2.0874725103378298,,0.009317497835134067,False,0,False,0,quiet,quiet,0.3.0
2,154648852,16,120,12415,2.07421703338623,,0.01806258517844671,False,0,False,0,quiet,quiet,0.3.0
2,154653061,16,120,13877,0.5468326091766357,,0.058258162505947994,False,0,False,0,quiet,quiet,0.3.0
2,154706624,16,120,13623,5.528771066665649,4.98282127746022,0.5225177455656832,False,0,False,0,rotator,quiet,0.3.0
2,154762431,16,120,13879,0.6360861539840698,,0.006057172922701441,False,0,False,0,quiet,quiet,0.3.0
2,154936689,16,120,11392,10.093427109718322,,0.00793818217987208,False,0,False,0,variable,quiet,0.3.0
2,155025098,16,120,13120,0.49902455204871604,2.2841813643144495,0.12992480128119163,False,0,False,0,rotator,quiet,0.3.0
2,155030422,16,120,13847,16.582955145835875,1.5757345578049975,0.4650828596679749,False,0,False,0,rotator,quiet,0.3.0
2,155113982,16,120,12845,1.5282681226730346,,0.014212383345538879,False,0,False,0,quiet,quiet,0.3.0
2,155117186,16,120,11399,1.1680726289749146,6.600340237806393,0.1163803244827223,False,0,False,0,rotator,quiet,0.3.0
2,1551345500,16,120,15144,3.2678284505656823,,0.002274981413174624,False,0,False,0,quiet,quiet,0.3.0
2,1551403172,16,120,15144,1.1714306133132808,,0.004321550923905441,False,0,False,0,quiet,quiet,0.3.0
2,155168696,16,120,13534,3.407143813797463,,0.004068562066395661,False,0,False,0,quiet,quiet,0.3.0
2,155169409,16,120,13176,3.3329130391154598,,0.0026986689863679487,False,0,False,0,quiet,quiet,0.3.0
2,155856633,16,120,14660,2.679992250204317,2.788912774286322,0.695518398166212,False,0,False,0,rotator,quiet,0.3.0
2,155871934,16,120,14663,1.5936618089675902,,0.0008483799948469346,False,0,False,0,quiet,quiet,0.3.0
2,155899521,16,120,15459,1.05469411611557,,0.04935259820281931,False,0,False,0,quiet,quiet,0.3.0
2,155899838,16,120,15457,0.40208280086517334,,0.0015480644420199064,False,0,False,0,quiet,quiet,0.3.0
2,155915269,16,120,15460,1.0608800053596494,8.529708575745026,0.2960646785854982,False,0,False,0,rotator,quiet,0.3.0
2,155948450,16,120,15460,1.1184970785083126,,0.0009364182723889627,False,0,False,0,quiet,quiet,0.3.0
2,155948486,16,120,15460,1.5301238894462583,11.941439736431905,0.2955026831458206,False,2,False,0,rotator,quiet,0.3.0
2,157263760,16,120,14662,0.6056869087908592,,0.018655022091089327,False,0,False,0,quiet,quiet,0.3.0
2,157264122,16,120,14660,0.5638879895210266,,0.028156834500586286,False,0,False,0,quiet,quiet,0.3.0
2,157264232,16,120,14660,0.66330406665802,,0.005871373490136657,False,0,False,0,quiet,quiet,0.3.0
2,157264500,16,120,15523,1.0920745611190796,,0.0053858986631529805,False,0,False,0,quiet,quiet,0.3.0
2,157265102,16,120,14663,1.6450930595397948,,0.00838588525444306,False,0,False,0,quiet,quiet,0.3.0
2,157271533,16,120,15275,18.25685677528381,,0.0022911520896353728,False,0,False,0,variable,quiet,0.3.0
2,157272622,16,120,14660,1.3482586653078397,1.301486347794657,0.5870996206907969,False,0,False,0,rotator,quiet,0.3.0
2,157273292,16,120,15690,0.8958051323890686,,0.0016666010996168729,False,0,False,0,quiet,quiet,0.3.0
2,157977344,16,120,15687,0.5974685311317444,,0.0012041950194819407,False,0,False,0,quiet,quiet,0.3.0
2,157987722,16,120,14624,1.4856738567352294,5.570394518001866,0.1268954576335219,False,0,False,0,rotator,quiet,0.3.0
2,158003046,16,120,15399,0.9718032002449035,,0.0059348907051390565,False,0,False,0,quiet,quiet,0.3.0
2,158004268,16,120,14846,1.5563697801938587,,0.001988822985160233,False,0,False,0,quiet,quiet,0.3.0
2,158004572,16,120,15398,0.5867757797241211,,0.0018854323292412426,False,0,False,0,quiet,quiet,0.3.0
2,158004859,16,120,14670,1.0729424893856048,,0.0009418080264439088,False,0,False,0,quiet,quiet,0.3.0
2,158022978,16,120,15125,2.4602165222167964,5.410289349101732,0.3915639251302675,False,0,False,0,rotator,quiet,0.3.0
2,158023114,16,120,15201,3.313692498207092,,0.002390657423979441,False,0,False,0,quiet,quiet,0.3.0
2,158024275,16,120,15398,1.5946338772773743,4.420233471472094,0.26415168889360097,False,0,False,0,rotator,quiet,0.3.0
2,158024398,16,120,14641,97.53167853355407,,0.0009798430078009374,False,0,False,0,variable,quiet,0.3.0
2,158064672,16,120,15385,0.3599303841590881,,0.07768601162549832,False,0,False,0,quiet,quiet,0.3.0
2,158066306,16,120,14655,1.7946148395538328,,0.0014754277563686963,False,0,False,0,quiet,quiet,0.3.0
2,158072888,16,120,15387,0.21314806938171385,,0.013293362991910545,False,0,False,0,quiet,quiet,0.3.0
2,158074910,16,120,15162,1.3778185003345758,,0.001485548711238208,False,0,False,0,quiet,quiet,0.3.0
2,158075382,16,120,14640,3.3976880371570584,7.314600200846257,0.2509087459767024,False,0,False,0,rotator,quiet,0.3.0
2,158086093,16,120,15398,0.5651693522930145,,0.0060524998115473235,False,0,False,0,quiet,quiet,0.3.0
2,158086545,16,120,14951,1.3653141260147095,,0.0010564028828937719,False,0,False,0,quiet,quiet,0.3.0
2,158087603,16,120,14713,0.8531224966049193,,0.002607682309103385,False,0,False,0,quiet,quiet,0.3.0
2,158106459,16,120,15236,2.0606520777357744,,0.001405142409837596,False,0,False,0,quiet,quiet,0.3.0
2,158446284,16,120,15688,0.707400577819313,,0.02621985025519502,False,0,False,0,quiet,quiet,0.3.0
2,158461622,16,120,13942,4.959095000001639,,0.009916666830990115,False,0,False,0,quiet,quiet,0.3.0
2,158461758,16,120,13739,1.2495496273040771,,0.0022512289475928753,False,0,False,0,quiet,quiet,0.3.0
2,158461882,16,120,14234,1.379099698743251,,0.0025216798379473384,False,0,False,0,quiet,quiet,0.3.0
2,158462306,16,120,14660,3.265972975848494,,0.0013551862471252447,False,0,False,0,quiet,quiet,0.3.0
2,158462948,16,120,15459,7.62932231426239,4.975691146647042,0.8792771578638358,False,0,False,0,rotator,quiet,0.3.0
2,158494479,16,120,15689,0.7614829659461975,,0.003868463726796982,False,0,False,0,quiet,quiet,0.3.0
2,158496710,16,120,15678,1.1318409582423876,3.7563037555849377,0.565120586771409,False,0,False,0,rotator,quiet,0.3.0
2,158534367,16,120,14304,1.0629566333915808,,0.0015103681111092611,False,0,False,0,quiet,quiet,0.3.0
2,158539034,16,120,15459,0.5376421451568604,,0.05094474619672652,False,0,False,0,quiet,quiet,0.3.0
2,158563500,16,120,14309,2.184679341316223,,0.003696558559269615,False,0,False,0,quiet,quiet,0.3.0
2,158563529,16,120,15600,0.8186582565307617,,0.0008598281942675586,False,0,False,0,quiet,quiet,0.3.0
2,158563974,16,120,14534,1.1899441304819545,5.070344642724155,0.10192608948099396,False,0,False,0,rotator,quiet,0.3.0
2,158578431,16,120,14668,2.01593705964276,,0.003436773872057793,False,0,False,0,quiet,quiet,0.3.0
2,158586520,16,120,15457,0.6687829971313476,,0.005297773661875951,False,0,False,0,quiet,quiet,0.3.0
2,158587541,16,120,15686,0.6833198368549347,,0.0440470572705414,False,0,False,0,quiet,quiet,0.3.0
2,158590036,16,120,15455,0.617440116405487,1.3885619182737923,0.22566763068357054,False,0,False,0,rotator,quiet,0.3.0
2,159146354,16,120,15689,0.49752223491668696,,0.002224337453057674,False,0,False,0,quiet,quiet,0.3.0
2,159165322,16,120,14662,1.7375720001714228,,0.000987789813423472,False,0,False,0,quiet,quiet,0.3.0
2,159189482,16,120,15682,1.015988062859293,5.7239732598124995,0.3451442399825685,False,0,False,0,rotator,quiet,0.3.0
2,159190000,16,120,14660,0.1430707812309265,,0.03807277332923726,False,0,False,1,quiet,quiet,0.3.0
2,159190005,16,120,14657,3.325887537002563,,0.02466842618417125,False,0,False,0,quiet,quiet,0.3.0
2,159190473,16,120,15477,1.3150316834449767,,0.001536339490394219,False,0,False,0,quiet,quiet,0.3.0
2,159191044,16,120,14663,2.190423381328583,,0.0024805252762992855,False,0,False,0,quiet,quiet,0.3.0
2,159204355,16,120,14663,1.793024182319641,,0.001150724878851645,False,0,False,0,quiet,quiet,0.3.0
2,159209263,16,120,15473,4.255184841156005,,0.004757767835124271,False,0,False,0,quiet,quiet,0.3.0
2,159209488,16,120,15688,0.5250052571296692,,0.00195688418566824,False,0,False,0,quiet,quiet,0.3.0
2,159209980,16,120,15687,6.76913022994995,8.585938509878588,0.765655136729757,False,0,False,0,rotator,quiet,0.3.0
2,159210001,16,120,15685,0.7842823863029479,,0.06764317028268571,False,0,False,0,quiet,quiet,0.3.0
2,159210380,16,120,14662,1.9164326727390288,,0.0015337914763393753,False,0,False,0,quiet,quiet,0.3.0
2,159570515,16,120,15684,0.4410097050365894,,0.0994033413927272,False,0,False,0,quiet,quiet,0.3.0
2,159570595,16,120,15689,0.6459835767745971,,0.06961082136942001,False,0,False,0,quiet,quiet,0.3.0
2,159612674,16,120,15139,1.3285522699356078,,0.031151540292043277,False,0,False,0,quiet,quiet,0.3.0
2,159614566,16,120,15691,0.7866683721542358,,0.001059253405771052,False,0,False,0,quiet,quiet,0.3.0
2,159628555,16,120,14484,1.32815460562706,,0.009276928795302794,False,0,False,0,quiet,quiet,0.3.0
2,159768869,16,120,15458,1.3833857595920562,3.317092027048211,0.2734097126390793,False,0,False,0,rotator,quiet,0.3.0
2,159782824,16,120,15455,0.29011820554733275,,0.006056929157644227,False,0,False,0,quiet,quiet,0.3.0
2,159784325,16,120,14716,6.172501028403609,,0.003590801082304617,False,0,False,0,variable,quiet,0.3.0
2,159811561,16,120,15459,0.6875174045562743,,0.0021659923019462456,False,0,False,0,quiet,quiet,0.3.0
2,159831081,16,120,14621,3.1542732954025268,,0.0754717781113726,False,0,False,0,quiet,quiet,0.3.0
2,159831928,16,120,14671,2.5427539587020873,,0.0021859869914879365,False,0,False,0,quiet,quiet,0.3.0
2,159832315,16,120,14638,2.1121276974678036,,0.005815661517122071,False,0,False,0,quiet,quiet,0.3.0
2,159840218,16,120,14723,1.551862871646881,,0.0014625770262456362,False,0,False,0,quiet,quiet,0.3.0
2,159841364,16,120,15157,6.473444724082946,,0.0033917995799276892,False,0,False,0,variable,quiet,0.3.0
2,159854146,16,120,15459,0.6703736543655395,,0.04130960330651471,False,0,False,0,quiet,quiet,0.3.0
2,159854358,16,120,15453,39.99654593467712,0.16335844433851754,0.8640849329980095,False,0,False,2,rotator,quiet,0.3.0
2,159855344,16,120,14721,1.2850743055343627,,0.0010601051919536036,False,0,False,0,quiet,quiet,0.3.0
2,159855742,16,120,15459,0.8421646356582642,,0.009039462478934491,False,0,False,0,quiet,quiet,0.3.0
2,159856388,16,120,15452,0.541353678703308,,0.01632128204671391,False,0,False,0,quiet,quiet,0.3.0
2,159877736,16,120,14980,0.48970150351524355,,0.002615062501249572,False,0,False,0,quiet,quiet,0.3.0
2,159880909,16,120,14961,4.236627173423767,,0.0028603878561905935,False,0,False,0,quiet,quiet,0.3.0
2,159940256,16,120,14977,17.65806269645691,1.673874089163509,0.8813999524861368,False,0,False,0,rotator,quiet,0.3.0
2,160034456,16,120,14662,1.024118149280548,,0.0009102237260347971,False,0,False,0,quiet,quiet,0.3.0
2,160035030,16,120,15570,1.3653583516287313,,0.008303030818090452,False,0,False,0,quiet,quiet,0.3.0
2,160035228,16,120,15685,42.13509621620178,6.008430824193056,0.9554612580832407,False,0,False,0,rotator,quiet,0.3.0
2,160393533,16,120,14381,2.546288752555847,,0.008635028740074513,False,0,False,0,quiet,quiet,0.3.0
2,160408950,16,120,14632,3.2313317051133,,0.0017255640336924151,False,0,False,0,quiet,quiet,0.3.0
2,160421752,16,120,14620,1.7895777583122252,11.697389686305312,0.38712831647883117,False,0,False,0,rotator,quiet,0.3.0
2,160472901,16,120,14634,2.430082259769305,5.848704476491434,0.2431215769847369,False,0,False,0,rotator,quiet,0.3.0
2,160473368,16,120,14633,0.5187309980392456,,0.022729613799856274,False,0,False,0,quiet,quiet,0.3.0
2,160489022,16,120,14635,2.0284414529800414,,0.0036599085865794074,False,0,False,0,quiet,quiet,0.3.0
2,160491259,16,120,14633,0.7553854465484618,,0.005948787284826251,False,0,False,0,quiet,quiet,0.3.0
2,160491879,16,120,14635,3.5574165344238278,,0.002138659425742335,False,0,False,0,quiet,quiet,0.3.0
2,160493314,16,120,14635,2.2551984786987305,,0.00101630843695176,False,0,False,0,quiet,quiet,0.3.0
2,160520026,16,120,14632,12.20365412809526,,0.005367945580188939,False,0,False,0,variable,quiet,0.3.0
2,160520314,16,120,14635,1.7075705409049986,,0.008191731982405135,False,0,False,0,quiet,quiet,0.3.0
2,160520915,16,120,14634,1.0087417960166931,,0.00964410530452022,False,0,False,0,quiet,quiet,0.3.0
2,160533144,16,120,15693,0.46376495361328124,5.008490426273417,0.268646897154506,False,0,False,0,rotator,quiet,0.3.0
2,160535351,16,120,14635,1.0360480785369872,3.0782622800860566,0.2867809597143007,False,0,False,0,rotator,quiet,0.3.0
2,160535363,16,120,14635,3.512436282634735,,0.0036999630356991334,False,0,False,0,quiet,quiet,0.3.0
2,160536588,16,120,15698,0.7676688780685924,,0.0009400919557260172,False,0,False,0,quiet,quiet,0.3.0
2,160550963,16,120,14632,0.6221679402689897,,0.0029443135627429196,False,0,False,0,quiet,quiet,0.3.0
2,160551095,16,120,14635,2.1643542766571042,,0.0019102227615754904,False,0,False,0,quiet,quiet,0.3.0
2,160551155,16,120,14631,0.5530184984207154,,0.0014655203033305168,False,0,False,0,quiet,quiet,0.3.0
2,160551662,16,120,14635,1.115227460861206,,0.027743241221603047,False,0,False,0,quiet,quiet,0.3.0
2,160552621,16,120,15696,1.978203077423389,,0.0008791911242887039,False,0,False,0,quiet,quiet,0.3.0
2,160552759,16,120,15699,1.2295780420303344,,0.0012278224830578205,False,0,False,0,quiet,quiet,0.3.0
2,160584370,16,120,15697,1.8782127141952514,,0.0030958855314949796,False,0,False,0,quiet,quiet,0.3.0
2,160601011,16,120,15698,1.3858601565915392,,0.001306563401634508,False,0,False,0,quiet,quiet,0.3.0
2,160601758,16,120,14634,2.5877342104911802,,0.004249786085333648,False,0,False,0,quiet,quiet,0.3.0
2,160601786,16,120,14635,13.683187007904053,,0.007842027313258709,False,0,False,0,variable,quiet,0.3.0
2,160602609,16,120,15698,1.1983835219855166,,0.0014266680808242762,False,0,False,0,quiet,quiet,0.3.0
2,160603568,16,120,15694,0.7916612920660164,,0.05831837965620269,False,0,False,0,quiet,quiet,0.3.0
2,160604260,16,120,15698,2.1748260386340013,,0.003690921076891508,False,0,False,0,quiet,quiet,0.3.0
2,160618097,16,120,15697,1.4996362924575803,,0.001254463825727125,False,0,False,0,quiet,quiet,0.3.0
2,160618927,16,120,15698,0.9277508318424224,,0.0015472139059845202,False,0,False,0,quiet,quiet,0.3.0
2,160987145,16,120,15457,0.8709732055664061,,0.07333403429396025,False,0,False,0,quiet,quiet,0.3.0
2,160987308,16,120,15096,1.8896124243736268,,0.08502005876316536,False,0,False,0,quiet,quiet,0.3.0
2,161001323,16,120,15456,1.6276841027924953,5.192004114645522,0.41280440946281877,False,0,False,0,rotator,quiet,0.3.0
2,161002783,16,120,15458,1.220829354475179,,0.03638899626402528,False,0,False,0,quiet,quiet,0.3.0
2,161003904,16,120,15212,0.9500200331211089,,0.0014753305476441342,False,0,False,0,quiet,quiet,0.3.0
2,161004044,16,120,15041,1.8193583965301512,,0.0017127960043766082,False,0,False,0,quiet,quiet,0.3.0
2,161004617,16,120,15451,0.7522041320800781,,0.028548739984177618,False,0,False,0,quiet,quiet,0.3.0
2,161004841,16,120,15456,0.692996335029602,5.191985150488365,0.3300270066972438,False,0,False,0,rotator,quiet,0.3.0
2,161005122,16,120,15449,0.18734407424926755,,0.0136715683150107,False,0,False,0,quiet,quiet,0.3.0
2,161025564,16,120,15236,0.9681799788367761,,0.030880740478094033,False,0,False,0,quiet,quiet,0.3.0
2,161025725,16,120,14685,3.798489475250244,4.507696342822232,0.7121558980087154,False,0,False,0,rotator,quiet,0.3.0
2,161026235,16,120,15009,1.2400056838989257,,0.00821159579090987,False,0,False,0,quiet,quiet,0.3.0
2,161028381,16,120,14974,3.020304428320859,,0.001581921607411869,False,0,False,0,quiet,quiet,0.3.0
2,161029808,16,120,14690,1.6765527248382566,5.32790499228647,0.28254338041828225,False,0,False,0,rotator,quiet,0.3.0
2,161046273,16,120,15460,0.8295719078310755,,0.0103989875577735,False,0,False,0,quiet,quiet,0.3.0
2,161059238,16,120,15460,1.1837140565003736,5.970769755149945,0.26458220970085244,False,0,False,0,rotator,quiet,0.3.0
2,161665858,16,120,15162,1.2218015683771115,,0.00196364230332679,False,0,False,0,quiet,quiet,0.3.0
2,161666427,16,120,15459,1.0018489480018615,4.117746965584721,0.12721414198943876,False,0,False,0,rotator,quiet,0.3.0
2,161667616,16,120,15460,0.6619342945853295,,0.01919499215234254,False,0,False,0,quiet,quiet,0.3.0
2,161667753,16,120,15212,1.2822464704513548,,0.0028357027410820194,False,0,False,0,quiet,quiet,0.3.0
2,161686888,16,120,15458,0.8125607371330261,,0.003906444646334786,False,0,False,0,quiet,quiet,0.3.0
2,161686976,16,120,13621,1.1655982732772827,,0.0011366491370068072,False,0,False,0,quiet,quiet,0.3.0
2,161724043,16,120,14255,1.7498113274574278,,0.006066426847295088,False,0,False,0,quiet,quiet,0.3.0
2,161728069,16,120,14980,0.7880822896957397,,0.0011621361667040577,False,0,False,0,quiet,quiet,0.3.0
2,161729486,16,120,13531,20.169091880321503,0.3977913541395858,0.12495897271925988,False,3,False,0,flaring,quiet,0.3.0
2,161730520,16,120,14579,1.6079777240753172,,0.0026115307988661533,False,0,False,0,quiet,quiet,0.3.0
2,161744801,16,120,14627,16.272246766090394,,0.009938125094230041,False,0,False,0,variable,quiet,0.3.0
2,161745713,16,120,13892,1.1389988816381167,,0.0033432940508421587,False,0,False,0,quiet,quiet,0.3.0
2,161819550,16,120,14503,1.5505373239517213,,0.005895325331077362,False,0,False,0,quiet,quiet,0.3.0
2,161820187,16,120,14977,0.25344471931457513,,0.0015084634225338493,False,0,False,0,quiet,quiet,0.3.0
2,161822930,16,120,14931,1.0620288133621216,,0.0006927135268740801,False,0,False,0,quiet,quiet,0.3.0
2,161840101,16,120,14981,0.7196840286254882,,0.0013814977934584252,False,0,False,0,quiet,quiet,0.3.0
2,162036333,16,120,13747,2.1558707714080807,,0.001008879237392266,False,0,False,0,quiet,quiet,0.3.0
2,162121291,16,120,14315,0.8994282960891724,,0.013560755844292895,False,0,False,0,quiet,quiet,0.3.0
2,162234806,16,120,14403,0.9630545854568481,,0.0842776352683194,False,0,False,0,quiet,quiet,0.3.0
2,162239797,16,120,13831,6.737670564651489,,0.0021145589368657897,False,0,False,0,variable,quiet,0.3.0
2,162330598,16,120,13451,1.930792772769928,,0.009764420228282744,False,0,False,0,quiet,quiet,0.3.0
2,162393956,16,120,14397,2.6431421041488647,5.805112631299039,0.6926325466663875,False,0,False,0,rotator,quiet,0.3.0
2,162395368,16,120,14403,0.5634461402893066,,0.0017171471641326405,False,0,False,0,quiet,quiet,0.3.0
2,162462099,16,120,13462,7.184689432382583,,0.007198284308232907,False,0,False,0,variable,quiet,0.3.0
2,162489578,16,120,14399,0.6849546790122986,,0.001960411361774149,False,0,False,0,quiet,quiet,0.3.0
2,162555123,16,120,14980,1.963710482009933,11.885193398675712,0.309600373814858,False,0,False,0,rotator,quiet,0.3.0
2,162575421,16,120,14982,0.8317369442142876,,0.001132203206436697,False,0,False,0,quiet,quiet,0.3.0
2,162576266,16,120,14982,0.8574967528881577,,0.0016401708965368877,False,0,False,0,quiet,quiet,0.3.0
2,162576477,16,120,14981,0.8714150547981262,4.952163821527431,0.22792965273895616,False,0,False,0,rotator,quiet,0.3.0
2,162618181,16,120,14981,0.5395862817764281,,0.0007001562453450142,False,0,False,0,quiet,quiet,0.3.0
2,162691719,16,120,14978,0.5767016172409057,,0.007994460380493555,False,0,False,0,quiet,quiet,0.3.0
2,164147979,16,120,14395,0.2852578639984131,,0.06018624269387238,False,0,False,0,quiet,quiet,0.3.0
2,164148101,16,120,14397,2.0713008284568786,,0.013894444550691862,False,0,False,0,quiet,quiet,0.3.0
2,164151060,16,120,13810,2.6622299909591676,6.37181829188042,0.183574857943237,False,0,False,0,rotator,quiet,0.3.0
2,164151269,16,120,14392,0.44666540165738466,,0.01466146913035419,False,0,False,0,quiet,quiet,0.3.0
2,164179198,16,120,13541,228.03715131282806,,0.0020381873909815188,False,0,False,0,variable,quiet,0.3.0
2,164262236,16,120,13654,1.0960953564615439,,0.018954400891389462,False,1,False,0,quiet,quiet,0.3.0
2,164263151,16,120,14399,0.6715224623680114,,0.0027498595190830794,False,0,False,0,quiet,quiet,0.3.0
2,164263937,16,120,13619,1.7415929317474366,,0.02728106765106718,False,0,False,0,quiet,quiet,0.3.0
2,165304716,16,120,13845,4.9154843330383295,14.400917146633958,0.7811387571463134,False,0,False,0,rotator,quiet,0.3.0
2,165308658,16,120,13911,2.9289301872253417,,0.0012232258549815644,False,0,False,0,quiet,quiet,0.3.0
2,165308804,16,120,13909,0.5713994264602661,,0.02149726039744486,False,0,False,0,quiet,quiet,0.3.0
2,165370909,16,120,13180,2.803400987589418,,0.003469716231242415,False,0,False,0,quiet,quiet,0.3.0
2,165371493,16,120,14662,10.16460902094841,,0.0009129876411282001,False,0,False,0,variable,quiet,0.3.0
2,165371932,16,120,14631,1.4216940879821776,5.318837681447907,0.10161335125699651,False,0,False,0,rotator,quiet,0.3.0
2,165372662,16,120,13524,2.2488358497619627,,0.006702806698683509,False,0,False,0,quiet,quiet,0.3.0
2,165406349,16,120,14563,2.140759527683258,,0.0009087802188223877,False,0,False,0,quiet,quiet,0.3.0
2,165411494,16,120,13175,5.124213910102844,,0.005251111080963329,False,0,False,0,variable,quiet,0.3.0
2,165415865,16,120,14625,1.7833918690681456,3.54946199499161,0.19964067624727128,False,3,False,0,flaring,quiet,0.3.0
2,165453316,16,120,12452,0.9506385653830429,,0.006329353001752984,False,0,False,0,quiet,quiet,0.3.0
2,165453999,16,120,14663,0.6869871854782104,,0.02709291943016667,False,0,False,0,quiet,quiet,0.3.0
2,165464589,16,120,14659,0.49451766014099124,,0.0014087984615959834,False,0,False,0,quiet,quiet,0.3.0
2,165466021,16,120,13951,0.7172096729278563,,0.017554308918405568,False,0,False,0,quiet,quiet,0.3.0
2,165466126,16,120,14662,0.8815333759327717,,0.0016598617476466944,False,0,False,0,quiet,quiet,0.3.0
2,165466574,16,120,13775,1.1700167655944824,,0.0019594575514339974,False,0,False,0,quiet,quiet,0.3.0
2,165469193,16,120,12458,15.917264144583692,,0.04247283208810917,False,0,False,0,variable,quiet,0.3.0
2,165470164,16,120,12438,1.7685457348823548,,0.03020290003982925,False,0,False,0,quiet,quiet,0.3.0
2,165470690,16,120,14662,0.6407255709171296,,0.02501706853952471,False,0,False,0,quiet,quiet,0.3.0
2,165497854,16,120,15136,1.0007443547470676,1.0828755314243235,0.1651216815195056,False,0,False,0,rotator,quiet,0.3.0
2,165502934,16,120,15145,1.2310803294181822,,0.0009636159700733781,False,0,False,0,quiet,quiet,0.3.0
2,165526988,16,120,15143,0.4029664993286133,,0.02669425255146486,False,0,False,0,quiet,quiet,0.3.0
2,165549513,16,120,15144,1.0759470320955804,,0.0010459663201264264,False,0,False,0,quiet,quiet,0.3.0
2,165551882,16,120,15114,4.786950391530991,,0.0011259642182811422,False,0,False,0,quiet,quiet,0.3.0
2,165551979,16,120,15143,0.9551012992858886,,0.012025818330624796,False,0,False,0,quiet,quiet,0.3.0
2,165554103,16,120,15145,1.2752652525901793,,0.0008490015753444339,False,0,False,0,quiet,quiet,0.3.0
2,165554484,16,120,15104,2.969889433986578,,0.008125645225390646,False,0,False,0,quiet,quiet,0.3.0
2,165555520,16,120,15126,3.1496337846030653,9.162817212639206,0.7642333920313454,False,0,False,0,rotator,quiet,0.3.0
2,165598107,16,120,14557,1.5427607774734495,,0.0014848344520267814,False,0,False,0,quiet,quiet,0.3.0
2,165624043,16,120,14606,1.8929261807843338,,0.0020022949713200816,False,0,False,0,quiet,quiet,0.3.0
2,165625229,16,120,15459,3.9756710171699523,4.776645197126073,0.41874543594233987,False,0,False,0,rotator,quiet,0.3.0
2,165625609,16,120,15442,1.0418362724233783,,0.0049235572568031545,False,0,False,0,quiet,quiet,0.3.0
2,165626357,16,120,14613,2.043641066551208,,0.0010806745467291763,False,0,False,0,quiet,quiet,0.3.0
2,165626443,16,120,15247,1.0352527499198914,,0.0034441114179636387,False,0,False,0,quiet,quiet,0.3.0
2,165627395,16,120,14589,2.95720853805542,,0.009019354895839743,False,0,False,0,quiet,quiet,0.3.0
2,165627622,16,120,15452,0.5068452386008132,,0.0013628030304686579,False,0,False,0,quiet,quiet,0.3.0
2,165627910,16,120,15459,0.8312067747116088,,0.0026509722389963905,False,0,False,0,quiet,quiet,0.3.0
2,165639991,16,120,14632,1.7278072357177732,6.880282088588822,0.12403649969401143,False,0,False,0,rotator,quiet,0.3.0
2,165657586,16,120,14684,2.022432243155472,5.859360561025255,0.10396805983044169,False,0,False,0,rotator,quiet,0.3.0
2,165658743,16,120,15091,2.920446681976318,5.171459965216429,0.4600215300515594,False,1,False,0,rotator,quiet,0.3.0
2,165658992,16,120,14662,1.6765968597949485,,0.0015116984606274803,False,0,False,0,quiet,quiet,0.3.0
2,165687352,16,120,14987,5.051397156715392,,0.0013005186627351453,False,0,False,0,variable,quiet,0.3.0
2,165688855,16,120,15096,1.0948139937277437,,0.0014838435984368423,False,0,False,0,quiet,quiet,0.3.0
2,165714450,16,120,14655,1.3563887715339662,,0.003182050315314157,False,0,False,0,quiet,quiet,0.3.0
2,165714735,16,120,14684,1.5459862768650054,,0.0011917615824975805,False,0,False,0,quiet,quiet,0.3.0
2,165714955,16,120,15460,0.47056943178176874,,0.025696531760244414,False,0,False,0,quiet,quiet,0.3.0
2,165716282,16,120,15098,1.3521470189094542,,0.015534264125910592,False,0,False,0,quiet,quiet,0.3.0
2,165719143,16,120,14674,3.0120421174777183,,0.0016655445618391801,False,0,False,0,quiet,quiet,0.3.0
2,165721369,16,120,15460,1.3557260784939575,4.422823090087267,0.2538703839652157,False,0,False,0,rotator,quiet,0.3.0
2,165721554,16,120,14927,12.817339253425597,1.1194935264940906,0.7512015817856407,False,3,False,0,flaring,quiet,0.3.0
2,165735218,16,120,14662,1.4090130150318145,,0.07814096107853234,False,0,False,0,quiet,quiet,0.3.0
2,165735710,16,120,15458,0.8525922775268554,,0.0009943486734533273,False,0,False,0,quiet,quiet,0.3.0
2,165737366,16,120,14708,4.400995218783474,,0.012988298184105946,False,0,False,0,quiet,quiet,0.3.0
2,165737711,16,120,15454,0.1789931184353495,,0.003231779726409719,False,0,False,0,quiet,quiet,0.3.0
2,165761567,16,120,15459,0.6461603164672851,,0.001773191786982426,False,0,False,0,quiet,quiet,0.3.0
2,165762684,16,120,14919,2.6832620143890376,,0.003656838642735918,False,0,False,0,quiet,quiet,0.3.0
2,165763827,16,120,15455,0.19052538871765137,,0.003979887907920627,False,0,False,0,quiet,quiet,0.3.0
2,165764136,16,120,15456,1.0155462136539093,1.4742707012957041,0.14307618815340345,False,0,False,0,rotator,quiet,0.3.0
2,165791624,16,120,14898,2.9514203131198884,4.232861849998001,0.46360562590614496,False,0,False,0,rotator,quiet,0.3.0
2,165990411,16,120,15687,0.44361662864685053,,0.0016280703965498408,False,0,False,0,quiet,quiet,0.3.0
2,166074767,16,120,15689,0.7504367351531982,,0.0009715969457191757,False,0,False,0,quiet,quiet,0.3.0
2,166085834,16,120,14489,1.7506066560745237,,0.0444389822674467,False,0,False,0,quiet,quiet,0.3.0
2,166087356,16,120,15583,1.0150160551071166,,0.0011462041881068685,False,0,False,0,quiet,quiet,0.3.0
2,166087551,16,120,14969,1.7813593626022337,,0.005232321476668916,False,0,False,0,quiet,quiet,0.3.0
2,166089556,16,120,14918,2.002328163385391,,0.003335897767755476,False,0,False,0,quiet,quiet,0.3.0
2,166126993,16,120,15688,0.7419974148273467,,0.03227730249576847,False,0,False,0,quiet,quiet,0.3.0
2,166127571,16,120,15685,0.9974304556846618,0.9175767519215128,0.15241904058280567,False,0,False,0,rotator,quiet,0.3.0
2,166128045,16,120,15219,1.2894044280052184,,0.006525921854190511,False,1,False,0,quiet,quiet,0.3.0
2,166151252,16,120,15028,0.948827040195465,,0.0010488424723364873,False,0,False,0,quiet,quiet,0.3.0
2,166151646,16,120,15632,1.8207723140716552,12.020238103590373,0.1796262056166931,False,3,False,0,flaring,quiet,0.3.0
2,166174962,16,120,14378,5.489976704120636,,0.0013856011230571964,False,0,False,0,variable,quiet,0.3.0
2,166176012,16,120,14922,8.557073401125473,,0.002178518068248493,False,0,False,0,variable,quiet,0.3.0
2,166177333,16,120,15688,0.48899455931766506,,0.002350008488003568,False,0,False,0,quiet,quiet,0.3.0
2,166178948,16,120,15667,56.11626634597778,6.010129933950225,0.9810632845939455,False,0,False,0,rotator,quiet,0.3.0
2,166179377,16,120,15684,0.40579433441162105,,0.04038923061202554,False,0,False,0,quiet,quiet,0.3.0
2,166180417,16,120,14911,3.8483300685882567,,0.003676665183630018,False,0,False,0,quiet,quiet,0.3.0
2,167105399,16,120,14336,31.60260446675433,,0.0009692203500998134,False,0,False,0,variable,quiet,0.3.0
2,167240548,16,120,14391,0.7631619930267334,,0.001388405038299402,False,0,False,0,quiet,quiet,0.3.0
2,167241121,16,120,14390,0.6872965004234461,,0.022009972246630743,False,0,False,0,quiet,quiet,0.3.0
2,168700034,16,120,14688,1.331910403484726,,0.024475710376199084,False,0,False,0,quiet,quiet,0.3.0
2,168700891,16,120,14406,4.472530611530859,,0.001000234698613857,False,0,False,0,quiet,quiet,0.3.0
2,168704717,16,120,15397,0.8257278442382813,2.9108935560357834,0.46965280805141346,False,0,False,0,rotator,quiet,0.3.0
2,168705996,16,120,14497,5.36528685092926,,0.001169444036938469,False,0,False,0,variable,quiet,0.3.0
2,168707292,16,120,14601,138.96847622394563,,0.0016676873044320338,False,0,False,0,variable,quiet,0.3.0
2,168708413,16,120,15395,0.5084800958633423,,0.016460582485740997,False,0,False,0,quiet,quiet,0.3.0
2,168709463,16,120,14943,152.32902492284774,0.31262516389123707,0.8794884249546366,False,0,False,0,rotator,quiet,0.3.0
2,168709475,16,120,15399,0.9329204678535461,,0.06620408868009613,False,0,False,0,quiet,quiet,0.3.0
2,168747571,16,120,14550,4.1537362575531,,0.002015524489938868,False,0,False,0,quiet,quiet,0.3.0
2,168747573,16,120,14546,1.4733904480934141,,0.0008177553774798389,False,0,False,0,quiet,quiet,0.3.0
2,168767736,16,120,14967,0.8377461433410643,,0.0036176027978921887,False,0,False,0,quiet,quiet,0.3.0
2,168808718,16,120,15399,0.6592390537261963,,0.029360394255644188,False,0,False,0,quiet,quiet,0.3.0
2,168808931,16,120,15397,1.5921595215797424,1.781283095123664,0.30178630678586305,False,0,False,0,rotator,quiet,0.3.0
2,168809388,16,120,15394,0.5967173874378204,,0.07421540606382296,False,0,False,0,quiet,quiet,0.3.0
2,168809633,16,120,14615,84.77001228332519,,0.002634723946861419,False,0,False,0,variable,quiet,0.3.0
2,168809660,16,120,14614,3.29389775079184,11.700623593567226,0.3507378020058827,False,1,False,0,rotator,quiet,0.3.0
2,1717455451,16,120,13911,1.1060369968414308,5.236648459409087,0.1721820118755167,False,0,False,0,rotator,quiet,0.3.0
2,1717966873,16,120,12518,365.89582391691727,,0.007522950976912916,False,0,False,0,variable,quiet,0.3.0
2,1718018400,16,120,13101,2.26182621717453,,0.006737778148651281,False,0,False,0,quiet,quiet,0.3.0
2,1718104730,16,120,12454,2923.161403656006,,0.0017445881351844678,False,0,False,3,variable,quiet,0.3.0
2,1718150522,16,120,14889,594.8045337438583,,0.001090218298063847,False,0,False,0,variable,quiet,0.3.0
2,1718203434,16,120,15002,134.18638617396354,,0.0015777188067385005,False,0,False,0,variable,quiet,0.3.0
2,173208140,16,120,12893,1.0643264293670653,,0.009970495367890327,False,0,False,0,quiet,quiet,0.3.0
2,173298832,16,120,11364,0.9361018381179473,,0.045442544958133956,False,0,False,0,quiet,quiet,0.3.0
2,173337339,16,120,11371,4.117681360244751,,0.03225263620729233,False,0,False,0,quiet,quiet,0.3.0
2,173389988,16,120,12954,0.8050493001937865,,0.005819587049799146,False,0,False,0,quiet,quiet,0.3.0
2,173391007,16,120,13883,0.9581942439079285,,0.028550583879310625,False,0,False,0,quiet,quiet,0.3.0
2,173391419,16,120,13885,1.5644997596740722,,0.0356194908018892,False,1,False,0,quiet,quiet,0.3.0
2,173391537,16,120,13881,0.4762251019477844,,0.037235315036173236,False,0,False,0,quiet,quiet,0.3.0
2,173392687,16,120,12943,3.2984045147895813,,0.03387048420102775,False,0,False,0,quiet,quiet,0.3.0
2,173424364,16,120,13574,1.3500261425971984,0.7388067243485297,0.5049440571553923,False,0,False,0,rotator,quiet,0.3.0
2,173467524,16,120,11862,1.1130181483615547,,0.021720469245050673,False,0,False,0,quiet,quiet,0.3.0
2,173520478,16,120,12076,1.115669310092926,,0.017266041758606125,False,0,False,0,quiet,quiet,0.3.0
2,173609397,16,120,13692,1.1117810368537901,,0.002013505536745736,False,0,False,0,quiet,quiet,0.3.0
2,173613399,16,120,12057,1.5333935737609863,5.746426407036587,0.29581203494221564,False,0,False,0,rotator,quiet,0.3.0
2,173710176,16,120,13877,2.836672067642212,1.6202302854858124,0.7077653875266311,False,0,False,0,rotator,quiet,0.3.0
2,173795434,16,120,12789,0.8775125741958617,,0.00427916915571081,False,0,False,0,quiet,quiet,0.3.0
2,173852524,16,120,13863,2.015009236335754,6.054540762330649,0.6047923779418916,False,0,False,0,rotator,quiet,0.3.0
2,173858289,16,120,12492,0.8027075231882191,,0.005868721238918831,False,0,False,0,quiet,quiet,0.3.0
2,173925208,16,120,12510,2.670448386669159,,0.007331263482971841,False,1,False,0,quiet,quiet,0.3.0
2,173927241,16,120,13527,3.13288779258728,,0.0021445610285221153,False,0,False,0,quiet,quiet,0.3.0
2,174000430,16,120,12758,1.1939649939537047,,0.0024041907740880632,False,0,False,0,quiet,quiet,0.3.0
2,174091775,16,120,12828,1.163609917056265,,0.006558188406661115,False,0,False,0,quiet,quiet,0.3.0
2,174098946,16,120,13881,0.27376978397369384,,0.0032161702409683377,False,0,False,0,quiet,quiet,0.3.0
2,174101022,16,120,13879,0.5351677894592285,,0.001749711923929003,False,0,False,0,quiet,quiet,0.3.0
2,174152274,16,120,12887,1.1832722425460815,,0.010888233286369304,False,0,False,0,quiet,quiet,0.3.0
2,174193751,16,120,13880,0.6321095485752551,,0.0039475046771661765,False,0,False,0,quiet,quiet,0.3.0
2,174269540,16,120,13884,0.6772664620121442,,0.017464147911821406,False,0,False,0,quiet,quiet,0.3.0
2,174269621,16,120,13878,1.1632123220924233,3.109092604127737,0.37437310904166937,False,5,False,0,flaring,quiet,0.3.0
2,174270231,16,120,13517,3.4006484270095823,,0.002935006786390971,False,0,False,0,quiet,quiet,0.3.0
2,174272538,16,120,13882,0.5480255694374102,,0.0010231852003171659,False,0,False,0,quiet,quiet,0.3.0
2,174302823,16,120,12889,5.278507661819457,,0.003625644976266107,False,0,False,0,variable,quiet,0.3.0
2,176548942,16,120,13518,1.5032593665564438,,0.04283712178418082,False,0,False,0,quiet,quiet,0.3.0
2,176593319,16,120,13867,2.7377862095832826,3.9667869231492787,0.6934106652180578,False,0,False,0,rotator,quiet,0.3.0
2,176594693,16,120,13414,2.145001152455738,,0.0014457412670292986,False,0,False,0,quiet,quiet,0.3.0
2,176596578,16,120,13873,1.6027639031410217,4.424497320958555,0.6844039653583459,False,0,False,0,rotator,quiet,0.3.0
2,176642092,16,120,13882,0.29188560247421264,,0.048789848831609764,False,0,False,0,quiet,quiet,0.3.0
2,176673945,16,120,13880,0.6972380668748002,,0.03583762319439563,False,0,False,0,quiet,quiet,0.3.0
2,176716553,16,120,13878,0.6819943298098046,,0.04717710348633416,False,0,False,0,quiet,quiet,0.3.0
2,176793392,16,120,13883,0.527656352519989,,0.0020884683350771136,False,0,False,0,quiet,quiet,0.3.0
2,176794745,16,120,13445,182.76828360557553,0.12122308237311893,0.29087457403196676,False,0,False,0,rotator,quiet,0.3.0
2,176794879,16,120,13477,1.2016531705856321,,0.007497883970180724,False,0,False,0,quiet,quiet,0.3.0
2,176795962,16,120,13528,1.348744739629485,,0.002483773178342174,False,0,False,0,quiet,quiet,0.3.0
2,176861544,16,120,13885,0.5300423383712769,,0.0012963837416726258,False,0,False,0,quiet,quiet,0.3.0
2,1884556291,16,120,10833,342.8566228866577,,0.028547984864480878,False,0,False,0,variable,quiet,0.3.0
2,188837764,16,120,13917,1.7950566887855528,6.769586581465587,0.13229333203259755,False,0,False,0,rotator,quiet,0.3.0
2,188904829,16,120,14403,1.4278799772262574,3.0555486821157567,0.22843655219987463,False,0,False,0,rotator,quiet,0.3.0
2,189122862,16,120,14674,7.472774908757956,,0.7245174883850336,True,0,False,0,variable,quiet,0.3.0
2,190479087,16,120,14334,1.7162307346990486,4.463884444740661,0.37257921082104567,False,0,False,0,rotator,quiet,0.3.0
2,190547452,16,120,14389,0.4693322539329528,,0.04388345389961499,False,0,False,0,quiet,quiet,0.3.0
2,190618885,16,120,14390,0.9467503488063811,1.1606098890895735,0.1340314388169501,False,0,False,0,rotator,quiet,0.3.0
2,190620764,16,120,14221,11.618602287769317,,0.001532759102328881,False,0,False,0,variable,quiet,0.3.0
2,190684537,16,120,14274,31.56588585376739,,0.0009161058617378121,False,0,False,0,variable,quiet,0.3.0
2,190741708,16,120,14300,23.793403679329046,,0.007229827455760409,False,1,False,0,variable,quiet,0.3.0
2,190884526,16,120,14162,3.706849723646061,,0.0016017919439584563,False,0,False,0,quiet,quiet,0.3.0
2,190924940,16,120,14256,5.527799163097118,,0.021539450944211034,False,0,False,0,variable,quiet,0.3.0
2,193712550,16,120,14676,0.4389330267906189,,0.0192240637094827,False,0,False,0,quiet,quiet,0.3.0
2,193948281,16,120,15454,0.226138436794281,,0.007244741195414027,False,0,False,0,quiet,quiet,0.3.0
2,193948394,16,120,14672,1.1087764290339819,,0.0041143615559104335,False,0,False,0,quiet,quiet,0.3.0
2,193948509,16,120,15457,0.5814735889434814,,0.002165123861506384,False,0,False,0,quiet,quiet,0.3.0
2,193970644,16,120,15459,0.6734665989875793,,0.035847005878625285,False,0,False,0,quiet,quiet,0.3.0
2,193970832,16,120,15062,1.5362213630610297,,0.010283277252907385,False,0,False,0,quiet,quiet,0.3.0
2,193972845,16,120,14973,8.616943717002869,,0.005916748574113142,False,0,False,0,variable,quiet,0.3.0
2,193974158,16,120,15457,0.7267536163330077,,0.04084558976136241,False,0,False,0,quiet,quiet,0.3.0
2,193975197,16,120,15098,2.493311103979084,10.816116694527512,0.1688784367771418,False,0,False,0,rotator,quiet,0.3.0
2,193989819,16,120,15141,2.276495611667633,,0.015884708884144408,False,0,False,0,quiet,quiet,0.3.0
2,193991352,16,120,15459,0.5523115396499634,,0.02412384539972949,False,0,False,0,quiet,quiet,0.3.0
2,193992141,16,120,15460,0.9821866571903229,,0.009934379068966815,False,0,False,0,quiet,quiet,0.3.0
2,193993283,16,120,15459,1.404196858406067,2.487822646684066,0.37634806623054795,False,0,False,0,rotator,quiet,0.3.0
2,193993648,16,120,14904,3.0762869060039515,,0.003104874211126262,False,0,False,0,quiet,quiet,0.3.0
2,193995218,16,120,15440,8.932158958911895,10.855298007117488,0.8966927393756193,False,8,False,0,flaring,quiet,0.3.0
2,195934393,16,120,14676,14.229356419165239,,0.0019857008865259086,False,2,False,0,variable,quiet,0.3.0
2,196226306,16,120,14676,3.1490153833930306,,0.01449064232898471,False,0,False,0,quiet,quiet,0.3.0
2,1974667188,16,120,14304,220.16776574946147,,0.0013558462918609267,False,0,False,0,variable,quiet,0.3.0
2,197495379,16,120,12497,18.4203409910202,,0.008242142136946658,False,0,False,0,variable,quiet,0.3.0
2,197581139,16,120,13550,1.099232518672943,4.9640993210344115,0.38881993243852614,False,0,False,0,rotator,quiet,0.3.0
2,197606340,16,120,13504,26.909767019748685,2.3784837571740525,0.6610843842921039,False,0,False,0,rotator,quiet,0.3.0
2,197651102,16,120,12870,5.917951693595895,,0.004886979236435324,False,0,False,0,variable,quiet,0.3.0
2,197702287,16,120,13520,10.34033215223753,,0.009151361320820482,False,0,False,1,variable,quiet,0.3.0
2,197709047,16,120,13419,10.904132080078124,,0.0019412532697467427,False,0,False,0,variable,quiet,0.3.0
2,1977745398,16,120,14620,351.32035423042504,,0.000812937310373805,False,0,False,0,variable,quiet,0.3.0
2,197774545,16,120,13075,4.753590774536132,,0.018047326232550447,False,0,False,0,quiet,quiet,0.3.0
2,197775102,16,120,13392,175.6898094925341,,0.09981648017722752,False,0,False,0,variable,quiet,0.3.0
2,1978842118,16,120,14584,231.7713586321878,,0.0014251148561263938,False,0,False,0,variable,quiet,0.3.0
2,1979832383,16,120,14937,0.5751109600067139,3.2115302197197506,0.10282341385398648,False,1,False,0,rotator,quiet,0.3.0
2,1980387847,16,120,14942,1.1991788148880003,9.902231848945084,0.28829728234051116,False,0,False,0,rotator,quiet,0.3.0
2,198100789,16,120,14663,0.8619594812393189,,0.001643390527657757,False,0,False,0,quiet,quiet,0.3.0
2,198105423,16,120,14661,0.5445349931716919,,0.02714825824830863,False,0,False,0,quiet,quiet,0.3.0
2,198105525,16,120,14663,1.3792765617370606,,0.0009846526440226593,False,0,False,0,quiet,quiet,0.3.0
2,198105559,16,120,14661,0.526065695285797,,0.0023146805641813947,False,0,False,0,quiet,quiet,0.3.0
2,198107724,16,120,15392,0.2825625836849212,,0.0019702358684111254,False,0,False,0,quiet,quiet,0.3.0
2,198107768,16,120,14628,0.722776973247528,,0.011361257204739999,False,0,False,0,quiet,quiet,0.3.0
2,198109502,16,120,14464,0.7942681315977496,,0.014951967813244281,False,0,False,0,quiet,quiet,0.3.0
2,198110618,16,120,13814,1.2308152198791504,,0.00134953106847565,False,0,False,0,quiet,quiet,0.3.0
2,198111625,16,120,14345,8.089640843868255,,0.0010692987433231383,False,0,False,0,variable,quiet,0.3.0
2,1981140374,16,120,12828,198.1703524947166,,0.001227109396821321,False,0,False,0,variable,quiet,0.3.0
2,198148897,16,120,14230,1.3794091165065763,,0.001377897698396808,False,0,False,0,quiet,quiet,0.3.0
2,198152229,16,120,14500,0.9646010290205171,,0.056399313862553854,False,0,False,0,quiet,quiet,0.3.0
2,198153033,16,120,14156,1.157291542210923,,0.0023265609560168617,False,0,False,0,quiet,quiet,0.3.0
2,198153218,16,120,14217,1.037108516693115,,0.0018470802481569905,False,0,False,0,quiet,quiet,0.3.0
2,198155740,16,120,14950,0.6206214123779114,,0.009515559779974292,False,0,False,0,quiet,quiet,0.3.0
2,198156183,16,120,15398,0.42735657691955564,,0.011503721170604964,False,0,False,0,quiet,quiet,0.3.0
2,198156928,16,120,14200,4.099388802051544,,0.004062742633691111,False,0,False,0,quiet,quiet,0.3.0
2,198157910,16,120,14208,10.832199025154114,,0.002143035544503276,False,0,False,0,variable,quiet,0.3.0
2,198158264,16,120,13892,1.96565473573371,,0.002288631515026808,False,0,False,0,quiet,quiet,0.3.0
2,198158346,16,120,14976,0.9954863190650939,1.9169942543056007,0.3474147459977577,False,0,False,0,rotator,quiet,0.3.0
2,198158359,16,120,13864,1.73832329923878,,0.003413025609992984,False,0,False,0,quiet,quiet,0.3.0
2,198158445,16,120,13883,9.787667441368102,,0.005068293567919294,False,0,False,0,variable,quiet,0.3.0
2,198159165,16,120,14165,3.226206350326538,,0.01047449456819105,False,0,False,0,quiet,quiet,0.3.0
2,198161928,16,120,14362,3.008639788627624,,0.0011525840072661117,False,0,False,0,quiet,quiet,0.3.0
2,198162960,16,120,14974,0.4841342176238959,,0.005196370774956861,False,0,False,0,quiet,quiet,0.3.0
2,198163183,16,120,14976,0.3214453352359137,,0.009641215502684106,False,0,False,0,quiet,quiet,0.3.0
2,198163284,16,120,14265,1.8014193177223206,,0.0019964938367161254,False,0,False,0,quiet,quiet,0.3.0
2,198176418,16,120,14703,0.950417697429657,,0.0011762828861097137,False,0,False,0,quiet,quiet,0.3.0
2,198177394,16,120,14636,1.0217321634292602,,0.017713127711546043,False,0,False,0,quiet,quiet,0.3.0
2,198177457,16,120,14635,0.9215207576751708,,0.008775900808402265,False,0,False,0,quiet,quiet,0.3.0
2,198177771,16,120,14635,0.8795450806617736,,0.0015156065284635035,False,0,False,0,quiet,quiet,0.3.0
2,198178147,16,120,14343,2.228510785102844,4.454583402484961,0.5608628693596074,False,0,False,0,rotator,quiet,0.3.0
2,198179262,16,120,14476,1.346535493536726,,0.0009710316319377759,False,0,False,0,quiet,quiet,0.3.0
2,198179604,16,120,14967,1.6157542705535888,,0.003937238915424786,False,0,False,0,quiet,quiet,0.3.0
2,198181100,16,120,14390,1.6913988086164353,,0.001519489011254742,False,0,False,0,quiet,quiet,0.3.0
2,198181431,16,120,14973,0.6572949171066284,,0.04150392577082428,False,0,False,0,quiet,quiet,0.3.0
2,198182380,16,120,14980,0.7248536646366119,,0.006140959495061355,False,0,False,0,quiet,quiet,0.3.0
2,198183300,16,120,14633,1.1820350646972655,,0.0009132262708193414,False,0,False,0,quiet,quiet,0.3.0
2,198185441,16,120,14644,1.1750095918768888,,0.0009449739931269654,False,0,False,0,quiet,quiet,0.3.0
2,198187666,16,120,14529,1.642088484764099,,0.0010116823233405697,False,0,False,0,quiet,quiet,0.3.0
2,198187777,16,120,14629,1.686626887321472,8.998345424785596,0.24802420058290692,False,1,False,0,rotator,quiet,0.3.0
2,198188047,16,120,14965,1.9742707371711727,0.4256255318416794,0.17175422003879573,False,0,False,0,rotator,quiet,0.3.0
2,198188157,16,120,14978,2.9972844420244953,,0.014321488655953145,False,0,False,0,quiet,quiet,0.3.0
2,198189572,16,120,14595,1.3729139328002928,,0.0009413835431365221,False,0,False,0,quiet,quiet,0.3.0
2,198204259,16,120,14586,2.491234264038972,,0.0013798419816913243,False,0,False,0,quiet,quiet,0.3.0
2,198204303,16,120,14635,1.5468257904052733,1.5596313701204965,0.6487514551071946,False,0,False,0,rotator,quiet,0.3.0
2,198204917,16,120,14674,1.2563099205493928,,0.0008689042091130755,False,0,False,0,quiet,quiet,0.3.0
2,198205114,16,120,14981,0.8518853187561035,,0.0012500908954671255,False,0,False,0,quiet,quiet,0.3.0
2,198206211,16,120,14623,10.488440322875975,,0.0016840251963419345,False,0,False,0,variable,quiet,0.3.0
2,198206300,16,120,14628,8.192193806404058,,0.0010851781277042033,False,0,False,0,variable,quiet,0.3.0
2,198208337,16,120,14628,1.264130651950836,,0.0009306712875814855,False,0,False,0,quiet,quiet,0.3.0
2,198209131,16,120,14625,2.7327491283416747,,0.0016148866249365548,False,0,False,0,quiet,quiet,0.3.0
2,198210258,16,120,14976,0.18902310132980346,,0.02146613563231968,False,0,False,0,quiet,quiet,0.3.0
2,198210511,16,120,14674,6.036764948464484,,0.0012762014330303917,False,0,False,0,variable,quiet,0.3.0
2,198210974,16,120,14622,15.850722599029538,,0.0008818114911615342,False,0,False,0,variable,quiet,0.3.0
2,198211976,16,120,14659,2.0272042751312256,,0.00829138603769696,False,0,False,0,quiet,quiet,0.3.0
2,198212539,16,120,14978,0.37150683403015133,,0.0015775813439641022,False,0,False,0,quiet,quiet,0.3.0
2,198214281,16,120,14599,7.461154496669769,,0.0016807288877671769,False,0,False,0,variable,quiet,0.3.0
2,198236067,16,120,14661,13.790291261672973,0.4469340673897009,0.37247975512864673,False,3,False,0,flaring,quiet,0.3.0
2,198236604,16,120,14981,3.5104037761688227,,0.26531703760765885,True,0,False,0,quiet,quiet,0.3.0
2,198236922,16,120,14881,1.7509601354598998,,0.008450498472006407,False,0,False,0,quiet,quiet,0.3.0
2,198237793,16,120,14619,3.603280484676361,,0.05641836355823376,False,0,False,0,quiet,quiet,0.3.0
2,198239144,16,120,14659,2.6530395269393923,,0.0024311754958737325,False,0,False,0,quiet,quiet,0.3.0
2,198240200,16,120,14874,2.0564988791942596,,0.0015631150841135494,False,0,False,0,quiet,quiet,0.3.0
2,198240267,16,120,14884,1.8306254428252313,,0.00793068513786648,False,0,False,0,quiet,quiet,0.3.0
2,198241258,16,120,14634,0.5489092842069481,,0.012497109092870988,False,0,False,0,quiet,quiet,0.3.0
2,198241960,16,120,14663,2.864773678779602,,0.0007990228932641409,False,0,False,0,quiet,quiet,0.3.0
2,198277670,16,120,14982,4.987771015994877,,0.09529392836080224,False,2,False,0,quiet,quiet,0.3.0
2,198279032,16,120,14577,2.0252601385116575,,0.01465402012881303,False,0,False,0,quiet,quiet,0.3.0
2,198279609,16,120,14645,1.9011888742446899,,0.0015805517133042318,False,0,False,0,quiet,quiet,0.3.0
2,198282047,16,120,14581,2.2520171642303466,,0.0010723858288851007,False,0,False,0,quiet,quiet,0.3.0
2,198311788,16,120,12014,2.1242786146485395,9.092054764484487,0.16986624097809702,False,0,False,0,rotator,quiet,0.3.0
2,198313671,16,120,14497,0.5850083827972412,,0.03760298232545779,False,0,False,0,quiet,quiet,0.3.0
2,198314134,16,120,14629,0.2935646295547485,,0.001105191436697848,False,0,False,0,quiet,quiet,0.3.0
2,198316044,16,120,13870,0.7496413618539951,,0.04220856121492058,False,0,False,0,quiet,quiet,0.3.0
2,198354179,16,120,14981,1.719853949546814,4.754102033884009,0.4645613403962815,False,0,False,0,rotator,quiet,0.3.0
2,198354443,16,120,14915,8.270710659027099,0.15336763348228988,0.8277995981291261,False,0,False,2,rotator,quiet,0.3.0
2,198356514,16,120,14926,13.84614017926811,,0.0011485314454628096,False,0,False,0,variable,quiet,0.3.0
2,198358211,16,120,14685,2.995914530754089,,0.0011211775709773994,False,0,False,0,quiet,quiet,0.3.0
2,198358272,16,120,14667,1.0805864810943602,,0.0040310803913501635,False,0,False,0,quiet,quiet,0.3.0
2,198358376,16,120,14906,1.3416310471782398,,0.023471248328865067,False,0,False,0,quiet,quiet,0.3.0
2,198362406,16,120,14951,1.0131602883338928,,0.0007224204778423963,False,0,False,0,quiet,quiet,0.3.0
2,198364155,16,120,14977,0.4315983295440674,3.1276889850037626,0.1895803450552376,False,0,False,0,rotator,quiet,0.3.0
2,198387099,16,120,15143,0.6869871854782104,,0.0027572907832980457,False,0,False,0,quiet,quiet,0.3.0
2,198387602,16,120,14903,1.4098525285720824,,0.0016667710959174437,False,0,False,0,quiet,quiet,0.3.0
2,198387714,16,120,15142,0.8746405281233629,,0.04852724289015714,False,0,False,0,quiet,quiet,0.3.0
2,198388049,16,120,14894,2.2228550486905854,4.941190263744394,0.2367237856825845,False,0,False,0,rotator,quiet,0.3.0
2,198388094,16,120,14912,1.2753536224365234,,0.0009400716458571828,False,0,False,0,quiet,quiet,0.3.0
2,198390460,16,120,15140,2.3360568881034847,5.4143803798742525,0.24184742118235836,False,3,False,0,flaring,quiet,0.3.0
2,198391011,16,120,14960,1.280655813217163,,0.001320171054757515,False,0,False,0,quiet,quiet,0.3.0
2,198407592,16,120,15137,0.3671767115592956,,0.02874597474162434,False,0,False,0,quiet,quiet,0.3.0
2,198408416,16,120,14907,156.033753991127,0.18226002605367245,0.8642149233189969,False,0,False,2,rotator,quiet,0.3.0
2,198409372,16,120,15144,0.5040616035461425,,0.001143099850818247,False,0,False,0,quiet,quiet,0.3.0
2,198409739,16,120,15140,0.8246674060821533,17.016540561976726,0.19256508230144476,False,0,False,0,rotator,quiet,0.3.0
2,198411791,16,120,14670,1.4183801764732544,,0.0012929311180470077,False,0,False,0,quiet,quiet,0.3.0
2,198412367,16,120,15143,0.9581942439079285,,0.0039339515797308785,False,0,False,0,quiet,quiet,0.3.0
2,198413800,16,120,15137,1.4529770135879516,,0.001120046200326285,False,0,False,0,quiet,quiet,0.3.0
2,198415849,16,120,14926,1.2511845067496448,,0.001832569284670327,False,0,False,0,quiet,quiet,0.3.0
2,198416743,16,120,14933,9.29756827354431,,0.001210069870994004,False,0,False,0,variable,quiet,0.3.0
2,198456017,16,120,14901,78.63908908367156,,0.0016716960354413986,False,0,False,0,variable,quiet,0.3.0
2,198456240,16,120,14951,1.2725257873535156,,0.0009639965835554804,False,0,False,0,quiet,quiet,0.3.0
2,198458010,16,120,15145,0.8959818720817565,,0.0008793979453669726,False,0,False,0,quiet,quiet,0.3.0
2,198458643,16,120,15145,1.7502531766891478,5.672175920478822,0.177857491371233,False,0,False,0,rotator,quiet,0.3.0
2,198458877,16,120,15121,2.3603585958480835,,0.060275980865287564,False,0,False,0,quiet,quiet,0.3.0
2,198459363,16,120,14974,1.4528886437416075,,0.0017842489247414605,False,0,False,0,quiet,quiet,0.3.0
2,198459916,16,120,14921,12.438232612609863,,0.0010954917921256692,False,0,False,0,variable,quiet,0.3.0
2,198478619,16,120,15144,1.989514654249826,,0.05788898221176697,False,0,False,0,quiet,quiet,0.3.0
2,198478966,16,120,14953,2.306011140346527,,0.0016972532780913604,False,0,False,0,quiet,quiet,0.3.0
2,198516246,16,120,14632,1.2921438547329946,,0.024047622527507122,False,0,False,0,quiet,quiet,0.3.0
2,198516722,16,120,12097,7.882943773269653,,0.03011270070306021,False,0,False,0,variable,quiet,0.3.0
2,198555114,16,120,12172,1.735760573618429,,0.016579531735756804,False,0,False,0,quiet,quiet,0.3.0
2,198555602,16,120,14304,0.8058446528269245,,0.005416013690725044,False,0,False,0,quiet,quiet,0.3.0
2,198555714,16,120,13474,1.1150065030155627,,0.0011422038015732325,False,0,False,0,quiet,quiet,0.3.0
2,198558258,16,120,14376,0.7497739836506242,,0.002604227552906746,False,0,False,0,quiet,quiet,0.3.0
2,198558275,16,120,13068,1.7134028486369342,,0.001846283748662337,False,0,False,0,quiet,quiet,0.3.0
2,198977858,16,120,13551,1.384755492210388,1.8122790911005335,0.11379463370637774,False,0,False,0,rotator,quiet,0.3.0
2,199010522,16,120,13915,21.48792346715927,,0.001498315294465555,False,0,False,0,variable,quiet,0.3.0
2,199129017,16,120,13775,1.642883813381195,,0.05483780801541623,False,0,False,0,quiet,quiet,0.3.0
2,199211743,16,120,13871,3.40656920671463,,0.002353024361755118,False,0,False,0,quiet,quiet,0.3.0
2,199212101,16,120,13886,1.7955868543509585,,0.0010571771431770838,False,0,False,0,quiet,quiet,0.3.0
2,199220440,16,120,13551,4.599562132358551,,0.009869995040095817,False,0,False,0,quiet,quiet,0.3.0
2,199367936,16,120,13783,1.5174870014190671,,0.012578564718499363,False,0,False,0,quiet,quiet,0.3.0
2,199439138,16,120,14389,0.9892120599746703,5.275555596140706,0.2536908831172539,False,0,False,0,rotator,quiet,0.3.0
2,199515549,16,120,13932,1.6408072197918424,5.484109968584086,0.16591738997830222,False,0,False,0,rotator,quiet,0.3.0
2,199517573,16,120,13599,14.984521365165708,,0.004858890315926683,False,0,False,0,variable,quiet,0.3.0
2,199521747,16,120,13595,7.917231273651123,,0.002003911649077038,False,0,False,0,variable,quiet,0.3.0
2,199522744,16,120,13351,2.2133111715316773,,0.016776656678953575,False,0,False,0,quiet,quiet,0.3.0
2,199522955,16,120,13033,1.7276304960250852,,0.0031286626658123123,False,0,False,0,quiet,quiet,0.3.0
2,199523610,16,120,14634,0.6135518065958138,,0.006833069528036479,False,0,False,0,quiet,quiet,0.3.0
2,199524743,16,120,13044,1.7388091779464974,12.42821879126672,0.11139808397557927,False,0,False,0,rotator,quiet,0.3.0
2,199524869,16,120,14724,0.5802364110946655,,0.0026833767132581248,False,0,False,0,quiet,quiet,0.3.0
2,199525440,16,120,14918,1.205762404375148,5.148527101143233,0.22214029313109546,False,0,False,0,rotator,quiet,0.3.0
2,199526564,16,120,13903,8.048195385932923,,0.0026230376830372877,False,0,False,0,variable,quiet,0.3.0
2,199547573,16,120,13962,6.39187935590744,,0.0037736304052639995,False,0,False,0,variable,quiet,0.3.0
2,199548745,16,120,13409,1.6533998250961304,,0.0013566961514284684,False,0,False,0,quiet,quiet,0.3.0
2,199548781,16,120,14980,0.7308186292648314,,0.032421990184236374,False,0,False,0,quiet,quiet,0.3.0
2,199571641,16,120,13432,3.325489872694015,,0.0037759161827307067,False,0,False,0,quiet,quiet,0.3.0
2,199572235,16,120,13811,1.1853047490119935,,0.002470078640906956,False,0,False,0,quiet,quiet,0.3.0
2,199573279,16,120,14291,2.1631170988082884,3.6139428704811394,0.37411982893309215,False,0,False,0,rotator,quiet,0.3.0
2,199573783,16,120,14975,2.443426251411438,,0.002671659414497053,False,0,False,0,quiet,quiet,0.3.0
2,199574211,16,120,14850,428.79634264111513,,0.0982347105791376,False,1,False,3,variable,quiet,0.3.0
2,199605364,16,120,13552,24.61807252818562,,0.0013831162473471198,False,0,False,0,variable,quiet,0.3.0
2,199608168,16,120,14979,0.707223880290985,,0.06007350224969423,False,0,False,0,quiet,quiet,0.3.0
2,199608817,16,120,14979,2.814756345748901,3.1276937081801597,0.6981908914727948,False,0,False,0,rotator,quiet,0.3.0
2,199610171,16,120,14890,1.3732673303325575,,0.0009705166298279932,False,0,False,0,quiet,quiet,0.3.0
2,199610621,16,120,14875,1.6539300441741944,6.967250439495408,0.13630360790921828,False,0,False,0,rotator,quiet,0.3.0
2,199610766,16,120,14874,7.90048542322175,,0.0014497743778583258,False,0,False,0,variable,quiet,0.3.0
2,199610815,16,120,14881,1.976126503944397,,0.047277761119444525,False,0,False,0,quiet,quiet,0.3.0
2,199611596,16,120,14676,1.4629627190254497,,0.005422684301816154,False,0,False,0,quiet,quiet,0.3.0
2,199612273,16,120,14979,0.5821805477142334,,0.0008535425536032223,False,0,False,0,quiet,quiet,0.3.0
2,199612990,16,120,14908,0.5151520346150408,14.856550083189289,0.13676466079677885,False,4,False,0,flaring,quiet,0.3.0
2,199613228,16,120,14700,8.634706313452313,,0.00474508733669717,False,0,False,0,variable,quiet,0.3.0
2,199613376,16,120,14874,2.3103854477405545,,0.03422773622186184,False,0,False,0,quiet,quiet,0.3.0
2,199613704,16,120,14884,1.5042315244674682,,0.0011435283753754746,False,0,False,0,quiet,quiet,0.3.0
2,199614185,16,120,14880,1.3881135463714598,,0.001457311848308153,False,0,False,0,quiet,quiet,0.3.0
2,199615755,16,120,14979,0.46376495361328124,,0.001989083057871987,False,0,False,0,quiet,quiet,0.3.0
2,199616636,16,120,14981,0.8008959174156188,,0.001729719890997128,False,0,False,0,quiet,quiet,0.3.0
2,199616664,16,120,14892,1.4545677141716393,,0.0010912698212183919,False,0,False,0,quiet,quiet,0.3.0
2,199616983,16,120,14895,1.761476147174835,,0.000819902218446557,False,0,False,0,quiet,quiet,0.3.0
2,199617847,16,120,14977,0.5616787433624267,,0.0013043862501717208,False,0,False,0,quiet,quiet,0.3.0
2,199626688,16,120,14162,1.0048535227775575,,0.013813996456825673,False,0,False,0,quiet,quiet,0.3.0
2,199631981,16,120,14974,1.9815170645713807,,0.0157197210559671,False,0,False,0,quiet,quiet,0.3.0
2,199633652,16,120,14685,2.3280152320861816,5.330421840486679,0.1701081086667476,False,0,False,0,rotator,quiet,0.3.0
2,199634258,16,120,14981,1.4135640621185301,,0.008210297809798475,False,0,False,0,quiet,quiet,0.3.0
2,199634775,16,120,14980,0.5229727506637573,,0.0036115541518001995,False,0,False,0,quiet,quiet,0.3.0
2,199657025,16,120,14980,0.7104935646057129,,0.0019760327895078306,False,0,False,0,quiet,quiet,0.3.0
2,199658044,16,120,14971,0.7922356724739075,6.99134284412273,0.21515447548146413,False,0,False,0,rotator,quiet,0.3.0
2,199658791,16,120,14977,0.7178282618522643,,0.04004229416715359,False,0,False,0,quiet,quiet,0.3.0
2,199659629,16,120,14977,0.33085670471191403,,0.0011127566672698617,False,0,False,0,quiet,quiet,0.3.0
2,199660422,16,120,14980,0.541751343011856,,0.005191203905056727,False,0,False,0,quiet,quiet,0.3.0
2,199660709,16,120,14903,2.9951192021369932,,0.024072986395225517,False,0,False,0,quiet,quiet,0.3.0
2,199661829,16,120,14662,2.6141126875314913,,0.0011708966483169028,False,0,False,0,quiet,quiet,0.3.0
2,199662591,16,120,14982,1.3902785247398302,,0.0010150681218841955,False,0,False,0,quiet,quiet,0.3.0
2,199662779,16,120,14980,0.7257373414713937,,0.001183842712806266,False,0,False,0,quiet,quiet,0.3.0
2,199666933,16,120,14665,28.05035662651062,,0.0019696743060038367,False,0,False,0,variable,quiet,0.3.0
2,199682561,16,120,14981,1.1534916043281553,,0.0015970172783463413,False,0,False,0,quiet,quiet,0.3.0
2,199685441,16,120,14875,1.4501491785049438,,0.0018547079763683925,False,0,False,0,quiet,quiet,0.3.0
2,199687053,16,120,14980,0.6682527780532836,,0.0014386786431228409,False,0,False,0,quiet,quiet,0.3.0
2,199688472,16,120,14981,1.6189355850219727,2.8988449900060274,0.12613324617389818,False,0,False,4,rotator,quiet,0.3.0
2,199688621,16,120,14884,1.833453277739687,,0.02871189889836675,False,0,False,0,quiet,quiet,0.3.0
2,199708730,16,120,14981,0.9432597398757935,,0.0011340418375283077,False,0,False,0,quiet,quiet,0.3.0
2,199708915,16,120,14978,2.6555138034965453,,0.000755622795533363,False,0,False,0,quiet,quiet,0.3.0
2,199709319,16,120,14688,1.1787654506424337,,0.0016527986392483392,False,0,False,0,quiet,quiet,0.3.0
2,199709532,16,120,14693,2.6260867238044736,,0.0013607838667240087,False,0,False,0,quiet,quiet,0.3.0
2,199710002,16,120,14981,1.0244716286659241,,0.0011590402440618337,False,0,False,0,quiet,quiet,0.3.0
2,199710403,16,120,14693,7.686144125461578,,0.0016228867388831591,False,0,False,0,variable,quiet,0.3.0
2,199710426,16,120,14692,2.3835998654365538,,0.0010594066082310256,False,0,False,0,quiet,quiet,0.3.0
2,199712878,16,120,14879,2.261737847328186,,0.00153523596568395,False,0,False,0,quiet,quiet,0.3.0
2,199713324,16,120,14966,2.90016588867205,,0.003811919988950476,False,0,False,0,quiet,quiet,0.3.0
2,199714004,16,120,14968,4.625454497337341,,0.038831851872869805,False,0,False,0,quiet,quiet,0.3.0
2,199714005,16,120,14886,1.3396868705749512,,0.03387123894519327,False,0,False,0,quiet,quiet,0.3.0
2,199714345,16,120,14981,10.73128066062927,,0.015688543116535152,False,0,False,0,variable,quiet,0.3.0
2,199715818,16,120,14883,2.109741711616516,,0.0012550140075351728,False,0,False,0,quiet,quiet,0.3.0
2,199716540,16,120,14974,1.989205241203308,,0.00226405928627513,False,0,False,0,quiet,quiet,0.3.0
2,199791617,16,120,14397,0.5270377635955811,,0.04509254959032508,False,0,False,0,quiet,quiet,0.3.0
2,199798933,16,120,13550,0.8922702853518554,,0.0028531587237619754,False,0,False,0,quiet,quiet,0.3.0
2,199879314,16,120,13544,0.6477951586246491,,0.04983278647115586,False,0,False,0,quiet,quiet,0.3.0
2,199943252,16,120,13546,8.126181775331496,,0.0037351840238832494,False,0,False,0,variable,quiet,0.3.0
2,199943648,16,120,13547,8.948684120178221,1.5856524522410749,0.9019456162820643,False,0,False,0,rotator,quiet,0.3.0
2,199979630,16,120,13549,0.9863842248916624,,0.01998447955999419,False,0,False,0,quiet,quiet,0.3.0
2,200162958,16,120,13548,2.4624700266858945,5.189720902788663,0.36266555738994566,False,0,False,0,rotator,quiet,0.3.0
2,200214450,16,120,13552,2.1732796311378477,,0.0026016096081385295,False,0,False,0,quiet,quiet,0.3.0
2,200235493,16,120,13549,2.9589759349822993,,0.0026164760323715984,False,0,False,0,quiet,quiet,0.3.0
2,200286275,16,120,13878,0.45395590066909786,,0.006546213249232809,False,0,False,0,quiet,quiet,0.3.0
2,200290644,16,120,13551,1.9338857173919677,,0.0038528815765340365,False,0,False,0,quiet,quiet,0.3.0
2,200295917,16,120,13547,4.018353652954101,,0.0013542989154679032,False,0,False,0,quiet,quiet,0.3.0
2,200296046,16,120,13550,2.478067083473975,,0.029990279060680556,False,0,False,0,quiet,quiet,0.3.0
2,200334252,16,120,13552,0.9917305414837275,,0.002151655254517943,False,0,False,0,quiet,quiet,0.3.0
2,2003350885,16,120,13846,275.9911368012428,,0.002369453216992252,False,0,False,0,variable,quiet,0.3.0
2,200371435,16,120,13871,1.0896002054214478,,0.12185110731027361,True,0,False,0,quiet,quiet,0.3.0
2,2003726065,16,120,13836,2.1409361397662083,,0.0018059755698845634,False,0,False,0,quiet,quiet,0.3.0
2,200377325,16,120,13880,0.5628275178177644,,0.011360903487536612,False,0,False,0,quiet,quiet,0.3.0
2,200401717,16,120,13547,0.9858540058135985,,0.034863062027638704,False,0,False,0,quiet,quiet,0.3.0
2,200466152,16,120,13504,2.756653089623061,,0.002838697526790561,False,0,False,0,quiet,quiet,0.3.0
2,200499979,16,120,13551,5.858213853836059,,0.003248600544400989,False,0,False,0,variable,quiet,0.3.0
2,2005271830,16,120,14386,0.4479025928916092,,0.002832615922916317,False,0,False,0,quiet,quiet,0.3.0
2,200596700,16,120,13881,1.1535799741744994,3.485904084509181,0.3904965656730681,False,0,False,0,rotator,quiet,0.3.0
2,2019086952,16,120,14673,395.32268435955046,,0.0009524084798346247,False,0,False,0,variable,quiet,0.3.0
2,202298472,16,120,14663,0.5109544515609742,,0.0021629831698976427,False,0,False,0,quiet,quiet,0.3.0
2,2022999789,16,120,14946,1.4490004136860493,4.9511726717760025,0.24468084106322094,False,0,False,0,rotator,quiet,0.3.0
2,202300163,16,120,12145,1.1962626099586486,,0.020858255935517107,False,0,False,0,quiet,quiet,0.3.0
2,202351457,16,120,12813,7.921826505661009,,0.007068875699416664,False,0,False,0,variable,quiet,0.3.0
2,202354658,16,120,13531,25.86452847719192,,0.0013877777158841015,False,0,False,0,variable,quiet,0.3.0
2,202382372,16,120,15621,5.674581313133239,7.503589625558219,0.7277262072146788,False,0,False,0,rotator,quiet,0.3.0
2,202382634,16,120,15004,1.1404570519924164,,0.022908219551902476,False,0,False,0,quiet,quiet,0.3.0
2,202385339,16,120,15685,0.3058480381965637,,0.05908506066700784,False,0,False,0,quiet,quiet,0.3.0
2,202421707,16,120,14632,0.7358557105064392,,0.056556766947248274,False,0,False,0,quiet,quiet,0.3.0
2,202422034,16,120,14635,0.676913022994995,,0.051842438992873,False,0,False,0,quiet,quiet,0.3.0
2,202423090,16,120,15456,1.1410756749235296,,0.0032292302850895713,False,0,False,0,quiet,quiet,0.3.0
2,202423826,16,120,14633,0.6364396333694458,,0.01999575283794144,False,0,False,0,quiet,quiet,0.3.0
2,202424768,16,120,14536,1.9805448782119228,3.5347448369280396,0.5072800467066104,False,0,False,0,rotator,quiet,0.3.0
2,202425208,16,120,14711,1.958099055290222,,0.004274747730237069,False,0,False,0,quiet,quiet,0.3.0
2,202425259,16,120,15687,4.070138382911682,10.016814776376842,0.6178814554494854,False,0,False,0,rotator,quiet,0.3.0
2,202426247,16,120,14630,13.659460111244325,4.498694680932326,0.8378403983832206,False,0,False,0,rotator,quiet,0.3.0
2,202442573,16,120,14636,0.6585320949554443,,0.000760783239170165,False,0,False,0,quiet,quiet,0.3.0
2,202444594,16,120,15686,1.7125634372234344,,0.04184385121510797,False,0,False,3,quiet,quiet,0.3.0
2,202444813,16,120,14635,1.2911718249320983,4.678895899280816,0.28135528257177717,False,0,False,0,rotator,quiet,0.3.0
2,202489614,16,120,14306,0.8043423414230346,,0.0025259871395951535,False,0,False,0,quiet,quiet,0.3.0
2,202489696,16,120,14633,2.71737277507782,3.1614197816422247,0.6941894729835382,False,0,False,0,rotator,quiet,0.3.0
2,202491864,16,120,14632,0.5040174036020814,2.29357962708861,0.13363388412828142,False,0,False,0,rotator,quiet,0.3.0
2,202504118,16,120,14315,0.7461066126823426,,0.008717701719863835,False,0,False,0,quiet,quiet,0.3.0
2,202504145,16,120,14636,0.5876594781875609,,0.002801269624603802,False,0,False,0,quiet,quiet,0.3.0
2,2040680635,16,120,13847,256.20565842390056,,0.001436009558022705,False,0,False,0,variable,quiet,0.3.0
2,2041031363,16,120,13502,240.0222603850883,,0.001940134706856147,False,0,False,0,variable,quiet,0.3.0
2,2041692628,16,120,13529,522.6470194101333,,0.12588532294492463,True,0,False,0,variable,quiet,0.3.0
2,2041881352,16,120,11365,446.13852732181545,,0.0014037147359452912,False,0,False,0,variable,quiet,0.3.0
2,2044075000,16,120,11999,677.6578040599823,10.898079469973482,0.14648862875610077,False,0,False,0,rotator,quiet,0.3.0
2,2046417955,16,120,13206,341.04405880439106,0.23580770207816698,0.6137468279372037,False,0,False,1,rotator,quiet,0.3.0
2,207341229,16,120,12309,1.067861223220825,,0.06056196573611994,False,0,False,0,quiet,quiet,0.3.0
2,207384197,16,120,15656,101.82688884574839,0.26748106871970934,0.8470670260739995,False,0,False,0,rotator,quiet,0.3.0
2,207399988,16,120,14257,1.2240991115570066,,0.002021832108713499,False,0,False,0,quiet,quiet,0.3.0
2,207400468,16,120,14982,0.843755292892456,,0.001233910175298674,False,0,False,0,quiet,quiet,0.3.0
2,207400619,16,120,14980,0.44617932759646606,,0.012242258689849702,False,0,False,0,quiet,quiet,0.3.0
2,207402633,16,120,14973,0.2363009691238403,,0.01874079739996815,False,0,False,0,quiet,quiet,0.3.0
2,207402706,16,120,14530,0.8373484291226608,,0.0010942401030076458,False,0,False,0,quiet,quiet,0.3.0
2,207402722,16,120,14980,0.4187847018241882,,0.0080404103717749,False,0,False,0,quiet,quiet,0.3.0
2,207403265,16,120,14568,1.3775975346565246,,0.0025578989223926504,False,0,False,0,quiet,quiet,0.3.0
2,207425948,16,120,14332,3.2175462012751757,,0.0013584449480888183,False,0,False,0,quiet,quiet,0.3.0
2,207426141,16,120,14980,0.8233418093119973,,0.0008917247474406345,False,0,False,0,quiet,quiet,0.3.0
2,207427565,16,120,14907,66.69502065181732,,0.0010144736277513703,False,0,False,0,variable,quiet,0.3.0
2,207431303,16,120,14980,0.542635057647081,3.4956763871834005,0.14693729585214244,False,0,False,0,rotator,quiet,0.3.0
2,207432808,16,120,14981,1.054605746269226,,0.09979430860790081,False,0,False,0,quiet,quiet,0.3.0
2,207432930,16,120,14943,1.3230733394622802,,0.001137979024400757,False,0,False,0,quiet,quiet,0.3.0
2,207433904,16,120,14981,0.7000659227371215,,0.0007721483328363048,False,0,False,0,quiet,quiet,0.3.0
2,207435783,16,120,14971,0.3879436254501343,0.7291582601667317,0.1553789371626369,False,0,False,0,rotator,quiet,0.3.0
2,207436044,16,120,14981,0.6085147619247436,,0.0022519266779959584,False,0,False,0,quiet,quiet,0.3.0
2,207436229,16,120,14946,1.3004064351199138,,0.0022751658494775235,False,0,False,0,quiet,quiet,0.3.0
2,207437867,16,120,14612,4.786817551444915,,0.0013838723440809943,False,0,False,0,quiet,quiet,0.3.0
2,207438800,16,120,14642,1.8537342115123805,,0.001100324627665609,False,0,False,0,quiet,quiet,0.3.0
2,207441156,16,120,14636,2.564360386133194,,0.0012009846919049086,False,0,False,0,quiet,quiet,0.3.0
2,207441233,16,120,14955,1.0368434071540833,,0.046589508829860383,False,0,False,0,quiet,quiet,0.3.0
2,207461717,16,120,14979,0.45563492774963377,,0.00917080282119824,False,0,False,0,quiet,quiet,0.3.0
2,207462862,16,120,14958,0.7147795021533966,6.255407218637198,0.2697597301186022,False,1,False,0,rotator,quiet,0.3.0
2,207463446,16,120,14495,1.173639929294586,,0.0009728390899353294,False,0,False,0,quiet,quiet,0.3.0
2,207463542,16,120,14432,1.1351990123033817,,0.0008668353128834203,False,0,False,0,quiet,quiet,0.3.0
2,207465038,16,120,14981,0.7544133782386779,,0.0008613274658417149,False,0,False,0,quiet,quiet,0.3.0
2,207465529,16,120,14981,2.634040009975433,2.7640082791207914,0.6683996678014629,False,0,False,0,rotator,quiet,0.3.0
2,207466849,16,120,14515,1.5962245345115662,,0.0095548632094839,False,0,False,0,quiet,quiet,0.3.0
2,207490162,16,120,14887,1.6652413845062255,,0.0010492708012437727,False,0,False,0,quiet,quiet,0.3.0
2,207490389,16,120,14982,0.843534368276596,,0.0016006059378925576,False,0,False,0,quiet,quiet,0.3.0
2,207491333,16,120,14978,0.4960199179637481,,0.004405780363608632,False,0,False,0,quiet,quiet,0.3.0
2,207493375,16,120,14895,4.439170861244201,,0.0011568811755678522,False,0,False,0,quiet,quiet,0.3.0
2,207495601,16,120,14980,0.814151394367218,,0.02904423211468785,False,0,False,0,quiet,quiet,0.3.0
2,207496971,16,120,14981,0.980463445186615,,0.004086540326874007,False,0,False,0,quiet,quiet,0.3.0
2,207497136,16,120,14978,0.78017316519698,,0.049583547993932456,False,0,False,0,quiet,quiet,0.3.0
2,207497580,16,120,14913,1.3577143192291259,,0.0010001873443558319,False,0,False,0,quiet,quiet,0.3.0
2,207502876,16,120,14941,4.407887935638427,,0.001587675820156214,False,0,False,0,quiet,quiet,0.3.0
2,207503856,16,120,14980,1.0524849326899606,,0.04698381450778351,False,0,False,0,quiet,quiet,0.3.0
2,207504191,16,120,14867,3.10478618144989,,0.0036910184502315997,False,0,False,0,quiet,quiet,0.3.0
2,207504756,16,120,14971,1.1417384147644043,,0.001181730041849762,False,0,False,0,quiet,quiet,0.3.0
2,219003373,16,120,14636,1.2608609676361082,12.997086329851047,0.3472790298341563,False,3,False,0,flaring,quiet,0.3.0
2,219005572,16,120,14636,0.8853775169067835,,0.0009448609614860461,False,0,False,0,quiet,quiet,0.3.0
2,219006267,16,120,14635,0.6477509737014769,,0.0376540300619353,False,0,False,0,quiet,quiet,0.3.0
2,219007440,16,120,14636,1.1452731403545653,8.355284572462388,0.11097312760645685,False,0,False,0,rotator,quiet,0.3.0
2,219007651,16,120,14634,0.5815619587898254,,0.04545407423585746,False,0,False,0,quiet,quiet,0.3.0
2,219007757,16,120,14350,1.5151893854141234,,0.010996554487407236,False,0,False,0,quiet,quiet,0.3.0
2,219009099,16,120,14634,0.8259488180845271,,0.0013264489772907586,False,0,False,0,quiet,quiet,0.3.0
2,219010723,16,120,14634,0.7168562362704418,,0.05847973680278264,False,0,False,0,quiet,quiet,0.3.0
2,219014286,16,120,14250,0.9944700361946214,,0.0032239506614493664,False,0,False,0,quiet,quiet,0.3.0
2,219014902,16,120,14635,0.6873406648635865,,0.0009823816242797922,False,0,False,0,quiet,quiet,0.3.0
2,219016431,16,120,14636,0.9249230243242688,,0.08069712935478833,False,0,False,0,quiet,quiet,0.3.0
2,219017783,16,120,14311,2.1760190963745116,,0.0012115507359228696,False,0,False,0,quiet,quiet,0.3.0
2,219018221,16,120,14634,0.737844032049179,,0.09262820288061425,False,1,False,0,quiet,quiet,0.3.0
2,219018841,16,120,13706,1.3859042176065315,,0.002812011721877016,False,0,False,0,quiet,quiet,0.3.0
2,219032749,16,120,14663,1.885989260673523,6.507365189831186,0.6088524664283397,False,0,False,0,rotator,quiet,0.3.0
2,219034676,16,120,14662,0.7709385395050049,,0.0012036633039328737,False,0,False,0,quiet,quiet,0.3.0
2,219035596,16,120,13725,1.233996534347534,,0.0326896224399094,False,0,False,0,quiet,quiet,0.3.0
2,219037007,16,120,14661,0.5295121192932128,,0.004308561657014,False,0,False,0,quiet,quiet,0.3.0
2,219037969,16,120,14576,7.735012650489806,,0.003088851110940344,False,0,False,0,variable,quiet,0.3.0
2,219039003,16,120,14215,1.011127781867981,,0.05420548543686251,False,0,False,0,quiet,quiet,0.3.0
2,219040975,16,120,14663,1.9515596866607665,7.320773979112972,0.4000987415016654,False,13,False,0,flaring,quiet,0.3.0
2,219041484,16,120,14617,1.6065638065338133,,0.0014157757300539496,False,0,False,0,quiet,quiet,0.3.0
2,219063928,16,120,14546,1.1386896550655363,,0.003409954706012242,False,0,False,0,quiet,quiet,0.3.0
2,219064190,16,120,14663,0.7606876373291015,,0.006868611596788865,False,0,False,0,quiet,quiet,0.3.0
2,219090281,16,120,15696,0.5929616512965663,,0.03585533772804648,False,0,False,0,quiet,quiet,0.3.0
2,219090359,16,120,14647,2.206241583824158,,0.0011914555077963494,False,0,False,0,quiet,quiet,0.3.0
2,219090713,16,120,15181,0.9316832900047302,,0.0013172209479832477,False,0,False,0,quiet,quiet,0.3.0
2,219091118,16,120,14950,1.4947317659854888,,0.0010022335714208704,False,0,False,0,quiet,quiet,0.3.0
2,219091835,16,120,14930,75.40134822126186,,0.0007755738861343389,False,0,False,0,variable,quiet,0.3.0
2,219092150,16,120,15695,0.5358747482299805,,0.006116768160614169,False,0,False,0,quiet,quiet,0.3.0
2,219094946,16,120,15697,8.427478766441345,6.010089195663454,0.8281987748173548,False,0,False,0,rotator,quiet,0.3.0
2,219096494,16,120,14901,1.7115471839904783,,0.06616210668531364,False,0,True,4,dipper,quiet,0.3.0
2,219096679,16,120,14857,2.1194623947143554,,0.0008924309798249757,False,0,False,0,quiet,quiet,0.3.0
2,219099719,16,120,14679,1.855236554145813,,0.0010472700961339058,False,0,False,0,quiet,quiet,0.3.0
2,219102076,16,120,14547,1.4727718591690062,,0.003718504849996706,False,1,False,0,quiet,quiet,0.3.0
2,219104063,16,120,15698,0.6117402430850194,,0.0021196099643387167,False,0,False,0,quiet,quiet,0.3.0
2,219105944,16,120,14645,1.067331004142761,,0.001058958261128042,False,0,False,0,quiet,quiet,0.3.0
2,219107440,16,120,14542,14.80769242002413,,0.0020532559449681596,False,0,False,0,variable,quiet,0.3.0
2,219107616,16,120,14557,6.916884613037109,,0.002639820532764593,False,0,False,0,variable,quiet,0.3.0
2,219108912,16,120,14890,23.83078483343124,,0.0007962295941040805,False,0,False,0,variable,quiet,0.3.0
2,219110549,16,120,14576,2.361197968649985,,0.0684582066034259,False,0,False,0,quiet,quiet,0.3.0
2,219111991,16,120,14544,11.505400514602659,,0.0007522405316554394,False,0,False,0,variable,quiet,0.3.0
2,219114049,16,120,14860,1.4716672360897063,,0.04192597654229759,False,0,False,0,quiet,quiet,0.3.0
2,219115017,16,120,15092,1.0174019803165208,,0.003197588447127391,False,0,False,0,quiet,quiet,0.3.0
2,219733024,16,120,14634,5.773732280731201,,0.001026363464454017,False,0,False,0,variable,quiet,0.3.0
2,219737890,16,120,14627,1.1855698585510253,2.016763847666464,0.3315483152439817,False,0,False,0,rotator,quiet,0.3.0
2,219738214,16,120,13673,59.88356126546859,,0.0028505573247366417,False,0,False,0,variable,quiet,0.3.0
2,219740029,16,120,14256,8.406358623694139,4.443652067278139,0.2009706303349628,False,1,False,0,rotator,quiet,0.3.0
2,219741953,16,120,13628,1.710663587490534,,0.0016760176900938134,False,0,False,0,quiet,quiet,0.3.0
2,219742721,16,120,14287,2.6723925232887265,,0.001212251322133103,False,0,False,0,quiet,quiet,0.3.0
2,219750378,16,120,15143,0.8879402160644531,,0.0012031939923503215,False,0,False,0,quiet,quiet,0.3.0
2,219750509,16,120,15142,10.279842994217782,4.1075060099115035,0.8702205064093512,False,0,False,0,rotator,quiet,0.3.0
2,219750629,16,120,14975,1.3905879020690917,,0.004244192573988453,False,0,False,0,quiet,quiet,0.3.0
2,219753908,16,120,15144,1.3865669914146073,5.414449664605173,0.20235393659912718,False,0,False,0,rotator,quiet,0.3.0
2,219756852,16,120,15012,1.4420192385923407,,0.001409913806507598,False,0,False,0,quiet,quiet,0.3.0
2,219757430,16,120,15141,0.8120305180549622,,0.08696386069072952,False,0,False,0,quiet,quiet,0.3.0
2,219757469,16,120,14923,1.433447277545929,,0.001518719553971346,False,0,False,0,quiet,quiet,0.3.0
2,219759200,16,120,15141,0.6950288414955139,,0.021652175433947367,False,0,False,0,quiet,quiet,0.3.0
2,219759861,16,120,15039,10.545969092845915,4.9577049636182355,0.7924574998417466,False,0,False,0,rotator,quiet,0.3.0
2,219763205,16,120,14972,1.6793805599212646,,0.002902504929366147,False,0,False,0,quiet,quiet,0.3.0
2,219765758,16,120,15142,0.8297928324403514,,0.0011601369610457102,False,0,False,0,quiet,quiet,0.3.0
2,219765875,16,120,14942,2.974529116586718,5.939219877600124,0.16921432423817487,False,0,False,0,rotator,quiet,0.3.0
2,219771690,16,120,14942,7.064373465515764,1.153174045280227,0.14496756656432475,False,3,False,0,flaring,quiet,0.3.0
2,219773223,16,120,15039,13.269792866706847,,0.08977508617719823,False,0,False,0,variable,quiet,0.3.0
2,219773482,16,120,14994,1.2157039761543273,,0.016666321634974834,False,0,False,0,quiet,quiet,0.3.0
2,219773961,16,120,14888,1.446349275112152,,0.001899703315980397,False,0,False,0,quiet,quiet,0.3.0
2,219775888,16,120,15141,0.6240678548812866,,0.0024092409169046663,False,0,False,0,quiet,quiet,0.3.0
2,219776357,16,120,15004,1.489871380034942,,0.0889342221842551,False,0,False,0,quiet,quiet,0.3.0
2,219777008,16,120,15141,0.9837331295013427,,0.0012628562048501973,False,0,False,0,quiet,quiet,0.3.0
2,219777120,16,120,15092,1.3639002084732055,,0.002365896188401281,False,0,False,0,quiet,quiet,0.3.0
2,219780306,16,120,15140,0.4959315776824951,,0.057203037025640495,False,0,False,0,quiet,quiet,0.3.0
2,219785632,16,120,15117,1.143505811691284,,0.0008635092848454499,False,0,False,0,quiet,quiet,0.3.0
2,219788862,16,120,15141,0.3776927232742309,,0.00517080734096459,False,0,False,0,quiet,quiet,0.3.0
2,219790151,16,120,15141,14.244335532188416,1.8612020653396755,0.8300438956641825,False,1,False,0,rotator,quiet,0.3.0
2,219790978,16,120,14887,4.24422698020935,,0.003676841615020408,False,0,False,0,quiet,quiet,0.3.0
2,219791033,16,120,14925,1.8363254070281982,,0.001342425597598641,False,0,False,0,quiet,quiet,0.3.0
2,219791988,16,120,15142,0.6787246250726171,,0.04063821545435961,False,0,False,0,quiet,quiet,0.3.0
2,219792330,16,120,15142,0.8638152737562439,,0.0010921588887162301,False,0,False,0,quiet,quiet,0.3.0
2,219793020,16,120,14985,6.2906958818435665,,0.002988720461802845,False,1,False,0,variable,quiet,0.3.0
2,219794363,16,120,15142,0.7165027141571045,,0.005645961682426125,False,0,False,0,quiet,quiet,0.3.0
2,219795119,16,120,14919,9.370561766624451,,0.0009774629293333508,False,0,False,0,variable,quiet,0.3.0
2,219797791,16,120,15144,0.7811010718345642,,0.002977642234650009,False,0,False,0,quiet,quiet,0.3.0
2,219799983,16,120,14883,1.4843483090400695,,0.0009666549557816767,False,0,False,0,quiet,quiet,0.3.0
2,219800534,16,120,15141,1.0603497862815856,,0.001246673544810707,False,0,False,0,quiet,quiet,0.3.0
2,219801023,16,120,14720,1.7826848040410992,,0.0036400027289366535,False,0,False,0,quiet,quiet,0.3.0
2,219803073,16,120,15144,0.43597262394509834,,0.0015750373108148036,False,0,False,0,quiet,quiet,0.3.0
2,219804674,16,120,15144,1.682120075289013,,0.08497791639969993,False,0,False,0,quiet,quiet,0.3.0
2,219808183,16,120,14948,8.135593163967132,,0.0025044935299485633,False,0,False,0,variable,quiet,0.3.0
2,219810107,16,120,15142,1.5221705579110816,3.970583361346371,0.3767846762078753,False,0,False,0,rotator,quiet,0.3.0
2,219810122,16,120,15140,1.720163090214453,,0.0020715869537846084,False,0,False,0,quiet,quiet,0.3.0
2,219810391,16,120,14900,4.671318447589874,2.2805684046609866,0.5203495304628916,False,0,False,0,rotator,quiet,0.3.0
2,219811092,16,120,15145,0.6459835767745971,,0.02821412386600755,False,0,False,0,quiet,quiet,0.3.0
2,219811129,16,120,15007,1.3462262392044066,,0.04853353717669464,False,0,False,0,quiet,quiet,0.3.0
2,219812248,16,120,14971,10.061348855495451,,0.024658235399983883,False,0,False,0,variable,quiet,0.3.0
2,219815120,16,120,14899,2.3097226738929746,,0.026570072450688334,False,0,False,0,quiet,quiet,0.3.0
2,219817268,16,120,14902,2.8178049374935066,,0.0011068890992757478,False,0,False,0,quiet,quiet,0.3.0
2,219818112,16,120,14660,12.011715907207606,,0.025764022216969676,False,0,False,0,variable,quiet,0.3.0
2,219820006,16,120,15142,0.7744733333587646,,0.04020089146166978,False,0,False,0,quiet,quiet,0.3.0
2,219821233,16,120,14979,1.6997056245803832,,0.0010753184941687745,False,0,False,0,quiet,quiet,0.3.0
2,219823327,16,120,14410,0.783310317993164,,0.006420030691128971,False,0,False,0,quiet,quiet,0.3.0
2,219823911,16,120,14655,3.336933767795563,,0.6178488677484535,True,0,False,0,quiet,quiet,0.3.0
2,219847563,16,120,15126,10.680512502208726,,0.006361703919281797,False,0,False,0,variable,quiet,0.3.0
2,219849196,16,120,14679,2.2172878146171566,,0.004633593760707175,False,0,False,0,quiet,quiet,0.3.0
2,219850194,16,120,15634,2.319001507759094,,0.04619492734496543,False,0,False,0,quiet,quiet,0.3.0
2,219850460,16,120,15698,0.8741544679311235,,0.0018596429150150079,False,0,False,0,quiet,quiet,0.3.0
2,219852891,16,120,14972,8.002419805526733,,0.0010471018142550056,False,0,False,0,variable,quiet,0.3.0
2,219855064,16,120,14894,10.949465811252594,,0.0008449328159714578,False,0,False,0,variable,quiet,0.3.0
2,219856298,16,120,15699,1.0007885098457336,,0.0010532053082896002,False,0,False,0,quiet,quiet,0.3.0
2,219856738,16,120,15698,1.6038243412971496,,0.011410124140083397,False,0,False,0,quiet,quiet,0.3.0
2,219858225,16,120,14902,1.4481165857245573,,0.02216118984376986,False,0,False,0,quiet,quiet,0.3.0
2,219858369,16,120,14907,1.3044273018836974,,0.001059286275690935,False,0,False,0,quiet,quiet,0.3.0
2,219859088,16,120,14936,1.53997717320851,5.163053181127492,0.10973575647846265,False,0,False,0,rotator,quiet,0.3.0
2,219859461,16,120,15699,5.125451087951659,5.008411396416459,0.7174672452676004,False,0,False,0,rotator,quiet,0.3.0
2,219859796,16,120,15698,0.9421992455602141,,0.001360876076576638,False,0,False,0,quiet,quiet,0.3.0
2,219860288,16,120,15671,4.232915639877319,,0.001410824993673644,False,0,False,0,quiet,quiet,0.3.0
2,219860549,16,120,15696,1.1857908185062054,0.7029377584795807,0.372188136448364,False,1,False,0,rotator,quiet,0.3.0
2,219861429,16,120,15698,3.5015668958892494,4.6231436545341555,0.7037080980276521,False,0,False,0,rotator,quiet,0.3.0
2,219862791,16,120,15106,1.1413407164412523,,0.0012859363417097329,False,0,False,0,quiet,quiet,0.3.0
2,219864555,16,120,15698,0.8795009219497717,,0.0008289501581122467,False,0,False,0,quiet,quiet,0.3.0
2,219865888,16,120,15697,0.9855005264282227,,0.005544607490347067,False,0,False,0,quiet,quiet,0.3.0
2,219867604,16,120,15696,0.5895152449607849,,0.007775519941229621,False,0,False,0,quiet,quiet,0.3.0
2,219868955,16,120,15695,0.8700895071029663,,0.0030783221378792368,False,0,False,0,quiet,quiet,0.3.0
2,219869957,16,120,14943,13.412598538398742,,0.0009432401949810959,False,0,False,0,variable,quiet,0.3.0
2,219872017,16,120,15695,1.401015543937683,5.008411669489211,0.7373538230943055,False,0,False,0,rotator,quiet,0.3.0
2,219873515,16,120,14929,2.9851334095001216,,0.08007511503457783,False,0,False,0,quiet,quiet,0.3.0
2,219874849,16,120,15519,1.1362594842910765,,0.0016966081298124107,False,0,False,0,quiet,quiet,0.3.0
2,219875097,16,120,15128,16.647244705177684,,0.0011202856083369235,False,0,False,0,variable,quiet,0.3.0
2,219875919,16,120,14903,1.8923518896102904,,0.005549760063911508,False,0,False,0,quiet,quiet,0.3.0
2,219876780,16,120,15698,0.850162081415591,,0.009950029912829112,False,0,False,0,quiet,quiet,0.3.0
2,219877921,16,120,15125,14.717821168899535,,0.003056237372811221,False,0,False,0,variable,quiet,0.3.0
2,219880177,16,120,15695,1.4255823612213134,3.3389278848289274,0.22430775189960225,False,0,False,0,rotator,quiet,0.3.0
2,219880727,16,120,14975,2.3970320820808406,,0.001305832470034089,False,0,False,0,quiet,quiet,0.3.0
2,219881066,16,120,15109,1.4260242104530334,,0.000843417502264425,False,0,False,0,quiet,quiet,0.3.0
2,219881478,16,120,15185,2.200939393043518,,0.004240501459837137,False,0,False,0,quiet,quiet,0.3.0
2,219882087,16,120,15697,0.8393368005752563,,0.013277870710991459,False,0,False,0,quiet,quiet,0.3.0
2,219897017,16,120,15698,0.9337158521244437,10.927463668140057,0.1442854689990454,False,0,False,0,rotator,quiet,0.3.0
2,219898343,16,120,15519,1.1861884474754334,,0.0007796720060405725,False,0,False,0,quiet,quiet,0.3.0
2,219898841,16,120,14918,4.912568128108978,,0.003764023967133376,False,0,False,0,quiet,quiet,0.3.0
2,219900191,16,120,14969,2.5281729340553283,,0.0008232074457618359,False,0,False,0,quiet,quiet,0.3.0
2,219900327,16,120,14956,4.153426591745621,4.2420853386678505,0.36468213022977425,False,0,False,0,rotator,quiet,0.3.0
2,224310497,16,120,14628,1.1120903644588698,,0.0015197883324980666,False,0,False,0,quiet,quiet,0.3.0
2,224312065,16,120,14930,6.828338027000427,3.1218594310802783,0.32118697363139614,False,0,False,0,rotator,quiet,0.3.0
2,224596075,16,120,14980,1.188574504171282,0.7522305224213459,0.17655692949543553,False,0,False,0,rotator,quiet,0.3.0
2,224597223,16,120,14937,2.201557981967926,,0.005029719344109651,False,0,False,0,quiet,quiet,0.3.0
2,224597955,16,120,14910,2.938606510245412,,0.0016258412204946005,False,0,False,0,quiet,quiet,0.3.0
2,224598071,16,120,14938,0.5954360246658325,4.2447265268188925,0.10904376544890289,False,0,False,0,rotator,quiet,0.3.0
2,224599261,16,120,14982,1.3765812403982507,11.885196422010722,0.162486530538879,False,0,False,0,rotator,quiet,0.3.0
2,224600774,16,120,14944,1.9785126077242259,,0.0014598158620186417,False,0,False,0,quiet,quiet,0.3.0
2,224601900,16,120,14938,3.069393966514052,,0.00123893688617903,False,0,False,0,quiet,quiet,0.3.0
2,224602141,16,120,14971,2.224799251556396,,0.010608788002548051,False,0,False,0,quiet,quiet,0.3.0
2,224602405,16,120,14980,0.6096635517578258,,0.004147275070288392,False,0,False,0,quiet,quiet,0.3.0
2,224603590,16,120,14981,1.2174713730812072,,0.0008685192966522542,False,0,False,0,quiet,quiet,0.3.0
2,224604945,16,120,14959,3.1496780633926393,,0.0012998928316018728,False,0,False,0,quiet,quiet,0.3.0
2,224605348,16,120,14977,1.0627357721328734,,0.001016831410226244,False,0,False,0,quiet,quiet,0.3.0
2,224606228,16,120,14980,0.6746153667798419,,0.013407073114910293,False,0,False,0,quiet,quiet,0.3.0
2,224607499,16,120,14910,11.471157199144363,,0.0009574912328099292,False,0,False,0,variable,quiet,0.3.0
2,224607583,16,120,14923,2.3490472555160524,,0.0010262680720138405,False,0,False,0,quiet,quiet,0.3.0
2,22858581,16,120,15398,0.6081170613695942,,0.0010722717269041175,False,0,False,0,quiet,quiet,0.3.0
2,229400643,16,120,13089,1.7562623262405395,0.17954173499730036,0.543272591610994,False,0,False,1,rotator,quiet,0.3.0
2,229402137,16,120,13533,2.544786465167999,,0.00657596887548846,False,0,False,0,quiet,quiet,0.3.0
2,229404236,16,120,13902,0.6897708356380462,,0.00679579551596571,False,0,False,0,quiet,quiet,0.3.0
2,229410939,16,120,13458,1.6982032359717347,,0.018980842402656323,False,0,False,0,quiet,quiet,0.3.0
2,229412903,16,120,13908,0.7546784877777098,6.776935300955328,0.24736592633297907,False,6,False,0,flaring,quiet,0.3.0
2,229434204,16,120,11096,1.8695524135365362,,0.0017179564182420591,False,0,False,0,quiet,quiet,0.3.0
2,229439561,16,120,13383,1.4232847452163697,,0.059912162227290566,False,0,False,0,quiet,quiet,0.3.0
2,229439761,16,120,13823,0.964821982383728,,0.0012732151372979944,False,0,False,0,quiet,quiet,0.3.0
2,229441400,16,120,13903,0.9276182770729064,16.458282655723256,0.2393823965684488,False,0,False,0,rotator,quiet,0.3.0
2,229442593,16,120,12828,0.6595925331115722,,0.014591644310463841,False,0,False,0,quiet,quiet,0.3.0
2,229443132,16,120,11586,1.00251166209509,,0.010320793947184813,False,0,False,0,quiet,quiet,0.3.0
2,229444785,16,120,12197,2.621049642562866,0.5582327379424272,0.10852915283419111,False,0,False,0,rotator,quiet,0.3.0
2,229445805,16,120,12872,1.3416310871619632,,0.0016398907620284477,False,0,False,0,quiet,quiet,0.3.0
2,229448801,16,120,13062,4.8290587672310705,,0.017249824571577938,False,0,False,0,quiet,quiet,0.3.0
2,229449489,16,120,12800,1.414712870121002,,0.0020650753450705186,False,0,False,0,quiet,quiet,0.3.0
2,229453858,16,120,12773,4.129434549808502,,0.0015843741027190966,False,0,False,0,quiet,quiet,0.3.0
2,229455419,16,120,13512,5.627391815185547,,0.0016859963129921115,False,0,False,0,variable,quiet,0.3.0
2,229459527,16,120,13519,1.53834228515625,,0.09533607367745746,False,0,False,0,quiet,quiet,0.3.0
2,229473261,16,120,13178,1.293381071090698,5.096572058075088,0.13493121895780297,False,0,False,0,rotator,quiet,0.3.0
2,229476372,16,120,13663,1.854176115989685,,0.0010504650328600003,False,0,False,0,quiet,quiet,0.3.0
2,229477721,16,120,13415,2.5742136240005493,,0.0010841161002308343,False,0,False,0,quiet,quiet,0.3.0
2,229479255,16,120,13904,0.9592105543142887,11.52081505861338,0.20444524889379456,False,0,False,0,rotator,quiet,0.3.0
2,229480400,16,120,11844,1.8213024245916352,,0.009692074009128927,False,0,False,0,quiet,quiet,0.3.0
2,229482394,16,120,13905,0.6429790019989013,,0.026364637334411963,False,0,False,0,quiet,quiet,0.3.0
2,229484546,16,120,13553,1.401015543937683,,0.003854766239108693,False,0,False,0,quiet,quiet,0.3.0
2,229485883,16,120,13545,96.8409798145294,,0.0009412827552947281,False,0,False,0,variable,quiet,0.3.0
2,229486096,16,120,13556,1.6713831386382323,,0.0030483388494375796,False,0,False,0,quiet,quiet,0.3.0
2,229487838,16,120,13911,0.7465484619140624,,0.013185042481970409,False,0,False,0,quiet,quiet,0.3.0
2,229500069,16,120,12207,3.297785925865173,,0.0020727284321725137,False,0,False,0,quiet,quiet,0.3.0
2,229500595,16,120,12826,4.1116718430812496,,0.06554277922465933,False,0,False,0,quiet,quiet,0.3.0
2,229502129,16,120,13168,7.42355334828953,,0.0015033292166142505,False,0,False,0,variable,quiet,0.3.0
2,229506873,16,120,13908,0.6519927263259887,,0.0018937455776940428,False,0,False,0,quiet,quiet,0.3.0
2,229509761,16,120,12824,0.4155592148172621,,0.0012757649556006335,False,0,False,0,quiet,quiet,0.3.0
2,229510522,16,120,12826,0.7348394572734832,,0.0029602931536361374,False,0,False,0,quiet,quiet,0.3.0
2,229512137,16,120,13174,3.6081408262252808,,0.014430452780869883,False,0,False,0,quiet,quiet,0.3.0
2,229516083,16,120,14663,1.2096064567565918,,0.0019300175179768255,False,0,False,0,quiet,quiet,0.3.0
2,22954165,16,120,15399,0.7476089000701903,,0.03776821260611026,False,0,False,0,quiet,quiet,0.3.0
2,229552340,16,120,13513,16.3817370057106,1.729173235253291,0.859818817197538,False,1,False,0,rotator,quiet,0.3.0
2,229580731,16,120,15699,1.0441781044006346,12.020298041088381,0.1574877502757309,False,1,False,0,rotator,quiet,0.3.0
2,229581948,16,120,15158,3.249049858777229,3.8423361791761894,0.676847924285469,False,0,False,0,rotator,quiet,0.3.0
2,229582596,16,120,15235,7.5833699941635135,,0.0009882685514445617,False,0,False,0,variable,quiet,0.3.0
2,229582925,16,120,15533,1.2320523977279663,,0.0011047939339137122,False,0,False,0,quiet,quiet,0.3.0
2,229582970,16,120,15539,3.1694729089736935,,0.002729893836837635,False,0,False,0,quiet,quiet,0.3.0
2,229583294,16,120,15699,1.0450618028640746,,0.010544131516546446,False,0,False,0,quiet,quiet,0.3.0
2,229583484,16,120,15696,0.5377305150032043,,0.005862059537976251,False,0,False,0,quiet,quiet,0.3.0
2,229585045,16,120,15051,1.0749308109283446,,0.0025190148205964896,False,0,False,0,quiet,quiet,0.3.0
2,229585356,16,120,15697,27.98248858451843,0.7112160024713542,0.33621893359111277,False,0,False,0,rotator,quiet,0.3.0
2,229585542,16,120,15606,33.66436040997505,0.2554662269124071,0.6466953723797957,False,0,False,3,rotator,quiet,0.3.0
2,229588573,16,120,15192,2.508245533704758,,0.004465663749643224,False,0,False,0,quiet,quiet,0.3.0
2,229589141,16,120,15213,0.9840866088867187,,0.03457818165663367,False,0,False,0,quiet,quiet,0.3.0
2,229589946,16,120,15152,1.8188723623752594,,0.001917915660374763,False,0,False,0,quiet,quiet,0.3.0
2,229591417,16,120,15650,3.1525500833988187,,0.03172827924082291,False,0,False,0,quiet,quiet,0.3.0
2,229593009,16,120,15152,0.9824075232501314,,0.014332559055909558,False,0,False,0,quiet,quiet,0.3.0
2,229594218,16,120,15695,0.5030011653900146,,0.010119643400897072,False,0,False,0,quiet,quiet,0.3.0
2,229594746,16,120,15699,0.768994402885437,,0.019325438093949546,False,0,False,0,quiet,quiet,0.3.0
2,229596329,16,120,15698,0.47021595239639274,,0.0012191116884989828,False,0,False,0,quiet,quiet,0.3.0
2,229597274,16,120,15699,0.7361208200454712,,0.0291565963547498,False,0,False,0,quiet,quiet,0.3.0
2,229605578,16,120,15699,1.2567959547042846,,0.006023046621061419,False,0,False,0,quiet,quiet,0.3.0
2,229611466,16,120,15075,1.3796300411224363,,0.004752036415586551,False,0,False,0,quiet,quiet,0.3.0
2,229612184,16,120,15147,8.995696878433227,,0.0014445645242511498,False,0,False,0,variable,quiet,0.3.0
2,229615553,16,120,15163,1.7398255348205565,,0.0032101036452236668,False,0,False,0,quiet,quiet,0.3.0
2,229615901,16,120,15116,8.331863089314883,,0.0011270229511367762,False,0,False,0,variable,quiet,0.3.0
2,229616604,16,120,15698,0.7280791640281676,,0.0014623200906065806,False,0,False,0,quiet,quiet,0.3.0
2,229617501,16,120,15506,2.066042822599411,,0.0019007603349134226,False,0,False,0,quiet,quiet,0.3.0
2,229619206,16,120,15698,1.3927087368753928,,0.06897879569728425,False,0,False,0,quiet,quiet,0.3.0
2,229619445,16,120,15492,1.4231080055236816,,0.0040065977546176355,False,0,False,0,quiet,quiet,0.3.0
2,229639192,16,120,15237,1.2883439898490905,,0.0008391013199283817,False,0,False,0,quiet,quiet,0.3.0
2,229643697,16,120,15225,2.04920836687088,,0.0022812064771309507,False,0,False,0,quiet,quiet,0.3.0
2,229650800,16,120,15279,1.4961014986038206,,0.0012377367680812895,False,0,False,0,quiet,quiet,0.3.0
2,229672676,16,120,15697,6.068710827827453,,0.0028561612510858017,False,0,False,0,variable,quiet,0.3.0
2,229673409,16,120,15699,1.5293285608291625,,0.025002801342541663,False,0,False,0,quiet,quiet,0.3.0
2,229673459,16,120,15695,1.2896695375442504,,0.0007537255162740825,False,0,False,0,quiet,quiet,0.3.0
2,229673520,16,120,15698,0.928236810670089,,0.004922358964106154,False,0,False,0,quiet,quiet,0.3.0
2,229673565,16,120,15695,0.4054408550262451,,0.002510661342405734,False,0,False,0,quiet,quiet,0.3.0
2,229675701,16,120,15696,0.7619690001010894,,0.066527436667513,False,0,False,0,quiet,quiet,0.3.0
2,229676357,16,120,15699,1.2998320698738097,,0.0011490527965697522,False,0,False,0,quiet,quiet,0.3.0
2,229684154,16,120,15145,4.166019666194916,,0.001031393542692878,False,0,False,0,quiet,quiet,0.3.0
2,229684707,16,120,15139,9.038644623756408,,0.40743420973804545,True,2,False,0,variable,quiet,0.3.0
2,229685723,16,120,15143,0.6100170493125915,,0.038090615442874454,False,0,False,0,quiet,quiet,0.3.0
2,229686293,16,120,15141,0.30302020311355593,,0.0011233506831248223,False,0,False,0,quiet,quiet,0.3.0
2,229688438,16,120,15144,1.0632659912109375,,0.007701267467885244,False,0,False,0,quiet,quiet,0.3.0
2,229689153,16,120,15143,0.7864032626152039,,0.050360962898856394,False,0,False,0,quiet,quiet,0.3.0
2,229689514,16,120,15116,2.3924369926713105,,0.0013247261846891824,False,0,False,0,quiet,quiet,0.3.0
2,229689988,16,120,15143,0.5493069648742676,,0.0045898374517249416,False,0,False,0,quiet,quiet,0.3.0
2,229701714,16,120,15699,0.7036007165908813,,0.0023183627410576237,False,0,False,0,quiet,quiet,0.3.0
2,229702499,16,120,15694,0.41737078428268426,,0.05473379489255074,False,0,False,0,quiet,quiet,0.3.0
2,229709436,16,120,14597,6.96513454914093,,0.0014207799724715012,False,0,False,0,variable,quiet,0.3.0
2,229709514,16,120,14598,1.8631898958441584,,0.0008642556996496612,False,0,False,0,quiet,quiet,0.3.0
2,229711942,16,120,15698,0.635997746229306,,0.0007632666638200824,False,0,False,0,quiet,quiet,0.3.0
2,229715231,16,120,14636,1.680131603471541,,0.001199086753112671,False,0,False,0,quiet,quiet,0.3.0
2,229715383,16,120,14662,3.2450734092317046,,0.08314252245140222,False,0,False,0,quiet,quiet,0.3.0
2,229715404,16,120,14637,4.026660418510437,,0.011890116529900222,False,0,False,0,quiet,quiet,0.3.0
2,229738522,16,120,15695,0.7976262331008911,0.6532688484429257,0.10129083009609934,False,0,False,0,rotator,quiet,0.3.0
2,229740242,16,120,14655,1.2834836483001708,,0.00448942151374271,False,0,False,0,quiet,quiet,0.3.0
2,229740543,16,120,15698,0.5511627644993522,0.8347349331040573,0.10787792662186062,False,0,False,0,rotator,quiet,0.3.0
2,229741273,16,120,15698,0.850383006024867,,0.05033891384570204,False,0,False,0,quiet,quiet,0.3.0
2,229742371,16,120,15003,1.085623562335968,,0.0013575562408160936,False,0,False,0,quiet,quiet,0.3.0
2,229743674,16,120,15699,0.616998267173767,,0.0012002398496996742,False,0,False,0,quiet,quiet,0.3.0
2,229745664,16,120,15671,0.9087071299552917,,0.0010906097800988908,False,0,False,0,quiet,quiet,0.3.0
2,229746640,16,120,15698,0.9874004781246185,10.927471998833715,0.28769628435461236,False,0,False,0,rotator,quiet,0.3.0
2,229747669,16,120,15695,0.5639763593673706,,0.051153566475498805,False,0,False,0,quiet,quiet,0.3.0
2,229747848,16,120,14930,1.9390995383262633,8.474257843696478,0.19251953872016303,False,0,False,0,rotator,quiet,0.3.0
2,229748447,16,120,14870,12.972870182991027,,0.0009974361314183645,False,0,False,0,variable,quiet,0.3.0
2,229751802,16,120,15699,6.467082095146179,0.2579443175427035,0.6803780446973707,False,0,True,12,dipper,quiet,0.3.0
2,229764054,16,120,15092,2.3254524372383223,,0.0014079671576520249,False,0,False,0,quiet,quiet,0.3.0
2,229766267,16,120,15699,0.7128795504570007,,0.000890045913571109,False,0,False,0,quiet,quiet,0.3.0
2,229767197,16,120,14884,13.721582888270444,,0.0037042433790007772,False,0,False,0,variable,quiet,0.3.0
2,229768112,16,120,15699,0.9033165693283081,,0.0033739518857963187,False,0,False,0,quiet,quiet,0.3.0
2,229768476,16,120,15696,0.512059074640274,,0.011560774201225562,False,0,False,0,quiet,quiet,0.3.0
2,229769498,16,120,15082,1.9510736525058745,,0.008418051827982748,False,0,False,0,quiet,quiet,0.3.0
2,229770036,16,120,14977,1.3553283333778379,,0.0015994899485844035,False,0,False,0,quiet,quiet,0.3.0
2,229770169,16,120,14903,1.3509982109069825,,0.0029822832349761675,False,0,False,0,quiet,quiet,0.3.0
2,229770586,16,120,15182,0.9544385254383086,,0.000618108913827914,False,0,False,0,quiet,quiet,0.3.0
2,229775316,16,120,15115,4.051403975486755,,0.0016285078455908868,False,0,False,0,quiet,quiet,0.3.0
2,229775402,16,120,15103,2.3091040849685665,,0.0007547559143062019,False,0,False,0,quiet,quiet,0.3.0
2,229776076,16,120,15699,1.010774302482605,5.723907781294072,0.13056504460813886,False,0,True,12,dipper,quiet,0.3.0
2,229781858,16,120,15048,3.330836248397827,4.574271837819179,0.4216856761018633,False,0,False,0,rotator,quiet,0.3.0
2,229782543,16,120,12813,6.576042115688323,,0.001985714902349382,False,0,False,0,variable,quiet,0.3.0
2,229784122,16,120,12506,1.9679522931575775,,0.0012295273008856022,False,0,False,0,quiet,quiet,0.3.0
2,229785919,16,120,14661,2.3421544075012206,,0.057939867037359975,False,0,False,0,quiet,quiet,0.3.0
2,229786635,16,120,15198,1.8003147482965811,,0.0029069555484779893,False,0,False,0,quiet,quiet,0.3.0
2,229787120,16,120,15640,0.9278834419181013,,0.0013191512988332248,False,0,False,0,quiet,quiet,0.3.0
2,229787809,16,120,12829,0.8179512977600097,,0.004601503119060971,False,0,False,0,quiet,quiet,0.3.0
2,229788228,16,120,12756,1.8662826736996965,5.517027090443776,0.2548463175345728,False,0,False,0,rotator,quiet,0.3.0
2,229788267,16,120,12829,0.7698781013488769,,0.0010366329232077466,False,0,False,0,quiet,quiet,0.3.0
2,229791353,16,120,15162,2.059635885975606,,0.0018339690452600502,False,0,False,0,quiet,quiet,0.3.0
2,229792387,16,120,14932,1.372162789106369,,0.028071494642782625,False,0,False,0,quiet,quiet,0.3.0
2,229794283,16,120,12828,0.7398323535919189,,0.0015168817898776003,False,0,False,0,quiet,quiet,0.3.0
2,229798535,16,120,12829,1.1443895101547241,,0.002884442307919886,False,0,False,0,quiet,quiet,0.3.0
2,229798877,16,120,12491,2.4254871726036074,,0.0011484071842740146,False,0,False,0,quiet,quiet,0.3.0
2,229799387,16,120,12827,0.5637996196746826,,0.02534961584855838,False,0,False,0,quiet,quiet,0.3.0
2,229800143,16,120,12413,3.2186065435409548,,0.0015498271767531726,False,0,False,0,quiet,quiet,0.3.0
2,229800195,16,120,12403,4.656737422943115,,0.002256074026776316,False,0,False,0,quiet,quiet,0.3.0
2,229913521,16,120,12236,175.7477853477001,0.47642997387418456,0.7651098929078352,False,0,False,0,rotator,quiet,0.3.0
2,229914254,16,120,12185,3.166468334197998,,0.0037954278296473097,False,0,False,0,quiet,quiet,0.3.0
2,229915355,16,120,13497,0.8817543268203735,,0.035643931174089684,False,0,False,0,quiet,quiet,0.3.0
2,229935496,16,120,13458,2.6132730960845945,,0.01192965920546935,False,0,False,0,quiet,quiet,0.3.0
2,229935987,16,120,13636,8.351967230556442,0.5327793308994081,0.41233591602755026,False,1,False,0,rotator,quiet,0.3.0
2,229939744,16,120,11974,1.063310207823223,,0.0024876121869009263,False,0,False,0,quiet,quiet,0.3.0
2,229941196,16,120,12243,9.110224199295043,,0.0038401675657811973,False,0,False,0,variable,quiet,0.3.0
2,229942262,16,120,13048,3.1411502796068698,1.6227721672529751,0.2649674107331099,False,0,False,0,rotator,quiet,0.3.0
2,229944666,16,120,12298,1.8526296436786651,,0.010441109804033335,False,0,False,0,quiet,quiet,0.3.0
2,229944694,16,120,12422,1.49300850948666,,0.0062998312168875605,False,0,False,0,quiet,quiet,0.3.0
2,229944718,16,120,12439,5.06394567489624,10.025189886906157,0.3566442088137849,False,23,False,0,flaring,quiet,0.3.0
2,229947575,16,120,11929,2.759790301322937,,0.04115232675423651,False,0,False,0,quiet,quiet,0.3.0
2,229948115,16,120,13488,0.7666967868804931,,0.007545060777929116,False,0,False,0,quiet,quiet,0.3.0
2,229949232,16,120,12427,30.137298917770384,,0.019002618171037575,False,0,False,0,variable,quiet,0.3.0
2,229950035,16,120,13047,2.593743360042572,,0.007384835439810585,False,0,False,0,quiet,quiet,0.3.0
2,229953261,16,120,12090,4.003418910299604,,0.0013295376309365098,False,0,False,0,quiet,quiet,0.3.0
2,229953884,16,120,11941,3.0999258399009704,,0.0015272062626513353,False,0,False,0,quiet,quiet,0.3.0
2,229956471,16,120,12113,2.904009890556335,,0.008122103546450017,False,0,False,0,quiet,quiet,0.3.0
2,229958423,16,120,13460,1.3636351395736677,,0.0019113823561964546,False,0,False,0,quiet,quiet,0.3.0
2,229964359,16,120,11928,6.682483993916748,,0.0031011387780915676,False,0,False,0,variable,quiet,0.3.0
2,229970360,16,120,11896,1.7785756594367128,,0.0012683975084768206,False,0,False,0,quiet,quiet,0.3.0
2,229974816,16,120,13909,0.647485864162445,,0.003967417203331944,False,0,False,0,quiet,quiet,0.3.0
2,229976701,16,120,12843,1.1231807470321653,,0.011358378735536108,False,0,False,0,quiet,quiet,0.3.0
2,229977160,16,120,13910,0.6498718500137329,,0.043948789133455866,False,0,False,0,quiet,quiet,0.3.0
2,229977510,16,120,12205,10.27458529472351,,0.027099607355078287,False,0,False,0,variable,quiet,0.3.0
2,229978252,16,120,11905,6.411850941181183,,0.001515986223295721,False,0,False,0,variable,quiet,0.3.0
2,229979977,16,120,12829,0.6846895694732665,,0.0024970375128277834,False,0,False,0,quiet,quiet,0.3.0
2,22999519,16,120,14546,1.087435111777928,,0.009735900884628813,False,0,False,0,quiet,quiet,0.3.0
2,229997470,16,120,13837,1.3068132877349854,11.520809570009307,0.21599104676924252,False,10,False,0,flaring,quiet,0.3.0
2,230002974,16,120,13377,0.8145932435989379,,0.0026731954064754438,False,0,False,0,quiet,quiet,0.3.0
2,230006181,16,120,12136,1.5704646306953052,7.315727702178266,0.13178232334902412,False,0,False,0,rotator,quiet,0.3.0
2,230007806,16,120,12135,1.250963544845581,,0.006727097070173783,False,0,False,0,quiet,quiet,0.3.0
2,230010850,16,120,13033,3.523924362659454,,0.002773171854579196,False,0,False,0,quiet,quiet,0.3.0
2,230011793,16,120,13503,0.8145932435989379,,0.030584090277983728,False,0,False,0,quiet,quiet,0.3.0
2,230015959,16,120,11873,2.487434434890747,,0.008948950969638282,False,0,False,0,quiet,quiet,0.3.0
2,230017954,16,120,13588,0.803237694405386,,0.0022207276741077887,False,0,False,0,quiet,quiet,0.3.0
2,230020255,16,120,13010,2.3789162635803223,,0.035397272799226345,False,0,False,0,quiet,quiet,0.3.0
2,230021105,16,120,13911,1.1641843557357787,1.9863405638650893,0.2589266691572424,False,0,False,0,rotator,quiet,0.3.0
2,230026509,16,120,12788,1.1716957228365108,,0.004029445940630148,False,0,False,0,quiet,quiet,0.3.0
2,230051393,16,120,11872,31.915301177361638,,0.0020492836362435932,False,0,False,0,variable,quiet,0.3.0
2,230058920,16,120,14235,1.916388487815857,,0.04918031497403735,False,0,False,0,quiet,quiet,0.3.0
2,230059681,16,120,12811,1.0012303590774536,,0.006728059780984747,False,0,False,0,quiet,quiet,0.3.0
2,230059952,16,120,12397,1.3852857112884522,,0.0019702918725225485,False,0,False,0,quiet,quiet,0.3.0
2,230060021,16,120,13091,0.8830798745155334,,0.0016385129579210443,False,0,False,0,quiet,quiet,0.3.0
2,230060068,16,120,14292,0.6980334162712097,,0.019838957356564983,False,0,False,0,quiet,quiet,0.3.0
2,230061604,16,120,12981,2.29302077293396,2.260513786458692,0.4836155648385788,False,0,False,0,rotator,quiet,0.3.0
2,230061750,16,120,12853,1.3601003050804137,,0.0020745801042693665,False,0,False,0,quiet,quiet,0.3.0
2,230064636,16,120,12420,2.688608229839311,3.7957691928737978,0.4440666794190458,False,0,False,0,rotator,quiet,0.3.0
2,230064711,16,120,14634,0.5557579305316251,,0.006763179944800627,False,0,False,0,quiet,quiet,0.3.0
2,230065962,16,120,13624,3.692710879227843,,0.0680140177085437,False,0,False,3,quiet,quiet,0.3.0
2,230066096,16,120,13006,1.9299974441528318,,0.0013561957967111232,False,0,False,0,quiet,quiet,0.3.0
2,230067355,16,120,14633,0.798775041103363,,0.0028018661825125156,False,0,False,0,quiet,quiet,0.3.0
2,230069233,16,120,14634,6.384014439582825,,0.0025480476585808235,False,0,False,0,variable,quiet,0.3.0
2,230069330,16,120,14634,0.918781292438507,,0.0021487943895673947,False,0,False,0,quiet,quiet,0.3.0
2,230069390,16,120,14633,0.5857153415679932,,0.06318370165806343,False,0,False,0,quiet,quiet,0.3.0
2,230069739,16,120,14635,2.550000286102295,,0.0027020581248893704,False,0,False,0,quiet,quiet,0.3.0
2,230070765,16,120,14634,1.411354900083238,5.848632846551368,0.5468030029964532,False,5,False,0,flaring,quiet,0.3.0
2,230071379,16,120,14634,1.0407316183607807,,0.0026249637585676663,False,0,False,0,quiet,quiet,0.3.0
2,230072725,16,120,14559,5.694022679328918,,0.00196004622099386,False,0,False,0,variable,quiet,0.3.0
2,230073256,16,120,14635,1.1321944713592529,,0.002059796365374506,False,0,False,0,quiet,quiet,0.3.0
2,230073280,16,120,14491,22.164041161537167,,0.014177104839738998,False,3,False,0,flaring,quiet,0.3.0
2,230073281,16,120,14500,10.35623903274536,,0.039951847332441254,False,6,False,0,flaring,quiet,0.3.0
2,230074284,16,120,14635,1.4115315556526182,,0.003642444007366431,False,0,False,0,quiet,quiet,0.3.0
2,230075670,16,120,14635,1.0142207264900207,,0.000887398433211769,False,0,False,0,quiet,quiet,0.3.0
2,230076121,16,120,14573,3.7725087404251094,,0.0015074627210542126,False,0,False,0,quiet,quiet,0.3.0
2,230076260,16,120,14635,1.1953789114952087,,0.0009029554313090192,False,0,False,0,quiet,quiet,0.3.0
2,230077234,16,120,14634,2.335305744409561,,0.0011125131854874005,False,0,False,0,quiet,quiet,0.3.0
2,230077392,16,120,14634,1.3605421543121339,,0.001229115844460284,False,0,False,0,quiet,quiet,0.3.0
2,230077650,16,120,14622,5.572690880298614,4.177617466131177,0.8518834207987804,False,0,False,0,rotator,quiet,0.3.0
2,230077668,16,120,14634,2.9571200800800295,,0.028474401657158983,False,0,False,0,quiet,quiet,0.3.0
2,230077803,16,120,14636,7.342474011852563,,0.0013828088591381993,False,0,False,0,variable,quiet,0.3.0
2,230079112,16,120,14635,6.932437705993652,,0.0009664105846106147,False,0,False,0,variable,quiet,0.3.0
2,230080609,16,120,14617,0.38440883159637446,1.2184691981686295,0.10060354660715724,False,0,False,0,rotator,quiet,0.3.0
2,230080809,16,120,14634,2.491190079117117,,0.0011846417154215954,False,0,False,0,quiet,quiet,0.3.0
2,230082439,16,120,14632,1.5258821368217468,10.6339402661117,0.44735715570198453,False,9,False,0,flaring,quiet,0.3.0
2,230086134,16,120,14631,3.087995910644531,,0.004605987732316617,False,0,False,0,quiet,quiet,0.3.0
2,230086156,16,120,14632,1.5100638443193528,,0.0027639824846947478,False,0,False,0,quiet,quiet,0.3.0
2,230087756,16,120,14635,0.5000849604606629,,0.022273684766115385,False,0,False,0,quiet,quiet,0.3.0
2,230087941,16,120,14636,1.5226566828088963,,0.0031599894395329202,False,0,False,0,quiet,quiet,0.3.0
2,230088975,16,120,14635,0.6482811927795409,,0.03742706107225378,False,0,False,0,quiet,quiet,0.3.0
2,230089327,16,120,14634,2.409801453059868,,0.060809063608350825,False,0,False,0,quiet,quiet,0.3.0
2,230089384,16,120,14634,1.3066366259239093,,0.0010087016486997693,False,0,False,0,quiet,quiet,0.3.0
2,230089683,16,120,14602,2.306188017498733,,0.05219301606514322,False,0,False,0,quiet,quiet,0.3.0
2,230089758,16,120,14610,1.9536363780498505,,0.0020419610366886128,False,0,False,0,quiet,quiet,0.3.0
2,230091645,16,120,14633,9.081680738925932,6.156478098909079,0.2968112782701336,False,4,False,0,flaring,quiet,0.3.0
2,230091879,16,120,14632,3.347582334280014,,0.0016345005223233214,False,0,False,0,quiet,quiet,0.3.0
2,230112732,16,120,14634,2.6879897210601054,2.9993028429154176,0.12429218584529535,False,0,False,0,rotator,quiet,0.3.0
2,230112913,16,120,14636,1.1408547163009644,,0.0010141103314210615,False,0,False,0,quiet,quiet,0.3.0
2,230115846,16,120,14636,1.6624135494232175,,0.0009279469455941819,False,0,False,0,quiet,quiet,0.3.0
2,230117022,16,120,14634,1.2725700102022293,,0.0010605353248593105,False,0,False,0,quiet,quiet,0.3.0
2,230119661,16,120,14601,1.95650839805603,,0.0013221205908213163,False,0,False,0,quiet,quiet,0.3.0
2,230120152,16,120,14631,4.444031202793121,,0.012747741430413144,False,0,False,0,quiet,quiet,0.3.0
2,230124369,16,120,15695,3.8261492371559145,8.5858957710179,0.628016290817196,False,15,False,0,flaring,quiet,0.3.0
2,230128064,16,120,15696,0.46871366500854494,,0.03521643974421549,False,0,False,0,quiet,quiet,0.3.0
2,230129983,16,120,15696,5.93235615491867,3.248699240262438,0.7441675392298903,False,0,False,0,rotator,quiet,0.3.0
2,230131545,16,120,15694,0.8464063378330267,,0.028322779345135485,False,0,False,0,quiet,quiet,0.3.0
2,230133404,16,120,15699,3.5807461738586426,5.008416221273725,0.11516967710244143,False,0,False,0,rotator,quiet,0.3.0
2,230197161,16,120,15457,5.696673774719238,6.284668007350128,0.7282427862333267,False,41,False,0,flaring,quiet,0.3.0
2,230197792,16,120,15453,0.1533216834068298,,0.005272768689133813,False,0,False,0,quiet,quiet,0.3.0
2,230197803,16,120,15016,1.1625936292056067,,0.009023404148012022,False,0,False,0,quiet,quiet,0.3.0
2,230198098,16,120,14654,13.379416059834243,,0.0018249585661485618,False,0,False,0,variable,quiet,0.3.0
2,230199215,16,120,15457,3.1104418516159056,4.422793348236172,0.36422069694261733,False,0,False,0,rotator,quiet,0.3.0
2,230200775,16,120,15459,0.8368624448776245,,0.002738231248188717,False,0,False,0,quiet,quiet,0.3.0
2,230200819,16,120,14673,2.319620096683502,,0.12260314401063932,True,2,False,0,quiet,quiet,0.3.0
2,230201090,16,120,14676,20.101975581108793,,0.0013683416639439403,False,0,False,0,variable,quiet,0.3.0
2,230374835,16,120,12281,1.4505026578903197,5.244038628019488,0.10207880606141374,False,0,False,0,rotator,quiet,0.3.0
2,230375947,16,120,12457,2.7999985814094543,,0.001359841150030306,False,0,False,0,quiet,quiet,0.3.0
2,230376817,16,120,13910,0.38326002359390254,,0.038973900939362156,False,0,False,0,quiet,quiet,0.3.0
2,230378042,16,120,13912,1.0165624971222131,,0.005850501036664832,False,0,False,0,quiet,quiet,0.3.0
2,230380477,16,120,12219,4.843021059036254,,0.0033581924059651134,False,0,False,0,quiet,quiet,0.3.0
2,230381054,16,120,12193,1.4591629028320312,,0.005939710171196478,False,0,False,0,quiet,quiet,0.3.0
2,230384382,16,120,13364,17.555553151501623,0.4959620092527214,0.4660369032301313,False,4,False,0,flaring,quiet,0.3.0
2,230385578,16,120,12454,3.329378245156355,,0.006910091954202246,False,0,False,0,quiet,quiet,0.3.0
2,230387737,16,120,12210,2.052212880485866,,0.0011716666479987211,False,0,False,0,quiet,quiet,0.3.0
2,230388553,16,120,12250,3.7215195609044764,,0.00420358764239428,False,0,False,0,quiet,quiet,0.3.0
2,230391939,16,120,12538,1.9853169679641725,,0.009617027291376897,False,0,False,0,quiet,quiet,0.3.0
2,230391988,16,120,12507,6.336029613018035,,0.003463312322213721,False,0,False,0,variable,quiet,0.3.0
2,230393390,16,120,13912,0.6334350585937499,,0.005824600454768894,False,0,False,0,quiet,quiet,0.3.0
2,230395770,16,120,12458,1.1914906382560728,,0.010107355351795454,False,0,False,0,quiet,quiet,0.3.0
2,230397129,16,120,13612,0.8467598676681518,,0.0020517781713855687,False,0,False,0,quiet,quiet,0.3.0
2,232538104,16,120,13673,1.582173728942871,,0.0041956876900482755,False,0,False,0,quiet,quiet,0.3.0
2,232538421,16,120,13491,1.176644504070282,,0.02865653942634131,False,0,False,0,quiet,quiet,0.3.0
2,232539420,16,120,14635,3.5048364758491513,,0.0004572300230923895,False,0,False,0,quiet,quiet,0.3.0
2,232543269,16,120,13390,0.9847493827342987,,0.002005371231329759,False,0,False,0,quiet,quiet,0.3.0
2,232603771,16,120,15144,2.6119914997823686,1.92124012758669,0.709869488662565,False,0,False,0,rotator,quiet,0.3.0
2,232605303,16,120,15141,0.5688367009162902,,0.001244545180662425,False,0,False,0,quiet,quiet,0.3.0
2,232606786,16,120,15140,0.5112637460231781,,0.0012584528017814249,False,0,False,0,quiet,quiet,0.3.0
2,232608892,16,120,14961,8.351834177970884,,0.012245005665121572,False,0,False,0,variable,quiet,0.3.0
2,232610445,16,120,15137,53.42239995002746,,0.007976231254425299,False,0,False,0,variable,quiet,0.3.0
2,232612839,16,120,15142,0.48652018904685973,,0.003934761955644497,False,0,False,1,quiet,quiet,0.3.0
2,232614023,16,120,15140,0.6507113635540008,,0.0010921977494318662,False,0,False,0,quiet,quiet,0.3.0
2,232614509,16,120,15143,1.0150160551071166,,0.0010035998970743952,False,0,False,0,quiet,quiet,0.3.0
2,232614734,16,120,15143,1.011127781867981,,0.002541660056652602,False,0,False,0,quiet,quiet,0.3.0
2,232614964,16,120,15129,0.7061634421348572,5.672233618964756,0.14531104497493502,False,0,False,0,rotator,quiet,0.3.0
2,232615808,16,120,15140,0.8164931952953338,,0.0015791085897515777,False,0,False,0,quiet,quiet,0.3.0
2,232618847,16,120,15145,2.394204246997833,,0.02919131850372648,False,0,False,0,quiet,quiet,0.3.0
2,232619320,16,120,15145,1.883691644668579,,0.0011944674764924916,False,0,False,0,quiet,quiet,0.3.0
2,232622805,16,120,14934,3.1225044286997443,5.655011605361086,0.49199858836232135,False,0,False,0,rotator,quiet,0.3.0
2,232624381,16,120,15144,0.8965562226440773,,0.0013429396854287986,False,0,False,0,quiet,quiet,0.3.0
2,232625760,16,120,15138,0.5679530024528503,3.9705285451717973,0.1408301564735138,False,0,False,0,rotator,quiet,0.3.0
2,232626766,16,120,14964,14.422710496864037,,0.0009602272523753763,False,0,False,0,variable,quiet,0.3.0
2,232627883,16,120,14950,2.0717426776885985,,0.0015467609931191816,False,0,False,0,quiet,quiet,0.3.0
2,232628654,16,120,15097,28.274109077453613,2.2894909598425364,0.847117401656077,False,0,False,0,rotator,quiet,0.3.0
2,232632120,16,120,14927,3.028788113594055,3.298178167898729,0.5971091542442168,False,0,False,0,rotator,quiet,0.3.0
2,232632979,16,120,15144,2.7790991127491,0.8048409880301874,0.3865481186906603,False,2,False,0,rotator,quiet,0.3.0
2,232633119,16,120,14950,16.674329566955564,3.3010726000658357,0.856389634528508,False,0,False,0,rotator,quiet,0.3.0
2,232634196,16,120,15144,49.82137438122554,0.626925660123932,0.7428307606446138,False,0,False,3,rotator,quiet,0.3.0
2,232637257,16,120,13911,1.7692526936531066,,0.0022083156865898607,False,0,False,0,quiet,quiet,0.3.0
2,232643999,16,120,13912,2.2681447287841063,,0.0015595683905915317,False,0,False,0,quiet,quiet,0.3.0
2,232644906,16,120,13912,1.732579207420349,,0.0034256500074101846,False,1,False,0,quiet,quiet,0.3.0
2,232646239,16,120,13883,1.780652403831482,,0.0036026346150570825,False,0,False,0,quiet,quiet,0.3.0
2,232648606,16,120,13710,1.7045217812061308,,0.0010593515295970774,False,0,False,0,quiet,quiet,0.3.0
2,232649005,16,120,13911,2.26138436794281,,0.03758563440336042,False,0,False,0,quiet,quiet,0.3.0
2,232649377,16,120,13911,2.2385849475860597,5.486015751951937,0.2221526600699958,False,0,False,0,rotator,quiet,0.3.0
2,232649541,16,120,13911,12.699807357788085,5.236649119788229,0.48276192382350763,False,0,False,0,rotator,quiet,0.3.0
2,232673365,16,120,13638,1.2076623201370238,,0.003317807000093144,False,0,False,0,quiet,quiet,0.3.0
2,232673962,16,120,13622,1.6694389522075652,,0.0017391218850524063,False,0,False,0,quiet,quiet,0.3.0
2,232674559,16,120,13506,1.6704551556570781,,0.0009613686614350635,False,0,False,0,quiet,quiet,0.3.0
2,232681667,16,120,13912,2.4322916507720946,,0.06052756421657648,False,0,False,0,quiet,quiet,0.3.0
2,232682645,16,120,13503,2.033301794528961,,0.001969791273881336,False,0,False,0,quiet,quiet,0.3.0
2,232978522,16,120,14575,6.635868501663208,,0.0011759066907002871,False,0,False,0,variable,quiet,0.3.0
2,232978557,16,120,14933,1.0450618028640746,,0.005802172003160465,False,0,False,0,quiet,quiet,0.3.0
2,232980807,16,120,15617,0.9665893793106078,,0.0012897563117761877,False,0,False,0,quiet,quiet,0.3.0
2,232981979,16,120,14313,1.1509288787841796,,0.008538667750747667,False,0,False,0,quiet,quiet,0.3.0
2,232983372,16,120,14633,0.8496760725975036,,0.004869189804355504,False,0,False,0,quiet,quiet,0.3.0
2,232983488,16,120,14635,0.9859423756599427,,0.0034983492746722203,False,0,False,0,quiet,quiet,0.3.0
2,232983576,16,120,14635,2.621049642562866,,0.0019576643115238757,False,0,False,0,quiet,quiet,0.3.0
2,232983872,16,120,14582,4.120244085788726,,0.0017145065019554386,False,0,False,0,quiet,quiet,0.3.0
2,232984083,16,120,14487,3.3028230071067806,10.579621951092742,0.20422521963015192,False,0,False,0,rotator,quiet,0.3.0
2,233005665,16,120,14634,1.3737093023571165,,0.001702103526954961,False,0,False,0,quiet,quiet,0.3.0
2,233005812,16,120,14636,2.1188880538609043,,0.003450642801524627,False,0,False,0,quiet,quiet,0.3.0
2,233006700,16,120,15697,1.4840831995010375,,0.0008312889693239139,False,0,False,0,quiet,quiet,0.3.0
2,233010025,16,120,15698,2.04898744225502,,0.01052538711226447,False,0,False,0,quiet,quiet,0.3.0
2,233011886,16,120,15687,0.482145881652832,,0.02114936393053343,False,0,False,0,quiet,quiet,0.3.0
2,233047683,16,120,14940,2.1276364786841584,,0.005329459951720092,False,0,False,0,quiet,quiet,0.3.0
2,233047757,16,120,15140,0.6483695239800499,,0.002407169344404273,False,0,False,0,quiet,quiet,0.3.0
2,233047788,16,120,14935,1.4542141914367677,,0.0010276611604929957,False,0,False,0,quiet,quiet,0.3.0
2,233051855,16,120,14928,5.160092067718506,,0.001058278412748486,False,0,False,0,variable,quiet,0.3.0
2,233052000,16,120,14971,1.3907646417617796,,0.0009508298482659973,False,0,False,0,quiet,quiet,0.3.0
2,233052755,16,120,15139,1.0356945991516113,,0.0009929009303421368,False,0,False,0,quiet,quiet,0.3.0
2,233053435,16,120,15144,1.0520871429391419,,0.0020733950680833736,False,0,False,0,quiet,quiet,0.3.0
2,233055558,16,120,14914,3.2024349571000026,,0.0012319681362549858,False,0,False,0,quiet,quiet,0.3.0
2,233057038,16,120,14951,0.9687986254692077,,0.0012972925416722709,False,0,False,0,quiet,quiet,0.3.0
2,233058441,16,120,15144,0.6899033904075622,,0.0018642644641921663,False,0,False,0,quiet,quiet,0.3.0
2,233058933,16,120,14624,1.1709446838779654,,0.0010279468625491387,False,0,False,0,quiet,quiet,0.3.0
2,233059608,16,120,15086,1.853380787372589,,0.015561266136512717,False,0,False,0,quiet,quiet,0.3.0
2,233060441,16,120,15143,1.4755996942520142,4.581426402167014,0.1708366756914047,False,0,False,0,rotator,quiet,0.3.0
2,233063141,16,120,15144,1.0364014961480201,,0.0014595056098959647,False,0,False,0,quiet,quiet,0.3.0
2,233068267,16,120,14626,7.998134106342021,,0.0009154348857564673,False,0,False,0,variable,quiet,0.3.0
2,233070776,16,120,15144,0.6735107437663826,,0.0020075321670849377,False,0,False,0,quiet,quiet,0.3.0
2,233071436,16,120,15144,1.0915000920593683,,0.07685251575205196,False,0,False,0,quiet,quiet,0.3.0
2,233071535,16,120,15144,1.5027733772166556,,0.0049434108101447174,False,0,False,0,quiet,quiet,0.3.0
2,233075841,16,120,15139,0.4230264544486999,,0.0019628163560792286,False,0,False,0,quiet,quiet,0.3.0
2,233076309,16,120,15127,1.5556627750396728,5.179007856139062,0.1850254119770386,False,1,False,0,rotator,quiet,0.3.0
2,233076413,16,120,14648,1.2878138091508688,,0.022917728574689756,False,0,False,0,quiet,quiet,0.3.0
2,233079659,16,120,14920,4.271842429881024,0.12090785229772766,0.8574375757762421,False,0,False,0,rotator,quiet,0.3.0
2,233080633,16,120,15144,1.1510613649450918,,0.0014088642725142754,False,0,False,0,quiet,quiet,0.3.0
2,233081226,16,120,14906,1.387804251909256,5.646130389398942,0.18738056090897035,False,0,False,0,rotator,quiet,0.3.0
2,233084587,16,120,15144,0.5649042427539824,,0.001768400479979658,False,0,False,0,quiet,quiet,0.3.0
2,233085123,16,120,15143,0.783310317993164,,0.003094461970215666,False,0,False,0,quiet,quiet,0.3.0
2,233085151,16,120,15143,0.737623107433319,,0.06533499160940315,False,0,False,0,quiet,quiet,0.3.0
2,233086616,16,120,14577,12.499826395511628,,0.0012900272443726363,False,0,False,0,variable,quiet,0.3.0
2,233093016,16,120,14666,15.668725834412921,,0.001149658295504765,False,0,False,0,variable,quiet,0.3.0
2,233093251,16,120,14661,23.15192767381668,,0.013226787016128954,False,3,False,0,flaring,quiet,0.3.0
2,233093704,16,120,15140,0.5335329473018646,,0.0009842499330562089,False,0,False,0,quiet,quiet,0.3.0
2,233094169,16,120,14670,3.3502335295150734,,0.0018988457728724003,False,0,False,1,quiet,quiet,0.3.0
2,233094446,16,120,14647,58.46230902671814,,0.0009779246373718242,False,0,False,0,variable,quiet,0.3.0
2,233094762,16,120,14584,1.5549557699276275,,0.004228285772883625,False,0,False,0,quiet,quiet,0.3.0
2,233095596,16,120,14557,1.4061409950256347,,0.0020337896801653184,False,0,False,0,quiet,quiet,0.3.0
2,233096300,16,120,15143,0.6102821588516235,,0.0010119607313797197,False,0,False,0,quiet,quiet,0.3.0
2,233097368,16,120,15142,0.5504999742060892,,0.014494815143841778,False,0,False,0,quiet,quiet,0.3.0
2,233098331,16,120,14674,1.3406590187942395,,0.002246095395848147,False,0,False,0,quiet,quiet,0.3.0
2,233126126,16,120,14645,2.0088233470916745,,0.01172158761081848,False,0,False,0,quiet,quiet,0.3.0
2,233126238,16,120,15143,1.734169864654541,4.581421529367249,0.4413303707202745,False,0,False,0,rotator,quiet,0.3.0
2,233132340,16,120,14516,1.2120366275310515,,0.0022135844913874665,False,0,False,0,quiet,quiet,0.3.0
2,233152526,16,120,15140,0.5969382764733865,,0.02340130193560581,False,0,False,0,quiet,quiet,0.3.0
2,233152979,16,120,15145,1.1027673125267028,,0.001006387579825676,False,0,False,0,quiet,quiet,0.3.0
2,233155407,16,120,14702,3.448898363113403,3.1696368202902527,0.3695550897756817,False,0,False,0,rotator,quiet,0.3.0
2,233157471,16,120,15144,0.6624203681945801,5.414418825055339,0.11556853369180871,False,0,False,0,rotator,quiet,0.3.0
2,233157939,16,120,14597,4.3944557189941404,,0.0008211652456733522,False,0,False,0,quiet,quiet,0.3.0
2,233159009,16,120,14593,1.3396868705749512,,0.0013022952971814177,False,0,False,0,quiet,quiet,0.3.0
2,233159259,16,120,15139,0.739302134513855,3.4033637624511357,0.34823101107583615,False,1,False,0,rotator,quiet,0.3.0
2,233160161,16,120,15144,1.7218422710895538,5.672254263056619,0.4094659131459455,False,0,False,0,rotator,quiet,0.3.0
2,233172907,16,120,15685,0.3511817693710327,3.5353858005258,0.12082183166367264,False,0,False,0,rotator,quiet,0.3.0
2,233174582,16,120,14632,0.6574274718761444,,0.0012461350531594972,False,0,False,0,quiet,quiet,0.3.0
2,233175536,16,120,14633,0.2925925612449646,,0.03478940216705728,False,0,False,0,quiet,quiet,0.3.0
2,233177694,16,120,14636,0.9402109801769256,,0.0009847493436008644,False,0,False,0,quiet,quiet,0.3.0
2,233183704,16,120,14634,0.602505612373352,,0.0019970601425118115,False,0,False,0,quiet,quiet,0.3.0
2,233185267,16,120,14635,3.0042212963104244,14.62167547586404,0.4378145998025346,False,7,False,0,flaring,quiet,0.3.0
2,233188865,16,120,14636,1.0062232254081003,5.570189867395844,0.2188053981227297,False,0,False,0,rotator,quiet,0.3.0
2,233190759,16,120,14634,0.6045380828059862,,0.04473571053699689,False,0,False,0,quiet,quiet,0.3.0
2,233191192,16,120,14634,0.5089661300182342,,0.001467068253488081,False,0,False,0,quiet,quiet,0.3.0
2,233193358,16,120,15696,1.857622595358568,5.4637329408027115,0.36145435908573187,False,5,False,0,flaring,quiet,0.3.0
2,233193629,16,120,15000,2.49635978937149,,0.02791620725736016,False,0,False,0,quiet,quiet,0.3.0
2,233199099,16,120,14944,1.868315291404724,,0.000829068585782744,False,0,False,0,quiet,quiet,0.3.0
2,233200532,16,120,15698,0.6442603647708893,,0.0014803815260659094,False,0,False,0,quiet,quiet,0.3.0
2,233202555,16,120,14886,2.2270970003066655,,0.0037713056169170443,False,0,False,0,quiet,quiet,0.3.0
2,233206560,16,120,15697,0.6466021656990051,,0.0012520290544171199,False,0,False,0,quiet,quiet,0.3.0
2,233207699,16,120,14969,2.1176949977874755,,0.0008617584599276004,False,0,False,0,quiet,quiet,0.3.0
2,233208438,16,120,14962,1.6463743732460028,,0.0036339451158549723,False,0,False,0,quiet,quiet,0.3.0
2,233212137,16,120,15113,1.4289404153823853,,0.0013967849996483284,False,0,False,0,quiet,quiet,0.3.0
2,233234460,16,120,15699,0.8016912460327148,,0.0026034569256238147,False,0,False,0,quiet,quiet,0.3.0
2,233235168,16,120,14972,103.26577386064011,,0.005401811269890102,False,0,False,0,variable,quiet,0.3.0
2,233241011,16,120,13906,10.251741078392202,0.8727827590272663,0.23025182588093274,False,4,False,0,flaring,quiet,0.3.0
2,233241750,16,120,13910,5.395200365495703,,0.02638534268221741,False,0,False,0,variable,quiet,0.3.0
2,233271437,16,120,13879,44.9731822013855,,0.9312481658038517,True,16,False,0,flaring,quiet,0.3.0
2,233288733,16,120,13911,1.5988756299018858,,0.022859155114582905,False,0,False,0,quiet,quiet,0.3.0
2,233293818,16,120,13911,0.8156536817550659,,0.022984583935238855,False,0,False,0,quiet,quiet,0.3.0
2,233308764,16,120,13911,1.0071511387825012,,0.0015335626237623658,False,0,False,0,quiet,quiet,0.3.0
2,233312991,16,120,13910,0.6996240735054016,,0.007100636712059801,False,0,False,0,quiet,quiet,0.3.0
2,233313556,16,120,13910,1.5142615020275116,,0.0013037591730073273,False,0,False,0,quiet,quiet,0.3.0
2,233341458,16,120,14674,0.44909555912017823,,0.003864723289636525,False,0,False,0,quiet,quiet,0.3.0
2,233373166,16,120,13912,0.677133947610855,11.520747929988147,0.13739938892005696,False,2,False,0,rotator,quiet,0.3.0
2,233384100,16,120,14334,1.4863365862865272,0.19559146842181163,0.17305004924215836,False,0,False,0,rotator,quiet,0.3.0
2,233390225,16,120,13909,57.32931922674179,,0.0008679118472286582,False,0,False,0,variable,quiet,0.3.0
2,233398254,16,120,14677,2.055570995807648,3.0038786758294784,0.5680121305310015,False,0,False,0,rotator,quiet,0.3.0
2,233423581,16,120,14370,1.6322794318199156,,0.004621860218663466,False,0,False,0,quiet,quiet,0.3.0
2,233459202,16,120,14566,71.55487829908365,,0.002439028150105443,False,0,False,0,variable,quiet,0.3.0
2,233460068,16,120,14525,1.3498494029045105,,0.0013549367976446501,False,0,False,0,quiet,quiet,0.3.0
2,233460141,16,120,14558,11.43651656021227,0.8164345663998052,0.1306190389950211,False,3,True,7,dipper,quiet,0.3.0
2,233461452,16,120,15184,0.7580364967562856,,0.0012957413233805246,False,0,False,0,quiet,quiet,0.3.0
2,233461543,16,120,14301,1.688924503326416,,0.005363908359733988,False,0,False,0,quiet,quiet,0.3.0
2,233462838,16,120,14548,6.33669257571377,5.07640006360742,0.3537418164924781,False,4,False,0,flaring,quiet,0.3.0
2,233463911,16,120,14565,5.018170094490051,,0.007422270388905706,False,0,False,0,variable,quiet,0.3.0
2,233494956,16,120,15697,1.2011229515075683,1.0927615332592597,0.23415564875908906,False,0,False,0,rotator,quiet,0.3.0
2,233496110,16,120,15698,0.8344764092876666,,0.0017701790733724598,False,0,False,0,quiet,quiet,0.3.0
2,233496652,16,120,15696,1.1786770807908225,,0.012660027088145214,False,0,False,0,quiet,quiet,0.3.0
2,233498293,16,120,15698,9.565285008111148,,0.0008382380858853362,False,0,False,0,variable,quiet,0.3.0
2,233499061,16,120,15698,1.5806714415550231,,0.0025608717472709167,False,0,False,0,quiet,quiet,0.3.0
2,233499404,16,120,15691,1.7857778549194336,5.463763779446357,0.18958762579259683,False,2,False,0,rotator,quiet,0.3.0
2,233499682,16,120,15698,1.4567326452295395,,0.010002905232044145,False,0,False,0,quiet,quiet,0.3.0
2,233501351,16,120,15697,1.5874759197235107,,0.0015067835547871832,False,0,False,0,quiet,quiet,0.3.0
2,233501675,16,120,15697,5.450828862190246,,0.0031765203204736246,False,0,False,0,variable,quiet,0.3.0
2,233502697,16,120,15696,0.5911059021949768,,0.001071690453620086,False,0,False,0,quiet,quiet,0.3.0
2,233504734,16,120,15699,1.7223283052444458,,0.007746143647963515,False,0,False,0,quiet,quiet,0.3.0
2,233529655,16,120,15145,1.1042695999145506,,0.001819393310778988,False,0,False,0,quiet,quiet,0.3.0
2,233529805,16,120,15143,0.5057406306266784,,0.0706749908281343,False,0,False,0,quiet,quiet,0.3.0
2,233529981,16,120,14903,24.602341961860656,,0.0015619867889697012,False,0,False,0,variable,quiet,0.3.0
2,233531272,16,120,15144,0.6232283599146712,,0.07214736892148048,False,0,False,0,quiet,quiet,0.3.0
2,233532220,16,120,14885,4.17229392528534,0.8526628929078849,0.37758958677627885,False,3,False,0,flaring,quiet,0.3.0
2,233532655,16,120,14977,1.1774398326873778,,0.0012203107852640101,False,0,False,0,quiet,quiet,0.3.0
2,233533816,16,120,13638,1.687466451152159,,0.012613756630590193,False,0,False,0,quiet,quiet,0.3.0
2,233535182,16,120,13911,0.8029284238815307,2.021181961507058,0.37094788499974585,False,0,False,0,rotator,quiet,0.3.0
2,233537455,16,120,14884,10.171413195985163,4.937777218696625,0.7102275515591846,False,1,False,0,rotator,quiet,0.3.0
2,233540891,16,120,13497,1.3210408329963683,,0.00109745535020662,False,0,False,0,quiet,quiet,0.3.0
2,233541712,16,120,13471,2.153926634788513,,0.0013622655703504787,False,0,False,0,quiet,quiet,0.3.0
2,233542861,16,120,14925,2.1503918409347533,,0.01672281689291697,False,0,False,0,quiet,quiet,0.3.0
2,233546369,16,120,13505,10.552596831321715,,0.0029688422957949833,False,0,False,0,variable,quiet,0.3.0
2,233546385,16,120,13910,0.5341515521452294,,0.0018415076206010326,False,0,False,0,quiet,quiet,0.3.0
2,233547261,16,120,13440,17.54229924334879,2.474160708253274,0.5890258797634874,False,1,False,0,rotator,quiet,0.3.0
2,233568811,16,120,13866,8.400437593460083,,0.028727663004668638,False,2,False,0,variable,quiet,0.3.0
2,233569141,16,120,15145,0.8421646356582642,,0.08923789391262302,False,0,True,4,dipper,quiet,0.3.0
2,233570206,16,120,13905,3.546723783016205,8.229139097926138,0.4319117623058736,False,0,False,0,rotator,quiet,0.3.0
2,233571931,16,120,13438,1.0710867226123808,,0.0014933118261271114,False,0,False,0,quiet,quiet,0.3.0
2,233574185,16,120,13825,0.9248788118362427,,0.0011542453565059438,False,0,False,0,quiet,quiet,0.3.0
2,233576889,16,120,13400,1.3281988301336416,,0.036744888515206735,False,0,False,0,quiet,quiet,0.3.0
2,233577023,16,120,12891,7.283707845211028,,0.0032391889236000285,False,0,False,0,variable,quiet,0.3.0
2,233579270,16,120,13453,2.4589793443679806,,0.00338088079601895,False,0,False,0,quiet,quiet,0.3.0
2,233579606,16,120,13436,1.578683167060708,,0.0013407846252921475,False,0,False,0,quiet,quiet,0.3.0
2,233580065,16,120,13909,0.6680760383605957,0.5592583242028609,0.1825164021105894,False,0,False,0,rotator,quiet,0.3.0
2,233581013,16,120,13088,13.024610339861798,,0.002285336716798767,False,0,False,0,variable,quiet,0.3.0
2,233602172,16,120,13051,1.176997983455658,,0.0031378962666601014,False,0,False,0,quiet,quiet,0.3.0
2,233602411,16,120,13089,1.5111243724822998,,0.007722425599654351,False,0,False,0,quiet,quiet,0.3.0
2,233602827,16,120,12843,4.201279234886169,,0.0016431061448816577,False,0,False,0,quiet,quiet,0.3.0
2,233603709,16,120,12798,2.499673584113312,,0.0017660363246495107,False,0,False,0,quiet,quiet,0.3.0
2,233605950,16,120,13183,9.910678267478943,,0.0013631921763255762,False,0,False,0,variable,quiet,0.3.0
2,233606536,16,120,13912,0.7358557105064392,,0.0010196144269456397,False,0,False,0,quiet,quiet,0.3.0
2,233609595,16,120,12830,1.6235309138018437,,0.02967501537755925,False,0,False,0,quiet,quiet,0.3.0
2,233610488,16,120,12496,8.262006229162216,,0.007654703943915032,False,0,False,0,variable,quiet,0.3.0
2,233610741,16,120,12818,3.5654580841822,,0.0023123981864622907,False,0,False,0,quiet,quiet,0.3.0
2,233612467,16,120,13087,1.0924280405044555,,0.000931913713778439,False,0,False,0,quiet,quiet,0.3.0
2,233614513,16,120,13166,9.48226068721648,,0.002239632098889227,False,0,False,0,variable,quiet,0.3.0
2,233618191,16,120,12789,4.735298216342926,,0.00113952680070575,False,0,False,0,quiet,quiet,0.3.0
2,233618393,16,120,12788,9.975718474388122,,0.0015256359062914297,False,0,False,0,variable,quiet,0.3.0
2,233619795,16,120,13175,1.310701560974121,,0.0016671396348956597,False,0,False,0,quiet,quiet,0.3.0
2,233620756,16,120,13460,2.7181239997781517,,0.0018221262663790218,False,0,False,0,quiet,quiet,0.3.0
2,233621879,16,120,13488,0.9979606747627258,,0.020729593564478083,False,0,False,0,quiet,quiet,0.3.0
2,233622256,16,120,13911,1.0632659912109375,,0.0033745014083328487,False,0,False,0,quiet,quiet,0.3.0
2,233622416,16,120,12825,2.2120739936828615,,0.0014015525091826677,False,0,False,0,quiet,quiet,0.3.0
2,233624874,16,120,13911,0.9991978526115418,6.063572592378788,0.2699355408715294,False,0,False,0,rotator,quiet,0.3.0
2,233626709,16,120,13178,1.6307329109092676,,0.0015246685781989532,False,0,False,0,quiet,quiet,0.3.0
2,233628132,16,120,13079,35.8512048125267,2.1530263249904307,0.9184039258169839,False,0,False,0,rotator,quiet,0.3.0
2,233631824,16,120,12880,4.295923340320587,3.955835961303121,0.6262126641294412,False,0,False,0,rotator,quiet,0.3.0
2,233633993,16,120,13500,3.1992092669245817,,0.001183379483626173,False,0,False,0,quiet,quiet,0.3.0
2,233641152,16,120,15459,0.6467789053916931,,0.00405919626377061,False,0,False,0,quiet,quiet,0.3.0
2,233643161,16,120,15434,1.6659042080016198,3.7288799300053204,0.1042659556089426,False,0,False,0,rotator,quiet,0.3.0
2,233644917,16,120,15256,5.591337084512027,1.679742667638669,0.48076403019114244,False,2,False,0,rotator,quiet,0.3.0
2,233646477,16,120,15144,1.6419558321263892,5.669223060407646,0.18235662727226046,False,0,False,0,rotator,quiet,0.3.0
2,233654988,16,120,15439,2.0111209630966185,,0.01209052308215977,False,0,False,0,quiet,quiet,0.3.0
2,233658231,16,120,15110,1.1710772037506103,,0.020273750536143165,False,0,False,0,quiet,quiet,0.3.0
2,233659054,16,120,15101,2.7316886901855466,,0.01171391142826219,False,0,False,0,quiet,quiet,0.3.0
2,233678930,16,120,15115,1.1638308763504028,,0.0028556973221731323,False,0,False,0,quiet,quiet,0.3.0
2,233679255,16,120,15142,0.8720336437225342,,0.0017191141785033255,False,0,False,0,quiet,quiet,0.3.0
2,233679656,16,120,14980,2.41293879824512,,0.07868530906264379,False,0,False,0,quiet,quiet,0.3.0
2,233680190,16,120,15138,0.45855113267898556,,0.03821000344117923,False,0,False,0,quiet,quiet,0.3.0
2,233682224,16,120,15143,1.0591126084327698,,0.001260285902395295,False,0,False,0,quiet,quiet,0.3.0
2,233682461,16,120,15114,1.8258976563276257,,0.0011084175537111067,False,0,False,0,quiet,quiet,0.3.0
2,233683082,16,120,15021,1.246898531913757,,0.008788139465844471,False,0,False,0,quiet,quiet,0.3.0
2,233683153,16,120,14995,3.437587022781372,,0.004135810781799111,False,0,False,0,quiet,quiet,0.3.0
2,233689159,16,120,15134,3.3675538191928323,,0.004639685393619682,False,0,False,0,quiet,quiet,0.3.0
2,233690597,16,120,14619,2.399152958393097,,0.008951049002225315,False,0,False,0,quiet,quiet,0.3.0
2,233690705,16,120,14576,4.407667142381285,,0.0015464461228084838,False,0,False,0,quiet,quiet,0.3.0
2,233692083,16,120,15145,0.48859688043594357,,0.03684772006634861,False,0,False,0,quiet,quiet,0.3.0
2,233692218,16,120,14706,2.767743422523533,,0.0052183213055975305,False,0,False,0,quiet,quiet,0.3.0
2,233713964,16,120,14595,2.0224323034286495,,0.001094639310366107,False,0,False,0,quiet,quiet,0.3.0
2,233717533,16,120,15145,1.7124308824539183,1.1237466418739124,0.5346253039475399,False,0,False,0,rotator,quiet,0.3.0
2,233717706,16,120,14628,1.2324941734973087,,0.005094861926279781,False,0,False,0,quiet,quiet,0.3.0
2,233718119,16,120,14323,2.5337402343749997,2.822634685745393,0.30570107970668586,False,0,False,0,rotator,quiet,0.3.0
2,233718692,16,120,14704,88.62121437191962,,0.002732097237421693,False,0,False,0,variable,quiet,0.3.0
2,233721425,16,120,15089,1.118232035636902,1.2947585700245752,0.2093480826811422,False,0,False,0,rotator,quiet,0.3.0
2,233721859,16,120,14654,2.6840129981033205,,0.000996093193725032,False,0,False,0,quiet,quiet,0.3.0
2,233722655,16,120,14641,1.8030099749565125,,0.07245640739404856,False,0,False,0,quiet,quiet,0.3.0
2,233722706,16,120,14639,1.2164109349250791,,0.0011325023215547798,False,0,False,0,quiet,quiet,0.3.0
2,233722923,16,120,14650,1.4063177347183227,,0.006058823263979177,False,0,False,0,quiet,quiet,0.3.0
2,233724023,16,120,15145,1.2395638346672058,0.4239031423803988,0.453904489739161,False,0,False,0,rotator,quiet,0.3.0
2,233726162,16,120,14618,2.5363031110944214,,0.0028485142295183096,False,0,False,0,quiet,quiet,0.3.0
2,233726761,16,120,15145,1.3043389320373535,3.054298694426752,0.2040609071880649,False,0,False,0,rotator,quiet,0.3.0
2,233729761,16,120,14450,1.3820601707082938,,0.007224065077070293,False,0,False,0,quiet,quiet,0.3.0
2,233730201,16,120,14216,1.4715346813201904,,0.015342065436389453,False,0,False,1,quiet,quiet,0.3.0
2,233730505,16,120,13523,1.297446084022522,,0.0069136156864926315,False,0,False,0,quiet,quiet,0.3.0
2,233731499,16,120,14630,2.167800571453537,,0.006166509718420951,False,0,False,0,quiet,quiet,0.3.0
2,233733742,16,120,15145,0.9927468538284301,,0.0008774257754459924,False,0,False,0,quiet,quiet,0.3.0
2,233734984,16,120,13497,1.3790998220443724,,0.014571036492609749,False,0,False,0,quiet,quiet,0.3.0
2,233735068,16,120,14257,1.0660054564476014,,0.01974847535010034,False,0,False,3,quiet,quiet,0.3.0
2,233738223,16,120,15145,2.7285073757171627,5.672269716764428,0.637646152603094,False,0,False,0,rotator,quiet,0.3.0
2,233738371,16,120,14648,1.0425874471664427,,0.008201680314855062,False,0,False,0,quiet,quiet,0.3.0
2,233739878,16,120,15144,1.086197966337204,,0.0011088881595076952,False,0,False,0,quiet,quiet,0.3.0
2,233740810,16,120,15143,2.1116858482360836,,0.06547353274233095,False,0,False,0,quiet,quiet,0.3.0
2,233741197,16,120,13581,12.53084421157837,,0.010662237550734461,False,0,False,0,variable,quiet,0.3.0
2,233741508,16,120,14547,1.0742238521575929,,0.03586313808581119,False,0,False,0,quiet,quiet,0.3.0
2,233741918,16,120,14526,1.0964489011898308,,0.0012417918909196643,False,0,False,0,quiet,quiet,0.3.0
2,233742062,16,120,14206,2.4773602724075316,,0.008882557503305978,False,0,False,1,quiet,quiet,0.3.0
2,233743348,16,120,14706,2.4184618418950388,,0.0028030805024347044,False,0,False,0,quiet,quiet,0.3.0
2,233744887,16,120,14588,11.144630949039188,,0.005723273743206443,False,0,False,0,variable,quiet,0.3.0
2,233750914,16,120,14558,2.5397936445413123,,0.011760283397939145,False,0,False,0,quiet,quiet,0.3.0
2,233751988,16,120,14355,12.218368434906006,,0.0023265851650231748,False,0,False,0,variable,quiet,0.3.0
2,233761407,16,120,14359,1.0651217579841614,,0.0010098725708026462,False,0,False,0,quiet,quiet,0.3.0
2,233825421,16,120,14570,2.4413494872644694,,0.001121741133454855,False,0,False,0,quiet,quiet,0.3.0
2,233825875,16,120,14673,2.174163329601288,,0.013292808532562133,False,0,False,0,quiet,quiet,0.3.0
2,233826002,16,120,14569,1.32439888715744,,0.001063364501216322,False,0,False,0,quiet,quiet,0.3.0
2,233827578,16,120,14654,0.9442759649671326,,0.0029088762895956716,False,0,False,0,quiet,quiet,0.3.0
2,233832861,16,120,13911,1.5779319763183595,,0.0007631061827770859,False,0,False,0,quiet,quiet,0.3.0
2,233835107,16,120,14676,1.070954167842865,,0.0023033832671151555,False,0,False,0,quiet,quiet,0.3.0
2,233835247,16,120,14404,10.284658844193288,0.48341560235979836,0.14411199904551222,False,1,False,0,rotator,quiet,0.3.0
2,233843978,16,120,14579,1.9312346220016479,3.650348232569982,0.1016220402785598,False,0,False,0,rotator,quiet,0.3.0
2,233853640,16,120,14673,0.7405393123626709,,0.049208846662097204,False,0,False,0,quiet,quiet,0.3.0
2,233862473,16,120,14552,1.6989544302536717,,0.0015976781169407448,False,0,False,0,quiet,quiet,0.3.0
2,233864541,16,120,14475,1.9853169679641725,,0.001855664211831056,False,0,False,0,quiet,quiet,0.3.0
2,233893826,16,120,14531,1.3986295580863952,,0.0010909861429531289,False,0,False,0,quiet,quiet,0.3.0
2,233902144,16,120,14674,0.3860436737537384,5.093541880889718,0.10386806901703266,False,0,False,0,rotator,quiet,0.3.0
2,233902969,16,120,14520,1.8153816452394933,5.828410880178467,0.13821988059917165,False,0,False,0,rotator,quiet,0.3.0
2,233903180,16,120,14678,0.9657056232866272,,0.01191877840153682,False,0,False,0,quiet,quiet,0.3.0
2,233931219,16,120,14437,37.615508794784546,,0.005186297424831094,False,0,False,0,variable,quiet,0.3.0
2,233935016,16,120,14416,2.947399485111237,,0.0022096092427404666,False,0,False,0,quiet,quiet,0.3.0
2,233941947,16,120,14571,2.003697896003723,,0.000982746591384287,False,0,False,0,quiet,quiet,0.3.0
2,233943112,16,120,14477,20.05712728500366,0.831241291405263,0.32746364536608896,False,0,False,0,rotator,quiet,0.3.0
2,233943166,16,120,14558,2.939711220869087,5.07422251047254,0.2886950944310994,False,1,False,0,rotator,quiet,0.3.0
2,233957508,16,120,14484,2.394822835922241,,0.004106982216657425,False,0,False,0,quiet,quiet,0.3.0
2,233957585,16,120,14514,7.753128468990326,,0.0009753266639399806,False,0,False,0,variable,quiet,0.3.0
2,235555471,16,120,15023,1.8472832679748534,5.661284412614935,0.25856966828288863,False,0,False,0,rotator,quiet,0.3.0
2,235556345,16,120,15459,0.5458605408668518,,0.06605686270056202,False,0,False,0,quiet,quiet,0.3.0
2,235557370,16,120,14683,2.621491491794586,5.324737313720892,0.20403716296588492,False,0,False,0,rotator,quiet,0.3.0
2,235558910,16,120,15458,0.6429790019989013,,0.0020993933362388737,False,0,False,0,quiet,quiet,0.3.0
2,235560251,16,120,15459,0.7129679203033447,,0.004496906274637809,False,0,False,0,quiet,quiet,0.3.0
2,235561125,16,120,15078,1.3908088266849516,,0.006816066081497381,False,0,False,0,quiet,quiet,0.3.0
2,235562692,16,120,15458,0.768287444114685,,0.005087306287236932,False,0,False,0,quiet,quiet,0.3.0
2,235563558,16,120,15063,1.8059261798858643,,0.002169621216864305,False,0,False,0,quiet,quiet,0.3.0
2,235563608,16,120,15098,2.426105761528015,,0.021528806416558917,False,0,False,0,quiet,quiet,0.3.0
2,235564034,16,120,14936,7.59366530757145,,0.002102660191636102,False,0,False,0,variable,quiet,0.3.0
2,235568605,16,120,15210,10.118877323899348,1.2414492747476655,0.6535514705170681,False,3,False,0,flaring,quiet,0.3.0
2,235676238,16,120,15699,0.633611798286438,,0.0027007858231307587,False,0,False,0,quiet,quiet,0.3.0
2,235677651,16,120,15150,2.1945766332997896,,0.013421955326815086,False,0,False,0,quiet,quiet,0.3.0
2,235679010,16,120,15610,2.787229221678651,,0.0010049926343733448,False,0,False,0,quiet,quiet,0.3.0
2,235681690,16,120,15699,0.7896729469299315,,0.0011812706603584434,False,0,False,0,quiet,quiet,0.3.0
2,235682613,16,120,15696,0.35666069984436033,,0.001625258613006291,False,0,False,0,quiet,quiet,0.3.0
2,235683377,16,120,15466,4.412085634830166,,0.0016801462419868162,False,0,False,0,quiet,quiet,0.3.0
2,235683860,16,120,12829,0.9535106420516967,,0.008072327603464257,False,0,False,0,quiet,quiet,0.3.0
2,235684525,16,120,15685,17.0269252538681,0.2338052042214895,0.5115466333404589,False,0,False,0,rotator,quiet,0.3.0
2,236639269,16,120,14300,4.161777913570403,2.4621240629989805,0.7622282433674338,False,0,False,0,rotator,quiet,0.3.0
2,236646465,16,120,14391,0.9878865122795104,3.138079645633679,0.13047977614058512,False,0,False,0,rotator,quiet,0.3.0
2,236648907,16,120,14398,0.48656437397003166,,0.017934846803059536,False,0,False,0,quiet,quiet,0.3.0
2,236676968,16,120,13555,1.1099252700805664,,0.020771196611929655,False,0,False,0,quiet,quiet,0.3.0
2,236702437,16,120,14399,0.22366408109664918,2.276645543861244,0.15229402832626537,False,0,False,0,rotator,quiet,0.3.0
2,236703402,16,120,14401,0.6792990088462829,,0.028425507405440604,False,0,False,0,quiet,quiet,0.3.0
2,236711782,16,120,13516,4.431924269680722,,0.0020747101953835813,False,0,False,0,quiet,quiet,0.3.0
2,236712539,16,120,14239,0.707312250137329,,0.01885940301157751,False,0,False,0,quiet,quiet,0.3.0
2,236712609,16,120,13523,0.9634080648422241,,0.00771981410874483,False,0,False,0,quiet,quiet,0.3.0
2,236713189,16,120,13034,5.9034588632906155,,0.002234403211546559,False,0,False,0,variable,quiet,0.3.0
2,236713351,16,120,12538,7.525267044462772,,0.008838785931779372,False,0,False,0,variable,quiet,0.3.0
2,236713353,16,120,12525,11.61692326068878,,0.0016496048102958196,False,0,False,0,variable,quiet,0.3.0
2,236715662,16,120,13389,7.166971278190612,,0.0018810641635159924,False,0,False,0,variable,quiet,0.3.0
2,236716793,16,120,14628,0.4695973634719849,,0.0027010118180394523,False,0,False,0,quiet,quiet,0.3.0
2,23675753,16,120,14846,34.928623616695404,,0.0009545530049033985,False,0,False,0,variable,quiet,0.3.0
2,236758289,16,120,15694,0.8133560415102231,,0.0008987291235752403,False,0,False,0,quiet,quiet,0.3.0
2,23675859,16,120,15153,1.4830227613449094,,0.003138159423705026,False,0,False,0,quiet,quiet,0.3.0
2,236760425,16,120,14544,1.2236572987931162,,0.006951592558231923,False,0,False,0,quiet,quiet,0.3.0
2,236760750,16,120,14579,7.831512522697448,,0.0012239058360851195,False,0,False,0,variable,quiet,0.3.0
2,236762803,16,120,14628,1.593971055925755,,0.001459650220466274,False,0,False,0,quiet,quiet,0.3.0
2,236764295,16,120,15142,0.5329585274172267,,0.005971960762383899,False,0,False,0,quiet,quiet,0.3.0
2,236767090,16,120,14879,2.396060013771057,,0.009704555021498204,False,0,False,0,quiet,quiet,0.3.0
2,236767740,16,120,14594,6.498718500137329,,0.001397629814052778,False,0,False,0,variable,quiet,0.3.0
2,236770651,16,120,14619,3.7540394425392147,,0.002852089321470179,False,0,False,0,quiet,quiet,0.3.0
2,236772146,16,120,14622,2.6723482587233702,,0.0013228856220652986,False,0,False,0,quiet,quiet,0.3.0
2,236773098,16,120,14525,2.5677626252174375,,0.0017774472531479947,False,0,False,0,quiet,quiet,0.3.0
2,236774251,16,120,13909,1.5303889989852906,,0.007020590721302338,False,0,False,0,quiet,quiet,0.3.0
2,236775812,16,120,13701,4.039827525615692,,0.005728045478308216,False,0,False,0,quiet,quiet,0.3.0
2,236778973,16,120,13660,1.090572241229646,,0.0019580455526205407,False,0,False,0,quiet,quiet,0.3.0
2,236779626,16,120,13865,2.2719003796577453,,0.09164593962692491,False,0,False,0,quiet,quiet,0.3.0
2,236779881,16,120,13908,1.1808421069634587,,0.004654894841431772,False,0,False,0,quiet,quiet,0.3.0
2,236780858,16,120,13908,25.8383710026741,,0.001060075656435365,False,0,False,0,variable,quiet,0.3.0
2,236788256,16,120,13911,1.085358452796936,,0.0022606049462421383,False,0,False,0,quiet,quiet,0.3.0
2,236789408,16,120,13911,1.9635779857635496,0.6698027274489299,0.5204419014864636,False,0,False,0,rotator,quiet,0.3.0
2,236816404,16,120,13912,11.17525143475839,0.4923360889246587,0.8214506575104121,False,0,False,0,rotator,quiet,0.3.0
2,236816467,16,120,13566,2.53550763130188,,0.0011678098312468829,False,0,False,0,quiet,quiet,0.3.0
2,236864275,16,120,12827,0.5508092522621155,,0.0029397419380478647,False,0,False,0,quiet,quiet,0.3.0
2,236874149,16,120,12829,7.433317995071411,,0.001851727123855875,False,0,False,0,variable,quiet,0.3.0
2,236882252,16,120,13907,0.5358747482299805,,0.03296486419896394,False,0,False,0,quiet,quiet,0.3.0
2,236885887,16,120,12829,3.0362111806869505,0.15900284255603633,0.6518324009829068,False,0,False,0,rotator,quiet,0.3.0
2,236899387,16,120,12827,0.9531571626663208,,0.017696404283069365,False,0,False,0,quiet,quiet,0.3.0
2,236900066,16,120,12828,0.4305378913879394,,0.0024269378029360637,False,0,False,0,quiet,quiet,0.3.0
2,236901571,16,120,12828,0.6403279066085815,,0.0038866911380309012,False,0,False,0,quiet,quiet,0.3.0
2,236901674,16,120,12827,1.642265224456787,,0.0010456458846054859,False,0,False,0,quiet,quiet,0.3.0
2,236936321,16,120,12827,3.821465635299682,,0.0016373376597371514,False,0,False,0,quiet,quiet,0.3.0
2,236936957,16,120,12828,1.4214731210031173,8.50054557830495,0.17017092379645057,False,0,False,0,rotator,quiet,0.3.0
2,236966867,16,120,12829,0.9662358999252318,,0.002029278105527379,False,0,False,0,quiet,quiet,0.3.0
2,236968383,16,120,12828,5.704671075800922,,0.046286378756784936,False,0,False,0,variable,quiet,0.3.0
2,236968639,16,120,12829,3.000421392917633,,0.0013397151676798487,False,0,False,0,quiet,quiet,0.3.0
2,236974967,16,120,13909,1.7537879705429076,,0.00124302540902367,False,0,False,0,quiet,quiet,0.3.0
2,236976159,16,120,13912,1.925976558745606,,0.002888854713597407,False,0,False,0,quiet,quiet,0.3.0
2,237016001,16,120,12826,0.6593274039230523,,0.002843253538300451,False,0,False,0,quiet,quiet,0.3.0
2,237046300,16,120,12829,0.8409274578094482,0.4868157792152328,0.19710086280488576,False,0,False,0,rotator,quiet,0.3.0
2,237068792,16,120,12827,1.3743278503417968,,0.020500543050875893,False,0,False,0,quiet,quiet,0.3.0
2,23708646,16,120,15399,0.8608990430831909,,0.050460937333045144,False,0,False,0,quiet,quiet,0.3.0
2,237088261,16,120,14672,0.4413631712577837,,0.0025352268913310613,False,0,False,0,quiet,quiet,0.3.0
2,237096687,16,120,14506,1.8562969923019408,,0.0026660386194184422,False,0,False,0,quiet,quiet,0.3.0
2,237096789,16,120,14393,6.333290147781371,,0.0018595321667717424,False,0,False,0,variable,quiet,0.3.0
2,237097184,16,120,14249,2.1178717374801637,,0.0013468470921531653,False,0,False,0,quiet,quiet,0.3.0
2,237098204,16,120,14636,0.8385856318895331,,0.0015577919298286516,False,0,False,0,quiet,quiet,0.3.0
2,237099895,16,120,13926,4.732647120952606,,0.003691645678608118,False,0,False,0,quiet,quiet,0.3.0
2,237100049,16,120,14216,1.7439789175987241,,0.0010040030508759942,False,0,False,0,quiet,quiet,0.3.0
2,237100244,16,120,14634,0.9420225620269775,,0.0010988917328001264,False,0,False,0,quiet,quiet,0.3.0
2,237100253,16,120,14293,1.3389799118041992,,0.0016964247455279824,False,0,False,0,quiet,quiet,0.3.0
2,237100372,16,120,14635,0.8570107698440551,,0.006202575682695558,False,0,False,0,quiet,quiet,0.3.0
2,237100691,16,120,14421,2.882270908355713,,0.0029263397147416253,False,0,False,0,quiet,quiet,0.3.0
2,237101244,16,120,14633,8.119421482086182,,0.003756496867780394,False,0,False,0,variable,quiet,0.3.0
2,237102071,16,120,14313,6.89302475452423,,0.0013044313346172005,False,0,False,0,variable,quiet,0.3.0
2,237102124,16,120,14289,4.643658685684204,,0.0010967453038675697,False,0,False,0,quiet,quiet,0.3.0
2,237102443,16,120,14433,1.0112161517143248,,0.0019011870367839575,False,0,False,0,quiet,quiet,0.3.0
2,237102559,16,120,14633,0.5667158246040345,,0.0014353582956505091,False,0,False,0,quiet,quiet,0.3.0
2,237104308,16,120,14519,28.582343101501465,,0.012850756832763724,False,1,False,0,variable,quiet,0.3.0
2,237104656,16,120,14374,1.6180960232586852,,0.0018756729361813008,False,0,False,0,quiet,quiet,0.3.0
2,237114056,16,120,15145,1.538430655002594,,0.0033140467776081556,False,0,False,0,quiet,quiet,0.3.0
2,237116476,16,120,15145,1.9370670318603513,3.7223804762364665,0.33962084642700807,False,0,False,0,rotator,quiet,0.3.0
2,237198037,16,120,12829,2.4177989959716792,5.525419061749744,0.5547874411054142,False,9,False,0,flaring,quiet,0.3.0
2,237198386,16,120,12829,4.587897312641143,4.092908409447436,0.7402054419041563,False,0,False,0,rotator,quiet,0.3.0
2,237200740,16,120,12829,1.3457843899726867,1.9387479180068912,0.4342599337590065,False,0,False,0,rotator,quiet,0.3.0
2,237200979,16,120,12829,2.1623217701911925,,0.0021988687839434575,False,0,False,0,quiet,quiet,0.3.0
2,237201572,16,120,12807,8.216716682910919,,0.0018184573700282106,False,0,False,0,variable,quiet,0.3.0
2,237201858,16,120,12829,0.9510362863540649,,0.003653162443568057,False,0,False,0,quiet,quiet,0.3.0
2,237202918,16,120,12828,1.0295970797538758,,0.005347476541958977,False,0,False,0,quiet,quiet,0.3.0
2,237203705,16,120,12825,2.8517833113670346,,0.0031617535009673017,False,0,False,0,quiet,quiet,0.3.0
2,237203755,16,120,12829,2.8706060886383056,,0.0046821889426053595,False,0,False,0,quiet,quiet,0.3.0
2,237203789,16,120,12821,0.3297962665557861,,0.018421394775980177,False,0,False,0,quiet,quiet,0.3.0
2,237204273,16,120,12828,1.3887321352958677,5.5254479603690925,0.19839418648826593,False,0,False,0,rotator,quiet,0.3.0
2,237205536,16,120,12131,7.997117614746094,,0.0036869141318469387,False,0,False,0,variable,quiet,0.3.0
2,237205996,16,120,12829,13.070253753662108,,0.003941653626285545,False,0,False,0,variable,quiet,0.3.0
2,237209362,16,120,11876,3.9299835723648324,,0.0012747843332135491,False,0,False,0,quiet,quiet,0.3.0
2,237211745,16,120,12829,2.6738948106765745,,0.0019820874923158318,False,0,False,0,quiet,quiet,0.3.0
2,237211748,16,120,12829,2.064496350288391,,0.0020021151857756644,False,0,False,0,quiet,quiet,0.3.0
2,237214269,16,120,12828,0.6853081175501277,,0.003770410943198082,False,0,False,0,quiet,quiet,0.3.0
2,237216990,16,120,12828,13.03313841819763,1.3314292539514307,0.5012432480089126,False,4,False,0,flaring,quiet,0.3.0
2,237218524,16,120,12503,1.098260450363159,,0.005712107636416465,False,0,False,0,quiet,quiet,0.3.0
2,237219424,16,120,12827,5.106186461448669,,0.007985672973736674,False,0,False,0,variable,quiet,0.3.0
2,237220715,16,120,10618,1.2954577238721334,,0.015632281103060967,False,0,False,0,quiet,quiet,0.3.0
2,237220784,16,120,10730,0.9675614476203919,,0.010748392976972738,False,0,False,0,quiet,quiet,0.3.0
2,237222149,16,120,12829,2.5661719679832458,,0.04593336516905299,False,0,False,0,quiet,quiet,0.3.0
2,237222578,16,120,12829,2.2875418424606324,,0.0029749081371622586,False,0,False,0,quiet,quiet,0.3.0
2,237223704,16,120,12766,2.210527653129557,,0.0012690823150746156,False,0,False,0,quiet,quiet,0.3.0
2,237224245,16,120,12480,1.4099849572791197,,0.011706190822502105,False,0,False,0,quiet,quiet,0.3.0
2,237225365,16,120,12827,0.5655670166015625,,0.03987788388430511,False,0,False,0,quiet,quiet,0.3.0
2,237225627,16,120,12829,2.532944905757904,,0.02392285119697426,False,0,False,0,quiet,quiet,0.3.0
2,237230985,16,120,12828,2.1329388598483456,,0.00275979739424318,False,0,False,0,quiet,quiet,0.3.0
2,237238066,16,120,12449,9.535990118980406,,0.0032262130094945327,False,0,False,0,variable,quiet,0.3.0
2,237238339,16,120,10860,1.0655193587828065,,0.0035604252762929793,False,0,False,0,quiet,quiet,0.3.0
2,237251986,16,120,12829,6.463017082214355,,0.01633048916748627,False,0,False,0,variable,quiet,0.3.0
2,237252705,16,120,12829,0.9026979804039001,,0.04462181308473373,False,0,False,0,quiet,quiet,0.3.0
2,237256099,16,120,12826,0.6668388605117798,,0.0034579647858621423,False,0,False,0,quiet,quiet,0.3.0
2,237278258,16,120,12759,1.7111937046051025,,0.006157146553922573,False,0,False,0,quiet,quiet,0.3.0
2,237283783,16,120,12829,0.8310300350189209,,0.0011372325454188674,False,0,False,0,quiet,quiet,0.3.0
2,237285047,16,120,12828,0.714823729683383,2.166829952430086,0.1636825050909484,False,0,False,0,rotator,quiet,0.3.0
2,237285384,16,120,12826,0.9617732513479367,,0.08707358120143567,False,0,False,0,quiet,quiet,0.3.0
2,237292421,16,120,12817,14.93317848443985,18.416936264978858,0.9739634937014684,False,15,False,0,flaring,quiet,0.3.0
2,237297785,16,120,12478,16.07809869283732,,0.03738694750086186,False,0,False,0,variable,quiet,0.3.0
2,237301877,16,120,12828,1.3129107288771433,,0.005527487318424441,False,0,False,0,quiet,quiet,0.3.0
2,237302741,16,120,12805,1.5093569755554197,,0.0010254073062563734,False,0,False,0,quiet,quiet,0.3.0
2,237305238,16,120,12829,2.878029155731201,,0.003826166076522057,False,0,False,0,quiet,quiet,0.3.0
2,237307750,16,120,12827,0.7276373147964478,,0.05195186028347708,False,0,False,0,quiet,quiet,0.3.0
2,23747101,16,120,15309,0.5812968492507934,8.524751993457391,0.21492752547148142,False,5,False,0,flaring,quiet,0.3.0
2,23747449,16,120,15397,0.4268263578414917,,0.03838317441476085,False,0,False,0,quiet,quiet,0.3.0
2,23769749,16,120,14683,2.2488358497619627,,0.005107022043712664,False,0,False,0,quiet,quiet,0.3.0
2,23793842,16,120,15099,5.819331121444702,,0.0013562630232075569,False,0,False,0,variable,quiet,0.3.0
2,23815824,16,120,15398,0.5139148107817881,,0.00386918892308232,False,0,False,0,quiet,quiet,0.3.0
2,23815844,16,120,15161,8.565335726737976,,0.0027375829079487645,False,0,False,0,variable,quiet,0.3.0
2,23838579,16,120,15172,1.1740375586140883,,0.0013330365977703316,False,0,False,0,quiet,quiet,0.3.0
2,23863414,16,120,15397,0.7617480754852294,5.683151210821723,0.10910740150799329,False,0,False,0,rotator,quiet,0.3.0
2,23863550,16,120,14692,3.112562635166566,,0.001829552987095624,False,0,False,0,quiet,quiet,0.3.0
2,23865088,16,120,15047,1.022262382507324,,0.0018240264858530673,False,0,False,0,quiet,quiet,0.3.0
2,23871266,16,120,15398,0.9683568050967695,,0.08717990224220792,False,0,False,0,quiet,quiet,0.3.0
2,23872247,16,120,14396,1.7209586239146775,,0.031657708229266654,False,0,False,0,quiet,quiet,0.3.0
2,23882823,16,120,15216,0.938841191599298,,0.0007227591483096242,False,0,False,0,quiet,quiet,0.3.0
2,23883055,16,120,15107,0.9264694690704345,,0.002100562542488119,False,0,False,0,quiet,quiet,0.3.0
2,239622882,16,120,14401,0.859043276309967,,0.009154476629323451,False,0,False,0,quiet,quiet,0.3.0
2,239640225,16,120,14400,0.6735107437663826,,0.0021195771740404423,False,0,False,0,quiet,quiet,0.3.0
2,240267285,16,120,14386,0.2440775156021118,,0.04644521203676006,False,0,False,0,quiet,quiet,0.3.0
2,240286227,16,120,14391,16.779401314258575,,0.0020829559730274894,False,0,False,0,variable,quiet,0.3.0
2,240335693,16,120,14387,0.4142778396606445,,0.012184028614970102,False,0,False,0,quiet,quiet,0.3.0
2,240403293,16,120,14375,6.979892313480377,,0.001893728283292125,False,0,False,0,variable,quiet,0.3.0
2,240403586,16,120,14235,9.15016736984253,,0.001680009273587362,False,0,False,0,variable,quiet,0.3.0
2,240424207,16,120,14199,4.839839744567871,,0.14847625351914565,True,0,False,0,quiet,quiet,0.3.0
2,240442497,16,120,14392,6.696048566581266,,0.014038834376416497,False,0,False,0,variable,quiet,0.3.0
2,240501091,16,120,14364,8.278133726119995,0.5470657365766597,0.13193552105609224,False,1,False,0,rotator,quiet,0.3.0
2,240516354,16,120,14320,4.329238772392273,,0.0011824214124488226,False,0,False,0,quiet,quiet,0.3.0
2,240576470,16,120,14390,7.07223880290985,,0.0009071271289026913,False,0,False,0,variable,quiet,0.3.0
2,243276811,16,120,13908,34.32611493532822,,0.98619414500696,True,0,False,0,variable,quiet,0.3.0
2,243277603,16,120,13519,1.8502878427505491,,0.06844630820939442,False,0,False,0,quiet,quiet,0.3.0
2,243284423,16,120,13912,1.7162307346990486,,0.006919010223967318,False,0,False,0,quiet,quiet,0.3.0
2,243284888,16,120,13912,0.9564267899735696,,0.002989664876869936,False,0,False,0,quiet,quiet,0.3.0
2,243286911,16,120,13514,1.512007980823041,,0.0007793937384474424,False,0,False,0,quiet,quiet,0.3.0
2,243298459,16,120,13571,1.7721688985824584,,0.0016063513683692884,False,0,False,0,quiet,quiet,0.3.0
2,243303919,16,120,13911,0.6067473649978637,,0.001270225045043837,False,0,False,0,quiet,quiet,0.3.0
2,243314338,16,120,13911,1.761211037635803,1.4770093834991445,0.17638037212969113,False,0,False,0,rotator,quiet,0.3.0
2,243315463,16,120,13538,2.030032110214233,,0.0019392046253405846,False,0,False,0,quiet,quiet,0.3.0
2,243315819,16,120,13912,1.690736085176468,0.1916923768762158,0.16534702110016378,False,0,False,0,rotator,quiet,0.3.0
2,243316031,16,120,13908,0.3646139860153198,,0.0014696800529060774,False,0,False,0,quiet,quiet,0.3.0
2,243317719,16,120,13894,4.794991761744513,,0.0009652760747300981,False,0,False,0,quiet,quiet,0.3.0
2,243318227,16,120,13911,0.709256386756897,,0.019202335092429464,False,0,False,0,quiet,quiet,0.3.0
2,243318316,16,120,13911,0.47101128101348877,,0.006588169039386673,False,0,False,0,quiet,quiet,0.3.0
2,243337272,16,120,13911,0.6564995884895325,,0.005076935273974964,False,0,False,0,quiet,quiet,0.3.0
2,243348998,16,120,13912,1.9554922031012834,,0.0011476927061438672,False,0,False,0,quiet,quiet,0.3.0
2,243352809,16,120,13911,77.71509397029875,0.25599933214278076,0.8365078538197532,False,0,False,0,rotator,quiet,0.3.0
2,243353524,16,120,13672,9.151095525953039,,0.0015001539632513957,False,0,False,0,variable,quiet,0.3.0
2,243354243,16,120,13588,1.434286791086197,,0.0011885985819825764,False,0,False,0,quiet,quiet,0.3.0
2,243354593,16,120,13573,10.427818608283996,,0.005612813272554275,False,0,False,0,variable,quiet,0.3.0
2,243355354,16,120,13523,3.388806867599487,,0.02483945471325695,False,0,False,0,quiet,quiet,0.3.0
2,24467943,16,120,13547,0.1733816385269165,,0.030567421674740608,False,0,False,0,quiet,quiet,0.3.0
2,24473802,16,120,12232,2.3165271520614623,3.661869925875635,0.31398713909231435,False,0,False,0,rotator,quiet,0.3.0
2,24654320,16,120,12877,6.624910640716553,,0.002131518800085529,False,0,False,0,variable,quiet,0.3.0
2,24707119,16,120,13878,0.5606625068385156,,0.06324321905326473,False,0,False,0,quiet,quiet,0.3.0
2,24780730,16,120,13139,73.64106731414795,,0.0011516681544996921,False,0,False,0,variable,quiet,0.3.0
2,24791904,16,120,13883,0.6458068370819092,4.424486027060434,0.137530844192348,False,0,False,0,rotator,quiet,0.3.0
2,24795245,16,120,13880,0.5922988774687387,12.781855657584753,0.1517255772503059,False,0,False,0,rotator,quiet,0.3.0
2,24930148,16,120,12770,32.86615879338507,,0.049023909304902476,False,0,False,0,variable,quiet,0.3.0
2,249694495,16,120,13439,7.8019969940185545,,0.0069168064223476865,False,0,False,0,variable,quiet,0.3.0
2,249695133,16,120,13458,12.817427623271943,,0.002082711826099881,False,0,False,0,variable,quiet,0.3.0
2,249722255,16,120,12501,16.432903146743772,,0.007114940019761136,False,0,False,0,variable,quiet,0.3.0
2,249744004,16,120,12406,8.719364628772874,,0.010675762543144026,False,0,False,0,variable,quiet,0.3.0
2,249774474,16,120,12809,5.997131252288818,,0.004736445608011519,False,0,False,0,variable,quiet,0.3.0
2,25038576,16,120,13543,0.49292700290679925,,0.0018485981154417847,False,0,False,0,quiet,quiet,0.3.0
2,25038867,16,120,13100,4.2378643512725835,,0.0016483466900651324,False,0,False,0,quiet,quiet,0.3.0
2,25104173,16,120,12800,2.2521937696818246,3.944516546745506,0.2101024966729716,False,0,False,0,rotator,quiet,0.3.0
2,25232541,16,120,13099,1.6214099407196043,,0.0031750343239915118,False,0,False,0,quiet,quiet,0.3.0
2,252504374,16,120,11061,8.084515392780304,,0.004151550917894148,False,0,False,0,variable,quiet,0.3.0
2,252509260,16,120,11349,9.345994949340819,,0.005975490146265961,False,0,False,0,variable,quiet,0.3.0
2,252515170,16,120,12907,8.860314273834227,,0.012486819738673844,False,0,False,0,variable,quiet,0.3.0
2,252522072,16,120,11383,3.3265944957733153,,0.004906434158343421,False,0,False,0,quiet,quiet,0.3.0
2,252540105,16,120,12787,8.54775012731552,,0.006946275223313334,False,0,False,0,variable,quiet,0.3.0
2,252546637,16,120,13548,1.610319620985962,4.964142474220213,0.5974089463359463,False,0,False,0,rotator,quiet,0.3.0
2,252554485,16,120,11024,15.056984190434688,4.0537374506590576,0.2607388781591348,False,5,False,0,flaring,quiet,0.3.0
2,252579713,16,120,11030,0.7533971474587067,,0.01986443476712964,False,0,False,0,quiet,quiet,0.3.0
2,252580551,16,120,11060,1.179604823612879,,0.03094473725436814,False,0,False,0,quiet,quiet,0.3.0
2,252606684,16,120,11040,1.6746527731418608,,0.036996195848498135,False,0,False,0,quiet,quiet,0.3.0
2,252668569,16,120,12148,41.12383710515013,0.46261869953137713,0.4787524135336781,False,0,True,4,dipper,quiet,0.3.0
2,252672595,16,120,13550,3.238622410256338,0.7366143324856855,0.5594056978186569,False,0,False,0,rotator,quiet,0.3.0
2,252676702,16,120,12024,1.415950047969818,,0.005218468818201622,False,0,False,0,quiet,quiet,0.3.0
2,252681133,16,120,12154,3.883943232415415,,0.011080020562138663,False,0,False,0,quiet,quiet,0.3.0
2,252700449,16,120,11843,1.5895084261894226,,0.03161681920993478,False,0,False,0,quiet,quiet,0.3.0
2,252706607,16,120,12186,10.508456406249296,5.2223088222499,0.5749478344019308,False,2,False,0,rotator,quiet,0.3.0
2,252723633,16,120,12063,8.191001057624817,,0.004425482987924592,False,1,False,0,variable,quiet,0.3.0
2,252745317,16,120,12752,5.856843946670176,,0.0037894496615789005,False,0,False,0,variable,quiet,0.3.0
2,252753915,16,120,12861,0.9692404747009277,11.063362506243948,0.10146505633235672,False,0,False,0,rotator,quiet,0.3.0
2,252756864,16,120,12170,5.36378440368818,,0.002047206664327139,False,0,False,0,variable,quiet,0.3.0
2,252773001,16,120,13551,0.6291933059692383,,0.032710717170477216,False,0,False,0,quiet,quiet,0.3.0
2,252778384,16,120,12024,1.0754609659039398,,0.0011384546274027364,False,0,False,0,quiet,quiet,0.3.0
2,252788517,16,120,13456,47.96185469286334,,0.002611383255061002,False,0,False,0,variable,quiet,0.3.0
2,25307938,16,120,13180,2.9068819971943496,,0.0017178789735588405,False,0,False,0,quiet,quiet,0.3.0
2,255804409,16,120,15452,0.44255619049072265,4.422820803496321,0.1398462301801056,False,0,False,0,rotator,quiet,0.3.0
2,255805141,16,120,14868,3.6462723062553315,,0.0010596669952499878,False,0,False,0,quiet,quiet,0.3.0
2,255805918,16,120,14991,3.0684661746025084,,0.024072782981930715,False,0,False,0,quiet,quiet,0.3.0
2,255806249,16,120,15460,1.1894582026873946,5.4280058095178605,0.1670167762844554,False,0,False,0,rotator,quiet,0.3.0
2,255829047,16,120,15037,2.690331602096557,,0.06826837794528184,False,0,False,0,quiet,quiet,0.3.0
2,255829381,16,120,15454,0.9791820532327278,0.8716475278718621,0.6676860663952349,False,0,False,0,rotator,quiet,0.3.0
2,255865474,16,120,12134,2.932332251528963,,0.025084598316761547,False,0,False,0,quiet,quiet,0.3.0
2,255868670,16,120,12829,1.522965931892395,,0.0015315307239006676,False,0,False,0,quiet,quiet,0.3.0
2,255920067,16,120,12819,0.6777083516120911,,0.012515368115157185,False,0,False,0,quiet,quiet,0.3.0
2,255922946,16,120,12426,4.415664218922601,,0.0022405746340815333,False,1,False,0,quiet,quiet,0.3.0
2,255923486,16,120,12438,16.102841770648954,,0.002455244408466161,False,0,False,0,variable,quiet,0.3.0
2,255997958,16,120,14676,0.47198332119087444,,0.021619991146818413,False,0,False,0,quiet,quiet,0.3.0
2,25613685,16,120,13876,0.5841246843338012,1.8554341777050263,0.48138770621329435,False,0,False,0,rotator,quiet,0.3.0
2,256298427,16,120,15695,0.39731082916259763,,0.0033972886971620855,False,0,False,0,quiet,quiet,0.3.0
2,256324377,16,120,13911,1.1318409919738768,,0.054765017460548196,False,0,False,0,quiet,quiet,0.3.0
2,256325194,16,120,13589,1.102502202987671,,0.011404463267590304,False,0,False,0,quiet,quiet,0.3.0
2,256325661,16,120,13911,0.768640923500061,,0.0017725219007873635,False,0,False,0,quiet,quiet,0.3.0
2,256327585,16,120,13911,0.9085303902626037,,0.028539417754253657,False,0,False,3,quiet,quiet,0.3.0
2,256369527,16,120,13911,0.9259392499923705,,0.0011162039682571022,False,0,False,0,quiet,quiet,0.3.0
2,256371690,16,120,13910,0.9549688014369488,,0.019882534968072477,False,0,False,0,quiet,quiet,0.3.0
2,256378205,16,120,12828,0.8884262237421803,,0.0016595570201514186,False,0,False,0,quiet,quiet,0.3.0
2,256382116,16,120,13446,1.9877913236618039,,0.002618449430541614,False,0,False,0,quiet,quiet,0.3.0
2,256385279,16,120,13910,0.646911460161209,,0.03402323149082708,False,0,False,0,quiet,quiet,0.3.0
2,256452389,16,120,13910,1.2596680122514965,5.236712681918954,0.42578684858605753,False,0,False,0,rotator,quiet,0.3.0
2,256455216,16,120,13591,1.4569536566734314,,0.000909340286052335,False,0,False,0,quiet,quiet,0.3.0
2,256502013,16,120,13754,1.313661950826645,,0.004039790006887094,False,0,False,0,quiet,quiet,0.3.0
2,256507966,16,120,13747,1.292409002780914,,0.0024849777664156815,False,0,False,0,quiet,quiet,0.3.0
2,256508577,16,120,14355,0.8879402160644531,,0.0016657705837145225,False,0,False,0,quiet,quiet,0.3.0
2,256508766,16,120,13700,1.1270248017601727,,0.0008561625526447077,False,0,False,0,quiet,quiet,0.3.0
2,256509222,16,120,13566,1.6385095059871673,,0.0018606261776877317,False,0,False,0,quiet,quiet,0.3.0
2,256509377,16,120,13912,0.9826726327733615,,0.0013423024450271688,False,0,False,0,quiet,quiet,0.3.0
2,256516118,16,120,12828,0.9344227552413941,,0.008000920690220922,False,0,False,0,quiet,quiet,0.3.0
2,256557677,16,120,13601,1.4006620645523071,,0.008314045853866806,False,0,False,0,quiet,quiet,0.3.0
2,256562504,16,120,13570,1.7474694744506634,,0.004127163289646676,False,0,False,0,quiet,quiet,0.3.0
2,256564095,16,120,12827,1.4080851316452028,,0.025446657139030493,False,1,False,0,quiet,quiet,0.3.0
2,256642725,16,120,14941,0.6979450464248657,,0.003536457222969329,False,0,False,0,quiet,quiet,0.3.0
2,256797120,16,120,13909,1.6783201217651367,,0.001908881092717644,False,0,False,0,quiet,quiet,0.3.0
2,256804821,16,120,12829,3.305032253265381,,0.0012050817195890999,False,0,False,0,quiet,quiet,0.3.0
2,256872102,16,120,13910,1.1549496723726491,,0.0010414851605287836,False,0,False,0,quiet,quiet,0.3.0
2,256883983,16,120,14276,1.1836698715785183,,0.05665586975078154,False,1,False,0,quiet,quiet,0.3.0
2,256888145,16,120,14366,0.9163953065872192,,0.001561331737268365,False,0,False,0,quiet,quiet,0.3.0
2,256926364,16,120,12828,3.394418150519243,,0.0017644879327906454,False,0,False,0,quiet,quiet,0.3.0
2,256975450,16,120,13912,4.04000426530838,4.608317659959085,0.19083144327496968,False,0,False,0,rotator,quiet,0.3.0
2,256976364,16,120,13910,0.6954706907272339,,0.0012636157003951952,False,0,False,0,quiet,quiet,0.3.0
2,257001617,16,120,14635,5.280805277824402,,0.001657762835774965,False,0,False,0,variable,quiet,0.3.0
2,257003588,16,120,14635,3.3795280337333677,,0.0023798410764232013,False,0,False,0,quiet,quiet,0.3.0
2,257049194,16,120,14636,3.9740362934480986,,0.0018031266007046169,False,0,False,0,quiet,quiet,0.3.0
2,257050114,16,120,13649,1.072191345691681,,0.006134761705380314,False,0,False,0,quiet,quiet,0.3.0
2,257060367,16,120,13887,100.75452682971954,0.2635351755537281,0.904867405315576,False,0,False,0,rotator,quiet,0.3.0
2,257081076,16,120,14635,1.0632659912109375,,0.0019703061042817827,False,0,False,0,quiet,quiet,0.3.0
2,257130438,16,120,13842,2.0727146224549635,,0.007743338632831189,False,0,False,0,quiet,quiet,0.3.0
2,257179110,16,120,13899,0.8933307766914368,,0.0017176707270984942,False,0,False,0,quiet,quiet,0.3.0
2,257180860,16,120,14399,0.7136748790740967,,0.022318946028855896,False,0,False,0,quiet,quiet,0.3.0
2,258350606,16,120,12043,7.771421027183532,,0.004002238823723809,False,0,False,0,variable,quiet,0.3.0
2,258351169,16,120,11386,5.030806982517243,8.127741555212582,0.37764184255812394,False,0,False,0,rotator,quiet,0.3.0
2,258351335,16,120,11428,0.9667660613795481,,0.022222258216776994,False,0,False,0,quiet,quiet,0.3.0
2,258352939,16,120,11884,2.277953714132309,,0.02481906299212279,False,0,False,0,quiet,quiet,0.3.0
2,258354497,16,120,11816,3.2844419811832313,,0.042659175315828565,False,0,False,0,quiet,quiet,0.3.0
2,258388856,16,120,11415,9.924463963508606,,0.004353369789438565,False,0,False,0,variable,quiet,0.3.0
2,258392991,16,120,13905,0.9517432451248168,7.200062483923659,0.22955311736814923,False,15,False,0,flaring,quiet,0.3.0
2,258394269,16,120,13906,0.30933865634616187,,0.013551216877468967,False,0,False,0,quiet,quiet,0.3.0
2,258460726,16,120,12018,3.8157213678526056,,0.026134220043388008,False,0,False,0,quiet,quiet,0.3.0
2,258463028,16,120,11984,1.4642883539199827,,0.002345263374101254,False,0,False,0,quiet,quiet,0.3.0
2,258463338,16,120,12827,1.9022493124008177,,0.002141174226466846,False,0,False,0,quiet,quiet,0.3.0
2,258509996,16,120,12827,0.7622782945632933,,0.04518106358997272,False,0,False,0,quiet,quiet,0.3.0
2,258511302,16,120,12828,2.229350431522753,5.81618453940552,0.13535140279825858,False,0,False,0,rotator,quiet,0.3.0
2,258512444,16,120,12825,0.8685872197151183,2.908098164147496,0.1227647335980353,False,0,False,0,rotator,quiet,0.3.0
2,258514800,16,120,12185,1.1500451803207397,,0.003571383224651971,False,0,False,0,quiet,quiet,0.3.0
2,258547172,16,120,12827,2.124587845802307,5.525382379660186,0.5285365861321077,False,0,False,0,rotator,quiet,0.3.0
2,258547198,16,120,12827,0.5294237494468689,,0.0023458666786101098,False,0,False,0,quiet,quiet,0.3.0
2,258551117,16,120,12427,1.2739397048950194,,0.0028235452794318065,False,0,False,0,quiet,quiet,0.3.0
2,258627816,16,120,12089,3.062898874282837,5.465350957050816,0.2142277858950819,False,0,False,0,rotator,quiet,0.3.0
2,258629564,16,120,12418,22.9783251106739,,0.008555257708560221,False,0,False,0,variable,quiet,0.3.0
2,258632466,16,120,12827,1.073605263233185,,0.0015270206037528214,False,0,False,0,quiet,quiet,0.3.0
2,258772290,16,120,12828,0.8630641300399342,,0.001356848820096062,False,0,False,0,quiet,quiet,0.3.0
2,258773112,16,120,12776,1.1168622697334802,,0.0026559049664271633,False,0,False,0,quiet,quiet,0.3.0
2,258773321,16,120,12115,1.4346844553947449,,0.0012119201671230088,False,0,False,0,quiet,quiet,0.3.0
2,258776038,16,120,12432,2.4025110125541684,,0.0066269028690390435,False,0,False,0,quiet,quiet,0.3.0
2,258800406,16,120,12107,1.1422686338424681,,0.0011189263726746961,False,0,False,0,quiet,quiet,0.3.0
2,258800851,16,120,12826,0.6059520363807678,,0.016214535946927545,False,0,False,0,quiet,quiet,0.3.0
2,258802191,16,120,12829,0.9994629621505736,,0.03960818197075974,False,0,False,0,quiet,quiet,0.3.0
2,258804174,16,120,12816,32.258219414949416,,0.016466173188168565,False,0,False,0,variable,quiet,0.3.0
2,258804335,16,120,12779,2.730451512336731,,0.001963730287781121,False,0,False,0,quiet,quiet,0.3.0
2,258827747,16,120,12055,145.2897480726242,,0.0016070054503675292,False,0,False,0,variable,quiet,0.3.0
2,258830093,16,120,12131,1.1495149612426756,,0.008378223287509885,False,0,False,0,quiet,quiet,0.3.0
2,258831809,16,120,12804,1.8481669664382934,0.4200239364597469,0.21866298168864035,False,0,False,0,rotator,quiet,0.3.0
2,258870043,16,120,12828,0.43910976648330685,,0.01327752733753329,False,0,False,0,quiet,quiet,0.3.0
2,258870345,16,120,12829,0.7471670508384705,,0.0011894913497951878,False,0,False,0,quiet,quiet,0.3.0
2,258870522,16,120,12104,2.106251039914756,3.6472369800038296,0.3724599559655493,False,0,False,0,rotator,quiet,0.3.0
2,258874897,16,120,12827,1.993270254135132,2.210158314404907,0.4387600232403504,False,0,False,0,rotator,quiet,0.3.0
2,258875149,16,120,12767,3.010407185554504,5.808535969051598,0.35877430350727046,False,0,False,0,rotator,quiet,0.3.0
2,258918571,16,120,12207,3.632530903816223,,0.03211200170044694,False,0,False,0,quiet,quiet,0.3.0
2,258918573,16,120,12282,2.276407241821289,,0.022506328027548077,False,0,False,0,quiet,quiet,0.3.0
2,258920400,16,120,11894,2.12768072701452,,0.07570553478531117,False,0,False,0,quiet,quiet,0.3.0
2,258922110,16,120,12829,0.9444085478782653,,0.003873212495106088,False,0,False,0,quiet,quiet,0.3.0
2,258924365,16,120,12241,36.288193702697754,,0.0025442097969510333,False,0,False,0,variable,quiet,0.3.0
2,258953581,16,120,12829,0.7927658915519714,,0.015241974004263557,False,0,False,0,quiet,quiet,0.3.0
2,258954447,16,120,12825,4.6282823324203495,,0.014735535270890004,False,0,False,0,quiet,quiet,0.3.0
2,258954539,16,120,12015,1.9945074319839478,,0.01213222251030967,False,0,False,0,quiet,quiet,0.3.0
2,258954831,16,120,11890,1.2170736725010372,,0.0024523498494304343,False,0,False,0,quiet,quiet,0.3.0
2,258955212,16,120,12827,0.5598229765892028,,0.0020961628345494386,False,0,False,0,quiet,quiet,0.3.0
2,258955723,16,120,11834,2.7633692800998686,,0.019343650458419275,False,0,False,0,quiet,quiet,0.3.0
2,258955905,16,120,11881,1.3961552023887633,,0.0009665909446100025,False,0,False,0,quiet,quiet,0.3.0
2,258957173,16,120,11982,1.89897962808609,,0.005615313036593228,False,0,False,0,quiet,quiet,0.3.0
2,258958363,16,120,12827,1.793377661705017,5.262286026084309,0.6780304528874608,False,0,False,0,rotator,quiet,0.3.0
2,259004082,16,120,11923,2.5915341138839723,,0.0065874698098513824,False,0,False,0,quiet,quiet,0.3.0
2,259004487,16,120,12827,0.48355979919433595,,0.0012741392436032657,False,0,False,0,quiet,quiet,0.3.0
2,259006174,16,120,12247,1.8571806907653807,,0.002183591584548017,False,0,False,0,quiet,quiet,0.3.0
2,259035090,16,120,11882,1.5172218014465688,,0.0029838272215670044,False,0,False,0,quiet,quiet,0.3.0
2,259036209,16,120,11827,2.4884948730468746,,0.0028308961466698974,False,0,False,0,quiet,quiet,0.3.0
2,259038228,16,120,12805,1.687333846092224,,0.0007031537351015228,False,0,False,0,quiet,quiet,0.3.0
2,259097673,16,120,11572,2.2165367369811757,,0.006730028072258764,False,0,False,0,quiet,quiet,0.3.0
2,259097836,16,120,11139,4.113439607620239,,0.024995125920859323,False,0,False,0,quiet,quiet,0.3.0
2,259099044,16,120,11095,1.9020725727081298,,0.007640044344513025,False,0,False,0,quiet,quiet,0.3.0
2,259100823,16,120,12826,0.5607950281859925,,0.0016287488474868831,False,0,False,0,quiet,quiet,0.3.0
2,259126140,16,120,11895,69.55413866043091,,0.014999306067145154,False,0,False,0,variable,quiet,0.3.0
2,259126974,16,120,11116,2.007674598922568,,0.004232317834224729,False,0,False,0,quiet,quiet,0.3.0
2,259129583,16,120,11378,3.360263206943082,,0.00418980654420527,False,0,False,0,quiet,quiet,0.3.0
2,259132248,16,120,12829,0.7826033592224121,,0.0010715399295576791,False,0,False,0,quiet,quiet,0.3.0
2,259132288,16,120,12828,0.7290512757927938,,0.009763346561325147,False,0,False,0,quiet,quiet,0.3.0
2,259132389,16,120,12829,0.799393630027771,,0.007860295387662149,False,0,False,0,quiet,quiet,0.3.0
2,259133773,16,120,13876,1.6384211361408234,,0.003063303499940489,False,0,False,0,quiet,quiet,0.3.0
2,259133783,16,120,13885,0.7339999437332153,,0.0027331341132574467,False,0,False,0,quiet,quiet,0.3.0
2,259137835,16,120,13797,1.1226505279541015,,0.005522743679187354,False,0,False,0,quiet,quiet,0.3.0
2,259166291,16,120,11840,1.5097989147781679,,0.0012488373894222842,False,0,False,0,quiet,quiet,0.3.0
2,259166360,16,120,11892,0.830809060882982,,0.0014200418527532026,False,0,False,0,quiet,quiet,0.3.0
2,259166989,16,120,11373,1.2833952784538267,,0.02837611403715901,False,0,False,0,quiet,quiet,0.3.0
2,259168873,16,120,11077,2.376972126960754,,0.0027983248186591084,False,0,False,0,quiet,quiet,0.3.0
2,259169072,16,120,11093,1.2631585836410524,,0.003853702235157468,False,0,False,0,quiet,quiet,0.3.0
2,259169579,16,120,11055,1.0643264293670653,,0.0044276909316521874,False,0,False,0,quiet,quiet,0.3.0
2,259171746,16,120,12407,1.0139556169509887,,0.025143138241679717,False,0,False,0,quiet,quiet,0.3.0
2,259172391,16,120,12450,2.6146870136260985,4.237755218048279,0.2909128649693191,False,0,False,0,rotator,quiet,0.3.0
2,259187645,16,120,13883,0.5961429834365845,,0.014201794704902283,False,0,False,0,quiet,quiet,0.3.0
2,259231987,16,120,12469,2.1760190963745116,,0.003603576115582277,False,0,False,0,quiet,quiet,0.3.0
2,259232212,16,120,12075,6.392851424217223,,0.002086704813248595,False,0,False,0,variable,quiet,0.3.0
2,259236146,16,120,11065,2.8980007410049438,4.398160479243814,0.1077065003752144,False,0,False,0,rotator,quiet,0.3.0
2,259237271,16,120,11057,3.451195979118347,,0.02574108223928092,False,3,False,0,flaring,quiet,0.3.0
2,259237984,16,120,11876,1.687289711454204,,0.0012796230096716657,False,0,False,0,quiet,quiet,0.3.0
2,259238498,16,120,12125,1.4798414468765257,,0.0352048571732296,False,0,False,0,quiet,quiet,0.3.0
2,259238764,16,120,12827,0.9890353202819825,,0.002964314955497218,False,0,False,0,quiet,quiet,0.3.0
2,259238917,16,120,12477,2.908958601951599,,0.008546787945101216,False,0,False,0,quiet,quiet,0.3.0
2,259238934,16,120,12488,2.0087792220347884,5.013308816908813,0.21625696608447337,False,0,False,0,rotator,quiet,0.3.0
2,259264943,16,120,12829,0.6065706253051758,,0.0033859585670752124,False,0,False,0,quiet,quiet,0.3.0
2,259266100,16,120,10895,1.324929106235504,,0.0066222822915777725,False,0,False,0,quiet,quiet,0.3.0
2,259266201,16,120,11055,3.1832586050033567,8.7917054805204,0.12264026709626948,False,0,False,0,rotator,quiet,0.3.0
2,259272661,16,120,12813,1.3658443450927733,10.046159144828627,0.4262680732081231,False,3,False,0,flaring,quiet,0.3.0
2,259570718,16,120,14677,1.536398148536682,,0.0644173338921911,False,0,False,0,quiet,quiet,0.3.0
2,259667855,16,120,14611,5.6805904626846315,,0.0018436683643485064,False,0,False,0,variable,quiet,0.3.0
2,259773610,16,120,14488,12.545116315636523,,0.002961174689644334,False,0,False,0,variable,quiet,0.3.0
2,259778906,16,120,14391,8.316839718818663,,0.0014535751561577282,False,0,False,0,variable,quiet,0.3.0
2,259883932,16,120,14939,0.3946597337722778,,0.020794889173666356,False,0,False,0,quiet,quiet,0.3.0
2,259968406,16,120,14498,4.117151141166687,,0.002573247117132208,False,0,False,0,quiet,quiet,0.3.0
2,260387852,16,120,14886,469.97233290241167,,0.0015774074511704372,False,0,False,0,variable,quiet,0.3.0
2,260761088,16,120,13907,1.292409002780914,,0.003337725426695456,False,0,False,0,quiet,quiet,0.3.0
2,260980451,16,120,13827,1.6369630336761474,,0.04419091458815377,False,0,False,0,quiet,quiet,0.3.0
2,261080720,16,120,14367,0.8252859950065612,,0.011874671135555294,False,0,False,0,quiet,quiet,0.3.0
2,261131970,16,120,13831,2.8059193611145017,,0.003283299823447315,False,0,False,0,quiet,quiet,0.3.0
2,264175420,16,120,11085,1.0774051666259765,,0.007246047325587546,False,0,False,0,quiet,quiet,0.3.0
2,264217214,16,120,12828,0.6136843979358673,,0.05874453043044014,False,0,False,0,quiet,quiet,0.3.0
2,264217450,16,120,11052,4.830958718984089,5.274673339886704,0.615914818763873,False,0,False,0,rotator,quiet,0.3.0
2,264221157,16,120,11359,2.0090000867843627,,0.008846104845901205,False,0,False,0,quiet,quiet,0.3.0
2,264221679,16,120,12098,2.3771487958088873,,0.010010355104543274,False,0,False,0,quiet,quiet,0.3.0
2,264251677,16,120,11363,1.9213371992111203,,0.0439186135766987,False,0,False,0,quiet,quiet,0.3.0
2,264252430,16,120,11355,1.720826017856598,,0.0026854718693198444,False,0,False,0,quiet,quiet,0.3.0
2,264253450,16,120,12200,0.9160418272018432,,0.05989865662754641,False,0,False,0,quiet,quiet,0.3.0
2,264299558,16,120,12827,6.507025265693665,0.5525387203940227,0.21783423740936836,False,0,False,0,rotator,quiet,0.3.0
2,264299645,16,120,12818,0.15517745018005372,,0.022415929907703462,False,0,False,0,quiet,quiet,0.3.0
2,264301493,16,120,11365,7.977676248550414,,0.0011123606445247569,False,0,False,0,variable,quiet,0.3.0
2,264301570,16,120,11376,9.10319906780717,2.5784287188878627,0.12540232101284746,False,1,True,6,dipper,quiet,0.3.0
2,264392028,16,120,11348,4.307102125883102,,0.01555642009662024,False,0,False,0,quiet,quiet,0.3.0
2,264392845,16,120,12084,2.1885676145553585,,0.008500110061431436,False,0,False,0,quiet,quiet,0.3.0
2,265312846,16,120,14941,0.43036115169525146,,0.01137290386389834,False,0,False,0,quiet,quiet,0.3.0
2,265391844,16,120,14690,5.261629334785302,,0.0009121968149810723,False,0,False,0,variable,quiet,0.3.0
2,26660849,16,120,13910,0.6341862211878961,0.5908001674943196,0.10448858198109529,False,0,False,0,rotator,quiet,0.3.0
2,266799292,16,120,14386,2.457212093902355,5.526714124222226,0.5392361394332456,False,0,False,0,rotator,quiet,0.3.0
2,266912235,16,120,14300,3.5542351140309836,,0.001488480090992823,False,0,False,0,quiet,quiet,0.3.0
2,267152671,16,120,14655,17.9260000705719,,0.0013607359788258943,False,2,False,0,variable,quiet,0.3.0
2,267479103,16,120,14497,4.368386614322662,,0.004975791462147386,False,0,False,0,quiet,quiet,0.3.0
2,267542850,16,120,12420,2.669211208820343,5.504595832629889,0.22368885194236968,False,0,False,0,rotator,quiet,0.3.0
2,267773368,16,120,14634,5.8451791273004075,,0.002691796868337081,False,0,False,0,variable,quiet,0.3.0
2,267810629,16,120,13719,7.244913482666015,,0.001028377296134319,False,0,False,0,variable,quiet,0.3.0
2,267819419,16,120,13910,1.0825306177139282,3.200185143182416,0.10696013064012491,False,0,False,0,rotator,quiet,0.3.0
2,26880477,16,120,13912,2.519291689417013,5.486003704552981,0.4247868552730059,False,0,False,0,rotator,quiet,0.3.0
2,269595425,16,120,12430,0.9761775076389313,,0.01472084045903086,False,0,False,0,quiet,quiet,0.3.0
2,269596978,16,120,12166,1.9026027917861936,,0.00317280545894965,False,0,False,0,quiet,quiet,0.3.0
2,269660948,16,120,12828,0.8178629279136658,,0.004921222698303494,False,0,False,0,quiet,quiet,0.3.0
2,269663308,16,120,12130,0.8351834177970886,,0.01874318630681815,False,0,False,0,quiet,quiet,0.3.0
2,269666591,16,120,12409,1.1507521390914917,,0.0021098990990092875,False,0,False,0,quiet,quiet,0.3.0
2,269696438,16,120,12827,0.6868104457855225,,0.050227576506442995,False,0,True,6,dipper,quiet,0.3.0
2,269697024,16,120,12825,3.237694430351257,3.9467098245177117,0.6392858072912838,False,2,False,0,rotator,quiet,0.3.0
2,270493110,16,120,13683,1.3921785593032836,,0.03744307772993461,False,0,False,0,quiet,quiet,0.3.0
2,270494015,16,120,14635,1.9907958984374998,,0.0008667294480990994,False,0,False,0,quiet,quiet,0.3.0
2,270494308,16,120,14633,1.9018958330154419,0.892933797673749,0.12694258781423337,False,0,False,0,rotator,quiet,0.3.0
2,270494412,16,120,14636,2.249012589454651,,0.0017810568779465467,False,0,False,0,quiet,quiet,0.3.0
2,270494418,16,120,14634,3.39313719231708,,0.000909690190550096,False,0,False,0,quiet,quiet,0.3.0
2,272565316,16,120,14663,2.6048779606819155,,0.003976558906894897,False,0,False,0,quiet,quiet,0.3.0
2,272573206,16,120,14660,0.35683743953704833,,0.0034874568626895833,False,0,False,0,quiet,quiet,0.3.0
2,272615775,16,120,13462,0.8050051152706146,,0.0010551194505757063,False,0,False,0,quiet,quiet,0.3.0
2,272635848,16,120,13727,0.8494109630584716,,0.005467661669230499,False,0,False,0,quiet,quiet,0.3.0
2,272637427,16,120,14634,0.5388351541410432,,0.006804242663975209,False,0,False,0,quiet,quiet,0.3.0
2,272669947,16,120,13536,1.0825748349003443,,0.011373851306697883,False,0,False,0,quiet,quiet,0.3.0
2,272670197,16,120,13691,0.8515318393707275,,0.0015574323195068716,False,0,False,0,quiet,quiet,0.3.0
2,272679177,16,120,14626,1.1965277908162946,4.498978991446428,0.23162488214949134,False,0,False,0,rotator,quiet,0.3.0
2,272679240,16,120,13653,2.148801183700561,,0.0021847178521260833,False,0,False,0,quiet,quiet,0.3.0
2,272679967,16,120,13691,1.0229693412780763,,0.01778020425069225,False,0,False,0,quiet,quiet,0.3.0
2,272680841,16,120,13731,1.5332168340682981,,0.0036158096800543147,False,0,False,0,quiet,quiet,0.3.0
2,272705011,16,120,13749,2.0083814978599546,,0.01215282278716582,False,0,False,0,quiet,quiet,0.3.0
2,272705262,16,120,14461,0.9555431485176086,1.3817155397496856,0.15101153904610057,False,0,False,0,rotator,quiet,0.3.0
2,272747359,16,120,14632,0.6344954589310015,,0.03044019173219181,False,0,False,0,quiet,quiet,0.3.0
2,272747400,16,120,14439,16.81147956848144,,0.016490158176013153,False,0,False,0,variable,quiet,0.3.0
2,272748035,16,120,14632,0.7237048350660552,,0.0011369272462962174,False,0,False,0,quiet,quiet,0.3.0
2,272748562,16,120,12830,2.8861591815948486,,0.0034932936433780407,False,0,False,0,quiet,quiet,0.3.0
2,272748597,16,120,12799,8.806497037410736,,0.017748831033093652,False,0,False,0,variable,quiet,0.3.0
2,272749103,16,120,14270,0.8319137334823608,,0.001444373186394587,False,0,False,0,quiet,quiet,0.3.0
2,272749274,16,120,13749,1.236382520198822,,0.003016738736515478,False,0,False,0,quiet,quiet,0.3.0
2,272750036,16,120,14366,1.7479556127773406,,0.005365091756249918,False,0,False,0,quiet,quiet,0.3.0
2,272750970,16,120,14192,0.9259392499923705,,0.02176199879337052,False,0,False,0,quiet,quiet,0.3.0
2,272751181,16,120,14254,0.7878171331991474,,0.0024273178304991564,False,0,False,0,quiet,quiet,0.3.0
2,272751291,16,120,13459,1.071749496459961,,0.0021002451898767794,False,0,False,0,quiet,quiet,0.3.0
2,272751309,16,120,13443,2.2051811456680297,,0.001368437091647749,False,0,False,0,quiet,quiet,0.3.0
2,272758379,16,120,14543,1.173374819755554,,0.004194731379494874,False,0,False,0,quiet,quiet,0.3.0
2,272781624,16,120,14355,10.370554947853089,1.134475533834691,0.21922486169219488,False,2,False,0,rotator,quiet,0.3.0
2,272784360,16,120,14634,0.7875078622249405,,0.003957210083443353,False,0,False,0,quiet,quiet,0.3.0
2,272784724,16,120,13932,3.5978015542030333,4.270862850722147,0.4110040230531302,False,0,False,0,rotator,quiet,0.3.0
2,272785382,16,120,13690,1.9740940563110725,,0.001372642741338262,False,0,False,0,quiet,quiet,0.3.0
2,272786486,16,120,14569,0.7053681135177612,,0.001566606609688995,False,0,False,0,quiet,quiet,0.3.0
2,272786822,16,120,14379,15.55980906486511,,0.01910270033634336,False,0,False,0,variable,quiet,0.3.0
2,272887740,16,120,13889,2.130950474739074,,0.0014640099036913896,False,0,False,0,quiet,quiet,0.3.0
2,273072861,16,120,14392,5.383579569565641,,0.0016544423878741834,False,0,False,0,variable,quiet,0.3.0
2,27322306,16,120,14856,5.0540037659404415,,0.0055234625138736735,False,1,False,0,variable,quiet,0.3.0
2,273303882,16,120,14392,8.216761112712655,,0.002023864212540384,False,0,False,0,variable,quiet,0.3.0
2,27333815,16,120,14947,7.472200727462768,,0.0010378588913212453,False,0,False,0,variable,quiet,0.3.0
2,27334827,16,120,15235,0.543651294708252,,0.01941974884868646,False,0,False,0,quiet,quiet,0.3.0
2,27350745,16,120,15233,1.2178248524665831,1.9535284567275804,0.19362153725932824,False,0,False,0,rotator,quiet,0.3.0
2,27350976,16,120,15313,1.039229393005371,,0.0010930256524938151,False,0,False,0,quiet,quiet,0.3.0
2,27351266,16,120,15398,0.38047636209498753,,0.0028675645800843356,False,0,False,0,quiet,quiet,0.3.0
2,27353057,16,120,15397,0.7803941130638122,,0.018212675268078075,False,0,False,0,quiet,quiet,0.3.0
2,27353621,16,120,15395,0.5615020036697388,,0.0009519818074162913,False,0,False,0,quiet,quiet,0.3.0
2,27354439,16,120,15348,4.978182887380806,,0.0010364684019668435,False,0,False,0,quiet,quiet,0.3.0
2,273556859,16,120,14391,5.213909304141998,,0.00528450684512622,False,0,False,0,variable,quiet,0.3.0
2,27403030,16,120,15387,0.9091489791870117,,0.0013258913632267172,False,0,False,0,quiet,quiet,0.3.0
2,27414576,16,120,15250,31.97821955680847,0.8576032332835379,0.8948322966571612,False,0,False,0,rotator,quiet,0.3.0
2,27414847,16,120,15398,0.8822845196043098,,0.03964399739998948,False,0,False,0,quiet,quiet,0.3.0
2,27415271,16,120,15392,5.443759112246062,,0.000890622559701375,False,0,False,0,variable,quiet,0.3.0
2,27419074,16,120,15399,0.8990748167037963,,0.0056139546826389644,False,0,False,0,quiet,quiet,0.3.0
2,274334357,16,120,14977,0.47454607486724854,,0.006639023929782795,False,0,False,0,quiet,quiet,0.3.0
2,27433574,16,120,15399,0.7286977529525757,,0.003336665972593195,False,0,False,0,quiet,quiet,0.3.0
2,27433678,16,120,15398,0.4188730966373143,,0.0014871814577562443,False,0,False,0,quiet,quiet,0.3.0
2,27434899,16,120,15393,0.20837609767913817,,0.03906780292119197,False,0,False,0,quiet,quiet,0.3.0
2,27436021,16,120,15399,2.2274503469467164,,0.002064339028333524,False,0,False,0,quiet,quiet,0.3.0
2,274393297,16,120,14386,9.960164787759496,0.41156147763162004,0.1257932044087475,False,8,False,0,flaring,quiet,0.3.0
2,27446117,16,120,15214,1.5574301719665526,,0.001131377035617795,False,0,False,0,quiet,quiet,0.3.0
2,274486343,16,120,14981,1.173905038833618,,0.03468336166539424,False,0,False,0,quiet,quiet,0.3.0
2,274600253,16,120,14977,0.5898687243461609,,0.04260829013873096,False,0,False,0,quiet,quiet,0.3.0
2,27462264,16,120,15390,0.27244422003959295,1.2972343569113878,0.30878943214573806,False,0,False,0,rotator,quiet,0.3.0
2,274653095,16,120,14392,15.733809761220508,,0.0018807643536051714,False,0,False,0,variable,quiet,0.3.0
2,274808964,16,120,13588,5.877080816030501,6.347913916898101,0.5757734237610104,False,0,False,0,rotator,quiet,0.3.0
2,274812124,16,120,14402,0.7274605751037597,,0.0013855029323452616,False,0,False,0,quiet,quiet,0.3.0
2,274812600,16,120,14397,1.6348421573638916,,0.09478061569686033,False,0,False,0,quiet,quiet,0.3.0
2,274820035,16,120,14237,18.098674750328062,1.6743847065568855,0.18598725768902263,False,1,False,0,rotator,quiet,0.3.0
2,274848102,16,120,14403,4.5137550115585325,3.5184767562111223,0.8106784774164443,False,0,False,0,rotator,quiet,0.3.0
2,27490879,16,120,15396,0.7578598022460937,5.9672574356401356,0.27724184930841567,False,1,False,0,rotator,quiet,0.3.0
2,27491137,16,120,15395,6.6956948876380915,7.458649485770509,0.848672994119914,False,27,False,0,flaring,quiet,0.3.0
2,274971909,16,120,13710,1.5643230199813842,,0.005399715485547704,False,0,False,0,quiet,quiet,0.3.0
2,27525457,16,120,15395,0.17868382930755616,,0.005779083817487291,False,0,False,0,quiet,quiet,0.3.0
2,27526396,16,120,15392,0.3642605066299438,5.42477142185083,0.11491708981744575,False,0,False,0,rotator,quiet,0.3.0
2,275335668,16,120,14683,3.4002949476242064,,0.025829473402825417,False,0,False,0,quiet,quiet,0.3.0
2,27536634,16,120,13909,0.9367203712463379,,0.004275547087300814,False,0,False,0,quiet,quiet,0.3.0
2,275415829,16,120,14934,1.037771290540695,0.690854782467433,0.28347032692870233,False,0,False,0,rotator,quiet,0.3.0
2,275423102,16,120,14304,5.251952836033872,,0.0013321015619140902,False,0,False,0,variable,quiet,0.3.0
2,275423645,16,120,14946,7.632194561725692,,0.0002844392941580197,False,0,False,0,variable,quiet,0.3.0
2,275578320,16,120,13595,9.553664088249207,,0.05749284450765508,False,0,False,0,variable,quiet,0.3.0
2,275626011,16,120,13907,0.41003608703613276,,0.021358890187330306,False,0,False,0,quiet,quiet,0.3.0
2,275633324,16,120,13910,3.0767728484638677,,0.017170615627690067,False,0,False,0,quiet,quiet,0.3.0
2,275689198,16,120,12219,1.3882019162178039,,0.0066517167872970516,False,0,False,0,quiet,quiet,0.3.0
2,276242257,16,120,13551,9.167664599418641,,0.004491256174759919,False,0,False,0,variable,quiet,0.3.0
2,276242854,16,120,13550,4.979596804964447,,0.0016324362760153617,False,0,False,0,quiet,quiet,0.3.0
2,27637160,16,120,13907,1.1624169588088988,5.760300183407821,0.234725798506161,False,0,False,0,rotator,quiet,0.3.0
2,276384542,16,120,14190,2.9001658022403713,,0.002223300113393221,False,0,False,0,quiet,quiet,0.3.0
2,276395742,16,120,14353,36.79826445579529,,0.013118183601093741,False,0,False,0,variable,quiet,0.3.0
2,276397162,16,120,14673,1.688924503326416,4.183979618244474,0.5862977639482754,False,0,False,0,rotator,quiet,0.3.0
2,276399157,16,120,14669,0.8073469161987304,5.57864252408297,0.41448393392747857,False,5,False,0,flaring,quiet,0.3.0
2,276470211,16,120,13860,1.831023161678816,,0.0035586337555174727,False,0,False,0,quiet,quiet,0.3.0
2,276482921,16,120,14478,1.515631189476514,,0.027082595417251082,False,0,False,0,quiet,quiet,0.3.0
2,276544639,16,120,14402,0.5652577221393585,,0.06879818664214937,False,0,False,0,quiet,quiet,0.3.0
2,276548741,16,120,14301,0.813886284828186,,0.026290370636006324,False,0,False,0,quiet,quiet,0.3.0
2,276618985,16,120,13891,2.86229932308197,5.233524888002938,0.1139489707100344,False,0,False,0,rotator,quiet,0.3.0
2,276652887,16,120,14525,4.442882394790649,,0.007159172323973889,False,0,False,0,quiet,quiet,0.3.0
2,276655797,16,120,14413,1.8889938354492186,,0.002093220309246519,False,0,False,0,quiet,quiet,0.3.0
2,276810394,16,120,14572,2.3728629998225865,,0.002568712409743398,False,0,False,0,quiet,quiet,0.3.0
2,276812762,16,120,14677,1.296032166481018,,0.011373949300900662,False,0,False,0,quiet,quiet,0.3.0
2,276815004,16,120,14520,1.6389070726092414,,0.00521921482650212,False,0,False,0,quiet,quiet,0.3.0
2,27683640,16,120,14394,0.36973943710327145,,0.005612272164012895,False,0,False,0,quiet,quiet,0.3.0
2,27688847,16,120,13910,20.985097790652645,,0.000843843464373668,False,0,False,0,variable,quiet,0.3.0
2,276920137,16,120,14677,3.840376782417297,2.857337474932237,0.15873791233676224,False,0,False,0,rotator,quiet,0.3.0
2,276931136,16,120,14674,5.210551249980926,,0.03159896564346251,False,1,False,0,variable,quiet,0.3.0
2,27694922,16,120,13911,0.6654249429702759,,0.0027165388128962856,False,0,False,0,quiet,quiet,0.3.0
2,276981740,16,120,14642,9.673051750659942,,0.0009047537244022545,False,0,False,0,variable,quiet,0.3.0
2,276987309,16,120,14676,0.8498528122901916,,0.001299623839509865,False,0,False,0,quiet,quiet,0.3.0
2,276987626,16,120,14675,0.6283096075057983,,0.0030116105498045093,False,0,False,0,quiet,quiet,0.3.0
2,276992286,16,120,14600,3.1788843923474666,,0.0013052040789674993,False,0,False,0,quiet,quiet,0.3.0
2,277110052,16,120,14612,0.9211230659150164,,0.21572233275313749,True,0,False,0,quiet,quiet,0.3.0
2,277163144,16,120,14575,1.4132105827331543,,0.004797605788757556,False,0,False,0,quiet,quiet,0.3.0
2,277247794,16,120,14391,0.4657974600791931,,0.0813089300405629,False,0,False,0,quiet,quiet,0.3.0
2,277328639,16,120,14672,1.224673479060129,,0.004278137593185374,False,0,False,0,quiet,quiet,0.3.0
2,277504391,16,120,14544,5.33232489824295,,0.0036557617891763575,False,0,False,0,variable,quiet,0.3.0
2,277508718,16,120,14574,1.9968492329120635,,0.001746026825624217,False,0,False,0,quiet,quiet,0.3.0
2,277511298,16,120,14667,0.8168908596038817,9.011705209173984,0.2181279388335356,False,0,False,0,rotator,quiet,0.3.0
2,27784834,16,120,13876,1.2117714818784153,,0.022913891214033925,False,0,False,0,quiet,quiet,0.3.0
2,27785583,16,120,14127,1.3819276571273804,,0.008528939852809368,False,0,False,0,quiet,quiet,0.3.0
2,27786501,16,120,14400,0.45797674232652014,,0.016168155385166593,False,0,False,0,quiet,quiet,0.3.0
2,27804376,16,120,14403,4.6418029189109795,,0.0015513685541876186,False,0,False,0,quiet,quiet,0.3.0
2,278336381,16,120,14387,0.7819847702980041,0.23881121303611696,0.18210669247708097,False,0,False,0,rotator,quiet,0.3.0
2,278349328,16,120,14676,2.7090219860686053,7.321897498000709,0.6826758954627463,False,0,False,0,rotator,quiet,0.3.0
2,27838435,16,120,13908,0.47975989580154416,,0.008615615766149881,False,0,False,0,quiet,quiet,0.3.0
2,278526423,16,120,14218,7.816577552760984,,0.00107420313568063,False,0,False,0,variable,quiet,0.3.0
2,278526935,16,120,14254,81.338439258244,,0.01020710861311428,False,0,False,0,variable,quiet,0.3.0
2,27864637,16,120,13808,10.905943336905738,,0.00409295832662687,False,0,False,0,variable,quiet,0.3.0
2,278672770,16,120,14605,4.219483423233032,14.642955948478686,0.6811221754089825,False,5,False,0,flaring,quiet,0.3.0
2,278677598,16,120,14677,4.073673176765442,,0.0021654341697115043,False,0,False,0,quiet,quiet,0.3.0
2,278678404,16,120,14677,5.224867165088653,2.2969397671889893,0.15338905348578658,False,0,True,8,dipper,quiet,0.3.0
2,278690880,16,120,13552,7.333107026404561,,0.0009592306855384431,False,0,False,0,variable,quiet,0.3.0
2,278946478,16,120,13101,23.130100321769714,,0.012144428801923512,False,0,False,0,variable,quiet,0.3.0
2,278950133,16,120,13525,7.254899275302887,3.7997894885508385,0.33756314220751465,False,0,False,0,rotator,quiet,0.3.0
2,27961984,16,120,14151,0.8715034246444702,,0.003181730593954162,False,0,False,0,quiet,quiet,0.3.0
2,27997243,16,120,13911,2.002107238769531,7.680411575053011,0.10307278600532445,False,2,False,0,rotator,quiet,0.3.0
2,279980980,16,120,11391,2.4185059547424315,,0.007923511956680732,False,0,False,0,quiet,quiet,0.3.0
2,279983256,16,120,12827,0.4417608618736267,,0.01031996934608482,False,0,False,0,quiet,quiet,0.3.0
2,280033934,16,120,11417,134.3972808122635,0.1393384683600317,0.8986011461658158,False,0,False,0,rotator,quiet,0.3.0
2,28006711,16,120,14400,0.4757832527160644,,0.08870507583843287,False,0,False,0,quiet,quiet,0.3.0
2,280069113,16,120,11416,10.396358942985534,0.7403393306834585,0.3326044302441572,False,1,False,0,rotator,quiet,0.3.0
2,280072486,16,120,11856,5.596153241281308,5.434773373372423,0.7519232301984162,False,0,False,0,rotator,quiet,0.3.0
2,280073661,16,120,11859,2.0281763434410096,,0.005420972155235703,False,0,False,0,quiet,quiet,0.3.0
2,280074757,16,120,11916,1.387406587600708,,0.04674857543836303,False,0,False,0,quiet,quiet,0.3.0
2,280161519,16,120,12823,1.160296082496643,5.023056110295246,0.23614745411204052,False,0,False,0,rotator,quiet,0.3.0
2,28062141,16,120,13938,144.74278290867804,5.483697928711123,0.33383685665260593,False,0,False,0,rotator,quiet,0.3.0
2,28113390,16,120,13601,7.8272707700729365,,0.007393525322867183,False,0,False,0,variable,quiet,0.3.0
2,28238500,16,120,15397,0.844550621509552,,0.002240766084868461,False,0,False,0,quiet,quiet,0.3.0
2,28240436,16,120,15399,0.7888776183128356,,0.09746967266055044,False,0,False,0,quiet,quiet,0.3.0
2,28261053,16,120,15394,0.7918380081653594,,0.0008267038437696094,False,0,False,0,quiet,quiet,0.3.0
2,282855727,16,120,15690,1.1892813920974732,5.2261916517445774,0.3235560342264197,False,0,False,0,rotator,quiet,0.3.0
2,282925798,16,120,14634,10.083971536159515,1.2184670327041875,0.5129940529721387,False,0,True,12,dipper,quiet,0.3.0
2,28309027,16,120,15398,0.9031397758042945,,0.0016715871723931143,False,0,False,0,quiet,quiet,0.3.0
2,283414280,16,120,14934,224.50245921030395,,0.06480808623632325,False,0,False,0,variable,quiet,0.3.0
2,283543780,16,120,14943,0.4909828662872315,,0.0178445662622942,False,0,False,0,quiet,quiet,0.3.0
2,283796662,16,120,15458,1.056373111713734,3.61865373833711,0.16892807481179256,False,0,False,0,rotator,quiet,0.3.0
2,283796671,16,120,15457,0.9064978837966919,3.317098910443659,0.26692041911522,False,0,False,0,rotator,quiet,0.3.0
2,283819144,16,120,15459,0.6101054191589356,,0.02470241070612696,False,0,False,0,quiet,quiet,0.3.0
2,283858345,16,120,14951,1.23788480758667,,0.0022721357206796173,False,0,False,0,quiet,quiet,0.3.0
2,284184534,16,120,15688,0.2422217343913475,,0.0027996186124351076,False,0,False,0,quiet,quiet,0.3.0
2,284184762,16,120,15688,0.7533529400825499,,0.0011304032418574695,False,0,False,0,quiet,quiet,0.3.0
2,284186018,16,120,15691,2.180614328384399,5.00847909845021,0.2935340116819906,False,2,False,0,rotator,quiet,0.3.0
2,284203323,16,120,15684,0.6056869268417358,,0.037582657720954434,False,0,False,0,quiet,quiet,0.3.0
2,284203582,16,120,15211,2.1911303400993343,,0.0017059486982247422,False,0,False,0,quiet,quiet,0.3.0
2,284289544,16,120,15391,0.46623930931091306,3.6165147222010146,0.33222976898988554,False,0,False,0,rotator,quiet,0.3.0
2,284362766,16,120,13910,2.9790358013202014,4.114505940826559,0.41053372522279935,False,0,False,0,rotator,quiet,0.3.0
2,284451546,16,120,13695,3.209769558906555,,0.0016514360233580623,False,0,False,0,quiet,quiet,0.3.0
2,284474721,16,120,13912,1.20492285490036,,0.004306171434594929,False,0,False,0,quiet,quiet,0.3.0
2,284481615,16,120,13678,1.927788197994232,,0.002805062924673824,False,0,False,0,quiet,quiet,0.3.0
2,284563819,16,120,13908,0.35520257620796103,,0.05368839943821456,False,0,False,0,quiet,quiet,0.3.0
2,284680749,16,120,15394,0.6312257936231555,,0.002169862395017763,False,0,False,0,quiet,quiet,0.3.0
2,284680750,16,120,15396,0.9751611962818386,,0.0017632347634745206,False,0,False,0,quiet,quiet,0.3.0
2,284712089,16,120,15567,1.3680535912513734,,0.002938642426365614,False,0,False,0,quiet,quiet,0.3.0
2,284888875,16,120,14919,1.401634132862091,,0.0006405575647168886,False,0,False,0,quiet,quiet,0.3.0
2,284889132,16,120,14896,4.770204447811974,,0.0015253212827269044,False,0,False,0,quiet,quiet,0.3.0
2,284890035,16,120,15144,0.8807380998354584,,0.0011723705186922873,False,0,False,0,quiet,quiet,0.3.0
2,284890238,16,120,15143,0.5204100251197815,,0.0010217124114589664,False,0,False,0,quiet,quiet,0.3.0
2,284890361,16,120,15144,169.39916303157807,0.16823265782221436,0.9517329347500447,False,0,True,5,dipper,quiet,0.3.0
2,284900685,16,120,15012,2.3135667622089384,,0.06531479994134667,False,0,False,0,quiet,quiet,0.3.0
2,286167347,16,120,14933,1.1882209539413453,,0.006757173417933359,False,0,False,0,quiet,quiet,0.3.0
2,286167936,16,120,14627,1.2854277849197386,,0.0008957445781140969,False,0,False,0,quiet,quiet,0.3.0
2,286168455,16,120,15458,0.7751361303072014,,0.009566519213062416,False,0,False,0,quiet,quiet,0.3.0
2,286169352,16,120,15454,0.8481737346545615,,0.06471219008190197,False,0,False,0,quiet,quiet,0.3.0
2,286169902,16,120,15458,0.6668389002584755,,0.0012517166981290075,False,0,False,0,quiet,quiet,0.3.0
2,286169908,16,120,14617,1.6357258558273315,,0.01388427638455765,False,0,False,0,quiet,quiet,0.3.0
2,286305104,16,120,14376,2.35487980573653,,0.0013955614946843519,False,0,False,0,quiet,quiet,0.3.0
2,286308015,16,120,14606,6.200823748111724,4.030674197146615,0.2220880965195643,False,0,False,0,rotator,quiet,0.3.0
2,286900280,16,120,14648,7.039144085671183,,0.003679559603839445,False,0,False,0,variable,quiet,0.3.0
2,286900691,16,120,15455,0.407208251953125,,0.001980282401960887,False,0,False,0,quiet,quiet,0.3.0
2,286915223,16,120,14650,1.0836794257164,,0.07145734921376477,False,0,False,0,quiet,quiet,0.3.0
2,286923473,16,120,14631,2.238408207893371,,0.002317105767492113,False,0,False,0,quiet,quiet,0.3.0
2,286923546,16,120,14619,0.996104907989502,,0.0017612252162216586,False,0,False,0,quiet,quiet,0.3.0
2,286924078,16,120,13955,0.662773847579956,,0.003309275620978112,False,0,False,0,quiet,quiet,0.3.0
2,286924740,16,120,13190,74.7808615922928,,0.0014195826531135667,False,0,False,0,variable,quiet,0.3.0
2,286925209,16,120,14380,3.692843323945999,5.267094626533333,0.4448007443069602,False,4,False,0,flaring,quiet,0.3.0
2,286925533,16,120,14966,2.606424355315436,,0.0026993913737611156,False,0,False,0,quiet,quiet,0.3.0
2,286926109,16,120,14657,1.5455002427101134,,0.07635651513127206,False,0,False,0,quiet,quiet,0.3.0
2,286926150,16,120,15460,1.3757859528064726,3.4118554189920878,0.3233756123487312,False,0,False,0,rotator,quiet,0.3.0
2,286945928,16,120,14611,0.8449924707412719,,0.0018642938487635308,False,0,False,0,quiet,quiet,0.3.0
2,286947349,16,120,14569,0.6403279066085815,,0.0009630606046058624,False,0,False,0,quiet,quiet,0.3.0
2,286956157,16,120,15398,0.6614041543843837,,0.0015934825858920933,False,0,False,0,quiet,quiet,0.3.0
2,287080121,16,120,14287,1.6693947672843932,,0.00869190452227374,False,0,False,0,quiet,quiet,0.3.0
2,287080820,16,120,14166,2.3268221004711327,,0.0039694646137080295,False,0,False,0,quiet,quiet,0.3.0
2,287080985,16,120,14274,1.1740375236250444,,0.00228520745940137,False,0,False,0,quiet,quiet,0.3.0
2,287085647,16,120,15697,0.69184752702713,,0.0014431035664521509,False,0,False,0,quiet,quiet,0.3.0
2,287086774,16,120,14645,1.7119006633758544,,0.0011804404985470032,False,0,False,0,quiet,quiet,0.3.0
2,287129256,16,120,13908,0.8294393777847289,,0.0040309389387322364,False,0,False,0,quiet,quiet,0.3.0
2,287138437,16,120,14641,1.9952143907546998,,0.0008653332132384505,False,0,False,0,quiet,quiet,0.3.0
2,287139493,16,120,14979,0.7519390225410462,,0.0010940241498992708,False,0,False,0,quiet,quiet,0.3.0
2,287139712,16,120,14981,1.6836223125457763,,0.0011762595853938328,False,0,False,0,quiet,quiet,0.3.0
2,287139945,16,120,14977,1.0178438901901243,,0.0028814505634137365,False,0,False,0,quiet,quiet,0.3.0
2,287149809,16,120,14921,4.365558779239654,,0.001317106525374998,False,0,False,0,quiet,quiet,0.3.0
2,287152422,16,120,14966,2.5105430748896875,,0.0017409393999489728,False,0,False,0,quiet,quiet,0.3.0
2,287152495,16,120,14960,2.3885043919086453,,0.001558076495284868,False,0,False,0,quiet,quiet,0.3.0
2,287152535,16,120,14967,2.4509376883506775,,0.0008057476706288582,False,0,False,0,quiet,quiet,0.3.0
2,287189854,16,120,13912,0.5996335744966991,,0.0027581060947079396,False,0,False,0,quiet,quiet,0.3.0
2,287190317,16,120,13910,0.5215588642095842,,0.0008821345260730586,False,0,False,0,quiet,quiet,0.3.0
2,287193987,16,120,13760,1.3921344158689504,,0.08623758521411294,False,0,False,0,quiet,quiet,0.3.0
2,287194951,16,120,13909,0.47498792409896845,,0.04968227861707974,False,0,False,0,quiet,quiet,0.3.0
2,287196001,16,120,13521,3.019244170188904,,0.0010314130045423844,False,0,False,0,quiet,quiet,0.3.0
2,287197149,16,120,13909,0.2638723611831665,,0.005740639627371766,False,0,False,0,quiet,quiet,0.3.0
2,287259708,16,120,13721,0.9462643146514892,,0.003925991500076629,False,0,False,0,quiet,quiet,0.3.0
2,287259816,16,120,13710,45.12314314108234,,0.002332210737554765,False,0,False,0,variable,quiet,0.3.0
2,287259821,16,120,13714,130.7099242097094,,0.0012580474236628177,False,0,False,0,variable,quiet,0.3.0
2,287356611,16,120,14399,0.5740505218505859,5.805437501215806,0.13916256764190185,False,0,False,0,rotator,quiet,0.3.0
2,287443040,16,120,14125,148.11281118392944,,0.0015184149929298387,False,0,False,0,variable,quiet,0.3.0
2,287504006,16,120,14132,105.1124447498454,,0.047507456724209994,False,0,False,0,variable,quiet,0.3.0
2,288037851,16,120,14400,0.8252859458156856,7.740603076819904,0.16835743905972805,False,0,False,0,rotator,quiet,0.3.0
2,288040128,16,120,14401,0.602859091758728,,0.006158735133101653,False,0,False,0,quiet,quiet,0.3.0
2,288124666,16,120,14161,0.9158650875091552,,0.002575513903535117,False,0,False,0,quiet,quiet,0.3.0
2,288312270,16,120,15604,3.6238706588745115,,0.0018753688428427197,False,0,False,0,quiet,quiet,0.3.0
2,288390174,16,120,15693,0.3794601202011108,,0.0024651464562306133,False,0,False,0,quiet,quiet,0.3.0
2,288428717,16,120,15692,1.5586231648921967,,0.0018334615680292495,False,0,False,0,quiet,quiet,0.3.0
2,288432276,16,120,15699,0.9999931812286376,,0.0015288856152596707,False,0,False,0,quiet,quiet,0.3.0
2,288432864,16,120,13582,0.6961776494979858,,0.01093159969663225,False,0,False,0,quiet,quiet,0.3.0
2,288432885,16,120,12858,1.5928664803504942,,0.0021137029585045395,False,0,False,0,quiet,quiet,0.3.0
2,288433949,16,120,14365,4.6831600069999695,,0.017453748791876222,False,1,False,0,quiet,quiet,0.3.0
2,288453456,16,120,13421,53.79867875576019,,0.001634479799152231,False,0,False,0,variable,quiet,0.3.0
2,288454524,16,120,13706,0.7076215024220048,,0.023687278932640166,False,0,False,0,quiet,quiet,0.3.0
2,288487444,16,120,14660,0.25684696605345503,,0.02340712550905402,False,0,False,0,quiet,quiet,0.3.0
2,288487800,16,120,13524,0.949710738658905,,0.0017927605201731294,False,0,False,0,quiet,quiet,0.3.0
2,288488437,16,120,14663,0.4584627628326416,,0.023495835422309277,False,0,False,0,quiet,quiet,0.3.0
2,288488530,16,120,14663,0.6374117016792298,,0.004099681768169737,False,0,False,0,quiet,quiet,0.3.0
2,288505624,16,120,14214,1.0789958238601685,,0.031557146413517805,False,0,False,0,quiet,quiet,0.3.0
2,288510158,16,120,15698,0.5398513591378118,,0.020776236929377054,False,0,False,0,quiet,quiet,0.3.0
2,288513398,16,120,13501,0.9922166347503661,,0.0016431295991233181,False,0,False,0,quiet,quiet,0.3.0
2,289340949,16,120,14553,116.30435010194779,,0.0017932429037812918,False,0,False,0,variable,quiet,0.3.0
2,289349117,16,120,14519,2.336852216720581,,0.0013746379756971502,False,0,False,0,quiet,quiet,0.3.0
2,289536949,16,120,14942,1.557651143004034,,0.0009624114193250203,False,0,False,0,quiet,quiet,0.3.0
2,289539204,16,120,14636,0.9697706359761574,,0.02272034887108218,False,0,False,0,quiet,quiet,0.3.0
2,289549470,16,120,14675,1.3239570379257202,1.6270969343806188,0.6762134002073917,False,0,False,0,rotator,quiet,0.3.0
2,289570407,16,120,14980,1.141296497506112,,0.0016054312588633377,False,0,False,0,quiet,quiet,0.3.0
2,289570536,16,120,14684,2.2660238524086425,,0.0011419996279282217,False,0,False,0,quiet,quiet,0.3.0
2,289570607,16,120,14634,2.543902766704559,,0.0020509418847913224,False,0,False,0,quiet,quiet,0.3.0
2,289570934,16,120,14599,1.71711448431015,,0.007507998370287997,False,0,False,0,quiet,quiet,0.3.0
2,289571617,16,120,14655,1.6868036270141602,,0.0009118326749341763,False,0,False,0,quiet,quiet,0.3.0
2,289571725,16,120,14648,3.19200741004988,,0.009496581164637235,False,0,False,0,quiet,quiet,0.3.0
2,289580577,16,120,14966,1.8933239579200742,,0.001089525800785212,False,0,False,0,quiet,quiet,0.3.0
2,289582574,16,120,14981,0.4934572219848632,,0.013360116103061516,False,0,False,0,quiet,quiet,0.3.0
2,289621579,16,120,14972,0.2677606344223022,,0.03309151124961437,False,0,False,0,quiet,quiet,0.3.0
2,289622291,16,120,15145,6.973971533775329,0.6369940327884247,0.47958494505693555,False,0,False,0,rotator,quiet,0.3.0
2,289623642,16,120,14942,2.293374252319336,,0.047902224576227566,False,0,False,0,quiet,quiet,0.3.0
2,289624039,16,120,14976,7.06212066597106,,0.0024976122051533762,False,0,False,0,variable,quiet,0.3.0
2,289624044,16,120,14972,3.3271247148513794,,0.0012082891744164975,False,0,False,0,quiet,quiet,0.3.0
2,289775373,16,120,14675,0.649076521396637,,0.051563309143927864,False,0,False,0,quiet,quiet,0.3.0
2,289966090,16,120,14677,0.3102665305137634,,0.06372384039417521,False,0,False,0,quiet,quiet,0.3.0
2,290197252,16,120,14678,14.114609439051712,,0.030518860745591736,False,0,False,0,variable,quiet,0.3.0
2,290282599,16,120,14675,0.8474668264389038,,0.060857720017063646,False,0,False,0,quiet,quiet,0.3.0
2,293806873,16,120,13904,0.25697951316833495,,0.02677965926350441,False,0,False,0,quiet,quiet,0.3.0
2,293950445,16,120,13911,5.479107213020324,,0.0019630639716989194,False,0,False,0,variable,quiet,0.3.0
2,293952749,16,120,13910,0.7574179530143738,0.7024835842334857,0.2555646642757032,False,0,False,0,rotator,quiet,0.3.0
2,294070226,16,120,14560,10.478277790546416,2.0846576550860214,0.7489841683738042,False,0,False,0,rotator,quiet,0.3.0
2,294174592,16,120,14480,1.2986390382457067,,0.0014108477646478503,False,0,False,0,quiet,quiet,0.3.0
2,294178086,16,120,14676,1.5065291404724122,0.10178168907171228,0.5293292441162271,False,0,False,0,rotator,quiet,0.3.0
2,294277855,16,120,14675,0.6766479134559631,,0.04179565159760152,False,0,False,0,quiet,quiet,0.3.0
2,294281750,16,120,14534,19.682307168314075,,0.0010066894667273927,False,0,False,0,variable,quiet,0.3.0
2,294471068,16,120,14600,1.6305561226274894,,0.0011856926634705345,False,0,False,0,quiet,quiet,0.3.0
2,294471966,16,120,14395,1.7375279188156127,,0.0020007844762245618,False,0,False,0,quiet,quiet,0.3.0
2,294601335,16,120,14656,52.01400707405826,6.165807446780276,0.7262112094395796,False,0,False,0,rotator,quiet,0.3.0
2,294676225,16,120,14463,1.0799678921699523,,0.001285799233433812,False,0,False,0,quiet,quiet,0.3.0
2,294682637,16,120,14460,1.1226505279541015,,0.0011420597470899344,False,0,False,0,quiet,quiet,0.3.0
2,295204397,16,120,14673,0.9247020721435546,0.6932009067678961,0.1093706975807478,False,0,False,0,rotator,quiet,0.3.0
2,295207701,16,120,14514,550.3850441941593,,0.0014357495761419291,False,0,False,0,variable,quiet,0.3.0
2,295307153,16,120,14675,1.2163225650787353,1.6270885985423433,0.2713238040431706,False,0,False,0,rotator,quiet,0.3.0
2,295527759,16,120,14530,19.61041771173477,5.301044424939557,0.4940769229853222,False,4,False,0,flaring,quiet,0.3.0
2,295702851,16,120,14675,0.4305378913879394,,0.005686766127191811,False,0,False,0,quiet,quiet,0.3.0
2,295893467,16,120,14419,18.387290668487548,,0.04415558871977948,False,0,False,0,variable,quiet,0.3.0
2,297513035,16,120,14674,0.6108123961333155,,0.043090863365349244,False,0,False,0,quiet,quiet,0.3.0
2,298020706,16,120,13546,7.80146677494049,,0.004179821540731003,False,0,False,0,variable,quiet,0.3.0
2,298109041,16,120,15690,1.008388376735948,8.013578578605271,0.42457939331479255,False,0,False,0,rotator,quiet,0.3.0
2,298109519,16,120,15526,7.087880265712738,,0.0011886203093786892,False,0,False,0,variable,quiet,0.3.0
2,298134970,16,120,12780,13.565345413525538,,0.0013084630605398383,False,0,False,0,variable,quiet,0.3.0
2,298161764,16,120,13695,4.4996158361434935,,0.01880376356003003,False,0,False,0,quiet,quiet,0.3.0
2,298163220,16,120,15615,1.0436478853225706,,0.011137714756292143,False,0,False,0,quiet,quiet,0.3.0
2,298164374,16,120,15246,0.9010631651003111,,0.012204758311375566,False,8,False,0,flaring,quiet,0.3.0
2,298164406,16,120,14243,1.1820350646972655,,0.0033344585171495834,False,0,False,0,quiet,quiet,0.3.0
2,298166010,16,120,15690,6.190882509403378,7.070688593126521,0.6506823673734806,False,31,False,0,flaring,quiet,0.3.0
2,298183671,16,120,14676,2.1225110279017074,0.28376054715388455,0.21584899085722128,False,0,False,0,rotator,quiet,0.3.0
2,298184184,16,120,15396,0.859131646156311,,0.0010388431944029523,False,0,False,0,quiet,quiet,0.3.0
2,298184840,16,120,15101,0.9370738506317138,,0.0015238845923862701,False,0,False,0,quiet,quiet,0.3.0
2,298199994,16,120,15395,1.338096213340759,0.1245781710528242,0.51167573553205,False,2,False,0,rotator,quiet,0.3.0
2,298201055,16,120,15228,8.492121562126922,,0.00226133832841442,False,2,False,0,variable,quiet,0.3.0
2,298201206,16,120,15390,0.34738186597824094,,0.002829996921118142,False,0,False,0,quiet,quiet,0.3.0
2,298221638,16,120,14946,9.453319845994715,1.2777223099570003,0.1236469310648744,False,1,False,0,rotator,quiet,0.3.0
2,298246172,16,120,15392,0.6572065864328496,,0.1705196129086383,True,0,False,0,quiet,quiet,0.3.0
2,298266192,16,120,14982,1.2943089159038985,3.3958028907786035,0.2002941772889439,False,0,False,0,rotator,quiet,0.3.0
2,298664429,16,120,14644,1.1685586283040454,,0.01781660986817552,False,0,False,0,quiet,quiet,0.3.0
2,298730627,16,120,15144,0.8563921809196472,,0.0013060056201554236,False,0,False,0,quiet,quiet,0.3.0
2,298734307,16,120,15143,48.421903824806215,0.47262835048097857,0.6407106816845348,False,0,True,8,dipper,quiet,0.3.0
2,298734315,16,120,15000,1.2170295238494873,,0.0012249987283129142,False,0,False,0,quiet,quiet,0.3.0
2,298735541,16,120,14409,7.44171313047409,,0.0016096250396425555,False,0,False,0,variable,quiet,0.3.0
2,298900516,16,120,13906,0.5845664987226428,,0.028704534593756513,False,0,False,0,quiet,quiet,0.3.0
2,298901044,16,120,13911,4.0763242721557615,,0.0018106552960090823,False,0,False,0,quiet,quiet,0.3.0
2,298973486,16,120,14359,18.054754936695097,,0.9345269006364494,True,11,False,0,flaring,quiet,0.3.0
2,299059602,16,120,13881,0.57192964553833,,0.02055205223222321,False,0,False,0,quiet,quiet,0.3.0
2,299128567,16,120,13521,1.1260085821151733,8.155302831896247,0.6314581514225748,False,1,False,0,rotator,quiet,0.3.0
2,299128692,16,120,13550,0.8241371870040892,,0.0014172448672525179,False,0,False,0,quiet,quiet,0.3.0
2,303248423,16,120,14678,0.8722103574213279,,0.0035123602380543115,False,0,False,0,quiet,quiet,0.3.0
2,304508471,16,120,14392,11.92727816104889,,0.0019366642280031377,False,0,False,0,variable,quiet,0.3.0
2,304635417,16,120,14392,12.726804725134512,,0.0022675884760742174,False,0,False,0,variable,quiet,0.3.0
2,305059513,16,120,14134,1.7727433025836945,,0.0548114733311521,False,0,False,0,quiet,quiet,0.3.0
2,305167892,16,120,14717,0.9116233348846435,,0.0025961558369293953,False,0,False,0,quiet,quiet,0.3.0
2,305303748,16,120,14381,0.5505441427230835,,0.04946735098858863,False,0,False,0,quiet,quiet,0.3.0
2,305307670,16,120,13905,7.537859523296356,,0.008311289534013482,False,0,False,0,variable,quiet,0.3.0
2,305399324,16,120,14935,4.055292248725891,5.940983097216645,0.3013233170166537,False,0,False,3,rotator,quiet,0.3.0
2,305467373,16,120,14312,1.5870340231944913,,0.001385668095220329,False,0,False,0,quiet,quiet,0.3.0
2,305467598,16,120,14341,1.0190810680389404,,0.0019518108881036893,False,0,False,0,quiet,quiet,0.3.0
2,305468302,16,120,14249,1.0143974661827087,,0.004749793912788061,False,0,False,0,quiet,quiet,0.3.0
2,305473275,16,120,14535,1.1329014301300049,,0.002292849517694456,False,0,False,0,quiet,quiet,0.3.0
2,305483154,16,120,13837,2.341977667808533,,0.010925508105019166,False,0,False,0,quiet,quiet,0.3.0
2,305551708,16,120,14375,6.1001704931259155,,0.0014378646346608734,False,0,False,0,variable,quiet,0.3.0
2,305555960,16,120,14401,0.8557735919952392,,0.0016822402529100985,False,0,False,0,quiet,quiet,0.3.0
2,305563028,16,120,14279,1.5049384832382202,,0.002146344893819143,False,0,False,0,quiet,quiet,0.3.0
2,305657263,16,120,14389,0.3378379225730896,,0.004363162844364078,False,0,False,0,quiet,quiet,0.3.0
2,305681089,16,120,14933,0.4805552244186401,,0.002029262413474248,False,0,False,0,quiet,quiet,0.3.0
2,305725166,16,120,14937,0.4990245223045348,,0.008744295090659944,False,0,False,0,quiet,quiet,0.3.0
2,305781773,16,120,14239,4.726814711093903,,0.013941463962186077,False,0,False,0,quiet,quiet,0.3.0
2,305795749,16,120,14944,0.8217512011528014,,0.08935945984307558,False,0,False,0,quiet,quiet,0.3.0
2,305796996,16,120,14383,3.4955576419830323,,0.002825718646717648,False,0,False,0,quiet,quiet,0.3.0
2,305801017,16,120,14640,3.783289861679077,,0.0012923875059299714,False,0,False,0,quiet,quiet,0.3.0
2,305870765,16,120,14353,26.18168785572052,,0.0010603480031446592,False,0,False,0,variable,quiet,0.3.0
2,307957728,16,120,15137,0.3631116986274719,,0.002919301139432638,False,0,False,0,quiet,quiet,0.3.0
2,307984391,16,120,14968,11.729374239724105,,0.0008446974692106064,False,0,False,0,variable,quiet,0.3.0
2,307985358,16,120,15140,1.0477128982543944,,0.0024704877681504707,False,0,False,0,quiet,quiet,0.3.0
2,307986889,16,120,15141,14.104534435272216,,0.8407063992474132,True,0,False,0,variable,quiet,0.3.0
2,307986909,16,120,15144,1.131399142742157,2.0897800391753663,0.1573200077865048,False,0,False,0,rotator,quiet,0.3.0
2,309720946,16,120,14875,4.233269119262695,2.2779180359561644,0.19528690492749032,False,0,True,12,dipper,quiet,0.3.0
2,309721118,16,120,15681,0.6610064506530762,,0.04421429850734474,False,0,False,0,quiet,quiet,0.3.0
2,309761583,16,120,15163,0.8902378320693969,,0.0015856810119421832,False,0,False,0,quiet,quiet,0.3.0
2,309765337,16,120,15457,0.7647526502609252,,0.0009751273357365556,False,0,False,0,quiet,quiet,0.3.0
2,309807304,16,120,15450,0.26683275103569026,,0.0049062589099348585,False,0,False,0,quiet,quiet,0.3.0
2,309848892,16,120,15457,0.8712383151054381,1.7561019935025381,0.13219229201627986,False,0,False,0,rotator,quiet,0.3.0
2,310003064,16,120,14528,225.9460998237133,,0.0008559902456382096,False,0,False,0,variable,quiet,0.3.0
2,310097996,16,120,14634,0.5675995399832588,,0.0028752363680428178,False,0,False,0,quiet,quiet,0.3.0
2,310136979,16,120,15456,1.0177996446013662,5.686401931106633,0.21867954309401258,False,0,False,0,rotator,quiet,0.3.0
2,310137399,16,120,14893,3.1572778701782225,,0.001057969244745911,False,0,False,0,quiet,quiet,0.3.0
2,310154083,16,120,15119,2.8604435563087462,,0.0016152109563174726,False,0,False,0,quiet,quiet,0.3.0
2,310169616,16,120,14679,158.03285665512084,0.20581515307128584,0.9231649950555159,False,0,False,1,rotator,quiet,0.3.0
2,310170788,16,120,15456,0.44251200556755066,,0.005552525546041246,False,0,False,0,quiet,quiet,0.3.0
2,310363327,16,120,14994,1.1223412000435231,,0.001724848138215469,False,0,False,0,quiet,quiet,0.3.0
2,310379752,16,120,15685,0.20325064659118652,,0.019801476961550886,False,0,False,0,quiet,quiet,0.3.0
2,310995259,16,120,15545,1.628037679195404,,0.0018966797307629687,False,0,False,0,quiet,quiet,0.3.0
2,310995812,16,120,13633,1.5022873878479002,,0.03404296918040435,False,0,False,0,quiet,quiet,0.3.0
2,310996866,16,120,14431,2.833667492866516,4.1485907203281975,0.1303832163695094,False,0,False,0,rotator,quiet,0.3.0
2,311000731,16,120,13545,1.0995859980583191,,0.0024331483229770943,False,0,False,0,quiet,quiet,0.3.0
2,311001518,16,120,14402,1.4679115176200868,,0.029344437980742977,False,0,False,0,quiet,quiet,0.3.0
2,311001628,16,120,14658,0.2073598320865731,,0.004364715187067398,False,0,False,0,quiet,quiet,0.3.0
2,311002408,16,120,14387,1.4809902548789977,,0.0034527124426878093,False,0,False,0,quiet,quiet,0.3.0
2,311089751,16,120,15459,0.8513550996780395,,0.008859491864318331,False,0,False,0,quiet,quiet,0.3.0
2,311112598,16,120,14686,1.3910297513008116,,0.003695469032132231,False,0,False,0,quiet,quiet,0.3.0
2,311234001,16,120,15694,1.1617542542072685,1.9079679806481586,0.3603127120700586,False,0,False,0,rotator,quiet,0.3.0
2,311576455,16,120,14574,1.2430986285209655,,0.002895043793833962,False,0,False,0,quiet,quiet,0.3.0
2,311681197,16,120,14510,4.0917889952659605,,0.008326593998365084,False,0,False,0,quiet,quiet,0.3.0
2,311785189,16,120,14370,654.0696243462302,,0.0034660438303165775,False,0,False,0,variable,quiet,0.3.0
2,311897380,16,120,14391,9.922961676120758,,0.0009771246443728509,False,0,False,0,variable,quiet,0.3.0
2,311900295,16,120,14156,16.30573942380367,2.0226458678334973,0.5198285941070326,False,1,False,0,rotator,quiet,0.3.0
2,312044702,16,120,14672,4.061080352631797,,0.0016551755018821496,False,0,False,0,quiet,quiet,0.3.0
2,312664957,16,120,14678,4.280326062440872,,0.01314239666845831,False,0,False,0,quiet,quiet,0.3.0
2,312885596,16,120,12435,0.8792799711227416,,0.023566132642816602,False,0,False,0,quiet,quiet,0.3.0
2,313093652,16,120,14674,0.3547165526534154,0.6472447881303187,0.3825166889647227,False,0,False,0,rotator,quiet,0.3.0
2,313261813,16,120,15680,0.14139175415039062,,0.015363036559825256,False,0,False,0,quiet,quiet,0.3.0
2,313276541,16,120,14635,0.45837439298629756,,0.035625140719124204,False,0,False,0,quiet,quiet,0.3.0
2,313324192,16,120,15675,1.9027795314788818,,0.0022195299937481793,False,0,False,0,quiet,quiet,0.3.0
2,313338137,16,120,15684,0.7895845770835875,5.226180684636723,0.10140838998839821,False,26,False,0,flaring,quiet,0.3.0
2,313338721,16,120,14932,3.7608439207077025,4.394018733705117,0.7326755989532046,False,0,False,0,rotator,quiet,0.3.0
2,313422671,16,120,14982,0.8274068466601715,,0.04448047483818168,False,0,False,0,quiet,quiet,0.3.0
2,313424150,16,120,14982,0.9543943974014758,,0.00373159310297546,False,0,False,0,quiet,quiet,0.3.0
2,313424954,16,120,14146,1.5568115830421447,,0.003925338477085456,False,0,False,0,quiet,quiet,0.3.0
2,313425217,16,120,14954,5.27457520365715,7.923561197115305,0.7967189844279944,False,0,False,0,rotator,quiet,0.3.0
2,313567235,16,120,13423,2.4061341762542723,,0.0038581825901406602,False,0,False,0,quiet,quiet,0.3.0
2,313692194,16,120,13552,17.33754526376724,0.49426697274463177,0.44883332203947934,False,0,False,0,rotator,quiet,0.3.0
2,313694859,16,120,13549,1.6182286262512207,2.195687245772739,0.36058162030772706,False,0,False,0,rotator,quiet,0.3.0
2,313874586,16,120,14677,15.358502554893494,0.14810644440223295,0.3425030154863243,False,0,False,0,rotator,quiet,0.3.0
2,313927152,16,120,13548,0.7894078373908996,,0.07370658387169339,False,0,False,0,quiet,quiet,0.3.0
2,314096419,16,120,14655,0.5602648258209229,5.325099776988303,0.20238013130167665,False,4,False,1,flaring,quiet,0.3.0
2,314576961,16,120,14940,13.622652445198375,,0.32646245824380404,True,0,False,0,variable,quiet,0.3.0
2,314580413,16,120,14678,3.4009579241846755,,0.0019246747694362965,False,0,False,0,quiet,quiet,0.3.0
2,314590329,16,120,12417,0.7358557105064392,,0.01610939903451433,False,0,False,0,quiet,quiet,0.3.0
2,314771701,16,120,14589,6.240943658351898,,0.0010692712454498882,False,0,False,0,variable,quiet,0.3.0
2,314919220,16,120,14940,2.8825802028179166,,0.47006500229962855,True,0,False,0,quiet,quiet,0.3.0
2,314923605,16,120,14695,2.1581683874130246,,0.018027436504361803,False,0,False,0,quiet,quiet,0.3.0
2,315005394,16,120,14620,2.458272385597229,8.368034410227828,0.3633350683591805,False,3,False,1,flaring,quiet,0.3.0
2,315138575,16,120,13754,93.79867111444473,,0.0023531829097106294,False,0,False,0,variable,quiet,0.3.0
2,315139460,16,120,13816,1.438661012729346,,0.011740130518368974,False,0,False,0,quiet,quiet,0.3.0
2,315301267,16,120,13538,58.696800163292885,,0.0012884547907318787,False,0,False,0,variable,quiet,0.3.0
2,315301271,16,120,13539,5.794764304161071,,0.003597561487584982,False,0,False,0,variable,quiet,0.3.0
2,315774451,16,120,12829,22.36340353488922,,0.0054129309279873075,False,1,False,0,variable,quiet,0.3.0
2,315782496,16,120,14943,0.7575063228607177,,0.05831883120717937,False,0,False,0,quiet,quiet,0.3.0
2,315917180,16,120,14944,0.8419878959655761,,0.005286285428378342,False,0,False,0,quiet,quiet,0.3.0
2,315920120,16,120,13730,3.279891129728887,,0.021601154603859814,False,0,False,0,quiet,quiet,0.3.0
2,315926461,16,120,14591,1.324929106235504,,0.011172222808145112,False,0,False,0,quiet,quiet,0.3.0
2,316182273,16,120,14944,10.226467913389206,0.6286764615950634,0.6095904485595299,False,0,False,3,rotator,quiet,0.3.0
2,316257201,16,120,14663,4.901698637008667,,0.0016231379754981894,False,0,False,0,quiet,quiet,0.3.0
2,316257922,16,120,14663,2.866010856628418,,0.004885304008105936,False,0,False,0,quiet,quiet,0.3.0
2,316258779,16,120,14464,1.5985663830806727,,0.004261416629590564,False,0,False,0,quiet,quiet,0.3.0
2,316259802,16,120,14662,1.6922825574874876,,0.0025367003784224893,False,0,False,0,quiet,quiet,0.3.0
2,316275438,16,120,14656,0.4109197854995727,,0.03520312173618865,False,0,False,0,quiet,quiet,0.3.0
2,316275503,16,120,13715,0.8514434695243834,,0.003520813356455193,False,0,False,0,quiet,quiet,0.3.0
2,316305906,16,120,14943,11.951403129100798,,0.0009527939488591816,False,0,False,0,variable,quiet,0.3.0
2,316312894,16,120,14902,2.5188056552766067,,0.022731839698827302,False,0,False,0,quiet,quiet,0.3.0
2,316313845,16,120,15397,107.95861344337462,,0.001586530968635702,False,0,False,0,variable,quiet,0.3.0
2,316315948,16,120,15398,2.0950280697635386,,0.06316889091724259,False,0,False,0,quiet,quiet,0.3.0
2,316388358,16,120,14936,0.9937631070613859,4.097487260676189,0.1589913246468086,False,0,False,0,rotator,quiet,0.3.0
2,316450760,16,120,14635,0.8349183082580566,0.3925280203072328,0.23684628907187005,False,0,False,0,rotator,quiet,0.3.0
2,316483402,16,120,14907,24.533060002326962,,0.9308378293391114,True,13,False,2,flaring,quiet,0.3.0
2,316610011,16,120,14622,4.564832782745361,,0.001997142476099919,False,0,False,0,quiet,quiet,0.3.0
2,316667338,16,120,13551,3.5372682094573973,,0.00676380213615446,False,0,False,0,quiet,quiet,0.3.0
2,316729474,16,120,14563,17.819956254959102,2.538047506912226,0.20470135487795932,False,0,True,12,dipper,quiet,0.3.0
2,317269273,16,120,13552,6.87862046957016,,0.0024719505062176022,False,0,False,0,variable,quiet,0.3.0
2,320211363,16,120,14252,1.2580772799826478,,0.011690961162916328,False,0,False,0,quiet,quiet,0.3.0
2,320335391,16,120,12863,1.0452385425567627,,0.0024522151405829543,False,0,False,0,quiet,quiet,0.3.0
2,320350857,16,120,12781,2.1805259585380554,,0.003162644804028698,False,0,False,0,quiet,quiet,0.3.0
2,320351003,16,120,12801,0.8951865434646606,,0.011905254977413727,False,0,False,0,quiet,quiet,0.3.0
2,320474096,16,120,15123,5.443405795097351,9.162787102039392,0.445672034760645,False,13,False,0,flaring,quiet,0.3.0
2,320498138,16,120,15143,0.9425527811050415,,0.0011043482604689158,False,0,False,0,quiet,quiet,0.3.0
2,320499643,16,120,15145,3.419913053512573,7.444726519435534,0.2142906011088492,False,0,False,0,rotator,quiet,0.3.0
2,320504003,16,120,15034,8.658831024169922,,0.0010171854562979763,False,0,False,0,variable,quiet,0.3.0
2,320504102,16,120,14973,4.575613903999328,,0.0044194216349341415,False,0,False,0,quiet,quiet,0.3.0
2,320504948,16,120,14947,2.544344615936279,10.801621098366406,0.19476654139925562,False,0,False,0,rotator,quiet,0.3.0
2,320525520,16,120,15140,2.8576599061489105,,0.0687628494816259,False,2,False,0,quiet,quiet,0.3.0
2,320525700,16,120,15050,1.641381525993347,5.174131246135699,0.1752707416051974,False,0,False,0,rotator,quiet,0.3.0
2,321424434,16,120,13734,1.5293286064067066,,0.045808053753950126,False,0,False,0,quiet,quiet,0.3.0
2,321443584,16,120,13677,2.3117551803588867,,0.005560356036384922,False,0,False,0,quiet,quiet,0.3.0
2,321443994,16,120,13521,5.171580147743225,,0.009137349765120683,False,0,False,0,variable,quiet,0.3.0
2,321544346,16,120,12685,0.9780774593353271,5.805638724072747,0.2980919725480398,False,0,False,0,rotator,quiet,0.3.0
2,321545513,16,120,12931,3.392871880531311,,0.06224483490849553,False,0,False,0,quiet,quiet,0.3.0
2,321551218,16,120,12829,3.8619390249252317,7.893472991429787,0.26323289432938796,False,1,False,0,rotator,quiet,0.3.0
2,321551546,16,120,12825,0.60356605052948,,0.004293779438061558,False,0,False,0,quiet,quiet,0.3.0
2,321591876,16,120,12828,0.7419090449810027,,0.0028383264466882493,False,0,False,0,quiet,quiet,0.3.0
2,321600045,16,120,15646,3.393004334181418,,0.0012094012694659016,False,0,False,0,quiet,quiet,0.3.0
2,321681652,16,120,12949,1.3421612262725828,,0.01319472107616198,False,0,False,0,quiet,quiet,0.3.0
2,321817989,16,120,12829,1.5577836513519285,,0.08321561826665688,False,0,False,0,quiet,quiet,0.3.0
2,321822585,16,120,13725,3.3343710422515866,6.414820281552617,0.1885108183172191,False,0,False,0,rotator,quiet,0.3.0
2,321823239,16,120,14417,11.301001060009003,2.4140917954949734,0.178630336845894,False,0,False,0,rotator,quiet,0.3.0
2,321825142,16,120,13752,1.398055237415745,,0.020349958473631184,False,0,False,0,quiet,quiet,0.3.0
2,321857016,16,120,14419,2.241412782669067,,0.02086837886949469,False,0,False,3,quiet,quiet,0.3.0
2,321909991,16,120,12825,0.7522041320800781,,0.0034209923089461064,False,0,False,0,quiet,quiet,0.3.0
2,321911672,16,120,12829,1.194230103492737,,0.0030889482271054575,False,0,False,0,quiet,quiet,0.3.0
2,321913730,16,120,13670,2.1788028114677314,10.475538923059275,0.18729725250103516,False,0,False,0,rotator,quiet,0.3.0
2,322055830,16,120,13680,0.8479086756706237,,0.003854797854608438,False,0,False,0,quiet,quiet,0.3.0
2,322056528,16,120,14392,0.5918128256909355,,0.0018075460435562217,False,0,False,0,quiet,quiet,0.3.0
2,322202923,16,120,14942,0.6345838665962218,,0.0016962397489717676,False,0,False,0,quiet,quiet,0.3.0
2,322203931,16,120,13754,1.933974202512157,,0.014004116039964381,False,0,False,0,quiet,quiet,0.3.0
2,322205384,16,120,14565,64.6278732061386,5.304051062715354,0.10813373104574488,False,0,False,0,rotator,quiet,0.3.0
2,322378291,16,120,12826,1.0398038279951758,,0.11643463322983638,True,4,False,0,flaring,quiet,0.3.0
2,323009763,16,120,12824,0.5779387950897217,,0.005241406228183956,False,0,False,0,quiet,quiet,0.3.0
2,323126675,16,120,12826,0.5433861527808812,,0.027778752282778617,False,0,False,0,quiet,quiet,0.3.0
2,324342349,16,120,13912,2.2285990885317597,,0.0016511828819555428,False,0,False,0,quiet,quiet,0.3.0
2,324468019,16,120,13427,5.972917914390564,,0.004360486811020131,False,0,False,0,variable,quiet,0.3.0
2,324822916,16,120,13393,7.546077919006348,,0.0021908512606857197,False,0,False,0,variable,quiet,0.3.0
2,325052944,16,120,13503,39.01051518917083,,0.005552888026642684,False,0,False,0,variable,quiet,0.3.0
2,325187704,16,120,14164,3.013809424638748,0.1028717526949336,0.20074217256516746,False,0,False,0,rotator,quiet,0.3.0
2,325783346,16,120,13547,0.7104935646057129,5.43684664362629,0.20803130115921548,False,0,False,0,rotator,quiet,0.3.0
2,326113499,16,120,13532,3.9664364864360238,5.70870163754546,0.43408937831100947,False,0,False,0,rotator,quiet,0.3.0
2,326258261,16,120,11926,3.536031136990521,,0.0031057544158008027,False,0,False,0,quiet,quiet,0.3.0
2,326258283,16,120,11892,2.0686939179897306,,0.002284020549601186,False,0,False,0,quiet,quiet,0.3.0
2,326475100,16,120,13548,1.491992256283991,8.155291626838366,0.5295241414343905,False,0,False,0,rotator,quiet,0.3.0
2,326710804,16,120,13550,1.325017476081848,8.782591556621357,0.6848040638066754,False,19,False,0,flaring,quiet,0.3.0
2,328266160,16,120,14944,0.3389867305755615,,0.04126125806970833,False,0,False,0,quiet,quiet,0.3.0
2,328745733,16,120,14940,1.5944129051443068,1.3817162409610098,0.1886506034776506,False,0,False,0,rotator,quiet,0.3.0
2,329153618,16,120,15635,1.9014539837837219,7.998749751398768,0.21302026066568616,False,0,False,0,rotator,quiet,0.3.0
2,329153865,16,120,15698,1.0581405401229858,,0.0016393669043221857,False,0,False,0,quiet,quiet,0.3.0
2,329171974,16,120,15144,1.4054782211780548,,0.0392737660141636,False,0,False,0,quiet,quiet,0.3.0
2,329172918,16,120,14982,4.060903976017473,,0.003915877637425385,False,0,False,0,quiet,quiet,0.3.0
2,329247110,16,120,15143,1.7820663213729857,5.178960677653086,0.3484422696931995,False,0,False,0,rotator,quiet,0.3.0
2,329247947,16,120,15142,1.312778291487047,,0.0009560097726175852,False,0,False,0,quiet,quiet,0.3.0
2,329248925,16,120,15143,0.7013031005859375,,0.003002075053964074,False,0,False,0,quiet,quiet,0.3.0
2,329274955,16,120,14942,0.7387276864810175,4.097498374485674,0.28364898162017593,False,0,False,0,rotator,quiet,0.3.0
2,329620803,16,120,14392,3.2997301608243634,,0.0029192731623083157,False,0,False,0,quiet,quiet,0.3.0
2,329637339,16,120,14942,0.5158148238548531,1.1536664302592974,0.11680501710308638,False,0,False,0,rotator,quiet,0.3.0
2,329709914,16,120,14672,0.44697468280792235,,0.016442793229220487,False,0,False,0,quiet,quiet,0.3.0
2,329768346,16,120,13474,2.679727380259477,3.682821290674383,0.43051083498247017,False,0,False,0,rotator,quiet,0.3.0
2,329769218,16,120,13550,0.7569760586633647,,0.03430451334545323,False,0,False,0,quiet,quiet,0.3.0
2,330389267,16,120,14879,1.7316071391105652,,0.31751105975050925,True,1,False,0,quiet,quiet,0.3.0
2,330470939,16,120,14401,0.6071008443832397,,0.019168126270248085,False,0,False,0,quiet,quiet,0.3.0
2,330606758,16,120,13549,0.9511246562004089,4.228693898315265,0.27256982282726244,False,0,False,0,rotator,quiet,0.3.0
2,330668916,16,120,14183,8.897694718837737,,0.0015090439679565238,False,0,False,0,variable,quiet,0.3.0
2,330736895,16,120,13495,69.98025805950164,,0.0014136739504255964,False,0,False,0,variable,quiet,0.3.0
2,330838409,16,120,13551,72.17889983654021,,0.0034521426244871487,False,0,False,0,variable,quiet,0.3.0
2,330839736,16,120,13550,0.26042593717575074,,0.05642932179342248,False,0,False,0,quiet,quiet,0.3.0
2,330902187,16,120,14383,1.5839411258697509,1.902651384924732,0.3326654845528956,False,0,False,0,rotator,quiet,0.3.0
2,330929786,16,120,14389,4.126341605186462,1.4691367849447972,0.5678553314435367,False,0,False,0,rotator,quiet,0.3.0
2,330931112,16,120,14388,0.6778850508996813,2.149293989233667,0.2942344684872851,False,0,False,0,rotator,quiet,0.3.0
2,331065675,16,120,13552,3.699073508354232,,0.004265353262998455,False,0,False,0,quiet,quiet,0.3.0
2,331221558,16,120,14351,19.578692936897276,0.8003776441360845,0.325146665623766,False,0,True,12,dipper,quiet,0.3.0
2,331339277,16,120,14389,1.14385929107666,1.5271242507163296,0.5271164865424042,False,0,False,0,rotator,quiet,0.3.0
2,331533121,16,120,13930,6.523064198402637,,0.0009215310342008387,False,0,False,0,variable,quiet,0.3.0
2,331536717,16,120,14385,0.6808012962341309,0.2007983220806372,0.1848020462121822,False,0,False,0,rotator,quiet,0.3.0
2,331537365,16,120,13920,1.1084671345809956,,0.028254348963489405,False,0,False,0,quiet,quiet,0.3.0
2,331537497,16,120,13948,1.2428335189819335,,0.002856857286163602,False,0,False,0,quiet,quiet,0.3.0
2,331547948,16,120,14340,0.9904051119330591,,0.006127998834652913,False,0,False,0,quiet,quiet,0.3.0
2,331547987,16,120,14936,0.3634209930896759,,0.005739324477816154,False,0,False,0,quiet,quiet,0.3.0
2,332276348,16,120,12930,0.7561365902423858,,0.0021105003181198403,False,0,False,0,quiet,quiet,0.3.0
2,332277294,16,120,14379,3.2789631485939026,,0.009334590145356715,False,1,False,0,quiet,quiet,0.3.0
2,332278130,16,120,12887,1.856650471687317,6.510651531788064,0.13489921340187705,False,0,False,0,rotator,quiet,0.3.0
2,332278186,16,120,12950,7.60320879807446,2.173485792123872,0.7433375798116819,False,0,False,0,rotator,quiet,0.3.0
2,332299496,16,120,13158,3.92251655459404,,0.003810212437702526,False,0,False,0,quiet,quiet,0.3.0
2,332313966,16,120,14356,2.567320622961484,,0.025198682654307386,False,0,False,0,quiet,quiet,0.3.0
2,332314209,16,120,15399,5.087098574638366,,0.017155940708008983,False,0,False,0,variable,quiet,0.3.0
2,332333965,16,120,14655,1.2843673467636108,,0.0017737864005641037,False,0,False,0,quiet,quiet,0.3.0
2,332478347,16,120,15136,1.358288723230362,3.7223732293940515,0.3870335288211519,False,0,False,0,rotator,quiet,0.3.0
2,333169294,16,120,13884,0.443086422773791,,0.017431919119277595,False,0,False,0,quiet,quiet,0.3.0
2,333223479,16,120,13883,0.5151078343391419,,0.0033964960347119947,False,0,False,0,quiet,quiet,0.3.0
2,333224807,16,120,13598,17.91203816866988,,0.008100554649267608,False,0,False,0,variable,quiet,0.3.0
2,333277884,16,120,13885,0.8815775871276855,,0.005141441405828955,False,0,False,0,quiet,quiet,0.3.0
2,333323257,16,120,13866,115.50991206824256,,0.011427282027924365,False,0,False,0,variable,quiet,0.3.0
2,333374848,16,120,13883,0.8685872197151183,,0.002019215543318204,False,0,False,0,quiet,quiet,0.3.0
2,333804979,16,120,12771,1.614693832397461,1.4141952551372654,0.19121751313579036,False,0,False,0,rotator,quiet,0.3.0
2,333805564,16,120,12829,0.5348143100738525,,0.0017729080454189073,False,0,False,0,quiet,quiet,0.3.0
2,333867115,16,120,12828,0.9297391533851622,,0.022410031010586935,False,0,False,0,quiet,quiet,0.3.0
2,334075562,16,120,14946,9.7641610622406,,0.000841510513190027,False,0,False,0,variable,quiet,0.3.0
2,334257861,16,120,14945,27.448734712600707,,0.001017850233707969,False,0,False,0,variable,quiet,0.3.0
2,334651091,16,120,13061,2.848867106437683,,0.0025434567638752386,False,0,False,0,quiet,quiet,0.3.0
2,334651156,16,120,14682,1.4470562338829038,,0.36755769335873,True,0,False,0,quiet,quiet,0.3.0
2,334754479,16,120,14604,27.754849514654246,,0.001371232694903613,False,1,False,0,variable,quiet,0.3.0
2,334754553,16,120,14556,5.111488195226651,,0.010020834489717688,False,0,False,0,variable,quiet,0.3.0
2,334779692,16,120,14636,1.5552208331095676,,0.001418795515294215,False,0,False,0,quiet,quiet,0.3.0
2,334779935,16,120,14628,2.4907483783587328,,0.00130015438787411,False,0,False,0,quiet,quiet,0.3.0
2,334779959,16,120,14913,1.1995322942733764,,0.0018556233977881926,False,0,False,0,quiet,quiet,0.3.0
2,334780068,16,120,14980,1.8729546525193854,3.4956949316305703,0.23628775421080608,False,1,False,0,rotator,quiet,0.3.0
2,334780234,16,120,14979,0.5659204959869384,,0.056784457437275726,False,0,False,0,quiet,quiet,0.3.0
2,334780853,16,120,14634,0.812958401441574,,0.02583595074438198,False,0,False,0,quiet,quiet,0.3.0
2,334798364,16,120,14628,1.4312381166957686,,0.0008599030249301601,False,0,False,0,quiet,quiet,0.3.0
2,334799215,16,120,14982,2.2605006694793697,,0.001249003165308397,False,0,False,0,quiet,quiet,0.3.0
2,334831854,16,120,14882,5.445394116640091,,0.0009783771607055566,False,0,False,0,variable,quiet,0.3.0
2,334832426,16,120,14979,0.7744733333587646,,0.01925664434310218,False,0,False,0,quiet,quiet,0.3.0
2,335352512,16,120,14941,3.04107152223587,2.0847006102560064,0.473931907318116,False,0,False,0,rotator,quiet,0.3.0
2,335682158,16,120,14633,0.39253885746002193,,0.0013917842973937009,False,0,False,0,quiet,quiet,0.3.0
2,335682360,16,120,14634,2.341712697846454,10.633951278551361,0.44377296745028005,False,1,False,0,rotator,quiet,0.3.0
2,335682563,16,120,13546,8.527425062656402,,0.00847234286167415,False,0,False,0,variable,quiet,0.3.0
2,335719635,16,120,14643,2.0399295330047607,,0.002205222231551627,False,0,False,0,quiet,quiet,0.3.0
2,335719755,16,120,15691,0.6263654708862304,,0.0016657163464570085,False,0,False,0,quiet,quiet,0.3.0
2,335743962,16,120,15597,2.4969783782958985,12.008406547560753,0.40705302525815107,False,0,False,0,rotator,quiet,0.3.0
2,335746280,16,120,14650,5.095272785425186,,0.024771786938520425,False,0,False,0,variable,quiet,0.3.0
2,335769014,16,120,14879,2.441393744945526,4.936658589438519,0.2966888081572114,False,0,False,0,rotator,quiet,0.3.0
2,335800300,16,120,14668,6.465491437911988,10.802558842348883,0.6865512868985009,False,0,False,1,rotator,quiet,0.3.0
2,335932071,16,120,14945,62.45344476699829,,0.015679014238273045,False,0,False,0,variable,quiet,0.3.0
2,335964858,16,120,15697,1.9946841716766357,,0.001372894613783241,False,0,False,0,quiet,quiet,0.3.0
2,335966219,16,120,15697,0.7210979461669922,,0.04422517806422419,False,0,False,0,quiet,quiet,0.3.0
2,336000971,16,120,14686,25.349067918928498,,0.0018117340887256548,False,0,False,0,variable,quiet,0.3.0
2,336007350,16,120,15699,1.065475237369537,,0.05339517813460034,False,0,False,0,quiet,quiet,0.3.0
2,336121627,16,120,12829,87.73287649154662,,0.011815293880600698,False,0,False,0,variable,quiet,0.3.0
2,336169410,16,120,14286,2.9642783024476946,,0.0015601024758977137,False,0,False,0,quiet,quiet,0.3.0
2,336196264,16,120,14946,6.518380596685987,,0.004250162887470791,False,0,False,0,variable,quiet,0.3.0
2,336248518,16,120,14386,0.33827977180480956,,0.0030014030968255807,False,0,False,0,quiet,quiet,0.3.0
2,336258298,16,120,14391,0.4806435942649841,,0.01577977428319678,False,0,False,0,quiet,quiet,0.3.0
2,336389229,16,120,14945,22.44523401260376,,0.0012547207598349343,False,0,False,0,variable,quiet,0.3.0
2,336432833,16,120,14613,3.6212195634841917,,0.0010117397374032379,False,0,False,0,quiet,quiet,0.3.0
2,336440921,16,120,14671,1.189811611175537,4.881328088980675,0.36193821960703565,False,0,False,0,rotator,quiet,0.3.0
2,336539163,16,120,14945,10.171369314193724,,0.0011597643469365292,False,0,False,0,variable,quiet,0.3.0
2,336540034,16,120,14941,0.4915130853652954,,0.0012297504099026304,False,0,False,0,quiet,quiet,0.3.0
2,336628187,16,120,14944,0.6116960763931274,,0.03919203546120174,False,0,False,0,quiet,quiet,0.3.0
2,336628994,16,120,14942,0.6538042886911545,8.487728619217023,0.12181824296342866,False,0,False,0,rotator,quiet,0.3.0
2,336741253,16,120,14942,12.006280445865379,1.1765154612984732,0.40239905544401333,False,3,False,0,flaring,quiet,0.3.0
2,336823975,16,120,14945,1.6954638719558717,,0.09750491877945835,False,2,False,0,quiet,quiet,0.3.0
2,337099550,16,120,14944,0.7423067092895508,,0.023268026818823492,False,0,False,0,quiet,quiet,0.3.0
2,337643189,16,120,14940,0.4297425371561922,,0.05596894497928948,False,0,False,0,quiet,quiet,0.3.0
2,337891495,16,120,14936,0.559116017818451,5.658506412414356,0.1762906221327944,False,0,False,0,rotator,quiet,0.3.0
2,338646086,16,120,14944,0.3839227974414825,,0.001970021756778094,False,0,False,0,quiet,quiet,0.3.0
2,338919818,16,120,14941,0.8037237524986267,,0.0821997251560501,False,0,False,0,quiet,quiet,0.3.0
2,340926916,16,120,14935,1.5475327491760253,2.763404573379111,0.40459522616542903,False,0,False,0,rotator,quiet,0.3.0
2,341441461,16,120,14943,2.4149711608886717,,0.42417925809793033,True,0,False,0,quiet,quiet,0.3.0
2,341545582,16,120,15682,0.4343378077250065,,0.06905340758567259,False,0,False,0,quiet,quiet,0.3.0
2,341772002,16,120,13782,31.124476616115768,,0.011765217235015484,False,0,False,0,variable,quiet,0.3.0
2,341816295,16,120,15144,2.516684854030609,,0.0019841651879277337,False,0,False,0,quiet,quiet,0.3.0
2,341816845,16,120,15144,0.6040520486800641,,0.0013819021956477408,False,0,False,0,quiet,quiet,0.3.0
2,341871585,16,120,15699,0.75423663854599,,0.0016118695775937126,False,0,False,0,quiet,quiet,0.3.0
2,341872070,16,120,15696,0.5267284691333771,,0.0010030777548314612,False,0,False,0,quiet,quiet,0.3.0
2,341873283,16,120,15698,1.0703797000420272,5.226205039305312,0.22511431585564096,False,0,False,0,rotator,quiet,0.3.0
2,341874090,16,120,15698,0.47772741781040534,,0.00993709791604928,False,0,False,0,quiet,quiet,0.3.0
2,342336561,16,120,14946,11.839836550946131,,0.0021355277457492587,False,0,False,0,variable,quiet,0.3.0
2,342337222,16,120,14911,11.351636981964111,,0.9292304042504355,True,6,False,1,flaring,quiet,0.3.0
2,342761036,16,120,14946,0.4329238514349549,,0.005597246066925437,False,0,False,0,quiet,quiet,0.3.0
2,343265551,16,120,14316,11.589661163091659,,0.0021355675452571794,False,0,False,0,variable,quiet,0.3.0
2,343268487,16,120,12825,0.5910175323486327,,0.030474104093847272,False,0,False,0,quiet,quiet,0.3.0
2,343411197,16,120,12827,1.5564581036567686,18.41792530994098,0.23224735615599065,False,13,False,0,flaring,quiet,0.3.0
2,343459229,16,120,14501,4.711173248291015,,0.04068946595554206,False,0,False,0,quiet,quiet,0.3.0
2,343461937,16,120,14363,1.146333646774292,,0.0012553051498738633,False,0,False,0,quiet,quiet,0.3.0
2,343564048,16,120,12829,63.03845314979553,4.092868156241349,0.34532170012732266,False,0,False,0,rotator,quiet,0.3.0
2,343572044,16,120,14938,0.594596528845922,,0.005881802129888629,False,0,False,0,quiet,quiet,0.3.0
2,343572785,16,120,14641,1.0468291997909547,,0.0021986798994021303,False,0,False,0,quiet,quiet,0.3.0
2,343619828,16,120,14290,1.23598478221984,,0.001888610392051566,False,0,False,0,quiet,quiet,0.3.0
2,343628284,16,120,14648,8.46432899236679,,0.0009175600372088789,False,0,False,0,variable,quiet,0.3.0
2,343726738,16,120,14678,4.47619796026343,,0.0005742548907602097,False,0,False,0,quiet,quiet,0.3.0
2,343737391,16,120,14433,15.652420663833617,,0.004196297118314733,False,0,False,0,variable,quiet,0.3.0
2,343772836,16,120,12878,14.069715877192266,0.865246215204305,0.3015299824278583,False,0,False,0,rotator,quiet,0.3.0
2,343777672,16,120,13457,16.873250091075896,,0.001809704728894681,False,0,False,0,variable,quiet,0.3.0
2,343873796,16,120,13547,0.526154065132141,,0.01965622144126854,False,0,False,0,quiet,quiet,0.3.0
2,343874326,16,120,13550,10.839931386709212,,0.0070518784029666454,False,0,False,0,variable,quiet,0.3.0
2,343940601,16,120,13549,0.5922547101974487,0.2920093657577438,0.29320209002597875,False,0,False,0,rotator,quiet,0.3.0
2,344192977,16,120,14442,7.073034553112658,,0.0015833173928235579,False,0,False,0,variable,quiet,0.3.0
2,344456744,16,120,14677,116.28216927051544,0.6264457357522899,0.5090402458628948,False,0,False,0,rotator,quiet,0.3.0
2,345429217,16,120,14391,6.56932600736618,11.606171944653397,0.908255804767061,False,2,False,0,rotator,quiet,0.3.0
2,345509762,16,120,14193,4.697652661800385,,0.0010920929210107297,False,0,False,0,quiet,quiet,0.3.0
2,346130527,16,120,14116,4.768171514977722,,0.09633758605120657,False,0,False,0,quiet,quiet,0.3.0
2,346190483,16,120,14222,20.98629078350718,,0.06566215893601085,False,1,False,0,variable,quiet,0.3.0
2,346338553,16,120,13883,0.8962469816207885,,0.02630486148305869,False,0,True,4,dipper,quiet,0.3.0
2,346479167,16,120,13838,2.668459906073814,10.45719651326098,0.6691745862186862,False,2,False,0,rotator,quiet,0.3.0
2,349916354,16,120,12115,1.7529042720794676,4.972910711813112,0.34651551142707704,False,0,False,0,rotator,quiet,0.3.0
2,349978522,16,120,12090,1.9087003111839294,,0.005204264108862092,False,0,False,0,quiet,quiet,0.3.0
2,350071392,16,120,12826,0.42753331661224364,,0.00147901227743474,False,0,False,0,quiet,quiet,0.3.0
2,350132824,16,120,14301,1.0632659912109375,,0.0022903728240312358,False,0,False,0,quiet,quiet,0.3.0
2,351565795,16,120,14278,0.7964774250984191,,0.003175272357130938,False,0,False,0,quiet,quiet,0.3.0
2,351570967,16,120,13888,2.341977667808533,,0.0010319563451326042,False,0,False,0,quiet,quiet,0.3.0
2,351660750,16,120,14159,1.5228775620460508,,0.001678380384758362,False,0,False,0,quiet,quiet,0.3.0
2,351660961,16,120,13883,0.935129714012146,,0.0014603373471307342,False,0,False,0,quiet,quiet,0.3.0
2,351662092,16,120,14221,0.8943028450012206,,0.018054150862730076,False,0,False,0,quiet,quiet,0.3.0
2,351664969,16,120,13891,1.5857968926429746,,0.06069679315679592,False,0,False,0,quiet,quiet,0.3.0
2,351664973,16,120,14154,3.1157882273197175,,0.043206097552095285,False,0,False,0,quiet,quiet,0.3.0
2,351900949,16,120,13564,1.494908461126433,,0.0034045772574716497,False,0,False,0,quiet,quiet,0.3.0
2,351901886,16,120,13880,0.3203407120907731,,0.011440319109200289,False,0,False,0,quiet,quiet,0.3.0
2,351902812,16,120,13749,1.4041084885597228,,0.08432178121448332,False,0,False,0,quiet,quiet,0.3.0
2,352234775,16,120,13911,2.2398221254348756,,0.02740734952940952,False,0,False,0,quiet,quiet,0.3.0
2,352238221,16,120,13909,2.513415169715881,5.236674825799396,0.4826479007684538,False,0,False,0,rotator,quiet,0.3.0
2,352238596,16,120,13907,0.738771915435791,3.4911189134288287,0.14794777710399984,False,0,False,0,rotator,quiet,0.3.0
2,352239719,16,120,13664,1.027785559164617,,0.001846773897546378,False,0,False,0,quiet,quiet,0.3.0
2,352308536,16,120,13911,1.6545486330986023,,0.004510345463411151,False,0,False,0,quiet,quiet,0.3.0
2,352344073,16,120,14487,3.2612008094787597,,0.002316776178510888,False,0,False,0,quiet,quiet,0.3.0
2,352370090,16,120,13904,0.33726350852061776,,0.031783594405107155,False,0,False,0,quiet,quiet,0.3.0
2,352370657,16,120,13910,5.976894913726742,,0.0037471049009940795,False,0,False,0,variable,quiet,0.3.0
2,352371331,16,120,13910,232.28615026473997,3.9726623941565182,0.18108986443052885,False,6,False,0,flaring,quiet,0.3.0
2,352452939,16,120,14545,1.02526695728302,,0.0023110918584295786,False,0,False,0,quiet,quiet,0.3.0
2,352462258,16,120,14545,2.5247265100479126,10.606601893207012,0.2986854748332554,False,5,False,0,flaring,quiet,0.3.0
2,352549113,16,120,14500,1.8312883257865906,8.320882741177716,0.24451181090949803,False,0,False,0,rotator,quiet,0.3.0
2,352556844,16,120,14508,3.5432330684890427,,0.0032871571333106496,False,0,False,0,quiet,quiet,0.3.0
2,352588202,16,120,13883,2.662760210037231,3.594896434760244,0.24486856530013015,False,1,False,0,rotator,quiet,0.3.0
2,352613825,16,120,14672,0.4158684968948364,,0.03094594083475798,False,0,False,0,quiet,quiet,0.3.0
2,352615779,16,120,14572,2.6579438949856824,,0.0023184915728427474,False,0,False,0,quiet,quiet,0.3.0
2,352617553,16,120,14528,2.117694934675248,,0.035375691343477754,False,0,False,0,quiet,quiet,0.3.0
2,352619386,16,120,14441,65.18071496486664,0.13008526574058502,0.5346953045407377,False,0,False,0,rotator,quiet,0.3.0
2,352650048,16,120,13885,1.5766947984695434,,0.050248952612451665,False,0,False,0,quiet,quiet,0.3.0
2,352698649,16,120,14347,3.6960688233375545,,0.001206659862476332,False,0,False,0,quiet,quiet,0.3.0
2,352699313,16,120,14677,1.6627670288085936,1.1954327913087572,0.18256385282743778,False,0,False,0,rotator,quiet,0.3.0
2,352700976,16,120,14311,6.465314698219299,,0.0010267271465482883,False,0,False,0,variable,quiet,0.3.0
2,352760233,16,120,12828,0.5765248431846592,,0.02183154093171911,False,0,False,0,quiet,quiet,0.3.0
2,352820886,16,120,14673,1.3577143192291259,3.6610178469508265,0.1604285952201865,False,0,False,0,rotator,quiet,0.3.0
2,352828095,16,120,14944,3.044341206550598,,0.003484422424663235,False,0,False,0,quiet,quiet,0.3.0
2,352831398,16,120,14943,0.8139746546745299,,0.0016917968718701579,False,0,False,0,quiet,quiet,0.3.0
2,352831491,16,120,14268,2.752411337124963,,0.011502202159477884,False,0,False,0,quiet,quiet,0.3.0
2,352914631,16,120,14357,2.1444710612297055,,0.0008278939100460988,False,0,False,0,quiet,quiet,0.3.0
2,352950490,16,120,14508,2.4029971183239556,,0.0008312542439879138,False,0,False,0,quiet,quiet,0.3.0
2,352950902,16,120,14511,1.7385883569717406,,0.0033541705456687524,False,0,False,0,quiet,quiet,0.3.0
2,352964170,16,120,14272,6.340006445050432,1.2041853536693738,0.27027885845451555,False,0,True,12,dipper,quiet,0.3.0
2,353057575,16,120,13735,2.033390164375305,,0.08482512668481976,False,0,False,0,quiet,quiet,0.3.0
2,353335419,16,120,14662,6.162250493831947,9.011587746338137,0.8623543951809047,False,0,False,0,rotator,quiet,0.3.0
2,353620839,16,120,13935,10.60402808189392,,0.006315354882983059,False,0,False,0,variable,quiet,0.3.0
2,353731640,16,120,14921,1.6802642583847045,,0.002414365033345653,False,0,False,0,quiet,quiet,0.3.0
2,353734779,16,120,15132,4.415001839846426,4.58139898526733,0.2639516137190533,False,0,False,0,rotator,quiet,0.3.0
2,353777802,16,120,15145,1.445819056034088,,0.001183618000151262,False,0,False,0,quiet,quiet,0.3.0
2,353779940,16,120,14950,3.3866417054342715,,0.0009507502826407641,False,0,False,0,quiet,quiet,0.3.0
2,353783697,16,120,14636,3.4918899811604636,,0.0017440862958500376,False,0,False,0,quiet,quiet,0.3.0
2,353807883,16,120,15144,0.9126396425151612,,0.0013494695590430996,False,0,False,0,quiet,quiet,0.3.0
2,353808368,16,120,15144,0.6843360900878906,,0.010697396084112179,False,0,False,0,quiet,quiet,0.3.0
2,353808664,16,120,15016,15.467462575435638,2.1639706824498717,0.10809644903418404,False,0,False,0,rotator,quiet,0.3.0
2,353818806,16,120,14999,5.826577448844909,,0.0013688853691338134,False,0,False,0,variable,quiet,0.3.0
2,353853721,16,120,14682,3.3417940097512595,,0.015141078262879502,False,0,False,0,quiet,quiet,0.3.0
2,353853816,16,120,14905,1.2884323596954343,,0.0012826738331021639,False,0,False,0,quiet,quiet,0.3.0
2,353855077,16,120,15143,0.5902222037315368,,0.035423140710263076,False,0,False,0,quiet,quiet,0.3.0
2,353896754,16,120,15145,0.7630736231803893,,0.0009100755340515959,False,0,False,0,quiet,quiet,0.3.0
2,353896934,16,120,14917,2.2277154564857478,,0.0010971656327316776,False,0,False,0,quiet,quiet,0.3.0
2,353897292,16,120,14954,1.2350127875804902,,0.0019781215223719072,False,0,False,0,quiet,quiet,0.3.0
2,353933706,16,120,15143,1.1726678609848022,5.672171023977626,0.26360479530823216,False,0,False,0,rotator,quiet,0.3.0
2,353936892,16,120,14950,1.7894452568723338,,0.015198953105486685,False,0,False,0,quiet,quiet,0.3.0
2,353940559,16,120,15145,1.1833606123924254,,0.011456942108209295,False,0,False,0,quiet,quiet,0.3.0
2,353989471,16,120,14684,61.69081299304962,0.1547654660846739,0.9448629245306811,False,0,False,0,rotator,quiet,0.3.0
2,353991630,16,120,14696,1.2039508224711066,,0.003038484350273336,False,0,False,0,quiet,quiet,0.3.0
2,353992253,16,120,14975,1.6955522418022155,,0.0023795109689184455,False,0,False,0,quiet,quiet,0.3.0
2,355897128,16,120,15691,0.8612525224685669,2.2259968728134805,0.16014091014339898,False,0,False,0,rotator,quiet,0.3.0
2,355950542,16,120,14631,0.39589691162109375,,0.0019161474422708883,False,0,False,0,quiet,quiet,0.3.0
2,356055884,16,120,15519,1.9498806595802307,,0.001170813132473104,False,0,False,0,quiet,quiet,0.3.0
2,356086101,16,120,15144,2.0887980580329892,,0.004659835412024591,False,0,False,0,quiet,quiet,0.3.0
2,356107893,16,120,15144,0.7419974369405935,,0.004205912731691536,False,0,False,0,quiet,quiet,0.3.0
2,356110099,16,120,15144,1.6868036772848272,,0.0008686082420674539,False,0,False,0,quiet,quiet,0.3.0
2,356390671,16,120,14674,0.8611199420356768,2.0198346991864176,0.3210257260685819,False,0,False,0,rotator,quiet,0.3.0
2,356821881,16,120,15638,1.4295589190984415,,0.0007975079205455416,False,0,False,0,quiet,quiet,0.3.0
2,356822670,16,120,14683,1.9674662590026855,1.5420417517688185,0.22407608384932481,False,0,False,0,rotator,quiet,0.3.0
2,356824045,16,120,14498,5.2198742687702175,,0.0010086923421928828,False,0,False,0,variable,quiet,0.3.0
2,356868590,16,120,14657,1.9459923863410948,,0.0018120747008588565,False,0,False,0,quiet,quiet,0.3.0
2,356869021,16,120,15470,0.9718915990558744,,0.0035236053145685036,False,0,False,0,quiet,quiet,0.3.0
2,356871098,16,120,14542,6.2222090654906905,,0.002612974408802275,False,0,False,0,variable,quiet,0.3.0
2,356892348,16,120,15142,0.5547416938918324,,0.002041833398317959,False,0,False,0,quiet,quiet,0.3.0
2,356893105,16,120,14961,2.8064495801925657,8.488961457341182,0.17520252684957438,False,0,False,0,rotator,quiet,0.3.0
2,356895061,16,120,15144,0.9885051012039185,,0.009784257445076347,False,0,False,0,quiet,quiet,0.3.0
2,356896550,16,120,15145,22.856418907642365,,0.8685704791953675,True,0,False,0,variable,quiet,0.3.0
2,356916542,16,120,14651,2.5455817937850953,,0.0024783282550350483,False,0,False,0,quiet,quiet,0.3.0
2,356919408,16,120,14937,3.972931551933288,,0.018370569718251958,False,0,False,0,quiet,quiet,0.3.0
2,356919872,16,120,14962,8.907150557850317,,0.004891376777746914,False,0,False,0,variable,quiet,0.3.0
2,356920361,16,120,15138,7.034769988059997,,0.8872580731274385,True,0,False,0,variable,quiet,0.3.0
2,356980178,16,120,15144,1.083281761407852,,0.006897591451102594,False,0,False,0,quiet,quiet,0.3.0
2,356980223,16,120,15145,1.4376006603240967,,0.05195798750316618,False,0,False,0,quiet,quiet,0.3.0
2,356980226,16,120,15144,0.514975248874709,,0.022696582491284915,False,0,False,0,quiet,quiet,0.3.0
2,357035841,16,120,15141,0.6597692728042602,,0.033419578483850715,False,0,False,0,quiet,quiet,0.3.0
2,357048961,16,120,14969,1.9335322380065916,,0.002995765916493085,False,0,False,0,quiet,quiet,0.3.0
2,357049421,16,120,14977,1.913737392425537,,0.0014717185081666443,False,0,False,0,quiet,quiet,0.3.0
2,357096629,16,120,14655,2.7336328268051147,,0.007386148812348265,False,0,False,0,quiet,quiet,0.3.0
2,357099320,16,120,15145,0.7447810649871826,,0.06827713145355252,False,0,False,0,quiet,quiet,0.3.0
2,357100819,16,120,15145,0.8376577734947205,,0.038046270549922726,False,0,False,0,quiet,quiet,0.3.0
2,357128937,16,120,15144,1.043294405937195,5.672205906565914,0.17276124329798573,False,0,False,0,rotator,quiet,0.3.0
2,357129220,16,120,15143,1.085623562335968,,0.0009689701900664095,False,0,False,0,quiet,quiet,0.3.0
2,357246711,16,120,13834,1.035075948531869,,0.0016894362964965618,False,0,False,0,quiet,quiet,0.3.0
2,357348494,16,120,15689,4.247054815292358,,0.01602476660953239,False,0,False,0,quiet,quiet,0.3.0
2,357349257,16,120,13945,7.368101048469542,9.615218937716842,0.7776807740560175,False,0,False,0,rotator,quiet,0.3.0
2,357371042,16,120,15457,0.35277242660522456,,0.09925613860649711,False,0,False,0,quiet,quiet,0.3.0
2,357371311,16,120,14688,4.672467394842726,,0.001340632790555674,False,0,False,0,quiet,quiet,0.3.0
2,357388332,16,120,13163,3.827209675312042,,0.02349376672816746,False,1,False,0,quiet,quiet,0.3.0
2,357395340,16,120,12227,1.5167800426483153,,0.006875257617189032,False,0,False,0,quiet,quiet,0.3.0
2,357397987,16,120,15399,9.782188510894775,,0.003918614962879953,False,0,False,0,variable,quiet,0.3.0
2,357398440,16,120,15399,1.353649306297302,,0.003869098970098223,False,0,False,0,quiet,quiet,0.3.0
2,357463794,16,120,14392,4.1864332254658105,,0.002694428895340169,False,0,False,0,quiet,quiet,0.3.0
2,357498149,16,120,15696,0.7812336033215044,,0.02162324872237512,False,0,False,0,quiet,quiet,0.3.0
2,357498249,16,120,15169,10.499309813976287,2.77070119450429,0.6324524017214447,False,0,False,0,rotator,quiet,0.3.0
2,357527284,16,120,15144,0.5165217826677431,,0.09904117193975313,False,0,False,0,quiet,quiet,0.3.0
2,357685727,16,120,14916,2.1168111731522576,,0.001955725638428016,False,0,False,0,quiet,quiet,0.3.0
2,357686186,16,120,15144,1.2418613766514435,,0.014164751974842961,False,1,False,0,quiet,quiet,0.3.0
2,357687420,16,120,15056,4.611801630961993,,0.03710742168185153,False,0,False,0,quiet,quiet,0.3.0
2,357861261,16,120,14388,1.175760805606842,2.11020915733223,0.2697167853668298,False,0,False,0,rotator,quiet,0.3.0
2,358626366,16,120,14392,19.50013156234826,,0.05316318748598823,False,0,False,0,variable,quiet,0.3.0
2,358767231,16,120,15690,0.5985289871254261,,0.0007835136295722245,False,0,False,0,quiet,quiet,0.3.0
2,358767955,16,120,15690,0.9020352065563202,,0.0008500474680934348,False,0,False,0,quiet,quiet,0.3.0
2,359388612,16,120,14971,18.70400819778442,,0.0009227740742172361,False,0,False,0,variable,quiet,0.3.0
2,359482655,16,120,14516,5.213423269987105,,0.0017624374126206288,False,0,False,0,variable,quiet,0.3.0
2,359482728,16,120,15144,1.24897518608048,4.9631844700050465,0.15280736859850053,False,0,False,0,rotator,quiet,0.3.0
2,359498326,16,120,14536,2.107532465457916,,0.005322347408912511,False,0,False,0,quiet,quiet,0.3.0
2,359551900,16,120,15143,0.5528417587280273,,0.018111707631438774,False,0,False,0,quiet,quiet,0.3.0
2,359553996,16,120,13912,3.1229903697967525,,0.004720242973616379,False,0,False,0,quiet,quiet,0.3.0
2,359555873,16,120,13912,1.9978213012218473,,0.0011147757109311164,False,0,False,0,quiet,quiet,0.3.0
2,359586492,16,120,13912,3.768355469952686,1.5360820628860588,0.5109836728402877,False,0,False,0,rotator,quiet,0.3.0
2,359629597,16,120,13911,1.190872049331665,,0.059792825703357595,False,0,False,0,quiet,quiet,0.3.0
2,359630325,16,120,13889,2.665057826042175,,0.0031350178674698042,False,0,False,0,quiet,quiet,0.3.0
2,359632110,16,120,13911,3.2446756482124326,,0.010090494244651547,False,0,False,0,quiet,quiet,0.3.0
2,359634060,16,120,13912,1.5566348433494568,,0.01102131684020428,False,0,False,0,quiet,quiet,0.3.0
2,359634548,16,120,13908,0.34769117080244927,,0.04098314286777036,False,0,False,0,quiet,quiet,0.3.0
2,359676213,16,120,13911,0.9140093207359313,,0.006210751031713797,False,0,False,0,quiet,quiet,0.3.0
2,359679558,16,120,13911,0.8170675992965698,5.4860052566325415,0.16711727160093195,False,0,False,0,rotator,quiet,0.3.0
2,362105071,16,120,14916,2.828939790396088,5.648844231842424,0.2647784486372019,False,0,False,0,rotator,quiet,0.3.0
2,362226108,16,120,15695,0.38688318729400634,,0.07900140041532537,False,0,False,0,quiet,quiet,0.3.0
2,362227590,16,120,15020,1.1606937813965614,,0.0010756697687808636,False,0,False,0,quiet,quiet,0.3.0
2,362257036,16,120,15698,0.9605802297592163,,0.0013170998570359311,False,0,False,0,quiet,quiet,0.3.0
2,362258727,16,120,15542,5.438545453548431,,0.002662736738560897,False,0,False,0,variable,quiet,0.3.0
2,362259855,16,120,15698,0.9055699734219916,0.4419226329022846,0.47813722102666684,False,0,False,0,rotator,quiet,0.3.0
2,364129668,16,120,12827,11.706265175342558,,0.0013294913998760662,False,0,False,0,variable,quiet,0.3.0
2,364180215,16,120,12452,2.384881299283543,7.870164583777879,0.14417267381679766,False,0,False,0,rotator,quiet,0.3.0
2,364184882,16,120,12828,1.0782004309773188,,0.002066806394221591,False,0,False,0,quiet,quiet,0.3.0
2,364406290,16,120,14675,0.6071892142295837,,0.033470613561495104,False,0,False,0,quiet,quiet,0.3.0
2,364493713,16,120,14678,4.13358793258667,,0.006544568296904967,False,0,False,0,quiet,quiet,0.3.0
2,364561703,16,120,14677,12.090939116477966,3.66096872074003,0.2878018465023711,False,1,False,0,rotator,quiet,0.3.0
2,364693505,16,120,14423,8.54350837469101,,0.001315158064276549,False,0,False,0,variable,quiet,0.3.0
2,364825739,16,120,14509,1.4070246934890744,,0.021176936774904204,False,0,False,0,quiet,quiet,0.3.0
2,364826365,16,120,14534,8.918506083443942,,0.00436689619864861,False,0,False,0,variable,quiet,0.3.0
2,364934586,16,120,14676,10.872981709241866,0.18956451321219508,0.7293598799101023,False,0,False,0,rotator,quiet,0.3.0
2,364968957,16,120,13910,1.1131949212195003,,0.08902029346073796,False,0,False,0,quiet,quiet,0.3.0
2,364969483,16,120,13910,1.2650143881146427,,0.004958258460615241,False,0,False,0,quiet,quiet,0.3.0
2,365048183,16,120,13898,3.811744952201843,0.7291586820333665,0.39364124539996026,False,0,False,0,rotator,quiet,0.3.0
2,365055072,16,120,14397,3.1594871163368223,,0.0021247980241005378,False,0,False,0,quiet,quiet,0.3.0
2,365097255,16,120,14567,1.3455192804336547,,0.0020715735184438826,False,0,False,0,quiet,quiet,0.3.0
2,365121768,16,120,14646,5.489799964427947,,0.007292025566763408,False,0,False,0,variable,quiet,0.3.0
2,365188122,16,120,14410,2.406045949819442,,0.001186128993359647,False,0,False,0,quiet,quiet,0.3.0
2,365188414,16,120,14363,2.3779441952705382,,0.0017314892256864052,False,0,False,0,quiet,quiet,0.3.0
2,365191267,16,120,14677,2.1664751529693604,0.5946800941870113,0.2099524376409708,False,0,False,0,rotator,quiet,0.3.0
2,365192876,16,120,14676,0.6319327900389669,,0.0072577910798668115,False,0,False,0,quiet,quiet,0.3.0
2,365193246,16,120,14676,0.7547668126364462,,0.0011875726319750303,False,0,False,0,quiet,quiet,0.3.0
2,365194374,16,120,14593,2.56714403629303,,0.001129783702267193,False,0,False,0,quiet,quiet,0.3.0
2,365194431,16,120,14633,1.0401130914688108,,0.0013600974724857638,False,0,False,0,quiet,quiet,0.3.0
2,365613123,16,120,14346,396.437767450876,,0.07094599491319842,False,0,False,0,variable,quiet,0.3.0
2,365663227,16,120,14944,0.9756914734840393,3.8331179349806765,0.12658199510045978,False,0,False,0,rotator,quiet,0.3.0
2,365668380,16,120,14942,0.5368468165397644,4.243800975578114,0.14533244432547224,False,0,False,0,rotator,quiet,0.3.0
2,365673252,16,120,14332,2.410420113801956,,0.01593653786051357,False,0,False,0,quiet,quiet,0.3.0
2,365763006,16,120,14660,0.4946501854270586,10.65010744638564,0.30278119627088257,False,1,False,0,rotator,quiet,0.3.0
2,366162981,16,120,14673,1.3792765617370606,1.195416066751008,0.14712920721403516,False,0,False,0,rotator,quiet,0.3.0
2,366489119,16,120,11933,9.649103522300718,,0.005172142415193327,False,0,False,0,variable,quiet,0.3.0
2,366491189,16,120,12829,1.3541795253753661,15.786766589842175,0.27070596533999675,False,3,False,0,flaring,quiet,0.3.0
2,366513806,16,120,12209,2.5770414590835573,,0.003953073068984321,False,0,False,0,quiet,quiet,0.3.0
2,366514544,16,120,12135,0.8819310665130615,,0.0022391791861463605,False,0,False,0,quiet,quiet,0.3.0
2,366517873,16,120,12829,1.3356218576431276,,0.0023155373927008596,False,0,False,0,quiet,quiet,0.3.0
2,366518456,16,120,12829,13.383436489105224,,0.0010913058943269034,False,0,False,0,variable,quiet,0.3.0
2,366562545,16,120,12829,0.8683221101760864,,0.0008968998208239924,False,0,False,0,quiet,quiet,0.3.0
2,366562857,16,120,12829,2.2191435813903806,,0.0070735007960456165,False,0,False,0,quiet,quiet,0.3.0
2,366579153,16,120,12829,2.9346742272377013,,0.018663914989995416,False,0,False,0,quiet,quiet,0.3.0
2,366581547,16,120,12826,0.46491376161575315,,0.009583393901861477,False,0,False,0,quiet,quiet,0.3.0
2,366642080,16,120,12827,0.7624550342559814,0.329876500100678,0.2533320466110464,False,0,False,0,rotator,quiet,0.3.0
2,367608612,16,120,12049,1.537281847000122,,0.004311512999942736,False,0,False,0,quiet,quiet,0.3.0
2,367611232,16,120,12937,0.9267345786094665,,0.004307867548181245,False,0,False,0,quiet,quiet,0.3.0
2,367611540,16,120,13519,1.250256586074829,,0.002426651272410538,False,0,False,0,quiet,quiet,0.3.0
2,367681735,16,120,15697,62.6165755033493,0.25682903285840913,0.5229631689888234,False,0,False,0,rotator,quiet,0.3.0
2,367691816,16,120,13550,52.18442521737738,,0.8456611494502322,True,0,False,0,variable,quiet,0.3.0
2,367836343,16,120,15499,3.3536356687545776,,0.001978751132950907,False,0,False,0,quiet,quiet,0.3.0
2,367838166,16,120,15697,0.7554738163948059,,0.0012457404495790966,False,0,False,0,quiet,quiet,0.3.0
2,367839927,16,120,15594,1.2332453539000345,,0.0009612019013691831,False,0,False,0,quiet,quiet,0.3.0
2,367853801,16,120,15699,0.739302134513855,,0.006882301070773638,False,0,False,0,quiet,quiet,0.3.0
2,367853806,16,120,15529,1.3513516902923584,,0.0006657401483740163,False,0,False,0,quiet,quiet,0.3.0
2,367857305,16,120,15699,4.940051150321961,,0.004647567492470521,False,0,False,0,quiet,quiet,0.3.0
2,369485072,16,120,14399,0.3757485866546631,,0.004469973140187064,False,0,False,0,quiet,quiet,0.3.0
2,369532126,16,120,13780,3.5916154508819904,,0.004273125569349947,False,0,False,0,quiet,quiet,0.3.0
2,370337899,16,120,13550,25.577725665433743,,0.01157407705187345,False,0,False,0,variable,quiet,0.3.0
2,370725511,16,120,13582,4.632612454891205,,0.025837826053322153,False,0,False,0,quiet,quiet,0.3.0
2,371221934,16,120,14357,3.8014940500259398,,0.0046358657484782875,False,0,False,0,quiet,quiet,0.3.0
2,371222397,16,120,14393,14.520933151245117,0.44217253674495105,0.6808985722530956,False,0,False,0,rotator,quiet,0.3.0
2,371303697,16,120,14876,2.852224990592897,11.882823375718317,0.4192858845164528,False,0,False,0,rotator,quiet,0.3.0
2,371395537,16,120,12857,7.715571284294128,,0.01470688653314073,False,0,False,0,variable,quiet,0.3.0
2,371587195,16,120,13549,1.2833952784538267,5.708427071213123,0.6939529847096543,False,9,False,0,flaring,quiet,0.3.0
2,371671188,16,120,12809,10.491444897651673,,0.005862196711672187,False,0,False,0,variable,quiet,0.3.0
2,371925752,16,120,13822,3.178309988329112,,0.0274501856958926,False,0,False,0,quiet,quiet,0.3.0
2,371927270,16,120,14402,0.9413156032562255,,0.04581168619875549,False,0,False,0,quiet,quiet,0.3.0
2,371971892,16,120,14217,1.2007694721221922,,0.018759715513332817,False,0,False,0,quiet,quiet,0.3.0
2,371971946,16,120,13923,7.653535652160644,5.484075635931732,0.851327704230608,False,0,False,0,rotator,quiet,0.3.0
2,372004787,16,120,13548,4.9249839447443495,0.3004574306864266,0.8941959259282038,False,0,False,0,rotator,quiet,0.3.0
2,372045060,16,120,14396,0.4173266117968145,,0.021365264715877103,False,0,False,0,quiet,quiet,0.3.0
2,372045759,16,120,13908,6.952497661113739,5.234147734492933,0.6121528556291971,False,0,False,0,rotator,quiet,0.3.0
2,372045792,16,120,14401,3.0059886932373048,0.2418949061848868,0.10310893561054084,False,0,False,0,rotator,quiet,0.3.0
2,372057971,16,120,14391,1.3234268188476561,,0.0017201883908136868,False,0,False,0,quiet,quiet,0.3.0
2,372071602,16,120,14302,2.122599524259567,,0.0014825530513773377,False,0,False,0,quiet,quiet,0.3.0
2,372077696,16,120,14385,1.7025334596633912,4.145023097062871,0.4736714821881978,False,0,False,0,rotator,quiet,0.3.0
2,372207328,16,120,14375,1.86955246925354,,0.003072806553949678,False,0,False,0,quiet,quiet,0.3.0
2,372252647,16,120,14119,1.536663258075714,4.430194070737606,0.18937836973450253,False,0,False,0,rotator,quiet,0.3.0
2,372324538,16,120,14387,0.2753604412078857,,0.011201309521921506,False,0,False,0,quiet,quiet,0.3.0
2,372683724,16,120,14520,1.3541795253753661,,0.0017578878612867581,False,0,False,0,quiet,quiet,0.3.0
2,372749943,16,120,12821,0.6572949171066284,5.816250971502566,0.146746530172313,False,6,False,0,flaring,quiet,0.3.0
2,373445184,16,120,14342,3.880894241306357,,0.024547236416603918,False,0,False,0,quiet,quiet,0.3.0
2,373819241,16,120,14385,13.963496160507201,12.894804676038298,0.17844085672086157,False,0,False,0,rotator,quiet,0.3.0
2,373930070,16,120,13885,0.813709545135498,,0.03966339764659276,False,4,False,0,flaring,quiet,0.3.0
2,373931374,16,120,13883,3.3402034521102903,16.433602564624643,0.5584797528357149,False,4,False,0,flaring,quiet,0.3.0
2,373931679,16,120,13884,1.4248312175273894,2.300705279659815,0.5606281221779723,False,0,False,0,rotator,quiet,0.3.0
2,373934851,16,120,13882,1.2890066868658847,2.0915560029094524,0.2788068298091447,False,0,False,0,rotator,quiet,0.3.0
2,374004440,16,120,13838,1.8364136674157578,5.744829151157319,0.28655160992967105,False,0,False,0,rotator,quiet,0.3.0
2,374046378,16,120,13880,0.5915035312471668,,0.044343741823197697,False,0,False,0,quiet,quiet,0.3.0
2,374048139,16,120,13881,1.7228585243225099,0.7618247209302956,0.6328388877130142,False,0,False,0,rotator,quiet,0.3.0
2,374138156,16,120,13880,1.8549713340418734,5.228886804899792,0.4709707323502559,False,0,False,0,rotator,quiet,0.3.0
2,374175364,16,120,13591,2.488318133354187,,0.003550386510782111,False,0,False,0,quiet,quiet,0.3.0
2,374207942,16,120,13610,1.8611572783840513,,0.0026227309578539452,False,0,False,0,quiet,quiet,0.3.0
2,374294411,16,120,13649,1.3819276571273804,,0.07357892881012662,False,0,False,0,quiet,quiet,0.3.0
2,374320019,16,120,13885,0.5164333820343017,,0.08250097257699156,False,0,False,0,quiet,quiet,0.3.0
2,374405322,16,120,13883,1.7377046585083007,5.228896272322924,0.2721753660329968,False,0,False,0,rotator,quiet,0.3.0
2,375116612,16,120,14678,5.21112549867852,,0.060006251463649164,False,0,False,0,variable,quiet,0.3.0
2,376023519,16,120,14944,110.17395712137223,0.182228729763705,0.969271465540467,False,0,False,0,rotator,quiet,0.3.0
2,376079066,16,120,14663,3.9211468219757073,,0.0036464101746066756,False,0,False,0,quiet,quiet,0.3.0
2,376847584,16,120,14603,1.1751422166824341,,0.006403675103129496,False,0,False,0,quiet,quiet,0.3.0
2,376849183,16,120,14570,3.461005135208521,4.865443679344328,0.24612791041723,False,0,False,0,rotator,quiet,0.3.0
2,376869803,16,120,15296,2.295318320533087,10.850546534979602,0.35492426799634985,False,0,False,0,rotator,quiet,0.3.0
2,376870043,16,120,15699,1.96136873960495,8.58593695093191,0.5063396326994601,False,0,False,0,rotator,quiet,0.3.0
2,376871715,16,120,14991,1.7309885501861573,,0.0010614784347647383,False,0,False,0,quiet,quiet,0.3.0
2,376880060,16,120,15136,1.4669835905139568,,0.0007570265862990407,False,0,False,0,quiet,quiet,0.3.0
2,376880154,16,120,15699,0.6355559349060058,,0.001103051216897617,False,0,False,0,quiet,quiet,0.3.0
2,376883331,16,120,15697,0.6714340925216674,,0.006319085687620082,False,0,False,0,quiet,quiet,0.3.0
2,376883820,16,120,15699,0.8194535851478576,,0.0015861327168530085,False,0,False,0,quiet,quiet,0.3.0
2,376884274,16,120,15631,0.9783425688743592,,0.007730038195792605,False,0,False,0,quiet,quiet,0.3.0
2,376925418,16,120,15215,1.2329360961914062,,0.011879517738278953,False,0,False,0,quiet,quiet,0.3.0
2,376926030,16,120,15696,0.5317213971448776,5.22624012578124,0.6866242800357863,False,0,False,0,rotator,quiet,0.3.0
2,376928547,16,120,13704,3.1553337335586544,,0.0028046050805862386,False,0,False,0,quiet,quiet,0.3.0
2,376929834,16,120,13911,8.181280374526976,,0.0009507592514200416,False,0,False,0,variable,quiet,0.3.0
2,376977513,16,120,13537,22.863753604888913,,0.0015106178591613886,False,0,False,0,variable,quiet,0.3.0
2,376995369,16,120,13911,0.5344608306884765,,0.07743313164383119,False,0,False,0,quiet,quiet,0.3.0
2,376996709,16,120,13562,4.335999065637588,,0.0035087015551856153,False,0,False,0,quiet,quiet,0.3.0
2,376996854,16,120,13910,0.5782480895519256,,0.0028367505111914584,False,0,False,0,quiet,quiet,0.3.0
2,377049136,16,120,13911,2.249012589454651,,0.0015838781013062318,False,0,False,0,quiet,quiet,0.3.0
2,377051218,16,120,13912,1.4630069911479948,,0.019544035050290866,False,0,False,0,quiet,quiet,0.3.0
2,377053663,16,120,13909,0.5486000061035156,,0.01831033044075776,False,0,False,0,quiet,quiet,0.3.0
2,377055138,16,120,13584,1.288564991269409,,0.0009360527352849791,False,0,False,0,quiet,quiet,0.3.0
2,377055637,16,120,13910,0.7223792874103996,,0.0015110715069304316,False,0,False,0,quiet,quiet,0.3.0
2,377099472,16,120,13883,1.3890856146812438,,0.004131568987333211,False,0,False,0,quiet,quiet,0.3.0
2,377104012,16,120,13737,1.522789192199707,,0.004880902637709527,False,0,False,0,quiet,quiet,0.3.0
2,377160295,16,120,13911,0.8651407957077025,0.8597494241802173,0.167423726627473,False,0,False,0,rotator,quiet,0.3.0
2,377161347,16,120,13912,1.7833919753665908,,0.0034608420529671723,False,0,False,0,quiet,quiet,0.3.0
2,377190097,16,120,13541,1.9630477666854858,3.808052947588673,0.18468313563062702,False,0,False,0,rotator,quiet,0.3.0
2,377253308,16,120,13512,2.4216429399464765,,0.0010722023039114728,False,0,False,0,quiet,quiet,0.3.0
2,377254570,16,120,13607,5.433154892921448,5.724233688522418,0.3873915578312475,False,0,False,0,rotator,quiet,0.3.0
2,377255272,16,120,13664,2.616277592889142,,0.0017798309846443956,False,0,False,0,quiet,quiet,0.3.0
2,377293776,16,120,13544,1.1527846799130643,,0.0039688593155517106,False,1,False,0,quiet,quiet,0.3.0
2,377295633,16,120,13910,0.4319518089294433,,0.001607573934748535,False,0,False,0,quiet,quiet,0.3.0
2,377784967,16,120,13466,2.3311082461806607,,0.0018532311028159937,False,0,False,0,quiet,quiet,0.3.0
2,383623314,16,120,15141,0.7509669542312623,,0.05277325437677169,False,0,False,0,quiet,quiet,0.3.0
2,383646959,16,120,15072,1.5573418021202086,,0.0020031211766197753,False,0,False,0,quiet,quiet,0.3.0
2,383648251,16,120,15133,0.1747955560684204,,0.09289626791864862,False,0,False,0,quiet,quiet,0.3.0
2,383673167,16,120,14670,2.0518151550403143,,0.0026038968059605592,False,0,False,0,quiet,quiet,0.3.0
2,383837283,16,120,14391,33.342296504974364,,0.0016473301667889338,False,0,False,0,variable,quiet,0.3.0
2,387238881,16,120,12466,2.230454921722412,,0.005083568167672295,False,0,False,0,quiet,quiet,0.3.0
2,387289106,16,120,12420,1.499105984025837,,0.004478380710753693,False,0,False,0,quiet,quiet,0.3.0
2,387289871,16,120,12119,0.8927121877670288,,0.009445726108070202,False,0,False,0,quiet,quiet,0.3.0
2,387331030,16,120,12825,0.4171056747436523,,0.0017278065587716766,False,0,False,0,quiet,quiet,0.3.0
2,387361735,16,120,13861,2.3931438088417054,4.258279383979984,0.3877367013450696,False,0,False,0,rotator,quiet,0.3.0
2,387412503,16,120,12818,0.36483492150410773,,0.05315844573505708,False,0,False,0,quiet,quiet,0.3.0
2,387444984,16,120,12827,3.235396814346313,,0.003138192041582924,False,0,False,0,quiet,quiet,0.3.0
2,387450837,16,120,12825,1.1714306831359864,3.683615173529082,0.23137655443366223,False,0,False,0,rotator,quiet,0.3.0
2,387564014,16,120,12822,0.9718032002449035,,0.2611843697638262,True,0,False,0,quiet,quiet,0.3.0
2,387603556,16,120,12828,0.8175536090864656,,0.02553052969151301,False,0,False,0,quiet,quiet,0.3.0
2,387627109,16,120,12174,93.69801785945891,,0.002274652361940641,False,0,False,0,variable,quiet,0.3.0
2,387701558,16,120,12171,1.686096668243408,,0.016520253671308986,False,0,False,0,quiet,quiet,0.3.0
2,387703335,16,120,12781,1.4593396425247191,,0.0019971757628860142,False,0,False,0,quiet,quiet,0.3.0
2,387812482,16,120,12250,1.8532481773719733,,0.020418506041889644,False,0,False,0,quiet,quiet,0.3.0
2,387877168,16,120,12180,2.6380609166044273,,0.0030748357881260823,False,0,False,0,quiet,quiet,0.3.0
2,387877452,16,120,12167,0.7293163418769836,,0.0030774286507532656,False,0,False,0,quiet,quiet,0.3.0
2,387897228,16,120,12825,0.7605108976364134,,0.06727255099244621,False,0,False,0,quiet,quiet,0.3.0
2,387936047,16,120,14160,21.83901686668396,,0.02063429618077169,False,0,False,0,variable,quiet,0.3.0
2,387953412,16,120,12826,0.32997300624847414,,0.0043256154219584245,False,0,False,0,quiet,quiet,0.3.0
2,388133217,16,120,12285,0.9417574524879455,,0.002296326534106534,False,0,False,0,quiet,quiet,0.3.0
2,388184406,16,120,14608,6.670067234631346,,0.0143106143816323,False,0,False,0,variable,quiet,0.3.0
2,388645535,16,120,13552,17.049945090712754,,0.004814007688327148,False,0,False,0,variable,quiet,0.3.0
2,388705796,16,120,13551,180.20918122529983,0.25829924322356507,0.9284125704547544,False,0,False,0,rotator,quiet,0.3.0
2,389025214,16,120,13550,12.091999554634093,4.077698774491003,0.1053030721681484,False,1,False,0,rotator,quiet,0.3.0
2,389102266,16,120,13551,0.6541136026382446,,0.03173187025392086,False,0,False,0,quiet,quiet,0.3.0
2,389341574,16,120,13548,0.8951865434646606,,0.09856503689007536,False,0,False,0,quiet,quiet,0.3.0
2,389917321,16,120,15133,10.427111649513245,,0.015539161707704046,False,0,False,0,variable,quiet,0.3.0
2,389917323,16,120,15134,0.20254368782043455,2.4309471438092185,0.21605348522181123,False,0,False,0,rotator,quiet,0.3.0
2,389961858,16,120,15004,1.5588882744312287,,0.0015548654415403127,False,0,False,0,quiet,quiet,0.3.0
2,389965738,16,120,15145,2.082877278327942,,0.0007739538444591661,False,0,False,0,quiet,quiet,0.3.0
2,389969478,16,120,15143,0.7619248151779174,,0.0011621530445086298,False,0,False,0,quiet,quiet,0.3.0
2,389969968,16,120,14940,1.5151452004909514,10.797830953836803,0.29389885158391527,False,0,False,0,rotator,quiet,0.3.0
2,390974411,16,120,12828,10.06483946442604,,0.0012487604085402572,False,0,False,0,variable,quiet,0.3.0
2,392536579,16,120,13861,1.2492845177650451,,0.0008193047539265765,False,0,False,0,quiet,quiet,0.3.0
2,392536805,16,120,13912,5.154524767398835,0.6330035172909623,0.16221309951323373,False,0,False,3,rotator,quiet,0.3.0
2,392567622,16,120,13909,0.6961776494979858,,0.0608259675728886,False,0,False,0,quiet,quiet,0.3.0
2,392568104,16,120,13912,3.0298041862366087,,0.02586934389701729,False,0,False,0,quiet,quiet,0.3.0
2,393888151,16,120,13461,0.8338578701019287,,0.004138490595201252,False,0,False,0,quiet,quiet,0.3.0
2,393894746,16,120,14663,1.566178786754608,,0.008796904254185568,False,0,False,0,quiet,quiet,0.3.0
2,393910716,16,120,14663,0.23541727066040036,,0.04332607976232963,False,0,False,0,quiet,quiet,0.3.0
2,393927184,16,120,15388,0.2729302704334259,1.1587075654533558,0.18469446750299925,False,0,False,0,rotator,quiet,0.3.0
2,393944626,16,120,14516,2.4363123335652155,,0.0017305589580002582,False,0,False,0,quiet,quiet,0.3.0
2,393960034,16,120,15393,0.46800670623779295,,0.0024572096755458364,False,0,False,0,quiet,quiet,0.3.0
2,393960504,16,120,14551,1.6640042066574097,8.33872919302215,0.29566293164679464,False,0,False,0,rotator,quiet,0.3.0
2,393960955,16,120,14523,1.6921941876411437,,0.001294900040296465,False,0,False,0,quiet,quiet,0.3.0
2,393961115,16,120,14366,1.4471005050599874,,0.003031371453530116,False,0,False,0,quiet,quiet,0.3.0
2,393965682,16,120,14296,3.742065439881844,,0.0015441970151180095,False,0,False,0,quiet,quiet,0.3.0
2,393965951,16,120,14319,57.4872361421585,,0.000928536974271467,False,0,False,0,variable,quiet,0.3.0
2,393980503,16,120,14459,4.875187683105469,,0.003264669561762478,False,0,False,0,quiet,quiet,0.3.0
2,394009348,16,120,14815,89.82529771327972,,0.001934397537037239,False,0,False,0,variable,quiet,0.3.0
2,394122513,16,120,12829,1.3005390286445617,,0.002235080623388817,False,0,False,0,quiet,quiet,0.3.0
2,394130000,16,120,12828,0.5922547101974487,,0.0021369031386468617,False,0,False,0,quiet,quiet,0.3.0
2,395465057,16,120,14392,0.6858383979153155,1.1159802670487387,0.10659582385926147,False,0,False,0,rotator,quiet,0.3.0
2,395780068,16,120,13797,7.624638712406158,,0.004928258385186161,False,0,False,0,variable,quiet,0.3.0
2,395915301,16,120,13853,6.599813604354858,,0.06638229261213331,False,0,False,0,variable,quiet,0.3.0
2,396136151,16,120,13878,3.0020120501518246,,0.21446732035252847,True,1,False,0,quiet,quiet,0.3.0
2,397659700,16,120,14394,0.36859062910079954,,0.002049360232757813,False,0,False,0,quiet,quiet,0.3.0
2,397660644,16,120,14403,0.3218429803848266,,0.011339828350287134,False,0,False,0,quiet,quiet,0.3.0
2,397663876,16,120,14398,0.4541326403617859,0.9000787974221129,0.3851793202252522,False,0,False,0,rotator,quiet,0.3.0
2,397679902,16,120,14181,0.9460875749588012,,0.0014040179224049253,False,0,False,0,quiet,quiet,0.3.0
2,399760199,16,120,14846,2.0254368178416247,7.381878443853368,0.19880054623137278,False,0,False,0,rotator,quiet,0.3.0
2,399760691,16,120,15208,2.1560475753559936,7.4434863738412105,0.30600968478345675,False,0,False,0,rotator,quiet,0.3.0
2,399788371,16,120,15144,0.5189960766437007,,0.0010259489118025797,False,0,False,0,quiet,quiet,0.3.0
2,399788405,16,120,14630,99.21980770826339,0.21537672426968002,0.8710791853054979,False,0,False,0,rotator,quiet,0.3.0
2,399788455,16,120,14713,1.369379138946533,,0.006072036781150694,False,0,False,0,quiet,quiet,0.3.0
2,399896673,16,120,13823,1.9204535007476806,,0.07984966450890861,False,0,False,0,quiet,quiet,0.3.0
2,399897593,16,120,14397,0.3649674654006958,,0.005820065126610435,False,0,False,0,quiet,quiet,0.3.0
2,400470543,16,120,13911,0.9606685996055602,,0.0011636748210396084,False,0,False,0,quiet,quiet,0.3.0
2,400473972,16,120,13911,0.6491648912429809,,0.005408869571665694,False,0,False,0,quiet,quiet,0.3.0
2,402442892,16,120,12471,1.8805103302001953,,0.004352851298646812,False,0,False,0,quiet,quiet,0.3.0
2,402448314,16,120,11803,1.4410470843315124,,0.002804106724771599,False,0,False,0,quiet,quiet,0.3.0
2,402448457,16,120,12829,0.723395562171936,,0.0010853844091901113,False,0,False,0,quiet,quiet,0.3.0
2,402655780,16,120,12827,1.4651720523834226,,0.014494448870007854,False,0,False,0,quiet,quiet,0.3.0
2,402658977,16,120,12828,1.234217458963394,,0.0011769609417019984,False,0,False,0,quiet,quiet,0.3.0
2,402894400,16,120,12791,2.0715659379959104,0.7410100644712363,0.15786893893889994,False,0,False,0,rotator,quiet,0.3.0
2,402897539,16,120,12828,4.778510928794416,,0.0012504330359566968,False,0,False,0,quiet,quiet,0.3.0
2,402898106,16,120,12175,1.0014070987701416,,0.026798924564088437,False,0,False,0,quiet,quiet,0.3.0
2,403119873,16,120,12827,140.01079856157304,,0.001546875284178506,False,0,False,0,variable,quiet,0.3.0
2,403332208,16,120,12826,11.151744057186123,0.8435683659928416,0.9119939157479712,False,0,False,0,rotator,quiet,0.3.0
2,403332647,16,120,12827,1.7247142910957334,2.695315769783852,0.4218511397056136,False,0,False,0,rotator,quiet,0.3.0
2,403335239,16,120,12828,17.54768875837326,,0.0027160422182492734,False,0,False,0,variable,quiet,0.3.0
2,403585118,16,120,12821,0.15111243724822995,,0.08877571631618643,False,0,False,0,quiet,quiet,0.3.0
2,404113070,16,120,14944,1.8330557227134703,5.658449609636916,0.35668637334591036,False,0,False,0,rotator,quiet,0.3.0
2,404113765,16,120,14633,0.7143818378448485,,0.004033051104210039,False,0,False,0,quiet,quiet,0.3.0
2,404653836,16,120,14939,29.553704452514648,4.949105835476644,0.14668361038911018,False,0,False,0,rotator,quiet,0.3.0
2,405525625,16,120,15449,0.8511783599853515,,0.002366247489456077,False,0,False,0,quiet,quiet,0.3.0
2,405525972,16,120,14573,13.423556399345397,,0.0008363830755318749,False,0,False,0,variable,quiet,0.3.0
2,405526082,16,120,15683,0.8179512977600097,,0.0008847527945817086,False,0,False,0,quiet,quiet,0.3.0
2,405526291,16,120,14205,1.1721376419067382,,0.00103939956113512,False,0,False,0,quiet,quiet,0.3.0
2,405526951,16,120,15460,1.0026442766189574,11.941567775125124,0.11646826366066304,False,0,False,0,rotator,quiet,0.3.0
2,405559650,16,120,14977,1.35382604598999,5.94267548916946,0.29760481314747605,False,6,False,0,flaring,quiet,0.3.0
2,405579891,16,120,14344,1.1833606123924254,,0.002818929036811843,False,0,False,0,quiet,quiet,0.3.0
2,405758577,16,120,13911,1.3029250144958495,,0.0008850279965960195,False,0,False,0,quiet,quiet,0.3.0
2,405764678,16,120,13912,1.2147319078445433,,0.005951960365007311,False,0,False,0,quiet,quiet,0.3.0
2,405836863,16,120,13910,1.7014729707994172,5.760342364549729,0.24424059199633366,False,0,False,0,rotator,quiet,0.3.0
2,405894687,16,120,14592,2.5032526373863218,,0.00976406134344514,False,0,False,0,quiet,quiet,0.3.0
2,405900136,16,120,14330,7.2091676649699306,,0.04050399084772933,False,0,False,0,variable,quiet,0.3.0
2,405902579,16,120,14395,1.6851245999336242,,0.00165306632307643,False,0,False,0,quiet,quiet,0.3.0
2,405903731,16,120,14481,0.9155999779701232,,0.0007932949210089078,False,0,False,0,quiet,quiet,0.3.0
2,405903905,16,120,14356,1.9950819549013348,,0.003107789697145611,False,0,False,0,quiet,quiet,0.3.0
2,405936965,16,120,14677,20.134009051322938,,0.0007625831010109113,False,0,False,0,variable,quiet,0.3.0
2,406925457,16,120,13911,5.340896773338318,,0.00154242642221185,False,0,False,0,variable,quiet,0.3.0
2,406925552,16,120,13912,0.6516392080998893,,0.0011336111725256009,False,0,False,0,quiet,quiet,0.3.0
2,406928309,16,120,13467,2.039222574234009,,0.00432871410922035,False,0,False,0,quiet,quiet,0.3.0
2,406929097,16,120,13912,2.3651745410107483,,0.0018141623993582969,False,0,False,0,quiet,quiet,0.3.0
2,406929098,16,120,13912,1.46322800297904,,0.0012741227564998445,False,0,False,0,quiet,quiet,0.3.0
2,406929176,16,120,13569,1.1268922805786132,,0.0012482447722838306,False,0,False,0,quiet,quiet,0.3.0
2,406930733,16,120,13911,0.4998198509216309,,0.0010596796425725878,False,0,False,0,quiet,quiet,0.3.0
2,407651886,16,120,13887,1.2331128358840941,5.236035887880968,0.1896997312467854,False,1,False,0,rotator,quiet,0.3.0
2,407656364,16,120,13863,1.4292938947677611,5.476756493346026,0.15933027536456348,False,0,False,0,rotator,quiet,0.3.0
2,407657403,16,120,13843,15.876261484622955,,0.0018295643840505556,False,0,False,0,variable,quiet,0.3.0
2,407690405,16,120,14285,0.7771244287490844,,0.002440942891866316,False,0,False,0,quiet,quiet,0.3.0
2,407692630,16,120,13898,6.320078667399923,,0.0017651206691699686,False,0,False,0,variable,quiet,0.3.0
2,407745552,16,120,13958,2.074703191203069,,0.013913014669335456,False,0,False,0,quiet,quiet,0.3.0
2,407845947,16,120,13626,2.0132418394088742,,0.0017689293989895866,False,0,False,0,quiet,quiet,0.3.0
2,407847733,16,120,13749,2.457918906211853,,0.010806785051983299,False,0,False,0,quiet,quiet,0.3.0
2,407912467,16,120,14397,0.6888429522514343,,0.013834193776447535,False,0,False,0,quiet,quiet,0.3.0
2,408094501,16,120,14944,13.579042334613659,,0.04477723306396667,False,2,False,0,variable,quiet,0.3.0
2,408628633,16,120,14869,1.8334092020988464,,0.31922738535487155,True,0,False,0,quiet,quiet,0.3.0
2,409446761,16,120,14859,5.205867648124695,,0.6470950753704413,True,9,False,0,flaring,quiet,0.3.0
2,409455615,16,120,13878,19.44004064798355,1.6202261715159076,0.6723706620988101,False,0,False,0,rotator,quiet,0.3.0
2,409477417,16,120,13691,2.762441396713257,,0.014208462413891067,False,0,False,0,quiet,quiet,0.3.0
2,409479185,16,120,13883,0.5936686277389526,,0.022972587749240766,False,0,False,0,quiet,quiet,0.3.0
2,409480010,16,120,13885,1.6228238582611083,,0.0015257598341761435,False,0,False,0,quiet,quiet,0.3.0
2,410237858,16,120,14939,0.376985764503479,,0.04992597611888297,False,0,False,0,quiet,quiet,0.3.0
2,412119866,16,120,14936,10.844525972334983,9.902315389016584,0.34073473593320547,False,0,False,0,rotator,quiet,0.3.0
2,413446345,16,120,13552,4.085116950121017,,0.02248389429599553,False,0,False,0,quiet,quiet,0.3.0
2,413746112,16,120,13541,4.002447080612182,7.13594159202458,0.44100333697046856,False,0,False,0,rotator,quiet,0.3.0
2,414587194,16,120,13548,1.0586707592010498,5.1897744595516375,0.24764680746348952,False,3,False,0,flaring,quiet,0.3.0
2,414870003,16,120,13546,2.3609770440472935,1.392379753020694,0.6881252687431295,False,0,False,0,rotator,quiet,0.3.0
2,416035921,16,120,13551,11.974997878074646,,0.011853126160323394,False,0,False,0,variable,quiet,0.3.0
2,416036193,16,120,13550,1.9542550252155968,5.708755547676559,0.3430668861665377,False,0,False,0,rotator,quiet,0.3.0
2,416036999,16,120,13552,82.05917887687683,9.51460543821232,0.11491706565463997,False,0,False,0,rotator,quiet,0.3.0
2,416193088,16,120,12485,5.3106742858886715,,0.041570931020554674,False,0,False,0,variable,quiet,0.3.0
2,416193155,16,120,12829,1.0915443420410156,,0.061299969107874865,False,0,False,0,quiet,quiet,0.3.0
2,416193373,16,120,12761,4.287704944610596,1.2831157934845865,0.6733232833205766,False,0,False,0,rotator,quiet,0.3.0
2,416195176,16,120,13862,0.8815775608546268,,0.002933792264907582,False,0,False,0,quiet,quiet,0.3.0
2,416313819,16,120,13513,2.5668789267539975,,0.005797348610584147,False,0,False,0,quiet,quiet,0.3.0
2,416314572,16,120,13552,6.939065444469451,,0.00146720616196748,False,0,False,0,variable,quiet,0.3.0
2,416401395,16,120,13912,5.48807675242424,,0.0041526394524609425,False,0,False,0,variable,quiet,0.3.0
2,416403634,16,120,13912,1.114255392551422,,0.020661714394779093,False,0,False,0,quiet,quiet,0.3.0
2,416404216,16,120,13910,1.2742489993572235,,0.03593749470703446,False,0,False,0,quiet,quiet,0.3.0
2,416575784,16,120,14663,24.717399501800536,,0.015354079670105087,False,0,False,0,variable,quiet,0.3.0
2,416576389,16,120,14662,9.043505504340262,,0.061735141265897554,False,1,False,0,variable,quiet,0.3.0
2,416576405,16,120,14663,2.6168078899383542,,0.0053026938396045515,False,0,False,0,quiet,quiet,0.3.0
2,416590789,16,120,14660,1.7240073323249816,6.890227357982493,0.2773778557584916,False,0,False,0,rotator,quiet,0.3.0
2,416592684,16,120,14662,1.4186011433601378,,0.04298529887462071,False,0,False,0,quiet,quiet,0.3.0
2,416593504,16,120,14663,8.934191465377808,,0.004060678476320532,False,0,False,0,variable,quiet,0.3.0
2,416603907,16,120,14672,0.22375245094299315,,0.0038117234962244885,False,0,False,0,quiet,quiet,0.3.0
2,416977327,16,120,14386,0.4379609845853438,,0.005654466936583847,False,0,False,0,quiet,quiet,0.3.0
2,417053031,16,120,14259,64.44371044635773,,0.0011542696235323977,False,0,False,0,variable,quiet,0.3.0
2,417118877,16,120,14663,0.7903799057006835,,0.0056437014598657185,False,0,False,0,quiet,quiet,0.3.0
2,417119505,16,120,13912,1.0703355151214888,,0.0037427667155872243,False,0,False,0,quiet,quiet,0.3.0
2,417119527,16,120,14216,1.0600846767425538,,0.005776020641759984,False,0,False,0,quiet,quiet,0.3.0
2,417205305,16,120,14392,10.471870352514363,4.463905915487116,0.1511928146316546,False,2,False,0,rotator,quiet,0.3.0
2,417268853,16,120,14389,0.8398670196533203,4.835895650325407,0.449294240009948,False,0,False,0,rotator,quiet,0.3.0
2,417601753,16,120,14891,4.217539286613464,,0.0011917472922376425,False,0,False,0,quiet,quiet,0.3.0
2,417604820,16,120,14946,0.3037713377543885,,0.11710231245824987,True,0,False,0,quiet,quiet,0.3.0
2,417609602,16,120,13753,3.722844886779785,4.615880455688512,0.6263601393734127,False,0,False,0,rotator,quiet,0.3.0
2,417935430,16,120,14661,0.7718222379684447,,0.08411548304650993,False,0,False,0,quiet,quiet,0.3.0
2,417948150,16,120,13177,7.639661586284637,,0.006567976419401529,False,0,False,0,variable,quiet,0.3.0
2,417948359,16,120,13539,1.9402483463287352,,0.021166159090049184,False,0,False,1,quiet,quiet,0.3.0
2,418203178,16,120,12817,4.257835936546326,5.525453310176999,0.6098601681899409,False,0,False,0,rotator,quiet,0.3.0
2,418649663,16,120,14390,1.043426929610165,,0.03454774805958321,False,0,False,0,quiet,quiet,0.3.0
2,418745225,16,120,14401,0.6891080617904664,,0.0016680474175750797,False,0,False,0,quiet,quiet,0.3.0
2,418750644,16,120,13876,1.2770325733999863,,0.006316978817721437,False,0,False,0,quiet,quiet,0.3.0
2,418922051,16,120,14188,1.192197525966315,,0.005397730620325446,False,0,False,0,quiet,quiet,0.3.0
2,418959595,16,120,13848,1.0035279750823973,,0.0035130264692208226,False,0,False,0,quiet,quiet,0.3.0
2,419658881,16,120,14389,1.8053075909614562,1.5683821152524124,0.30109475568886285,False,2,False,0,rotator,quiet,0.3.0
2,419800169,16,120,14291,3.4917577385902403,,0.004206949409972941,False,0,False,0,quiet,quiet,0.3.0
2,419924603,16,120,13928,2.042845859697214,,0.0075089522493974725,False,0,False,0,quiet,quiet,0.3.0
2,419924695,16,120,14138,1.0676844835281372,,0.0511216896142317,False,0,False,0,quiet,quiet,0.3.0
2,419925146,16,120,13901,6.527703809738159,,0.021971276553555727,False,0,False,0,variable,quiet,0.3.0
2,419925676,16,120,14137,3.5485795497894284,,0.001198016574210708,False,0,False,0,quiet,quiet,0.3.0
2,420107276,16,120,15645,1.3953598737716673,,0.03671086814344684,False,0,False,0,quiet,quiet,0.3.0
2,420107753,16,120,15201,1.945373797416687,,0.00699606922393729,False,0,False,0,quiet,quiet,0.3.0
2,420107870,16,120,15695,0.49301537275314333,,0.00772314619380867,False,0,False,0,quiet,quiet,0.3.0
2,420112255,16,120,12828,1.0324249148368834,,0.0011930565078318394,False,0,False,0,quiet,quiet,0.3.0
2,420112587,16,120,12828,6.53433174295222,,0.02560531254703823,False,0,False,0,variable,quiet,0.3.0
2,420113738,16,120,12822,2.2774234271817377,5.525411283474568,0.15965935840299544,False,0,False,0,rotator,quiet,0.3.0
2,420114772,16,120,12829,2.319708466529846,,0.06369297937904946,False,0,True,6,dipper,quiet,0.3.0
2,420129284,16,120,15068,0.8626222293787529,,0.006870327797295436,False,0,False,0,quiet,quiet,0.3.0
2,420130364,16,120,10814,2.9770476572825806,,0.017682136959432465,False,0,False,0,quiet,quiet,0.3.0
2,420130451,16,120,11043,1.9929167747497556,,0.010245833868927601,False,0,False,0,quiet,quiet,0.3.0
2,420132624,16,120,12758,2.9523040995688468,,0.02734518516468697,False,0,False,0,quiet,quiet,0.3.0
2,420136585,16,120,12829,0.8775125741958617,,0.012751748388160738,False,0,False,0,quiet,quiet,0.3.0
2,420136838,16,120,12829,0.7815429210662841,,0.00606509127732607,False,0,False,0,quiet,quiet,0.3.0
2,420137064,16,120,12828,1.6256075568678245,4.25032574605701,0.45077774808692883,False,0,False,0,rotator,quiet,0.3.0
2,420137165,16,120,12829,1.0126300692558288,,0.002845144721468989,False,0,False,0,quiet,quiet,0.3.0
2,420174351,16,120,12801,4.10416077375412,5.25964825719105,0.3396306683173561,False,10,False,0,flaring,quiet,0.3.0
2,420175557,16,120,12829,1.524203109741211,,0.03781905638873714,False,0,False,0,quiet,quiet,0.3.0
2,420175617,16,120,12828,3.6101733326911924,,0.0018243935318810374,False,0,False,0,quiet,quiet,0.3.0
2,420956733,16,120,14166,140.7025619120169,,0.02678283043905891,False,0,False,0,variable,quiet,0.3.0
2,421307045,16,120,13912,0.6813314950069339,1.6458162208356755,0.2180766088958679,False,0,False,0,rotator,quiet,0.3.0
2,421309045,16,120,13911,1.0742238521575929,,0.01328946500913977,False,0,False,0,quiet,quiet,0.3.0
2,421309668,16,120,13911,0.49292700290679925,,0.004986597653748965,False,0,False,0,quiet,quiet,0.3.0
2,421332985,16,120,13912,0.739302134513855,,0.04096213032472184,False,0,False,0,quiet,quiet,0.3.0
2,421334151,16,120,13721,1.3829880952835083,,0.0012541308806286744,False,0,False,0,quiet,quiet,0.3.0
2,421336595,16,120,13908,0.7479181945323944,,0.004715108802502598,False,0,False,0,quiet,quiet,0.3.0
2,421373008,16,120,13883,1.3103480815887452,10.47334192193892,0.3542277793720833,False,1,False,0,rotator,quiet,0.3.0
2,421373120,16,120,13911,1.1078927636146545,,0.0010263934773180523,False,0,False,0,quiet,quiet,0.3.0
2,421374082,16,120,13903,1.203950786590576,14.400824310726248,0.34450355955412126,False,9,False,0,flaring,quiet,0.3.0
2,421718004,16,120,14923,26.07776491641998,2.2389940731176345,0.295881916393951,False,0,True,12,dipper,quiet,0.3.0
2,421725282,16,120,13550,1.4698997515499739,,0.04430909768607687,False,1,False,0,quiet,quiet,0.3.0
2,421782795,16,120,13545,28.957207989692687,6.716156775126177,0.43886847518422545,False,0,False,0,rotator,quiet,0.3.0
2,421935673,16,120,13032,23.516276550292968,,0.00364788479844168,False,0,False,0,variable,quiet,0.3.0
2,422012928,16,120,13551,0.4388446569442749,,0.005206658634708798,False,0,False,0,quiet,quiet,0.3.0
2,422156556,16,120,13547,0.5835944652557372,,0.04296780777902071,False,0,False,0,quiet,quiet,0.3.0
2,422157071,16,120,13552,4.338340607980454,,0.004902266848698798,False,0,False,0,quiet,quiet,0.3.0
2,422340597,16,120,14944,0.815344387292862,,0.001701038969510784,False,0,False,0,quiet,quiet,0.3.0
2,422426642,16,120,12829,0.8054027795791626,3.453388208095589,0.19218204656039695,False,0,False,0,rotator,quiet,0.3.0
2,422429615,16,120,13709,2.166121673583984,,0.003011571771529508,False,0,False,0,quiet,quiet,0.3.0
2,422430327,16,120,13580,1.9205419850672474,,0.005532842843463815,False,0,False,0,quiet,quiet,0.3.0
2,422430585,16,120,12986,0.9651312193196284,,0.05198461919505695,False,0,False,0,quiet,quiet,0.3.0
2,422517429,16,120,14337,1.3055761098861693,,0.0023210998642001503,False,0,False,0,quiet,quiet,0.3.0
2,422517783,16,120,14276,2.932641720771789,,0.010136104612777726,False,0,False,0,quiet,quiet,0.3.0
2,422518554,16,120,14926,0.9963700175285338,0.10173663913017264,0.23122725865853785,False,0,False,0,rotator,quiet,0.3.0
2,422827966,16,120,15531,2.44059841632843,,0.015529875091093322,False,0,False,0,quiet,quiet,0.3.0
2,423024785,16,120,15141,0.27703946828842163,,0.041327116017332584,False,0,False,0,quiet,quiet,0.3.0
2,423024919,16,120,15007,1.8704361677169798,,0.0008766007135560719,False,0,False,0,quiet,quiet,0.3.0
2,423928109,16,120,12820,2.184149187330877,5.815842877979632,0.3391147530710874,False,3,False,0,flaring,quiet,0.3.0
2,423952232,16,120,14287,0.9072048425674437,,0.003593752835941284,False,0,False,0,quiet,quiet,0.3.0
2,424384466,16,120,15696,0.4679624934218828,,0.0008349637795485305,False,0,False,0,quiet,quiet,0.3.0
2,424388625,16,120,15645,10.187099146842955,,0.02617650994058387,False,0,False,0,variable,quiet,0.3.0
2,424388839,16,120,15221,1.5705089092254638,,0.0015536735564297775,False,0,False,0,quiet,quiet,0.3.0
2,424391070,16,120,15696,0.32308015823364256,,0.05294441618732793,False,0,False,0,quiet,quiet,0.3.0
2,424439672,16,120,14464,1.8359718729265966,,0.0010237025949393936,False,0,False,0,quiet,quiet,0.3.0
2,424440086,16,120,15143,0.23736140727996824,,0.05143712732005538,False,0,False,0,quiet,quiet,0.3.0
2,424636724,16,120,13740,4.096826076507568,0.6545831663277243,0.35308570246335735,False,0,False,0,rotator,quiet,0.3.0
2,424699511,16,120,13690,1.2274571657180786,,0.0010858728914476497,False,0,False,0,quiet,quiet,0.3.0
2,424721218,16,120,13906,174.73710462263537,0.38787809391806916,0.9391251713012938,False,0,False,0,rotator,quiet,0.3.0
2,427025353,16,120,14209,0.9069397330284118,,0.0012208080510433756,False,0,False,0,quiet,quiet,0.3.0
2,427065894,16,120,12432,6.855865234136581,,0.003948665716792851,False,0,False,0,variable,quiet,0.3.0
2,427068452,16,120,13549,1.2772093892097471,6.009193517752824,0.4632958698060161,False,0,False,0,rotator,quiet,0.3.0
2,427069467,16,120,13546,0.3659837077264873,3.1715180440779203,0.24232099100521196,False,0,False,0,rotator,quiet,0.3.0
2,427107404,16,120,14944,0.8708406248438172,3.7133503638946053,0.24200068605746422,False,1,False,0,rotator,quiet,0.3.0
2,427107998,16,120,14649,3.3053857326507567,,0.0013919307089575194,False,0,False,0,quiet,quiet,0.3.0
2,427110585,16,120,14941,0.5689250707626342,,0.013726252664621812,False,0,False,0,quiet,quiet,0.3.0
2,427148365,16,120,14569,76.13203654289245,0.17373679127128666,0.6109413055375166,False,3,False,0,flaring,quiet,0.3.0
2,427237114,16,120,14570,0.985853947052124,,0.0017299936333854706,False,0,False,0,quiet,quiet,0.3.0
2,427245063,16,120,14892,7.4793145000934596,,0.0016620824887456428,False,0,False,0,variable,quiet,0.3.0
2,427278262,16,120,14605,3.546281933784485,,0.0154914932179269,False,0,False,0,quiet,quiet,0.3.0
2,427278498,16,120,14582,1.6978940427303313,,0.0021873668004562894,False,0,False,0,quiet,quiet,0.3.0
2,427795498,16,120,14229,4.75641860961914,,0.006183355802477471,False,1,False,0,quiet,quiet,0.3.0
2,427856233,16,120,13885,7.501716256141662,,0.011365676236212523,False,0,False,0,variable,quiet,0.3.0
2,427862086,16,120,14169,10.893350958824156,,0.0024528773255080667,False,0,False,0,variable,quiet,0.3.0
2,427863040,16,120,13859,1.2447776556015013,,0.025884427935510004,False,0,False,0,quiet,quiet,0.3.0
2,427911951,16,120,13654,1.3909414643610396,,0.019586393966172497,False,0,False,0,quiet,quiet,0.3.0
2,427942736,16,120,13840,92.34918470978737,,0.004859876807201619,False,0,False,0,variable,quiet,0.3.0
2,428003617,16,120,12212,1.5619812190532685,,0.0016844778609262998,False,0,False,0,quiet,quiet,0.3.0
2,428003826,16,120,13877,0.29665757417678834,,0.054825592915590936,False,0,False,0,quiet,quiet,0.3.0
2,428057532,16,120,13167,1.9202767610549925,,0.015558756345681863,False,0,False,0,quiet,quiet,0.3.0
2,428058618,16,120,13148,4.487332427501678,,0.005110250608317276,False,0,False,0,quiet,quiet,0.3.0
2,428059456,16,120,13133,1.8623945116996765,,0.003686425180920072,False,0,False,0,quiet,quiet,0.3.0
2,428269072,16,120,13551,9.193468594551085,,0.004708786138319094,False,0,False,0,variable,quiet,0.3.0
2,428274116,16,120,13546,0.6475300683835169,1.5857648070558463,0.11122289272359398,False,0,False,0,rotator,quiet,0.3.0
2,429212781,16,120,14677,0.5625624418258667,,0.012875079469548084,False,0,False,0,quiet,quiet,0.3.0
2,430358156,16,120,13431,21.484035193920135,,0.0025263364165485883,False,0,False,0,variable,quiet,0.3.0
2,430367407,16,120,13119,5.069954824447631,,0.0038323317039231784,False,0,False,0,variable,quiet,0.3.0
2,430530755,16,120,13087,33.542100727558136,0.5180707099015712,0.38839728169520354,False,0,False,0,rotator,quiet,0.3.0
2,430837549,16,120,13146,7.031234984659106,,0.006046068573754323,False,0,False,0,variable,quiet,0.3.0
2,430856049,16,120,13558,1.3483913406250279,5.191819916162579,0.14126088659284122,False,0,False,0,rotator,quiet,0.3.0
2,430960919,16,120,13515,80.2908982515335,0.30812805395927123,0.32080092564722357,False,0,False,0,rotator,quiet,0.3.0
2,430991013,16,120,13200,2.5545955181121824,,0.008024212640731287,False,0,False,0,quiet,quiet,0.3.0
2,431029903,16,120,12890,2.097414055543719,,0.045025277112264624,False,0,False,0,quiet,quiet,0.3.0
2,431040350,16,120,13080,14.470384736634209,,0.02370106900761386,False,1,False,0,variable,quiet,0.3.0
2,431120405,16,120,13609,2.031269288063049,,0.003789394474599734,False,0,False,0,quiet,quiet,0.3.0
2,431124373,16,120,14378,0.7236164652223449,,0.002724095189494847,False,0,False,0,quiet,quiet,0.3.0
2,431156600,16,120,13532,0.5497487813384067,3.8058249376682243,0.38909788349619717,False,0,False,0,rotator,quiet,0.3.0
2,431243156,16,120,13131,0.4867411136627197,,0.014535952822912012,False,0,False,0,quiet,quiet,0.3.0
2,431312882,16,120,11922,2.5051084788175966,,0.010192311867834414,False,0,False,0,quiet,quiet,0.3.0
2,431338625,16,120,11398,147.91867144815154,0.3001148811800776,0.9575232838441087,False,0,False,0,rotator,quiet,0.3.0
2,431375592,16,120,13558,18.967969494103475,0.20540135666827092,0.9193601806307935,False,0,False,0,rotator,quiet,0.3.0
2,431411564,16,120,13547,0.8326206922531127,,0.04056991384877897,False,0,False,0,quiet,quiet,0.3.0
2,431413109,16,120,13180,26.951965227840258,3.1140628085672812,0.6115522876826215,False,1,False,0,rotator,quiet,0.3.0
2,44101983,16,120,13774,6.030578879679508,,0.0008669080016881952,False,0,False,0,variable,quiet,0.3.0
2,44102048,16,120,13885,0.7710269093513489,1.3533500426768594,0.3067013818135704,False,0,False,0,rotator,quiet,0.3.0
2,44102350,16,120,13882,0.6467788668406685,4.2605479110210975,0.1037565533579444,False,0,False,0,rotator,quiet,0.3.0
2,44159520,16,120,13882,1.1708120593186597,6.054467878741554,0.209359697415608,False,0,False,0,rotator,quiet,0.3.0
2,44159801,16,120,13883,0.6353791952133179,,0.01927246230886061,False,0,False,0,quiet,quiet,0.3.0
2,441640068,16,120,15691,0.738595175743103,,0.007419066531813649,False,0,False,0,quiet,quiet,0.3.0
2,441640904,16,120,15254,0.9868702590465546,,0.004444659329714287,False,0,False,0,quiet,quiet,0.3.0
2,441642457,16,120,15689,0.7856079339981078,,0.0017869177548157844,False,0,False,1,quiet,quiet,0.3.0
2,441660868,16,120,15686,0.4754297733306885,,0.007689414070280008,False,0,False,0,quiet,quiet,0.3.0
2,441662087,16,120,14937,1.0055604815483092,,0.0017130359319048431,False,0,False,0,quiet,quiet,0.3.0
2,441662718,16,120,15688,1.0190810680389404,2.504215246035102,0.48541526104986116,False,0,False,0,rotator,quiet,0.3.0
2,441663960,16,120,14983,0.9440550684928893,,0.00370068510210086,False,0,False,0,quiet,quiet,0.3.0
2,441664609,16,120,14975,13.379901695251464,0.943623728373102,0.6395820929205799,False,0,False,0,rotator,quiet,0.3.0
2,441686652,16,120,15103,2.549823546409607,,0.011828592188259934,False,3,False,0,flaring,quiet,0.3.0
2,441690583,16,120,14967,3.7481186628341674,2.8292134903440345,0.13555046639695856,False,0,True,7,dipper,quiet,0.3.0
2,441693102,16,120,15088,1.8132166381711767,,0.06481698133237489,False,0,False,0,quiet,quiet,0.3.0
2,441695726,16,120,14685,1.3152084231376646,,0.002283725324434,False,0,False,0,quiet,quiet,0.3.0
2,441697305,16,120,15687,0.20095303058624267,,0.03663976111193313,False,0,False,0,quiet,quiet,0.3.0
2,441697648,16,120,15687,0.6337885379791259,,0.0016373799487076424,False,0,False,0,quiet,quiet,0.3.0
2,441701815,16,120,14609,2.035069191455841,,0.014363757291283833,False,0,False,0,quiet,quiet,0.3.0
2,441702183,16,120,15122,0.9740124464035034,,0.009041596430617877,False,0,False,0,quiet,quiet,0.3.0
2,441702898,16,120,14907,156.7610378265381,,0.002589659363436454,False,0,False,0,variable,quiet,0.3.0
2,441703535,16,120,14574,1.621100694569966,,0.0031754971892274868,False,0,False,0,quiet,quiet,0.3.0
2,441705626,16,120,14639,1.369025659561157,,0.0018629752913738693,False,0,False,0,quiet,quiet,0.3.0
2,441706742,16,120,15686,0.9158208752923942,,0.011950111640405041,False,0,False,0,quiet,quiet,0.3.0
2,441707985,16,120,15397,0.4640300631523132,,0.047600784955801376,False,0,False,0,quiet,quiet,0.3.0
2,441711678,16,120,15457,0.6009149551391602,,0.002226432610883912,False,0,False,0,quiet,quiet,0.3.0
2,441712520,16,120,14672,1.9006143569580103,,0.01449558356156826,False,1,False,0,quiet,quiet,0.3.0
2,441714098,16,120,15453,0.9183394432067871,3.51225284100304,0.34141316643315717,False,0,False,0,rotator,quiet,0.3.0
2,441715039,16,120,15697,1.581643509864807,12.020308715311101,0.5517801042099347,False,0,False,0,rotator,quiet,0.3.0
2,441716136,16,120,15698,1.47453934398528,,0.0030627267495563545,False,0,False,0,quiet,quiet,0.3.0
2,441716523,16,120,15697,1.5950757265090942,,0.052633627472485504,False,0,False,0,quiet,quiet,0.3.0
2,441718525,16,120,15696,1.6616623066865022,,0.002028547373918606,False,0,False,0,quiet,quiet,0.3.0
2,441720079,16,120,15694,0.8955400228500365,,0.015477774086452597,False,0,False,0,quiet,quiet,0.3.0
2,441721833,16,120,15695,2.6473838567733763,,0.0027124195861017394,False,0,False,0,quiet,quiet,0.3.0
2,441722187,16,120,15699,8.89795982837677,,0.0009886432441064345,False,0,False,0,variable,quiet,0.3.0
2,441724897,16,120,15698,2.0043166043947105,,0.0009161924382509239,False,0,False,0,quiet,quiet,0.3.0
2,441725294,16,120,15698,1.085093343257904,10.927514575290306,0.12065801616875063,False,0,False,0,rotator,quiet,0.3.0
2,441725324,16,120,15697,1.4839064598083496,,0.0009785024201367323,False,0,False,0,quiet,quiet,0.3.0
2,441728318,16,120,15695,0.8225465297698974,,0.010296176898544396,False,0,False,0,quiet,quiet,0.3.0
2,441730688,16,120,15698,3.0412483525648217,4.808140188443121,0.7001968338178123,False,0,False,0,rotator,quiet,0.3.0
2,441731185,16,120,15694,0.4100802597379607,,0.003947666987966704,False,0,False,0,quiet,quiet,0.3.0
2,441731549,16,120,15699,1.190960419178009,,0.0039774726758055835,False,0,False,0,quiet,quiet,0.3.0
2,441733151,16,120,15695,2.726828348636627,,0.0012358856239795214,False,0,False,0,quiet,quiet,0.3.0
2,441736768,16,120,15699,0.692819595336914,,0.0040611636865004455,False,0,False,0,quiet,quiet,0.3.0
2,441736822,16,120,15699,1.7564390659332274,9.246407614769117,0.21549680847431468,False,0,False,0,rotator,quiet,0.3.0
2,441736964,16,120,15697,2.8934938788414,8.58595713694204,0.570936155621374,False,0,False,0,rotator,quiet,0.3.0
2,441737276,16,120,15674,16.855576624142426,,0.0012631633189071042,False,0,False,0,variable,quiet,0.3.0
2,441738064,16,120,15699,6.887369084358215,0.6293361292294474,0.45212604744088464,False,0,False,0,rotator,quiet,0.3.0
2,441740703,16,120,15690,2.092111989620685,,0.0008541995017335913,False,0,False,0,quiet,quiet,0.3.0
2,441741739,16,120,15698,4.15307348370552,,0.008298560185469376,False,0,False,1,quiet,quiet,0.3.0
2,441761628,16,120,15683,2.898530960083008,,0.008999421021943017,False,0,False,0,quiet,quiet,0.3.0
2,441762494,16,120,15697,1.5702437996864318,,0.01961351547529242,False,0,False,0,quiet,quiet,0.3.0
2,441763492,16,120,15627,1.990442419052124,,0.001200248518864457,False,0,False,0,quiet,quiet,0.3.0
2,441763913,16,120,15698,0.7276373147964478,,0.0025831071597992314,False,0,False,0,quiet,quiet,0.3.0
2,441766591,16,120,15698,0.950771120144658,,0.001699402312040084,False,0,False,0,quiet,quiet,0.3.0
2,441766683,16,120,15699,3.6061966896057127,8.585913256079525,0.24275847732107875,False,0,False,0,rotator,quiet,0.3.0
2,441766827,16,120,15698,1.624016851186752,,0.010914746961469535,False,0,False,0,quiet,quiet,0.3.0
2,441767504,16,120,15630,4.052906262874603,,0.09744335903634183,False,0,False,0,quiet,quiet,0.3.0
2,441767590,16,120,15638,0.9031397758042945,,0.0028210543650567664,False,0,False,1,quiet,quiet,0.3.0
2,441789799,16,120,15695,1.3030133843421934,5.008437862885084,0.1273708403632236,False,0,False,0,rotator,quiet,0.3.0
2,441794121,16,120,15611,1.082884097099304,,0.0017590548761107297,False,0,False,0,quiet,quiet,0.3.0
2,441794991,16,120,15685,1.0740471124649047,,0.0020233266209209785,False,0,False,0,quiet,quiet,0.3.0
2,441796960,16,120,15699,0.33333106040954585,,0.014642988622603518,False,0,False,0,quiet,quiet,0.3.0
2,441799495,16,120,15559,1.7256863594055174,,0.0012440006588489516,False,0,False,0,quiet,quiet,0.3.0
2,441799643,16,120,15696,0.5484232664108276,,0.028431872809545164,False,0,False,0,quiet,quiet,0.3.0
2,441800183,16,120,15575,14.391913175582884,,0.003248859524826211,False,0,False,0,variable,quiet,0.3.0
2,441800685,16,120,15699,0.6815082550048828,,0.018576541984304737,False,0,False,0,quiet,quiet,0.3.0
2,441802939,16,120,15698,0.8278928808005785,,0.0010321134227404688,False,0,False,0,quiet,quiet,0.3.0
2,441803688,16,120,15592,2.246317175250222,,0.0012054345797677462,False,0,False,0,quiet,quiet,0.3.0
2,441804328,16,120,15290,1.055312705039978,,0.0009756611926001498,False,0,False,0,quiet,quiet,0.3.0
2,441804674,16,120,15695,54.58410995006561,4.2929450728264635,0.6472817470704681,False,0,False,0,rotator,quiet,0.3.0
2,441804888,16,120,15262,4.23132473043652,1.3716610549894979,0.2551599419717009,False,0,True,12,dipper,quiet,0.3.0
2,441806297,16,120,15697,0.9418458223342895,,0.016125186978183936,False,0,False,0,quiet,quiet,0.3.0
2,441808796,16,120,15206,4.113041820733493,5.420192471295257,0.5387315363957745,False,0,False,0,rotator,quiet,0.3.0
2,441810113,16,120,15508,4.140259732596286,,0.0360602583594025,False,0,False,0,quiet,quiet,0.3.0
2,441811392,16,120,15524,5.724907428779534,,0.0008919881646998855,False,0,False,0,variable,quiet,0.3.0
2,441811408,16,120,15699,0.8324439525604247,,0.004551790949850302,False,0,False,0,quiet,quiet,0.3.0
2,441813045,16,120,15699,0.9227579355239868,,0.000939325416095485,False,0,False,0,quiet,quiet,0.3.0
2,441813918,16,120,15689,0.11258318424224853,,0.010944337263739034,False,0,False,0,quiet,quiet,0.3.0
2,444046602,16,120,14663,1.4831995010375976,6.890251148480703,0.2108155750942191,False,1,False,0,rotator,quiet,0.3.0
2,444060544,16,120,15458,0.6388698422235156,,0.001114218398293528,False,0,False,0,quiet,quiet,0.3.0
2,444060547,16,120,15459,0.8692058086395262,,0.084517190515887,False,0,False,0,quiet,quiet,0.3.0
2,444061517,16,120,14975,1.219680619239807,,0.0011372510032426743,False,0,False,0,quiet,quiet,0.3.0
2,444062897,16,120,15459,0.5668041944503784,,0.019557181454446487,False,0,False,0,quiet,quiet,0.3.0
2,444063242,16,120,15451,2.332787203788757,5.191340558277341,0.18838678298843484,False,0,False,0,rotator,quiet,0.3.0
2,444063243,16,120,15457,0.6903452396392822,,0.002266921160434236,False,0,False,0,quiet,quiet,0.3.0
2,444063724,16,120,15460,1.5482397079467773,7.9610061664723935,0.13362139950221594,False,7,False,0,flaring,quiet,0.3.0
2,444185073,16,120,13397,13.822369515895844,,0.06675005859310591,False,0,False,0,variable,quiet,0.3.0
2,445838823,16,120,13439,3.0206580877304074,,0.00991778661480749,False,0,False,0,quiet,quiet,0.3.0
2,445839447,16,120,14552,1.6326770961284636,,0.0007684838928189274,False,0,False,0,quiet,quiet,0.3.0
2,445840662,16,120,14656,0.6206214308738708,,0.038780155797608254,False,0,False,0,quiet,quiet,0.3.0
2,445859383,16,120,15680,0.6814198851585388,,0.09352242810245345,False,0,False,0,quiet,quiet,0.3.0
2,445860267,16,120,15685,0.541353678703308,,0.07910779757679783,False,0,False,0,quiet,quiet,0.3.0
2,445867443,16,120,15393,0.4208172082901001,,0.0015053457025070616,False,0,False,0,quiet,quiet,0.3.0
2,445868489,16,120,14656,2.128917968273163,,0.0015521106898826722,False,0,False,0,quiet,quiet,0.3.0
2,446175401,16,120,13899,16.084902691841123,0.18211438652210096,0.681522719821214,False,1,False,0,rotator,quiet,0.3.0
2,455544893,16,120,13911,1.6594089746475218,,0.009102346902353856,False,0,False,0,quiet,quiet,0.3.0
2,455585204,16,120,14163,2.9486366629600527,,0.0014230939206733365,False,0,False,0,quiet,quiet,0.3.0
2,455593812,16,120,14380,0.5793527126312255,2.975943939201478,0.315354355405423,False,0,False,0,rotator,quiet,0.3.0
2,455594759,16,120,14139,1.220034098625183,,0.0028623466267426985,False,0,False,0,quiet,quiet,0.3.0
2,455626201,16,120,14130,1.8384904682636258,,0.002245116563849578,False,0,False,0,quiet,quiet,0.3.0
2,455693960,16,120,13878,2.52105901115781,,0.0018166697667951748,False,0,False,0,quiet,quiet,0.3.0
2,455820420,16,120,13473,3.4869857668876647,0.5752038674762788,0.3234432967769277,False,0,False,0,rotator,quiet,0.3.0
2,455823937,16,120,14599,2.0160696744918822,9.736215214271246,0.5709825745236191,False,0,False,0,rotator,quiet,0.3.0
2,455824124,16,120,14633,1.2304617404937743,2.5991016297719196,0.14204704362316564,False,0,True,12,dipper,quiet,0.3.0
2,455831406,16,120,14688,6.090538542898806,,0.0011496040570751773,False,0,False,0,variable,quiet,0.3.0
2,455859045,16,120,14946,2.5067872818239163,,0.003589407122528748,False,0,False,0,quiet,quiet,0.3.0
2,455947201,16,120,14945,0.9964583873748778,,0.002122075305732119,False,0,False,0,quiet,quiet,0.3.0
2,458452618,16,120,14168,0.8634175579721464,,0.002911056184748178,False,0,False,0,quiet,quiet,0.3.0
2,458453289,16,120,13613,13.320428788661955,,0.03795278438916143,False,0,False,0,variable,quiet,0.3.0
2,458461293,16,120,13752,1.7335512240662805,2.7510306984321513,0.24047616122171978,False,0,False,0,rotator,quiet,0.3.0
2,458481285,16,120,14137,2.6006362080574035,2.743391314076873,0.669903216802828,False,0,False,0,rotator,quiet,0.3.0
2,458481708,16,120,14601,1.2599772691726683,,0.0012876719730153046,False,0,False,0,quiet,quiet,0.3.0
2,458481879,16,120,14534,0.5917686584064764,,0.018014547707957903,False,0,False,0,quiet,quiet,0.3.0
2,458484139,16,120,12099,54.7887745141983,,0.011620359545590042,False,0,False,0,variable,quiet,0.3.0
2,458485425,16,120,14978,0.708637797832489,,0.09583689519394141,False,0,False,0,quiet,quiet,0.3.0
2,458485558,16,120,14982,2.1716445948203265,,0.002502753575460635,False,0,False,0,quiet,quiet,0.3.0
2,458486680,16,120,14981,1.1381152510643004,,0.002448019195754322,False,0,False,0,quiet,quiet,0.3.0
2,459221051,16,120,15689,0.482676100730896,,0.009077765054822324,False,0,False,0,quiet,quiet,0.3.0
2,459225712,16,120,15691,0.6976799368858336,,0.0014354107315343824,False,0,False,0,quiet,quiet,0.3.0
2,459245359,16,120,14358,1.6015267252922056,,0.0010946004446716544,False,0,False,0,quiet,quiet,0.3.0
2,459245780,16,120,15688,0.43208435082184216,,0.004119232592983567,False,0,False,0,quiet,quiet,0.3.0
2,459246498,16,120,15690,0.7306860744953155,,0.0014169181846631186,False,0,False,0,quiet,quiet,0.3.0
2,459251930,16,120,14647,1.0038814544677734,,0.0069702325707426405,False,0,False,0,quiet,quiet,0.3.0
2,459978923,16,120,14702,1.9324717422583177,,0.0013033486275597329,False,0,False,0,quiet,quiet,0.3.0
2,459981376,16,120,14924,2.262489058449538,,0.004051918680887791,False,0,False,0,quiet,quiet,0.3.0
2,462554885,16,120,14632,0.5508534207685762,,0.05503851268645746,False,0,False,0,quiet,quiet,0.3.0
2,462555096,16,120,14419,1.537105107307434,,0.001314779831101934,False,0,False,0,quiet,quiet,0.3.0
2,462575187,16,120,14628,1.4159500057712195,3.7733276684076786,0.48644971109962076,False,0,False,0,rotator,quiet,0.3.0
2,462575265,16,120,12802,1.2639097650024225,,0.007914894296348717,False,0,False,0,quiet,quiet,0.3.0
2,462615397,16,120,14982,1.6125287711620329,,0.015041539164978683,False,0,False,0,quiet,quiet,0.3.0
2,462616422,16,120,14651,4.359461259841919,,0.0023390432129075647,False,0,False,0,quiet,quiet,0.3.0
2,462617416,16,120,14885,1.9487318515777585,,0.0009263934645240615,False,0,False,0,quiet,quiet,0.3.0
2,462618914,16,120,15143,3.2157787084579468,6.26924258653102,0.2687762093527174,False,0,False,0,rotator,quiet,0.3.0
2,462619597,16,120,15144,5.692211267119982,,0.0008969978439205927,False,0,False,0,variable,quiet,0.3.0
2,467177523,16,120,14650,1.4780298650264738,,0.0035027127185391525,False,0,False,0,quiet,quiet,0.3.0
2,467181242,16,120,13911,0.467741596698761,,0.012011363636228106,False,0,False,0,quiet,quiet,0.3.0
2,467181409,16,120,13912,1.1853930835308704,,0.0031008815696020827,False,0,False,0,quiet,quiet,0.3.0
2,467182449,16,120,13885,1.1081578731536865,,0.0025230146578482005,False,0,False,0,quiet,quiet,0.3.0
2,467218797,16,120,14425,1.9374205112457275,,0.0009413886205913542,False,0,False,0,quiet,quiet,0.3.0
2,467219402,16,120,14585,1.583057427406311,,0.01742648035348737,False,0,False,0,quiet,quiet,0.3.0
2,467223029,16,120,14587,0.9402551651000977,,0.018531572471943918,False,0,False,0,quiet,quiet,0.3.0
2,467229317,16,120,14677,0.9329204678535461,,0.0012290719288039831,False,0,False,0,quiet,quiet,0.3.0
2,467253103,16,120,12829,3.445186829566955,,0.04452308030349629,False,0,False,0,quiet,quiet,0.3.0
2,467263907,16,120,14375,1.5153661251068113,,0.0007361604525418004,False,0,False,0,quiet,quiet,0.3.0
2,467320097,16,120,14445,4.729996025562286,,0.001033475799486807,False,0,False,0,quiet,quiet,0.3.0
2,467325858,16,120,12828,6.944455798135525,,0.0012609235982407546,False,0,False,0,variable,quiet,0.3.0
2,467428039,16,120,13444,4.302197342980066,,0.003291885291756577,False,0,False,0,quiet,quiet,0.3.0
2,467471988,16,120,13547,0.4444119572639465,,0.0032720952797003445,False,0,False,0,quiet,quiet,0.3.0
2,467531390,16,120,13534,6.7553447352452505,,0.02642107957971539,False,0,False,0,variable,quiet,0.3.0
2,467535627,16,120,13123,5.917863500118256,,0.007017649797891907,False,0,False,0,variable,quiet,0.3.0
2,467546054,16,120,13548,0.3266149520874023,,0.02280446654564684,False,0,False,0,quiet,quiet,0.3.0
2,468508582,16,120,13882,1.7126959919929505,,0.01965683893328775,False,0,False,0,quiet,quiet,0.3.0
2,468549377,16,120,14661,5.569686305522919,11.714383546818908,0.6037847892589302,False,0,False,0,rotator,quiet,0.3.0
2,468617448,16,120,14387,0.5586741685867309,,0.08728695117502291,False,0,False,0,quiet,quiet,0.3.0
2,468689977,16,120,13895,11.946189308166504,,0.027645301521297534,False,0,False,0,variable,quiet,0.3.0
2,468762707,16,120,14194,11.065893743389472,,0.001635748234985978,False,0,False,0,variable,quiet,0.3.0
2,468792279,16,120,14387,4.077826559543609,,0.09575469486156496,False,1,True,9,dipper,quiet,0.3.0
2,469372471,16,120,14370,2.7841804618889228,5.518496871354511,0.17441363532458787,False,0,False,0,rotator,quiet,0.3.0
2,469372518,16,120,14674,0.467520644216499,,0.002261756953828099,False,0,False,0,quiet,quiet,0.3.0
2,469378601,16,120,14576,3.4753209471702573,,0.0011949651990992088,False,0,False,0,quiet,quiet,0.3.0
2,469390084,16,120,14595,0.9143628001213073,,0.05712259278204042,False,0,False,0,quiet,quiet,0.3.0
2,469390625,16,120,14635,3.741932773590088,,0.01835562663597877,False,3,False,0,flaring,quiet,0.3.0
2,469392447,16,120,14662,1.057963863489858,,0.0014590297859084836,False,0,False,0,quiet,quiet,0.3.0
2,469413844,16,120,14522,2.2283782967441765,,0.0009126955179565879,False,0,False,0,quiet,quiet,0.3.0
2,469420313,16,120,14565,6.536275684833526,,0.0010989038101843515,False,0,False,0,variable,quiet,0.3.0
2,469426294,16,120,14649,8.320197772979736,5.320012799438235,0.7915182595641065,False,1,False,0,rotator,quiet,0.3.0
2,469427007,16,120,14620,4.236273694038391,,0.0017156361903380218,False,0,False,0,quiet,quiet,0.3.0
2,469459196,16,120,14674,0.8858635246753692,,0.001431348199904857,False,0,False,0,quiet,quiet,0.3.0
2,469460566,16,120,14498,2.882757028423459,0.7613891913429678,0.33152987377020127,False,0,True,12,dipper,quiet,0.3.0
2,469463559,16,120,14671,0.6226539373397827,0.6732871018456321,0.14275043152586403,False,0,False,0,rotator,quiet,0.3.0
2,469574418,16,120,13549,1.748485779762268,9.5144953467648,0.2542074196643223,False,0,False,2,rotator,quiet,0.3.0
2,469616980,16,120,14946,4.894938343763351,9.902282181740057,0.4945666906974661,False,0,False,0,rotator,quiet,0.3.0
2,469684013,16,120,13552,43.56072535876783,,0.010475127997619574,False,0,False,0,variable,quiet,0.3.0
2,469685016,16,120,13540,0.6463370561599732,5.708701344411679,0.21295531407318394,False,0,False,0,rotator,quiet,0.3.0
2,469700700,16,120,13551,6.166978096961975,,0.0029984049409746386,False,0,False,0,variable,quiet,0.3.0
2,469763091,16,120,14623,9.959635162353516,,0.004191487454684825,False,0,False,0,variable,quiet,0.3.0
2,469803910,16,120,13550,0.32780793524360846,,0.04659626265191191,False,0,False,0,quiet,quiet,0.3.0
2,469951004,16,120,13552,27.51580660594086,,0.007890161602551182,False,0,False,0,variable,quiet,0.3.0
2,470048577,16,120,13552,10.53947422324044,,0.008265355632741446,False,0,False,1,variable,quiet,0.3.0
2,471013455,16,120,14952,109.8344336250762,,0.001300123974736255,False,0,False,0,variable,quiet,0.3.0
2,471015194,16,120,13731,53.13537468910217,,0.0011032766596844393,False,0,False,0,variable,quiet,0.3.0
2,471015319,16,120,15398,124.14072296619415,,0.0035827658949979264,False,0,False,0,variable,quiet,0.3.0
2,51269322,16,120,14639,4.061831617355347,,0.011270039105498786,False,12,False,0,flaring,quiet,0.3.0
2,51269643,16,120,14646,1.5268542051315308,,0.0011529872271149413,False,0,False,0,quiet,quiet,0.3.0
2,51270914,16,120,14662,1.7708432453368157,,0.001563831281627149,False,0,False,0,quiet,quiet,0.3.0
2,62337539,16,120,14530,20.46146473654894,,0.001496464476793312,False,0,False,0,variable,quiet,0.3.0
2,62508010,16,120,14392,8.640361726284027,,0.0022958914515191675,False,0,False,0,variable,quiet,0.3.0
2,62598633,16,120,14389,0.6173517465591429,,0.04564461925657235,False,0,False,0,quiet,quiet,0.3.0
2,62690967,16,120,14676,0.5339747965335845,,0.03969173707323789,False,0,False,0,quiet,quiet,0.3.0
2,62774646,16,120,14677,145.4534090280533,,0.005153504250905898,False,3,False,0,flaring,quiet,0.3.0
2,62775649,16,120,14677,0.4549279689788818,,0.0065917758345447166,False,0,False,0,quiet,quiet,0.3.0
2,62778085,16,120,14392,1.8116702738902053,,0.11536947849735454,True,5,False,0,flaring,quiet,0.3.0
2,63052569,16,120,14593,28.829955410957336,,0.051452374216638536,False,9,False,0,flaring,quiet,0.3.0
2,63056822,16,120,14566,2.3463519752025603,,0.0015745691063561713,False,0,False,0,quiet,quiet,0.3.0
2,63445000,16,120,14384,0.5108661121646232,0.8231293238831382,0.12490631430822337,False,0,False,0,rotator,quiet,0.3.0
2,64074901,16,120,13545,0.6408581256866455,,0.06539497446196692,False,0,False,0,quiet,quiet,0.3.0
2,64366964,16,120,13054,8.129009852677877,1.4909410489100081,0.287115213971788,False,0,True,7,dipper,quiet,0.3.0
2,64557792,16,120,13551,0.24213337898254392,,0.03931472194811187,False,0,False,0,quiet,quiet,0.3.0
2,64564147,16,120,13552,2.0753658413887024,,0.005006194888557523,False,0,False,0,quiet,quiet,0.3.0
2,64771039,16,120,14674,0.5968057217117714,,0.09350472277077326,False,0,False,0,quiet,quiet,0.3.0
2,64941241,16,120,13431,25.54365756511688,6.688392299752864,0.12987487731788738,False,0,False,1,rotator,quiet,0.3.0
2,65031584,16,120,13551,7.261880493164062,,0.002090596900141566,False,0,False,0,variable,quiet,0.3.0
2,66549778,16,120,13548,0.3042132051054598,,0.039250689780983415,False,0,False,0,quiet,quiet,0.3.0
2,66722098,16,120,13552,0.4478583812713623,,0.0035979123074662807,False,0,False,0,quiet,quiet,0.3.0
2,66786762,16,120,12433,2.631742393970489,4.079511653323388,0.12209587338427404,False,0,False,3,rotator,quiet,0.3.0
2,67072710,16,120,13546,1.0912350801001511,3.171527590198985,0.5591552866631809,False,0,False,0,rotator,quiet,0.3.0
2,67153555,16,120,12490,0.7221583843231201,,0.021628357048091584,False,0,False,0,quiet,quiet,0.3.0
2,67990539,16,120,15398,2.418903546962036,,0.000998537004340119,False,0,False,0,quiet,quiet,0.3.0
2,67991192,16,120,15349,1.535514450073242,,0.002221791960581938,False,0,False,0,quiet,quiet,0.3.0
2,67994221,16,120,15399,0.6014451742172241,,0.0010871246385803445,False,0,False,0,quiet,quiet,0.3.0
2,68014719,16,120,15399,1.7431835889816283,,0.0013552598727632175,False,0,False,0,quiet,quiet,0.3.0
2,68015032,16,120,15396,8.124812042713165,0.46257760459913116,0.1494706649965469,False,8,False,0,flaring,quiet,0.3.0
2,68015843,16,120,15009,138.98120148181914,,0.021762824061271623,False,0,False,0,variable,quiet,0.3.0
2,68032870,16,120,15295,21.075324654579163,0.5161935558720127,0.4333760838338818,False,0,True,12,dipper,quiet,0.3.0
2,68034195,16,120,15398,1.6142077020282921,,0.0010177547796271901,False,0,False,0,quiet,quiet,0.3.0
2,68035083,16,120,15399,1.4572187662124632,,0.0009469725070622398,False,0,False,0,quiet,quiet,0.3.0
2,68036757,16,120,15397,1.8790964126586913,11.933837955104766,0.16114278354658515,False,0,False,0,rotator,quiet,0.3.0
2,68036784,16,120,15396,0.8266115427017211,,0.08450172356585756,False,0,False,0,quiet,quiet,0.3.0
2,68036934,16,120,15399,1.9167419672012327,,0.01051364702715255,False,0,False,0,quiet,quiet,0.3.0
2,68072703,16,120,15399,3.0029841184616086,,0.0008936170669528177,False,0,False,0,quiet,quiet,0.3.0
2,68074093,16,120,15397,0.4280635356903076,,0.009603376542004684,False,0,False,0,quiet,quiet,0.3.0
2,68076337,16,120,15399,1.2837487578392028,,0.018722215355164905,False,0,False,0,quiet,quiet,0.3.0
2,68120901,16,120,15399,1.8211257934570313,,0.023268670088064946,False,0,False,0,quiet,quiet,0.3.0
2,84022044,16,120,13888,1.4324752946183261,,0.001238253870467275,False,0,False,0,quiet,quiet,0.3.0
2,84022145,16,120,13908,2.4089620113372803,6.062779457466233,0.46015838986383767,False,0,False,0,rotator,quiet,0.3.0
2,84071953,16,120,14400,0.647044014930725,,0.014083649474312194,False,0,False,0,quiet,quiet,0.3.0
2,84075197,16,120,13820,2.123527407646179,,0.007156008920029038,False,0,False,0,quiet,quiet,0.3.0
2,84077971,16,120,13838,2.32200608253479,,0.002083329705936304,False,0,False,0,quiet,quiet,0.3.0
2,84196638,16,120,14398,0.6001637935589614,,0.0013539855367310921,False,0,False,0,quiet,quiet,0.3.0
2,84197499,16,120,14393,0.6380302906036377,0.7638754936662384,0.1138455428270503,False,0,False,0,rotator,quiet,0.3.0
2,84229256,16,120,14387,0.528451681137085,,0.017664212619736185,False,0,False,0,quiet,quiet,0.3.0
2,84233901,16,120,13883,1.3167107105255125,,0.001308965325519898,False,0,False,0,quiet,quiet,0.3.0
2,84234922,16,120,14383,0.5595578670501709,,0.0027380602215734576,False,0,False,0,quiet,quiet,0.3.0
2,84236771,16,120,14401,1.0335737228393556,2.700219436374715,0.24506401381129164,False,0,False,0,rotator,quiet,0.3.0
2,84238389,16,120,13870,4.45706575512886,,0.0015564369484907066,False,0,False,0,quiet,quiet,0.3.0
2,84298194,16,120,14397,0.6075426936149597,,0.011044500071070515,False,0,False,0,quiet,quiet,0.3.0
2,950420191,16,120,14637,187.4969540834427,,0.0010333412806538696,False,0,False,0,variable,quiet,0.3.0
