schema_version,tic,sector,cadence_s,n_epochs,var_amplitude_ppt,rotation_period_d,rotation_power,rotation_systematic,n_flares,is_dipper,n_dips,var_class,tool_version
1,100010286,15,120,17746,0.9771937608718871,5.919297879040073,0.22707088913013254,False,0,False,0,rotator,0.2.0
1,100014131,15,120,17748,0.7096540722147844,,0.008631236648911545,False,0,False,0,quiet,0.2.0
1,1001173087,15,120,15240,0.6399744272232055,,0.008961412388693954,False,0,False,0,quiet,0.2.0
1,106222137,15,120,13180,55.39220966077475,,0.2907185203901006,True,6,False,0,flaring,0.2.0
1,10747057,15,120,15719,0.6166447877883912,,0.050102832713925245,False,0,False,0,quiet,0.2.0
1,10849428,15,120,13211,10.057725691795348,,0.005994290255313207,False,0,False,0,variable,0.2.0
1,10988057,15,120,13212,5.751728188991547,,0.0007599562727369712,False,0,False,0,variable,0.2.0
1,1102418286,15,120,14455,227.42342272996902,,0.0015009412686371687,False,0,False,0,variable,0.2.0
1,1102455399,15,120,13304,152.00334238419956,,0.003484001284558866,False,0,False,0,variable,0.2.0
1,1102550101,15,120,17745,1.3909413814544678,5.208914462865368,0.3192834026230842,False,0,False,0,rotator,0.2.0
1,1102628617,15,120,17747,434.3130512237548,,0.00145699472977132,False,0,False,0,variable,0.2.0
1,11205225,15,120,13212,5.104949283599853,,0.01131368704414442,False,0,False,0,variable,0.2.0
1,11215259,15,120,13211,52.097824323177335,,0.049534244228245365,False,0,False,0,variable,0.2.0
1,11471308,15,120,13212,46.3888643748245,,0.0009048239478187848,False,0,False,0,variable,0.2.0
1,116628398,15,120,13365,0.6356443047523499,,0.04926720797836668,False,0,False,0,quiet,0.2.0
1,11696250,15,120,13210,4.894010460376739,0.14673480652867435,0.34236760228377083,False,0,False,0,rotator,0.2.0
1,117071521,15,120,13366,0.648192822933197,3.176153428158065,0.2245506013651122,False,0,False,0,rotator,0.2.0
1,117072398,15,120,12919,5.211434948444366,,0.027084097197663498,False,0,False,0,variable,0.2.0
1,11708527,15,120,13186,15.574787289655587,,0.0060953039983635444,False,0,False,0,variable,0.2.0
1,117144561,15,120,13365,1.748397409915924,6.201068257621446,0.4642610597867119,False,0,False,0,rotator,0.2.0
1,117151600,15,120,13367,3.681841278076172,,0.0034669068547856638,False,0,False,0,quiet,0.2.0
1,117229176,15,120,13369,1.53569118976593,,0.006360185771826078,False,0,False,0,quiet,0.2.0
1,117234769,15,120,13364,0.9202835798263549,,0.29837130100410725,True,0,True,8,dipper,0.2.0
1,117292185,15,120,13359,1.2177364826202393,2.100357231202235,0.2856471476503619,False,0,False,0,rotator,0.2.0
1,117292452,15,120,13358,0.7718222149663503,2.2071549686733634,0.17143240790384168,False,0,False,0,rotator,0.2.0
1,117387189,15,120,12911,2.508819937705993,11.838373612140563,0.19472592893119098,False,0,False,0,rotator,0.2.0
1,117538202,15,120,13360,0.36951849046239316,,0.02494814266135554,False,0,False,0,quiet,0.2.0
1,117540364,15,120,13353,0.2924158215522766,,0.010334379903292008,False,0,False,0,quiet,0.2.0
1,117542316,15,120,12718,2.314008680403491,,0.006449532406038792,False,0,False,0,quiet,0.2.0
1,11895653,15,120,17744,0.21889210939407347,6.853841163030582,0.11621326768421618,False,0,False,0,rotator,0.2.0
1,11918748,15,120,13198,45.48334132432937,1.5545981006936767,0.9208835384531292,False,0,False,0,rotator,0.2.0
1,11940810,15,120,17747,0.51307532787323,,0.0012302544754281518,False,0,False,0,quiet,0.2.0
1,12029932,15,120,13211,70.7253926038742,5.228772719041889,0.8696910655632293,False,0,False,0,rotator,0.2.0
1,12145778,15,120,13202,0.4855481352075378,,0.07313404162272295,False,0,False,0,quiet,0.2.0
1,12249117,15,120,13191,13.699800539016723,0.3043394295661502,0.883132426085756,False,0,False,0,rotator,0.2.0
1,12494325,15,120,13211,7.773895382881164,,0.022165283045237197,False,0,False,0,variable,0.2.0
1,12494582,15,120,13193,24.967662906646726,0.8336246739496395,0.5429085614279948,False,0,True,12,dipper,0.2.0
1,125397253,15,120,12640,0.5569509565830231,,0.02765623733266548,False,0,False,0,quiet,0.2.0
1,125602276,15,120,12471,6.2188511967658995,7.468479310443398,0.10612357714085613,False,0,False,0,rotator,0.2.0
1,125690055,15,120,12454,2.9847358341436334,,0.03938040432286831,False,0,False,0,quiet,0.2.0
1,126088174,15,120,13187,0.678326940536499,3.830027654367828,0.11137511171514043,False,0,False,0,rotator,0.2.0
1,126167536,15,120,12542,3.3190828610013208,,0.007852748396091581,False,0,False,0,quiet,0.2.0
1,126280985,15,120,12514,1.3879368066787718,,0.02946173018067998,False,0,False,0,quiet,0.2.0
1,126281373,15,120,13197,0.6379419207572937,,0.003883049708023514,False,0,False,0,quiet,0.2.0
1,126285386,15,120,12489,1.9554479598999022,5.336932973777677,0.2337007008860327,False,0,False,0,rotator,0.2.0
1,126337652,15,120,13193,0.5846549034118652,,0.03750519608426748,False,0,False,0,quiet,0.2.0
1,126339921,15,120,13191,0.27836501598358154,,0.005112421912228525,False,0,False,0,quiet,0.2.0
1,126340376,15,120,12655,9.022914791107178,3.6172446696611855,0.8621820263154947,False,0,False,0,rotator,0.2.0
1,126340401,15,120,13194,2.34414279890486,3.0283907340758507,0.5748096032122424,False,0,False,0,rotator,0.2.0
1,126344239,15,120,12444,2.694529009191453,6.511034081477021,0.5023180901905802,False,0,False,0,rotator,0.2.0
1,126449150,15,120,13194,0.8457877993583679,,0.0064605976991737,False,0,False,0,quiet,0.2.0
1,126449797,15,120,13194,0.5443141009994805,,0.03427710594973633,False,0,False,0,quiet,0.2.0
1,126452270,15,120,13188,8.342466974258421,21.703444900212503,0.8569731668609707,False,0,False,0,rotator,0.2.0
1,126458798,15,120,12851,1.6099218606948853,5.96669518421029,0.33619255604207465,False,0,False,0,rotator,0.2.0
1,126550296,15,120,12531,57.525500285625455,,0.04169771986235112,False,0,False,0,variable,0.2.0
1,126613673,15,120,12487,1.793731141090393,7.472169060857747,0.3466609153113373,False,0,False,0,rotator,0.2.0
1,126680870,15,120,12464,1.2577238755739888,,0.04439834904420769,False,0,False,0,quiet,0.2.0
1,126680968,15,120,12459,1.0874793291091918,,0.003507930544406839,False,0,False,0,quiet,0.2.0
1,126749995,15,120,13187,0.28870428800582887,,0.008480290082851888,False,0,False,0,quiet,0.2.0
1,126755899,15,120,13193,1.7756153225898743,2.604423685053848,0.4564942665025809,False,1,False,0,rotator,0.2.0
1,126807301,15,120,13191,1.883073055744171,5.208846072961614,0.5801025133897116,False,0,False,0,rotator,0.2.0
1,126813879,15,120,13194,1.2531727910041808,3.176119112498832,0.5326553153264663,False,0,False,0,rotator,0.2.0
1,126938471,15,120,12281,1.3990714073181152,,0.0035306782048073497,False,0,False,0,quiet,0.2.0
1,1271088706,15,120,15644,467.99549721465996,,0.0018079642009704124,False,0,False,0,variable,0.2.0
1,1271314855,15,120,16424,335.0882164206569,,0.0012015257977444798,False,0,False,0,variable,0.2.0
1,1271368020,15,120,17747,333.03890969753263,,0.0009199504724212919,False,0,False,0,variable,0.2.0
1,12809834,15,120,13204,8.109038266808936,,0.07152659020237273,False,0,False,0,variable,0.2.0
1,12920495,15,120,13126,9.292265528901487,0.46072636748463025,0.20675158202985428,False,0,False,0,rotator,0.2.0
1,12926532,15,120,13212,1.901719093322754,,0.0029830569854553553,False,0,False,0,quiet,0.2.0
1,13002932,15,120,13148,13.123805098306827,3.5950190425997874,0.18178584836983047,False,1,False,0,rotator,0.2.0
1,13127530,15,120,13206,4.579192746305681,3.2868637461004124,0.15961063390740282,False,0,False,0,rotator,0.2.0
1,13252446,15,120,13205,8.822757089138031,5.228784670767988,0.5217674403137873,False,0,False,0,rotator,0.2.0
1,13325866,15,120,13163,0.42240786552429194,,0.04128132906272429,False,8,False,0,flaring,0.2.0
1,13415581,15,120,13129,15.44475152492523,,0.01566164300391962,False,0,False,0,variable,0.2.0
1,13417254,15,120,13201,0.3808740377426147,,0.007660655406150126,False,0,False,0,quiet,0.2.0
1,13470446,15,120,13196,0.5054754909589594,3.720625609836036,0.3161112281675323,False,0,False,0,rotator,0.2.0
1,13487842,15,120,13161,0.8603688240051268,,0.045937622894647936,False,0,False,0,quiet,0.2.0
1,135702445,15,120,13130,10.409747284941295,,0.0017716763115874165,False,0,False,0,variable,0.2.0
1,13573545,15,120,12675,1.1666587114334106,,0.006101136931848846,False,0,False,0,quiet,0.2.0
1,136034302,15,120,13207,0.4839132785797119,12.78222400014253,0.24027989355494433,False,16,False,0,flaring,0.2.0
1,136389406,15,120,13011,11.751245427131652,,0.001407016709899727,False,0,False,0,variable,0.2.0
1,136455403,15,120,13165,9.118972814083099,,0.0046835563244335245,False,0,False,0,variable,0.2.0
1,13649094,15,120,12670,1.0892467909602397,,0.023505055464943317,False,0,False,0,quiet,0.2.0
1,136517835,15,120,12237,38.201931095123285,,0.028904513245480858,False,0,False,0,variable,0.2.0
1,136536248,15,120,13206,0.4769762740717098,5.751987244431234,0.15395171586697867,False,0,False,0,rotator,0.2.0
1,13658517,15,120,12501,127.93620786666871,,0.012841527869166447,False,0,False,0,variable,0.2.0
1,13658692,15,120,13197,0.7120842218399047,,0.003264669775555369,False,0,False,0,quiet,0.2.0
1,136642560,15,120,12164,10.849917826051582,1.058723730647876,0.1967824117082228,False,2,False,0,rotator,0.2.0
1,136721616,15,120,12617,3.9070076465606682,,0.07040926167990635,False,0,False,0,quiet,0.2.0
1,136738097,15,120,13129,10.548178339004515,,0.0013519150330208846,False,0,False,0,variable,0.2.0
1,136767375,15,120,12190,10.01990339756012,,0.013801828129184708,False,0,False,0,variable,0.2.0
1,136849775,15,120,12151,8.91457335948944,,0.07265143531990961,False,0,False,0,variable,0.2.0
1,136954536,15,120,15248,9.131477419480008,,0.8480021252283083,True,0,False,0,variable,0.2.0
1,136954962,15,120,15235,2.0326832056045534,,0.0008426147669109685,False,0,False,0,quiet,0.2.0
1,136958259,15,120,13207,3.3435615062713624,,0.004204919198475045,False,0,False,0,quiet,0.2.0
1,136976559,15,120,11910,14.538828478420628,,0.00801048494915736,False,0,False,0,variable,0.2.0
1,136978461,15,120,12641,0.8021330952644348,3.3390531937084527,0.11059548138257262,False,0,False,0,rotator,0.2.0
1,136996552,15,120,15250,0.7372254870668343,,0.005792310968059299,False,0,False,0,quiet,0.2.0
1,137003360,15,120,15246,2.284758124209698,0.4424167263499922,0.20143316111131476,False,0,False,0,rotator,0.2.0
1,137021215,15,120,15247,0.4393748760223388,,0.0037594145699410813,False,0,False,0,quiet,0.2.0
1,137025582,15,120,15214,6.446093872422344,,0.001450950070348219,False,0,False,0,variable,0.2.0
1,137035669,15,120,12619,20.427750420570373,,0.0066515303444517814,False,0,False,0,variable,0.2.0
1,137043557,15,120,12580,5.83899341225624,,0.04246064576669799,False,0,False,0,variable,0.2.0
1,137200424,15,120,12241,20.106791138648987,,0.006370406500470873,False,0,False,0,variable,0.2.0
1,137511893,15,120,12280,25.875973143457564,0.6644029473509374,0.40012365767883423,False,1,False,0,rotator,0.2.0
1,137624073,15,120,12307,7.217695569992065,,0.0030322641612249013,False,0,False,0,variable,0.2.0
1,137713981,15,120,15196,4.9252048693536254,6.201131602579641,0.3516359944568294,False,1,False,0,rotator,0.2.0
1,137729107,15,120,16338,4.4374035965622545,1.2893441419091891,0.1600875051749252,False,4,False,0,flaring,0.2.0
1,137729151,15,120,17745,0.5405583500862121,,0.00759495472410638,False,0,False,0,quiet,0.2.0
1,137732594,15,120,17748,0.9374714870014343,5.66189655458822,0.1553032697014651,False,0,False,0,rotator,0.2.0
1,137733381,15,120,17747,0.738418436050415,,0.04092048018772869,False,0,False,0,quiet,0.2.0
1,137734378,15,120,15561,1.0019373178482054,,0.005146151927973609,False,0,False,0,quiet,0.2.0
1,137750922,15,120,17748,2.0480154349808526,,0.005303230324565776,False,0,False,0,quiet,0.2.0
1,137770089,15,120,17741,3.7203705310821533,16.27798625171138,0.1562271181624493,False,2,False,0,rotator,0.2.0
1,137772065,15,120,17602,1.1398826479911803,,0.008141384443921899,False,0,False,0,quiet,0.2.0
1,137777387,15,120,15004,1.375034768133319,5.661894825871306,0.241722854593284,False,0,False,0,rotator,0.2.0
1,137778038,15,120,17746,0.7236606501442,,0.0009564189653402436,False,0,False,0,quiet,0.2.0
1,137799449,15,120,15408,2.3680024464128944,,0.008510011631344136,False,0,False,0,quiet,0.2.0
1,137801499,15,120,14986,0.8522830084646644,,0.012180337797904336,False,0,False,0,quiet,0.2.0
1,137803226,15,120,16523,8.151764845848083,1.4631827027330366,0.8014218825184951,False,1,False,0,rotator,0.2.0
1,137804449,15,120,17746,2.089107414755446,,0.03957565298244554,False,0,False,0,quiet,0.2.0
1,137810939,15,120,15205,0.6945869922637938,,0.006515371948112016,False,0,False,0,quiet,0.2.0
1,137830034,15,120,15470,0.8134002749145113,,0.061363723785932474,False,0,False,0,quiet,0.2.0
1,137830829,15,120,17738,0.776284892073724,,0.09947490065036417,False,0,False,0,quiet,0.2.0
1,137831612,15,120,15721,0.6210632801055908,,0.0012653040740581171,False,0,False,0,quiet,0.2.0
1,137831829,15,120,15690,1.4112664461135864,,0.008890772239440478,False,0,False,0,quiet,0.2.0
1,137951526,15,120,12635,0.4478583812713623,6.511159255480208,0.18876676655337485,False,0,False,0,rotator,0.2.0
1,138001018,15,120,12359,3.7012826442718505,,0.002723179505536935,False,0,False,0,quiet,0.2.0
1,138136997,15,120,12544,3.288551080909307,,0.002897138953901492,False,0,False,0,quiet,0.2.0
1,138147897,15,120,12299,4.607427048683165,,0.4608947992087106,True,2,False,0,quiet,0.2.0
1,138149433,15,120,12599,11.505577254295348,14.469262331949341,0.534899083472476,False,0,False,1,rotator,0.2.0
1,138221966,15,120,15122,3.4272917313997904,,0.0037049695824956947,False,0,False,0,quiet,0.2.0
1,138371819,15,120,12642,0.7487577080726623,2.712989543635942,0.15931253537166962,False,0,False,0,rotator,0.2.0
1,138559455,15,120,17739,0.4359284520149231,,0.03407605544322735,False,0,False,0,quiet,0.2.0
1,138560272,15,120,17747,0.7951518774032592,,0.0010318376649584705,False,0,False,0,quiet,0.2.0
1,138577235,15,120,17748,0.9110930615012013,,0.0029560968556688145,False,0,False,0,quiet,0.2.0
1,138578155,15,120,17746,3.2042464435100557,,0.005393890358448846,False,0,False,0,quiet,0.2.0
1,138581189,15,120,17748,4.086619237464093,,0.0010627498453261357,False,0,False,0,quiet,0.2.0
1,138588256,15,120,17747,1.3605421543121339,,0.04658438904853263,False,0,False,0,quiet,0.2.0
1,138589319,15,120,17746,56.16734076933022,,0.001350377547363465,False,0,False,0,variable,0.2.0
1,138589695,15,120,17746,0.8163606405258178,,0.014283000726509567,False,0,False,0,quiet,0.2.0
1,138632911,15,120,17748,2.633377236127853,,0.002282301800852263,False,0,False,0,quiet,0.2.0
1,138639253,15,120,15123,5.054755210876465,,0.039860417283943114,False,2,False,2,variable,0.2.0
1,138649216,15,120,17747,8.112263524532318,,0.0014010788288496294,False,0,False,0,variable,0.2.0
1,138650903,15,120,17748,1.0742238521575929,0.6321567274565693,0.13500281166069247,False,0,True,12,dipper,0.2.0
1,138651580,15,120,17748,4.309532039789436,,0.0019368218388218265,False,0,False,0,quiet,0.2.0
1,138652182,15,120,17666,0.3808740377426147,,0.07094034534109196,False,0,False,0,quiet,0.2.0
1,138652372,15,120,17748,1.0420572280883789,,0.0018713766093205483,False,0,False,0,quiet,0.2.0
1,138652747,15,120,17747,0.9843517184257506,,0.003646270314796032,False,0,False,0,quiet,0.2.0
1,138653434,15,120,17747,2.294434690475464,,0.0025740322727245356,False,0,False,0,quiet,0.2.0
1,138653443,15,120,17744,0.6104147136211395,,0.009656887115646606,False,0,False,0,quiet,0.2.0
1,138674468,15,120,12241,31.767280733585356,,0.0135056289903311,False,0,False,0,variable,0.2.0
1,138677640,15,120,12240,86.34746594555371,,0.0722292119304835,False,0,False,0,variable,0.2.0
1,138946089,15,120,12363,2.053450119495392,,0.0049610915926670725,False,0,False,0,quiet,0.2.0
1,139019384,15,120,12396,6.633437935505036,,0.007303484055644766,False,0,False,0,variable,0.2.0
1,139076049,15,120,12538,2.0796517789363858,,0.009740164704068266,False,0,False,0,quiet,0.2.0
1,139154971,15,120,15122,0.9046863558701488,3.617208891513965,0.10460974938358843,False,0,False,0,rotator,0.2.0
1,139221628,15,120,12643,7.94391896724701,,0.00681238716142745,False,0,False,0,variable,0.2.0
1,13980766,15,120,13154,8.272345254649363,1.3354164875005778,0.25968369450072526,False,0,False,0,rotator,0.2.0
1,1400801643,15,120,16341,2.4507609486579898,,0.003961594054007168,False,0,False,0,quiet,0.2.0
1,1400934613,15,120,14770,164.73601879477502,,0.0011854708128629374,False,0,False,0,variable,0.2.0
1,141129465,15,120,14927,4.183782005310058,8.139047881220236,0.286680522545381,False,0,False,0,rotator,0.2.0
1,141146598,15,120,17748,3.386111789113986,,0.07643725715453131,False,0,False,0,quiet,0.2.0
1,141206921,15,120,15240,0.27094194889068607,,0.08327646949124623,False,0,False,0,quiet,0.2.0
1,141207189,15,120,13357,1.2577680230140686,,0.08296916211459973,False,0,False,0,quiet,0.2.0
1,141207253,15,120,13449,0.7716454982757568,,0.002068088961531087,False,0,False,0,quiet,0.2.0
1,141208677,15,120,14812,0.7552529142872367,,0.001620595445554074,False,0,False,0,quiet,0.2.0
1,141209440,15,120,14206,15.000250750772631,,0.0028377987949962094,False,0,False,0,variable,0.2.0
1,141247578,15,120,13822,1.6992636740646556,6.143982326167779,0.3647310870820382,False,6,False,0,flaring,0.2.0
1,141248007,15,120,14827,1.8069866180419922,,0.02772140360437337,False,0,False,0,quiet,0.2.0
1,141248963,15,120,14690,0.6495625942684766,,0.003411558149296006,False,0,False,0,quiet,0.2.0
1,141816239,15,120,15715,0.3232568979263305,,0.07313354061672248,False,0,False,0,quiet,0.2.0
1,141816675,15,120,15717,2.0172184824943544,3.0630019343711865,0.3771139456748293,False,0,False,0,rotator,0.2.0
1,141817348,15,120,15667,0.5810317397117615,,0.0022827266311974733,False,0,False,0,quiet,0.2.0
1,141818815,15,120,15707,0.42064046859741205,5.326958763113077,0.1294660811147461,False,0,False,0,rotator,0.2.0
1,141819543,15,120,15632,1.5208449649307152,6.448384844065195,0.4646582232005742,False,0,False,0,rotator,0.2.0
1,141820454,15,120,14932,3.95141337658723,,0.0010616295226610717,False,0,False,0,quiet,0.2.0
1,141822394,15,120,14890,4.257659196853637,,0.0013520143908749944,False,0,False,0,quiet,0.2.0
1,141822426,15,120,14908,9.60779004646599,,0.0009775593467701836,False,0,False,0,variable,0.2.0
1,141860937,15,120,15006,2.7532507685869474,8.089709813726433,0.46667156426305695,False,0,False,0,rotator,0.2.0
1,141864533,15,120,15721,1.1640076160430908,1.0842453940136065,0.7150959016347798,False,0,False,0,rotator,0.2.0
1,141874000,15,120,15269,159.5131399512291,,0.0016598763878584442,False,0,False,0,variable,0.2.0
1,141874552,15,120,14953,1.0166067123413085,,0.0013005517848788649,False,0,False,0,quiet,0.2.0
1,142300822,15,120,16386,0.7142050981521606,,0.0017899923654141308,False,0,False,0,quiet,0.2.0
1,142302526,15,120,14977,0.9301810026168823,,0.00796681003564859,False,0,False,0,quiet,0.2.0
1,142302634,15,120,17744,0.5563765525817871,,0.012553258402601533,False,0,False,0,quiet,0.2.0
1,142317598,15,120,15291,4.934042000770569,7.160574096285606,0.35528307796947745,False,1,False,0,rotator,0.2.0
1,142371632,15,120,17345,0.8159187912940978,,0.00661472416516345,False,0,False,0,quiet,0.2.0
1,142372249,15,120,15278,1.7630226720280249,,0.09986758018926709,False,0,False,0,quiet,0.2.0
1,142373354,15,120,17512,0.7140283584594727,,0.017939977558182867,False,0,False,0,quiet,0.2.0
1,142381807,15,120,15656,1.0599079370498656,,0.0029343000461217418,False,0,False,0,quiet,0.2.0
1,142383642,15,120,15626,1.7136239775195108,,0.015401640209240649,False,0,False,0,quiet,0.2.0
1,142383914,15,120,15648,1.2545425236225127,,0.0037798747213573882,False,0,False,0,quiet,0.2.0
1,142385396,15,120,17510,0.525358736515045,,0.07412850757014702,False,0,False,0,quiet,0.2.0
1,142385827,15,120,17508,0.4340285261886433,,0.008380456569956828,False,0,False,0,quiet,0.2.0
1,142394656,15,120,15239,2.049561846256256,11.054931727531166,0.20651772778908262,False,0,False,2,rotator,0.2.0
1,142397512,15,120,17510,0.5888524360148647,3.9461387095698024,0.27107712350041724,False,0,False,0,rotator,0.2.0
1,142413204,15,120,14797,4.751646637916565,,0.0015968394439919494,False,0,False,0,quiet,0.2.0
1,142811416,15,120,17744,0.4777273893356323,,0.006482135107888294,False,0,False,0,quiet,0.2.0
1,142825877,15,120,17567,2.4662256717681883,,0.010214787256281839,False,0,False,0,quiet,0.2.0
1,142826023,15,120,17742,0.7707176378583204,,0.0021612219616107824,False,0,False,0,quiet,0.2.0
1,142863308,15,120,17560,1.4507678539018543,,0.0006302464739894215,False,0,False,0,quiet,0.2.0
1,142863329,15,120,17578,6.552226246827058,8.139046753665085,0.7748074820595015,False,0,False,0,rotator,0.2.0
1,142864155,15,120,17503,1.2488426685333252,,0.0017963898024610126,False,0,False,0,quiet,0.2.0
1,142904393,15,120,17511,5.2572988986969,6.85357579297141,0.7351585594470122,False,24,False,0,flaring,0.2.0
1,142905376,15,120,17736,0.6678108890169329,,0.03249842627681477,False,0,False,0,quiet,0.2.0
1,142932867,15,120,17514,0.6279119057707843,,0.015793876727085758,False,0,False,0,quiet,0.2.0
1,142933327,15,120,17745,2.3913764119148255,5.661930491021147,0.5563206236148751,False,0,False,0,rotator,0.2.0
1,142935481,15,120,17748,1.887977525950148,,0.0029128807654842217,False,0,False,0,quiet,0.2.0
1,142940412,15,120,17742,4.159524358525146,1.8086717828852903,0.2031895332273865,False,1,False,0,rotator,0.2.0
1,142941935,15,120,17507,0.48479697704315183,,0.004917746823760062,False,0,False,0,quiet,0.2.0
1,142942547,15,120,17744,0.6382070302963256,,0.008720741100949031,False,0,False,0,quiet,0.2.0
1,142948247,15,120,17512,0.75379478931427,5.661936899583383,0.11953297270485624,False,0,False,0,rotator,0.2.0
1,142961545,15,120,17149,1.086065411567688,,0.0024582222806003077,False,0,False,0,quiet,0.2.0
1,142962909,15,120,17515,0.8123839974403381,,0.01318898055610406,False,0,False,0,quiet,0.2.0
1,142963210,15,120,17438,1.3514399795866023,,0.011463039135147486,False,0,False,0,quiet,0.2.0
1,142980026,15,120,17512,11.680328973541528,,0.09928739827455497,False,3,False,0,flaring,0.2.0
1,143007574,15,120,17515,1.0950791358947753,,0.0018407195841230403,False,0,False,0,quiet,0.2.0
1,14323558,15,120,13138,161.91025557785463,19.166495887292097,0.7849208279725466,False,17,False,0,flaring,0.2.0
1,14416875,15,120,13210,0.47158565690602916,,0.0022928381683993203,False,0,False,0,quiet,0.2.0
1,14530477,15,120,13148,1.7766757607460022,,0.01187435669971125,False,0,False,0,quiet,0.2.0
1,147625064,15,120,17747,0.8534759759902953,,0.004651358259923101,False,0,False,0,quiet,0.2.0
1,147626911,15,120,17745,1.9175372958183288,,0.0043432234884133196,False,0,False,0,quiet,0.2.0
1,147627866,15,120,17748,2.6455279323144003,5.425986713639617,0.19835149163280674,False,0,False,0,rotator,0.2.0
1,147628095,15,120,17747,1.0212019443511962,,0.0013924639575912277,False,0,False,0,quiet,0.2.0
1,147642285,15,120,17747,4.543447279930114,,0.0009365772072625393,False,0,False,0,quiet,0.2.0
1,147670079,15,120,17552,0.8470249772071838,,0.001096630561815233,False,0,False,0,quiet,0.2.0
1,147670297,15,120,17746,1.3151642774094425,,0.001034602580291976,False,0,False,0,quiet,0.2.0
1,147673699,15,120,14427,173.289026927948,,0.0008634492701820657,False,0,False,0,variable,0.2.0
1,147680263,15,120,17445,4.552461004257202,2.712988454837391,0.6215309745291712,False,0,False,0,rotator,0.2.0
1,147685096,15,120,17511,0.7614829659461975,,0.03001241290832772,False,0,False,0,quiet,0.2.0
1,147685820,15,120,14803,2.821737563610077,5.754321810522979,0.632396193933733,False,0,False,0,rotator,0.2.0
1,147713003,15,120,15012,4.265921650352428,,0.009266160566212028,False,0,False,0,quiet,0.2.0
1,147713557,15,120,17738,0.5242982671083052,,0.02646446285131764,False,0,False,0,quiet,0.2.0
1,14841333,15,120,13204,0.8614734984322486,,0.09779979203393181,False,1,False,0,quiet,0.2.0
1,14844585,15,120,13202,12.81406880533285,0.9350612592569765,0.48495302041889016,False,0,True,9,dipper,0.2.0
1,148877984,15,120,17516,1.0052070021629333,,0.0010026433735532986,False,0,False,0,quiet,0.2.0
1,148878931,15,120,17514,0.7252513289451599,,0.03379625079046389,False,0,False,0,quiet,0.2.0
1,148894032,15,120,17512,0.6909637873790391,,0.08306610107593225,False,1,False,0,quiet,0.2.0
1,148895902,15,120,17429,1.5622905135154723,,0.014657022558565356,False,0,False,0,quiet,0.2.0
1,148909130,15,120,17515,1.6917523384094237,,0.01206433646508714,False,0,False,0,quiet,0.2.0
1,148912190,15,120,17513,1.4332705378532409,1.5502902742112281,0.12834941948822018,False,0,False,0,rotator,0.2.0
1,148912382,15,120,17410,2.306276249885559,,0.012532161367123817,False,0,False,0,quiet,0.2.0
1,148915684,15,120,17514,1.5071476844803189,3.8301169730647855,0.3367925703871517,False,0,False,0,rotator,0.2.0
1,148916489,15,120,17504,0.24933550659802514,,0.01662731918978627,False,0,False,0,quiet,0.2.0
1,148916626,15,120,17411,0.8518853187561035,,0.0029799003117167754,False,0,False,0,quiet,0.2.0
1,148917657,15,120,17516,0.7048378944396972,,0.05269893181663381,False,0,False,0,quiet,0.2.0
1,148917809,15,120,17515,172.96842112541196,,0.0008818441660307682,False,0,False,0,variable,0.2.0
1,148931716,15,120,17388,1.4873087432178478,,0.002429027078110675,False,0,False,0,quiet,0.2.0
1,148931898,15,120,17149,2.045408463478088,,0.026578335861414785,False,0,False,0,quiet,0.2.0
1,148932823,15,120,17506,0.933273975052654,,0.0303787330119545,False,0,False,0,quiet,0.2.0
1,148960006,15,120,17381,3.9511925697326657,,0.008951375528754786,False,0,False,0,quiet,0.2.0
1,148960134,15,120,17510,0.971626518465669,1.5142347108683833,0.15502355578665614,False,0,False,0,rotator,0.2.0
1,148960454,15,120,15971,1.5950757265090942,,0.06411155288825596,False,0,False,0,quiet,0.2.0
1,148963419,15,120,17516,78.0969819338029,0.28431580459550587,0.6420539234276578,False,0,True,12,dipper,0.2.0
1,148963963,15,120,17513,0.7394788742065429,,0.015388230589907433,False,0,False,0,quiet,0.2.0
1,148966121,15,120,17516,0.825595264864109,,0.002140387130974581,False,0,False,0,quiet,0.2.0
1,148968534,15,120,16227,1.8022146463394164,,0.023364327355174488,False,0,False,0,quiet,0.2.0
1,148968873,15,120,17379,1.0570801019668579,,0.002766022513069325,False,0,False,0,quiet,0.2.0
1,148971118,15,120,17507,0.4141894698143005,,0.024948425594763565,False,0,False,0,quiet,0.2.0
1,14908361,15,120,13198,0.8126490827605402,,0.010146769556756434,False,0,False,0,quiet,0.2.0
1,149970022,15,120,15247,0.6804478168487548,0.5934882003190046,0.2629213583186913,False,0,False,0,rotator,0.2.0
1,149970500,15,120,13575,2.066793966293335,,0.05623324716332401,False,0,False,0,quiet,0.2.0
1,150317774,15,120,13248,1.4874412979913143,6.410084564031422,0.3801784574399016,False,0,False,0,rotator,0.2.0
1,150318158,15,120,13886,0.8177303244036243,,0.053416969851101705,False,0,False,0,quiet,0.2.0
1,150318259,15,120,12887,2.6007245779037476,,0.0013346238005477204,False,0,False,0,quiet,0.2.0
1,150326075,15,120,12905,9.274592113494872,4.055535879234355,0.33773101806475936,False,3,False,0,flaring,0.2.0
1,150326709,15,120,15243,0.47383911609649654,,0.0026408093528287008,False,0,False,0,quiet,0.2.0
1,150342503,15,120,15232,0.5972917736383743,,0.07367504611985005,False,0,False,0,quiet,0.2.0
1,150343522,15,120,13247,2.168419289588928,,0.001982418071146253,False,0,False,0,quiet,0.2.0
1,150344172,15,120,14451,2.8987076997756955,6.256215774613961,0.34318804959473315,False,0,False,0,rotator,0.2.0
1,150362159,15,120,13445,0.8660244941711426,,0.02911701892149572,False,0,False,0,quiet,0.2.0
1,150362481,15,120,15248,1.2767233550548553,5.530275657667867,0.35020637914472635,False,0,False,0,rotator,0.2.0
1,150384619,15,120,13349,6.627915215492248,,0.007669072904274478,False,0,False,0,variable,0.2.0
1,150385159,15,120,15589,0.7866683721542358,,0.005075106655392777,False,0,False,0,quiet,0.2.0
1,150387725,15,120,14882,0.8791474163532257,,0.06499361544881282,False,0,False,0,quiet,0.2.0
1,15097985,15,120,13197,0.6507555484771728,,0.0016947285463625472,False,0,False,0,quiet,0.2.0
1,15181144,15,120,13118,21.624632908381994,11.838350315953013,0.5419724744073149,False,0,False,0,rotator,0.2.0
1,15207484,15,120,13194,0.2840206861495972,,0.008279904215855071,False,0,False,0,quiet,0.2.0
1,15303727,15,120,12381,10.754080080986023,,0.018416606772206447,False,0,False,0,variable,0.2.0
1,153949901,15,120,17748,1.6184495508670806,,0.02540475068333721,False,0,False,0,quiet,0.2.0
1,153972876,15,120,14771,1.2467217922210692,,0.010368303832389947,False,0,False,0,quiet,0.2.0
1,153975515,15,120,17516,5.923386438984083,,0.030039770084498957,False,0,False,0,variable,0.2.0
1,153975689,15,120,17515,0.5263308048248291,,0.004551531074567803,False,0,False,0,quiet,0.2.0
1,153975746,15,120,14995,1.6638274669647215,11.042407521763794,0.1347293382469781,False,0,False,0,rotator,0.2.0
1,153977353,15,120,14763,25.313895964622496,2.7470244442343206,0.9621996869567504,False,0,False,0,rotator,0.2.0
1,153977703,15,120,14754,1.1997532546446696,,0.0034528570356129546,False,0,False,0,quiet,0.2.0
1,153991851,15,120,16073,86.19594812393187,0.2625330279063576,0.7004231679143156,False,0,False,3,rotator,0.2.0
1,154007402,15,120,14144,1.3801602602005003,8.995236105427098,0.22772379833573198,False,0,False,0,rotator,0.2.0
1,154007976,15,120,14199,1.764922571182251,,0.017106571958962605,False,0,False,0,quiet,0.2.0
1,154008627,15,120,17361,1.005648851394653,3.8301000026897256,0.12708307777305958,False,0,False,0,rotator,0.2.0
1,154009964,15,120,17511,0.3877668857574463,,0.016996594295340707,False,0,False,0,quiet,0.2.0
1,154010909,15,120,17509,0.7066052913665771,,0.06108266441758698,False,0,False,0,quiet,0.2.0
1,154067510,15,120,17512,0.5115288555622101,,0.007827220976754003,False,0,False,0,quiet,0.2.0
1,154071400,15,120,14948,4.135178466582939,,0.006431760512426604,False,0,False,0,quiet,0.2.0
1,154087299,15,120,17513,0.5242099285125732,,0.003768403245170069,False,0,False,0,quiet,0.2.0
1,154087398,15,120,13649,18.34487314224243,,0.01520482781503407,False,0,False,0,variable,0.2.0
1,154089472,15,120,17513,6.073306059837341,,0.6936515648018627,True,5,False,0,flaring,0.2.0
1,154089846,15,120,17511,0.7902031660079956,,0.08218896099913992,False,0,False,0,quiet,0.2.0
1,154090326,15,120,14734,7.387365895133193,,0.002006307065082436,False,0,False,0,variable,0.2.0
1,154092123,15,120,17317,1.02394140958786,,0.025726195721131107,False,0,False,0,quiet,0.2.0
1,154106326,15,120,17502,0.33297757110066495,,0.004664121289574104,False,0,False,0,quiet,0.2.0
1,154106379,15,120,14744,2.681097112959451,7.101348606751584,0.1465226049639013,False,0,False,0,rotator,0.2.0
1,154106493,15,120,17514,0.6739526331424713,,0.016261716665518667,False,0,False,0,quiet,0.2.0
1,154106957,15,120,14151,5.553161144256591,,0.001805062178345677,False,0,False,0,variable,0.2.0
1,154107230,15,120,17510,5.172110058539506,,0.0033525571565539685,False,0,False,0,variable,0.2.0
1,154124212,15,120,17515,1.0623822927474975,10.851932626134252,0.18752936071356854,False,0,False,0,rotator,0.2.0
1,154165672,15,120,14423,5.7888435244560235,4.240083748219132,0.12263220599743037,False,1,False,0,rotator,0.2.0
1,154180755,15,120,14724,3.7437002820879304,,0.0039904861705800584,False,0,False,0,quiet,0.2.0
1,154182843,15,120,17514,0.5714877622432849,,0.0019354224235414292,False,0,False,0,quiet,0.2.0
1,154182988,15,120,17511,0.5520464301109314,,0.02673789296859025,False,0,False,0,quiet,0.2.0
1,154203988,15,120,14885,9.160064792633056,,0.003740402372125637,False,0,False,0,variable,0.2.0
1,154204440,15,120,14476,7.020807761574022,,0.004511742431643494,False,0,False,0,variable,0.2.0
1,15420687,15,120,13368,1.1704586148262024,0.5946216154670318,0.11894081180393234,False,0,False,0,rotator,0.2.0
1,154220193,15,120,13572,1.758206410461473,,0.07960102095015519,False,0,False,0,quiet,0.2.0
1,154223668,15,120,15248,0.5456838011741638,,0.0013250502487694956,False,0,False,0,quiet,0.2.0
1,154223853,15,120,15245,0.6428022623062134,,0.001318318073346065,False,0,False,0,quiet,0.2.0
1,15422557,15,120,13365,21.253301525115965,0.9368511071966414,0.4748541228821087,False,0,False,0,rotator,0.2.0
1,154383216,15,120,15714,0.364260484918327,,0.002539950034377591,False,0,False,0,quiet,0.2.0
1,154384818,15,120,15708,2.731070101261139,0.6414584637080258,0.1115906079047515,False,0,False,0,rotator,0.2.0
1,154385042,15,120,15579,4.105397951602936,,0.0011637346790290533,False,0,False,0,quiet,0.2.0
1,154385126,15,120,15719,1.0309226274490355,3.712697361168081,0.14255881724170194,False,0,False,0,rotator,0.2.0
1,154491742,15,120,17508,0.49769897460937496,,0.07300839455608507,False,2,False,0,quiet,0.2.0
1,154511165,15,120,16287,23.08556191921234,0.4207627070224724,0.41358653138835855,False,0,True,12,dipper,0.2.0
1,154564256,15,120,17511,0.5809433698654175,1.6912264313430998,0.3479264166356101,False,0,False,0,rotator,0.2.0
1,15456583,15,120,13125,0.784194016456604,,0.0015748640631109395,False,0,False,0,quiet,0.2.0
1,154566125,15,120,17512,0.7698339164257049,,0.0013595609456295474,False,0,False,0,quiet,0.2.0
1,154566667,15,120,17517,0.8826380252838134,,0.016343922296257005,False,0,False,0,quiet,0.2.0
1,154568659,15,120,17506,2.2233412153524523,0.4718273762076203,0.15654996405375313,False,0,False,0,rotator,0.2.0
1,154569230,15,120,17514,1.4342867483411208,0.910662273497334,0.3066643023383873,False,0,False,0,rotator,0.2.0
1,154570705,15,120,17517,0.783310317993164,,0.0011986656729182522,False,0,False,0,quiet,0.2.0
1,154570928,15,120,17509,0.9839098691940308,,0.07169154254035816,False,0,False,2,quiet,0.2.0
1,15462531,15,120,13208,0.19706475734710693,,0.07369713477118572,False,0,False,0,quiet,0.2.0
1,15474708,15,120,12875,4.696503853797912,,0.002356328376001321,False,0,False,0,quiet,0.2.0
1,15514858,15,120,13185,2.790631377696991,4.823050838478669,0.47148880303548485,False,0,False,0,rotator,0.2.0
1,15515259,15,120,13360,0.5599554979827702,,0.02519745737479547,False,0,False,0,quiet,0.2.0
1,1551704636,15,120,17399,1.2699630618095397,6.511166500229422,0.21601151817352623,False,0,False,0,rotator,0.2.0
1,155871895,15,120,14691,0.8480854153633117,,0.0012389510879484956,False,0,False,0,quiet,0.2.0
1,155872701,15,120,15246,0.5805015033334046,,0.014043247755096355,False,0,False,0,quiet,0.2.0
1,155873416,15,120,14874,0.6787246453001884,,0.0020210678185478303,False,0,False,0,quiet,0.2.0
1,155878322,15,120,15245,0.8552433729171752,,0.0017720419917791703,False,0,False,0,quiet,0.2.0
1,156457439,15,120,17356,1.2748675122936062,,0.0011990184932204847,False,0,False,0,quiet,0.2.0
1,156462141,15,120,17747,0.6309607028961182,,0.00408657073781878,False,0,False,0,quiet,0.2.0
1,156493528,15,120,13861,1.1247714042663572,,0.015450013940190813,False,0,False,0,quiet,0.2.0
1,156493690,15,120,17741,0.7985099315643309,,0.061772254928517706,False,0,False,0,quiet,0.2.0
1,156497041,15,120,17382,1.810609835702474,,0.0006957236273494969,False,0,False,0,quiet,0.2.0
1,156509590,15,120,17238,2.564139308682721,,0.006895845117919353,False,0,False,0,quiet,0.2.0
1,156512630,15,120,16591,1.011834740638733,,0.04493847194106776,False,0,False,0,quiet,0.2.0
1,15686471,15,120,13167,10.18409457206726,,0.0025463588372154943,False,0,False,0,variable,0.2.0
1,157263760,15,120,15239,0.6003847360610961,,0.019020495026841045,False,0,False,0,quiet,0.2.0
1,157264816,15,120,15246,0.5896477821574276,,0.004887136198593535,False,0,False,0,quiet,0.2.0
1,157317939,15,120,14666,6.092614871263503,3.761032240276308,0.740625152748468,False,0,False,0,rotator,0.2.0
1,157318416,15,120,15236,0.44777001142501827,,0.0015510275306414856,False,0,False,0,quiet,0.2.0
1,157320206,15,120,17744,0.8376136135343794,,0.014084139928912696,False,0,False,0,quiet,0.2.0
1,157320698,15,120,17742,0.4686252951622009,,0.002335031732890292,False,0,False,0,quiet,0.2.0
1,157328623,15,120,17746,0.6522578358650207,,0.029759873446839977,False,0,False,0,quiet,0.2.0
1,157329241,15,120,17744,0.9528036832809448,,0.0071082001262109075,False,0,False,0,quiet,0.2.0
1,157329412,15,120,17746,1.0887165069580076,,0.0033473520688280466,False,0,False,0,quiet,0.2.0
1,157329771,15,120,17712,0.8759219169616699,0.7077379886945507,0.19345291975935722,False,0,False,0,rotator,0.2.0
1,157330011,15,120,17748,1.780210554599762,,0.0062024963173088815,False,0,False,0,quiet,0.2.0
1,157332875,15,120,17747,0.7479623794555664,,0.0020921459438932293,False,0,False,0,quiet,0.2.0
1,157861370,15,120,13476,1.7718154191970823,,0.011600639511386282,False,2,False,0,quiet,0.2.0
1,157862327,15,120,15248,0.6874290142229492,,0.0007938085548202397,False,0,False,0,quiet,0.2.0
1,157871565,15,120,15248,0.3687673468132408,11.060524893714295,0.4105783016385264,False,2,False,0,rotator,0.2.0
1,157871681,15,120,13800,0.8765846385607339,,0.004494593477296266,False,0,False,0,quiet,0.2.0
1,157878789,15,120,13851,10.282803690433502,,0.00439158563224499,False,0,False,0,variable,0.2.0
1,157880506,15,120,14954,0.6952498075514917,,0.010266673124851617,False,0,False,0,quiet,0.2.0
1,158174250,15,120,15105,0.919753360748291,,0.03481208626025723,False,0,False,0,quiet,0.2.0
1,158324531,15,120,14162,3.534396400117659,,0.012335820547429755,False,0,False,0,quiet,0.2.0
1,158393140,15,120,14212,15.902993837088163,0.439103447871473,0.4658571584992265,False,0,True,12,dipper,0.2.0
1,158447488,15,120,14862,1.08500497341156,,0.009107403056668587,False,0,False,0,quiet,0.2.0
1,158461515,15,120,17473,0.7276373147964478,,0.0009194119325500766,False,0,False,0,quiet,0.2.0
1,158462306,15,120,15600,3.2643378417391227,,0.0015480879811165054,False,0,False,0,quiet,0.2.0
1,158488181,15,120,14198,162.70333074023333,,0.001899634855754242,False,0,False,0,variable,0.2.0
1,158490159,15,120,14158,2.531840207223886,,0.031194281892951856,False,0,False,0,quiet,0.2.0
1,158490831,15,120,14166,2.3116666727264716,7.314526419535169,0.14676581037218653,False,0,False,0,rotator,0.2.0
1,158496595,15,120,15713,0.5286284208297729,,0.001161966734289714,False,0,False,0,quiet,0.2.0
1,158513979,15,120,15721,10.40996789932251,0.7425402871443966,0.5847640442383695,False,0,False,0,rotator,0.2.0
1,158514451,15,120,15720,0.5710901490178749,,0.03200591913367176,False,0,False,0,quiet,0.2.0
1,158514824,15,120,15669,13.990714073181152,,0.9769630292193273,True,18,False,2,flaring,0.2.0
1,158535191,15,120,15228,3.9582621574401857,,0.0015366250671209566,False,0,False,0,quiet,0.2.0
1,158539009,15,120,15719,1.3029250144958495,1.725611233886552,0.1765677987852666,False,0,False,0,rotator,0.2.0
1,158539639,15,120,15722,0.9322135090827941,,0.010982236696312788,False,0,False,0,quiet,0.2.0
1,158539901,15,120,15715,0.5061824798583985,2.6067803403841143,0.1604028287119818,False,0,False,0,rotator,0.2.0
1,158541119,15,120,15629,4.776920413970948,,0.07561811762200896,False,0,False,0,quiet,0.2.0
1,158541236,15,120,15566,2.4810276210308073,,0.0011653961037330228,False,0,False,0,quiet,0.2.0
1,158565656,15,120,14993,1.6792921900749207,,0.0025248516373864043,False,0,False,0,quiet,0.2.0
1,158579222,15,120,15719,0.7170329332351685,,0.037272101003099384,False,0,False,0,quiet,0.2.0
1,158579411,15,120,15672,1.0785539103416257,2.2688730909953003,0.22147052329728092,False,0,False,0,rotator,0.2.0
1,158587541,15,120,15720,0.6764269888401032,,0.02137811106838588,False,0,False,0,quiet,0.2.0
1,158587933,15,120,15718,0.6591948884485629,,0.05182065529783503,False,0,False,0,quiet,0.2.0
1,158588323,15,120,14873,4.756595349311828,,0.002782621938617238,False,0,False,0,quiet,0.2.0
1,158618357,15,120,15669,7.304563128948211,,0.0024735659467002022,False,0,False,0,variable,0.2.0
1,158731725,15,120,14169,1.0897769451141357,,0.004340082761049375,False,0,False,0,quiet,0.2.0
1,158835783,15,120,15116,0.3977084816185092,,0.004206550957286629,False,0,False,0,quiet,0.2.0
1,15889874,15,120,12436,24.763131635282388,,0.00284700964069094,False,0,False,0,variable,0.2.0
1,159051209,15,120,14177,12.92073197364807,,0.007742538698649763,False,0,False,0,variable,0.2.0
1,159055335,15,120,14237,3.1232554793357847,6.89896908539227,0.13854792020380866,False,0,False,0,rotator,0.2.0
1,159158827,15,120,17748,10.622231953673603,,0.05869592965825578,False,0,False,0,variable,0.2.0
1,159159828,15,120,14779,1.479134488105774,7.545962315590772,0.19713428629622537,False,0,False,0,rotator,0.2.0
1,159160421,15,120,14786,0.8105282306671142,,0.0014898100821701208,False,0,False,0,quiet,0.2.0
1,159160819,15,120,14696,3.381030321121216,3.8861667064981935,0.4768698323727328,False,2,False,0,rotator,0.2.0
1,159160986,15,120,15240,0.4707903563976288,,0.011693368288366467,False,0,False,0,quiet,0.2.0
1,159163331,15,120,14179,1.26510272026062,,0.03294345979510477,False,0,False,0,quiet,0.2.0
1,159172010,15,120,14175,1.3909413814544678,,0.011148184046035382,False,1,False,0,quiet,0.2.0
1,159190628,15,120,14786,2.343479885355238,,0.012365656703783603,False,0,False,0,quiet,0.2.0
1,159204703,15,120,14892,1.5486815571784973,,0.001566274012191105,False,0,False,0,quiet,0.2.0
1,159208662,15,120,17744,4.466035028336345,18.603540245982554,0.7508500972297534,False,0,False,0,rotator,0.2.0
1,159210154,15,120,14776,11.563813327664533,,0.0010528270997471794,False,0,False,0,variable,0.2.0
1,159299691,15,120,14151,1.0250018477439882,,0.04865453489171014,False,0,False,0,quiet,0.2.0
1,159305212,15,120,15123,0.6367931127548218,,0.00257029978817664,False,0,False,0,quiet,0.2.0
1,159331270,15,120,17735,23.575749456882477,14.469377011712744,0.1622220857484183,False,20,False,0,flaring,0.2.0
1,159334198,15,120,17739,0.4127755522727966,,0.016748642393453833,False,0,False,0,quiet,0.2.0
1,159346626,15,120,17747,0.799040150642395,,0.0427560580408306,False,0,False,0,quiet,0.2.0
1,159392907,15,120,14138,0.9864726535363587,,0.02342598518135369,False,0,False,0,quiet,0.2.0
1,159414803,15,120,17747,7.342031943798065,,0.0007517066975507854,False,0,False,0,variable,0.2.0
1,159417870,15,120,17746,0.7080191667068501,,0.04125300993835907,False,0,False,0,quiet,0.2.0
1,159420138,15,120,17741,1.2697863221168517,2.003452296325629,0.1319475270464995,False,0,False,0,rotator,0.2.0
1,159441328,15,120,15048,5.406069696130445,,0.08545918443369122,False,0,False,2,variable,0.2.0
1,159452656,15,120,17747,47.887442994117734,,0.02934527983886214,False,0,False,0,variable,0.2.0
1,159452869,15,120,17746,0.9010189533233642,,0.002429138089565295,False,0,False,0,quiet,0.2.0
1,159454564,15,120,17748,3.1662030359385582,,0.0014116484972917722,False,0,False,0,quiet,0.2.0
1,159464498,15,120,17746,1.341365817703854,,0.07083263694065721,False,0,False,4,quiet,0.2.0
1,159466164,15,120,17746,0.6815082143838278,,0.03727499746496622,False,0,False,0,quiet,0.2.0
1,159502560,15,120,17746,12.335944883106496,0.5426020173464631,0.6611469959331191,False,0,False,0,rotator,0.2.0
1,159503019,15,120,17747,1.6247679948806761,,0.02786312834251695,False,0,False,0,quiet,0.2.0
1,159508523,15,120,17747,1.1039161205291748,,0.003559401762923659,False,0,False,0,quiet,0.2.0
1,159509625,15,120,17748,2.125339116176314,,0.04265598642391904,False,0,False,0,quiet,0.2.0
1,159510088,15,120,17748,0.9948235155694629,,0.008714551255891562,False,0,False,0,quiet,0.2.0
1,159511175,15,120,17746,1.643148922920227,,0.0016542300518765831,False,0,False,0,quiet,0.2.0
1,159515804,15,120,15117,4.986003470420837,7.234451048964844,0.8159956860091794,False,0,False,0,rotator,0.2.0
1,159527644,15,120,15827,1.9818705439567565,5.661869668165952,0.3902549990378199,False,0,False,0,rotator,0.2.0
1,159546310,15,120,14788,4.1427782731420315,,0.0024576413851041486,False,0,False,0,quiet,0.2.0
1,159546318,15,120,14788,2.0067024707794188,,0.006330192366628926,False,0,False,0,quiet,0.2.0
1,159577231,15,120,15114,0.28455090522766113,7.234414694238403,0.13503383894169999,False,0,False,0,rotator,0.2.0
1,159586048,15,120,17515,2.2751700639724732,4.200723437349824,0.7157517793754454,False,0,False,0,rotator,0.2.0
1,159613447,15,120,15722,11.37399455308914,6.1259883399279715,0.932798418162595,False,0,False,0,rotator,0.2.0
1,159613868,15,120,15715,1.0196112871170044,3.8287560777706635,0.7832045539615771,False,0,False,0,rotator,0.2.0
1,159629632,15,120,14813,111.02151231765745,,0.0013993626739786382,False,0,False,0,variable,0.2.0
1,159630065,15,120,15722,1.221845716889075,,0.05036356224279096,False,0,False,0,quiet,0.2.0
1,159630982,15,120,15716,0.31671752929687497,8.751400879922846,0.2838075642885275,False,0,False,0,rotator,0.2.0
1,159631046,15,120,15720,0.8737126447644041,,0.021602173436171025,False,0,False,0,quiet,0.2.0
1,159634499,15,120,15717,0.40924075841903684,,0.009005007441632374,False,0,False,0,quiet,0.2.0
1,159719243,15,120,15033,1.8682269215583802,,0.0761310880189581,False,0,False,2,quiet,0.2.0
1,159720778,15,120,14915,5.034606885910034,,0.07970967309868211,False,0,True,5,dipper,0.2.0
1,160034048,15,120,15240,0.16463301392596877,,0.007210579699363955,False,0,False,0,quiet,0.2.0
1,160034456,15,120,14923,0.9879748821258545,,0.002059425821005908,False,0,False,0,quiet,0.2.0
1,160040758,15,120,13624,1.002997696221012,,0.005814858650368795,False,0,False,0,quiet,0.2.0
1,160046215,15,120,13245,0.8152118325233458,,0.0036344379708003406,False,0,False,0,quiet,0.2.0
1,160104585,15,120,13286,5.082017459929509,,0.09020695225227762,False,12,True,7,dipper,0.2.0
1,160109883,15,120,13366,0.3819344758987427,,0.04646436277817411,False,0,False,0,quiet,0.2.0
1,160165974,15,120,13366,1.2739396289623004,10.851905170162677,0.37148319284878495,False,1,False,0,rotator,0.2.0
1,160177304,15,120,12753,1.3741511106491089,,0.0077116998708671525,False,0,False,0,quiet,0.2.0
1,160251539,15,120,13249,0.6813315153121948,,0.006462144388971922,False,0,False,0,quiet,0.2.0
1,160270200,15,120,17376,1.2770326495170592,,0.006113482743383428,False,0,False,0,quiet,0.2.0
1,160387217,15,120,13367,1.0335737228393556,5.6618656862557915,0.31272986600432295,False,1,False,0,rotator,0.2.0
1,160389000,15,120,12772,1.5625114846978032,2.325409855035433,0.3999170960788231,False,0,False,0,rotator,0.2.0
1,160407906,15,120,17498,1.975419545173645,,0.007461199506628705,False,0,False,0,quiet,0.2.0
1,160409246,15,120,17560,1.3000088870530657,,0.19096770579560643,True,0,False,0,quiet,0.2.0
1,160419588,15,120,17626,0.9620824598024809,,0.007589594953653764,False,0,False,0,quiet,0.2.0
1,160420044,15,120,17745,1.5890665769577026,,0.006330873073912471,False,0,False,0,quiet,0.2.0
1,160420463,15,120,17746,0.8573643003323257,,0.0029689535846801098,False,0,False,0,quiet,0.2.0
1,160423655,15,120,17746,20.37269479199083,,0.0021171431017542124,False,0,False,0,variable,0.2.0
1,160431888,15,120,13235,0.6428022623062134,,0.002105175432119742,False,0,False,0,quiet,0.2.0
1,160438697,15,120,17745,5.181919419765473,,0.011555930187710327,False,0,False,0,variable,0.2.0
1,160438793,15,120,17740,0.3974875688552856,,0.0011481198393752756,False,0,False,0,quiet,0.2.0
1,160439710,15,120,13762,5.375405518734783,,0.021101728790146896,False,0,False,0,variable,0.2.0
1,160440024,15,120,16088,0.7857404653507332,,0.006677772465596105,False,0,False,0,quiet,0.2.0
1,160471399,15,120,17748,1.3453866454728456,,0.0024387640911849046,False,0,False,0,quiet,0.2.0
1,160472749,15,120,14459,1.191755747795105,,0.021525962559718042,False,0,False,0,quiet,0.2.0
1,160473885,15,120,17742,0.7403625285409374,3.0284695640544976,0.21447618436571483,False,0,False,0,rotator,0.2.0
1,160488856,15,120,16453,1.7103100061416625,,0.006510517494628821,False,0,False,0,quiet,0.2.0
1,160489838,15,120,17748,1.5872109047896208,,0.03512144724695118,False,0,False,0,quiet,0.2.0
1,160490806,15,120,14970,1.8908496022224426,,0.015924563606979362,False,0,False,0,quiet,0.2.0
1,160491259,15,120,17745,0.769966471195221,,0.006615602490547485,False,0,False,0,quiet,0.2.0
1,160491359,15,120,14996,1.2428334449032874,,0.03755018414452384,False,0,False,0,quiet,0.2.0
1,160491777,15,120,17748,1.5985663830806727,,0.0018038042526052137,False,0,False,0,quiet,0.2.0
1,160491815,15,120,17745,13.287643575668334,,0.010849395449029202,False,0,False,0,variable,0.2.0
1,160491879,15,120,17747,3.333664083480835,,0.0034151595078261844,False,0,False,0,quiet,0.2.0
1,160492565,15,120,17747,1.0749308109283446,,0.0012143662583461814,False,0,False,0,quiet,0.2.0
1,160512940,15,120,12996,84.59769360416215,,0.006279193130126017,False,0,False,0,variable,0.2.0
1,160515033,15,120,13363,1.973475408554077,0.6926748926457851,0.24593736302696678,False,0,False,0,rotator,0.2.0
1,160516175,15,120,13357,0.42815190553665156,,0.02094929637326437,False,0,False,0,quiet,0.2.0
1,160518870,15,120,17743,1.7087193489074706,18.603404655394147,0.22278205160561873,False,0,False,0,rotator,0.2.0
1,160519933,15,120,17748,1.3421611862730625,,0.01211691986088189,False,0,False,0,quiet,0.2.0
1,160520026,15,120,17746,10.713959532144099,,0.0022256233955900272,False,0,False,0,variable,0.2.0
1,160520314,15,120,15210,1.672355107296851,,0.020467192588754523,False,0,False,0,quiet,0.2.0
1,160520915,15,120,17648,0.9950444105241052,,0.01119701670971403,False,0,False,0,quiet,0.2.0
1,160534003,15,120,17748,2.3890787247097873,,0.007305809124144925,False,0,False,0,quiet,0.2.0
1,160534539,15,120,17745,0.3927155971527099,5.66187596925913,0.27405351292518443,False,0,False,0,rotator,0.2.0
1,160536018,15,120,17747,1.4206336498260497,,0.002078263628139229,False,0,False,0,quiet,0.2.0
1,160550735,15,120,17742,0.6493415922318939,,0.020504097499888026,False,0,False,0,quiet,0.2.0
1,160550963,15,120,17745,0.633258318901062,,0.004307196544723516,False,0,False,0,quiet,0.2.0
1,160551500,15,120,16432,0.9535548269748687,,0.0037248128419463777,False,0,False,0,quiet,0.2.0
1,160552156,15,120,17748,2.519159134651448,,0.003445611999261607,False,0,False,0,quiet,0.2.0
1,160552759,15,120,17747,1.2758838415145874,,0.00344722031988327,False,0,False,0,quiet,0.2.0
1,160553438,15,120,17742,0.21173415184020994,,0.09591507599905742,False,0,False,0,quiet,0.2.0
1,160553612,15,120,17747,2.3243920683860777,,0.0022481523910546876,False,0,False,0,quiet,0.2.0
1,160582688,15,120,16547,1.1499568104743956,,0.013610041423774864,False,0,False,0,quiet,0.2.0
1,160582801,15,120,16353,1.1089532017707824,,0.017807449759540152,False,0,False,0,quiet,0.2.0
1,160585734,15,120,16409,3.6386284232139583,,0.006441596793217528,False,0,False,0,quiet,0.2.0
1,160588238,15,120,12922,0.9331855217703866,,0.005318852210553137,False,0,False,0,quiet,0.2.0
1,160599683,15,120,17747,1.0503639936447144,,0.006189826787731371,False,0,False,0,quiet,0.2.0
1,160601539,15,120,16374,1.8375184547161592,,0.004804320529988874,False,0,False,0,quiet,0.2.0
1,160601772,15,120,16512,1.0983046025543033,,0.01310783827162981,False,0,False,0,quiet,0.2.0
1,160602372,15,120,17377,1.7246259212493895,,0.0030458157789711266,False,0,False,0,quiet,0.2.0
1,160602888,15,120,17748,0.8778218948191968,,0.002594132139419691,False,0,False,0,quiet,0.2.0
1,160603250,15,120,17744,0.9237299487751752,,0.015133109014477024,False,0,False,0,quiet,0.2.0
1,160603568,15,120,17736,0.8326206922531127,,0.054470516560678806,False,0,False,0,quiet,0.2.0
1,160604543,15,120,16402,3.1237416065854315,,0.013292154873926869,False,0,False,0,quiet,0.2.0
1,160618494,15,120,17748,1.9690567988719463,,0.0955076636637744,False,0,False,11,quiet,0.2.0
1,160727006,15,120,12749,1.2859580039978027,,0.01103366968394909,False,0,False,0,quiet,0.2.0
1,160862106,15,120,13367,0.7958588361740112,,0.021643402643938527,False,0,False,0,quiet,0.2.0
1,160862807,15,120,13366,0.5373770356178283,,0.026637796272916132,False,1,False,0,quiet,0.2.0
1,160939301,15,120,13036,0.9404319328198412,,0.06981479896774362,False,0,False,0,quiet,0.2.0
1,160985229,15,120,13137,4.005981874465942,,0.017044901348891413,False,0,False,0,quiet,0.2.0
1,161179102,15,120,13139,8.168908596038818,,0.003979101776550561,False,0,False,0,variable,0.2.0
1,161363412,15,120,12966,3.44098936441509,,0.0462133747802354,False,0,False,0,quiet,0.2.0
1,161563111,15,120,13212,117.85475838347548,0.3583817416307565,0.8061144971612477,False,0,True,6,dipper,0.2.0
1,161687266,15,120,14939,3.6076106071472163,,0.0009218974840809137,False,0,False,0,quiet,0.2.0
1,161721671,15,120,14989,0.2894996166229248,,0.013338074584327491,False,0,False,0,quiet,0.2.0
1,161722508,15,120,14988,0.3211801969653309,,0.008728052573105844,False,0,False,0,quiet,0.2.0
1,161726611,15,120,14994,1.2458822786808013,,0.0010512845796729372,False,0,False,0,quiet,0.2.0
1,161727024,15,120,14879,2.1305969953536987,,0.012581535176584219,False,0,False,0,quiet,0.2.0
1,161727053,15,120,14994,1.050408147263284,,0.0009894741860256553,False,0,False,0,quiet,0.2.0
1,161729372,15,120,14992,0.571973830461502,,0.05834102643317103,False,0,False,0,quiet,0.2.0
1,161729947,15,120,14991,0.5950825452804566,,0.003013447789714061,False,0,False,0,quiet,0.2.0
1,161745289,15,120,14994,0.7880381047725677,,0.0012528311773804366,False,0,False,0,quiet,0.2.0
1,161745470,15,120,14996,5.8756663731634875,,0.0021406112333122464,False,0,False,0,variable,0.2.0
1,161745509,15,120,14995,1.4292938947677611,,0.011335210305486709,False,0,False,0,quiet,0.2.0
1,161820512,15,120,14988,0.5066242988929569,,0.059476277523134564,False,0,False,0,quiet,0.2.0
1,161823484,15,120,14989,0.4346029043197631,,0.005546801172057886,False,0,False,0,quiet,0.2.0
1,161840630,15,120,14984,0.5364491522312164,2.128369561375557,0.32556272182847534,False,0,False,0,rotator,0.2.0
1,162006900,15,120,13350,4.442749575212623,9.301723112114441,0.5920570913030714,False,0,False,0,rotator,0.2.0
1,162009704,15,120,12382,1.3372125148773193,,0.006328070312450137,False,0,False,0,quiet,0.2.0
1,162029126,15,120,13351,1.89853777885437,7.660245571158169,0.46014114192033123,False,0,False,0,rotator,0.2.0
1,162035117,15,120,12979,12.482947754859923,3.3470680995505364,0.2537559589806429,False,0,False,2,rotator,0.2.0
1,162174272,15,120,12497,1.3964203119277954,,0.015386431068602642,False,0,False,0,quiet,0.2.0
1,162388019,15,120,12744,5.865460181236267,5.661926165685787,0.13642924977010232,False,0,False,0,rotator,0.2.0
1,162395368,15,120,13364,0.5873943336370984,,0.008008427694919716,False,0,False,0,quiet,0.2.0
1,162457231,15,120,13360,0.2654188334941864,,0.030401377391923733,False,0,False,0,quiet,0.2.0
1,162461327,15,120,12886,4.170040369926681,,0.0034577212601638423,False,0,False,0,quiet,0.2.0
1,162466345,15,120,13326,0.4021269857883453,1.6695437385178389,0.3127641820518384,False,0,False,0,rotator,0.2.0
1,162490676,15,120,13361,1.1796490788459777,0.5865971089897696,0.24428147833433533,False,0,False,0,rotator,0.2.0
1,162865682,15,120,12937,1.0075929880142211,,0.0025692963034889436,False,0,False,0,quiet,0.2.0
1,163001602,15,120,13198,1.5262355252363964,6.511078484841903,0.49542513112679437,False,1,False,0,rotator,0.2.0
1,163002643,15,120,12916,3.2013744235038755,,0.01830853915317578,False,0,False,0,quiet,0.2.0
1,163048063,15,120,13185,0.5450652122497558,,0.03763676349022123,False,0,False,0,quiet,0.2.0
1,163478459,15,120,12924,1.6932988107204436,,0.01205517473692621,False,0,False,0,quiet,0.2.0
1,163546378,15,120,13365,0.9895655393600464,,0.02994272598546819,False,0,False,0,quiet,0.2.0
1,163609125,15,120,12680,1.0713960170745849,,0.016826947176924557,False,0,False,0,quiet,0.2.0
1,163616004,15,120,12902,4.632567993845464,,0.0024031714527846825,False,0,False,0,quiet,0.2.0
1,163690263,15,120,13364,0.6068357348442077,,0.002339372306866916,False,0,False,0,quiet,0.2.0
1,163701219,15,120,13363,0.7738547444343566,,0.056254154830055574,False,0,False,0,quiet,0.2.0
1,163748841,15,120,12714,1.204746115207672,,0.059936158850568466,False,0,False,0,quiet,0.2.0
1,163748978,15,120,13351,0.3285590887069702,,0.04474067634818698,False,0,False,0,quiet,0.2.0
1,163751181,15,120,12696,1.1938766241073608,,0.0027311702923258443,False,0,False,0,quiet,0.2.0
1,163798799,15,120,12962,2.2282456755638123,5.661855037948766,0.24862453020001854,False,0,False,0,rotator,0.2.0
1,163904705,15,120,13359,0.42231949567794796,,0.02471396699551575,False,0,False,0,quiet,0.2.0
1,163904908,15,120,13362,0.5340631663799286,,0.007867981444965769,False,0,False,0,quiet,0.2.0
1,164051662,15,120,13368,0.4850179016590118,,0.010811557529207266,False,0,False,0,quiet,0.2.0
1,164052845,15,120,13122,1.6173449277877805,,0.0029975143444659824,False,0,False,0,quiet,0.2.0
1,164053586,15,120,13368,0.7446927395279848,,0.022746329488593998,False,0,False,0,quiet,0.2.0
1,164054732,15,120,12951,1.2459264636039735,,0.003787179821458813,False,0,False,0,quiet,0.2.0
1,16408173,15,120,12952,5.106230950726923,,0.05284418632009137,False,3,False,0,flaring,0.2.0
1,164998949,15,120,15114,0.12256896957343996,2.5042205410996243,0.16143428159897164,False,0,False,0,rotator,0.2.0
1,165283703,15,120,14382,2.0286623775959014,,0.001805277018119983,False,0,False,0,quiet,0.2.0
1,165305800,15,120,13320,0.8337695251038529,2.6044546496086007,0.24451568667670492,False,0,False,0,rotator,0.2.0
1,165313178,15,120,14669,2.0630824327468873,,0.0015794204798242216,False,0,False,0,quiet,0.2.0
1,165338094,15,120,12637,0.5853618621826171,,0.005261921006092981,False,0,False,0,quiet,0.2.0
1,165338374,15,120,12432,4.468907181355142,,0.011823962266018895,False,0,False,0,quiet,0.2.0
1,165370802,15,120,15250,3.767294919490814,,0.0030858077474814564,False,0,False,0,quiet,0.2.0
1,165370909,15,120,15249,2.7827664613723755,,0.0019451131680659078,False,0,False,0,quiet,0.2.0
1,165429502,15,120,14747,0.17974426746368405,,0.08273472099337886,False,10,False,0,flaring,0.2.0
1,165429776,15,120,15250,1.9068887861635917,,0.054670632470485474,False,0,False,0,quiet,0.2.0
1,16543352,15,120,13242,0.994337511062622,,0.00910551994887141,False,0,False,0,quiet,0.2.0
1,165449542,15,120,15250,2.0217695295810696,,0.0019816207492608243,False,0,False,0,quiet,0.2.0
1,165449788,15,120,15248,0.9443201780319214,,0.001049228985798249,False,0,False,0,quiet,0.2.0
1,165453703,15,120,15247,5.275326347351074,,0.0015890812492716823,False,0,False,0,variable,0.2.0
1,165453878,15,120,15248,4.621124512586727,2.7036614724903907,0.27037725445262756,False,0,True,8,dipper,0.2.0
1,165454417,15,120,15220,0.9937631070613859,,0.0017249173125826783,False,0,False,0,quiet,0.2.0
1,165469193,15,120,15250,16.82584016996146,,0.0010519071130422224,False,0,False,0,variable,0.2.0
1,165469975,15,120,15248,1.2169411540031432,11.060387132161559,0.11711600128857595,False,0,False,0,rotator,0.2.0
1,165470230,15,120,15249,0.5963197231292724,,0.0050246709672350015,False,0,False,0,quiet,0.2.0
1,165470690,15,120,15242,0.6369256675243378,,0.024843727442823423,False,0,False,0,quiet,0.2.0
1,165498199,15,120,16337,0.31265251636505126,,0.03091267997762359,False,0,False,0,quiet,0.2.0
1,165498502,15,120,16335,3.528431224822998,,0.00786298885032788,False,0,False,0,quiet,0.2.0
1,165501913,15,120,16343,0.6746154069900512,,0.0027671663955878864,False,0,False,0,quiet,0.2.0
1,165501942,15,120,15491,2.038869094848633,,0.07767821940471671,False,0,False,0,quiet,0.2.0
1,165502934,15,120,16343,1.2235688924789427,,0.0016818533482685376,False,0,False,0,quiet,0.2.0
1,165526988,15,120,16333,0.4039385676383972,,0.03556364923704131,False,0,False,0,quiet,0.2.0
1,165531042,15,120,16339,1.657995057106018,,0.004905914493445505,False,0,False,0,quiet,0.2.0
1,165531524,15,120,16342,1.9797054237215093,,0.00506809933178828,False,0,False,0,quiet,0.2.0
1,165550969,15,120,15786,1.3146339407781398,,0.004267648397692607,False,0,False,0,quiet,0.2.0
1,165551886,15,120,16331,1.717379593849182,,0.0021965553113180254,False,0,False,0,quiet,0.2.0
1,165553033,15,120,16342,1.8965052723884581,10.016891497132203,0.38759533847062555,False,0,False,0,rotator,0.2.0
1,165555303,15,120,16343,0.903404939174652,,0.001984985169646859,False,0,False,0,quiet,0.2.0
1,165597292,15,120,14671,8.901848101615906,,0.020805615570976977,False,0,False,0,variable,0.2.0
1,165602023,15,120,12579,2.5572466135025023,,0.01748903149027444,False,0,False,0,quiet,0.2.0
1,165626458,15,120,14994,0.7759756207466124,,0.024980760534290887,False,0,False,0,quiet,0.2.0
1,165639167,15,120,14996,0.8403088688850402,,0.014153449141831514,False,0,False,0,quiet,0.2.0
1,165650748,15,120,14413,2.1601125240325927,1.9466835555358444,0.10174073020501778,False,0,False,0,rotator,0.2.0
1,165652012,15,120,14993,0.8655826449394226,,0.09747003794319195,False,0,False,0,quiet,0.2.0
1,165657559,15,120,14995,0.8039004921913147,1.7840795586461324,0.15773417951208307,False,0,False,0,rotator,0.2.0
1,165674133,15,120,12636,5.171536116943839,0.7076920292240505,0.5169511078990271,False,0,False,0,rotator,0.2.0
1,165687785,15,120,14994,0.9307111662202378,,0.016689573537451822,False,0,False,0,quiet,0.2.0
1,165721369,15,120,14996,1.5934849742957964,6.065863214708088,0.23352867560610444,False,0,False,0,rotator,0.2.0
1,165721718,15,120,14996,0.66330406665802,,0.09353001584548945,False,0,False,0,quiet,0.2.0
1,165735824,15,120,14842,2.9523040995688468,,0.019161493797715597,False,0,False,0,quiet,0.2.0
1,165849794,15,120,12448,6.055896839147994,,0.00823732558038491,False,0,False,0,variable,0.2.0
1,165990411,15,120,15711,0.46977410316467283,,0.001993178208804394,False,0,False,0,quiet,0.2.0
1,165991181,15,120,14726,1.5483722627162932,,0.0009026910734631129,False,0,False,0,quiet,0.2.0
1,166004965,15,120,14125,3.5484911799430847,,0.0033853383340683822,False,0,False,0,quiet,0.2.0
1,166012100,15,120,15020,1.8901867720429069,6.745736335586544,0.4256687334989865,False,0,False,0,rotator,0.2.0
1,166052517,15,120,15715,0.9725985288619994,,0.09489726745648445,False,0,False,0,quiet,0.2.0
1,166054445,15,120,15716,0.38175773620605463,,0.03489114463745999,False,0,False,0,quiet,0.2.0
1,166064484,15,120,15033,0.9886818408966064,,0.002440734354666373,False,0,False,0,quiet,0.2.0
1,166064773,15,120,15715,0.5635345101356506,,0.001066657332794319,False,0,False,0,quiet,0.2.0
1,166065286,15,120,15714,0.46447194006871817,,0.0009311673594010907,False,0,False,0,quiet,0.2.0
1,166073590,15,120,15722,0.8362438559532165,,0.03649385834813096,False,0,False,0,quiet,0.2.0
1,166074490,15,120,15716,0.6508438795301986,,0.016017845014485343,False,0,False,0,quiet,0.2.0
1,166085878,15,120,15713,1.0420572280883789,4.083990151631951,0.16505092573816427,False,0,False,0,rotator,0.2.0
1,166088525,15,120,14684,9.66673417091973,0.4286244691177241,0.10582401886988464,False,3,False,0,flaring,0.2.0
1,166089556,15,120,14439,2.125471544265747,,0.0073128493897237044,False,0,False,0,quiet,0.2.0
1,166090343,15,120,15017,0.9004887342453003,,0.0014901376085537674,False,0,False,0,quiet,0.2.0
1,166090806,15,120,15716,0.25636090896362607,,0.006980444315053966,False,0,False,0,quiet,0.2.0
1,16609260,15,120,13365,6.76091183423996,0.1195804348058325,0.6204001636243174,False,0,False,0,rotator,0.2.0
1,166128063,15,120,14741,2.8465694904327394,,0.002799143189961019,False,1,False,0,quiet,0.2.0
1,166128314,15,120,14690,2.012976669878463,,0.026384929479172634,False,0,False,0,quiet,0.2.0
1,166150165,15,120,14680,1.8265604845714425,,0.0028484687203822654,False,0,False,0,quiet,0.2.0
1,166150466,15,120,15716,4.688904326492806,4.375734696167716,0.8509079005454661,False,0,False,0,rotator,0.2.0
1,166151646,15,120,15699,30.182190799713133,,0.9506704710535231,True,14,False,1,flaring,0.2.0
1,166151921,15,120,15598,0.9057026091636782,,0.05002465552725901,False,0,False,0,quiet,0.2.0
1,166175384,15,120,14759,106.15728249549865,,0.0019794824534654825,False,0,False,0,variable,0.2.0
1,166175710,15,120,15720,0.830897529774757,,0.0017228517702993023,False,0,False,0,quiet,0.2.0
1,166176108,15,120,15717,0.8244906663894653,,0.02210791239813862,False,0,False,0,quiet,0.2.0
1,16617827,15,120,12950,184.53082019090652,0.14528220957253277,0.8899990689993225,False,0,False,2,rotator,0.2.0
1,166178883,15,120,15716,0.3205616176128387,1.2502049655514773,0.11562550487027001,False,0,False,0,rotator,0.2.0
1,166180142,15,120,15722,0.7674921154975891,,0.001640507575615047,False,0,False,0,quiet,0.2.0
1,16622793,15,120,12306,8.27658676048596,,0.0163654855111852,False,0,False,0,variable,0.2.0
1,166441480,15,120,12633,1.0516011714935303,1.915040032324217,0.15684155789433155,False,0,False,0,rotator,0.2.0
1,166536731,15,120,12619,12.057888793945311,,0.8101367523131382,True,0,False,0,variable,0.2.0
1,16659254,15,120,12716,2.643009470611528,,0.010165347448513962,False,0,False,0,quiet,0.2.0
1,16660070,15,120,12696,1.0042348739960865,6.853852989663126,0.11323429382864211,False,0,False,0,rotator,0.2.0
1,166635411,15,120,12635,1.205276334285736,3.8300684236983282,0.2658593015324468,False,0,False,0,rotator,0.2.0
1,166772273,15,120,12477,8.507188367843627,,0.001811767533510883,False,0,False,0,variable,0.2.0
1,166855228,15,120,12609,0.34773534536361694,1.385344097040792,0.2030046048528367,False,0,False,0,rotator,0.2.0
1,166864803,15,120,12488,8.265629146527376,,0.007439356324033884,False,0,False,0,variable,0.2.0
1,167192637,15,120,12471,4.997314810752869,,0.012513941971264327,False,0,False,0,quiet,0.2.0
1,167194836,15,120,12471,20.44029893875122,,0.0031424642822870832,False,0,False,0,variable,0.2.0
1,167240548,15,120,12432,0.812472367286682,,0.002022151510230293,False,0,False,0,quiet,0.2.0
1,167242566,15,120,12513,22.92075215578079,,0.011135534100041014,False,0,False,0,variable,0.2.0
1,167401017,15,120,12448,11.258803451764274,,0.015270564287159524,False,0,False,0,variable,0.2.0
1,16740101,15,120,13211,0.588278067111969,1.4748820536137885,0.20974842999436547,False,0,True,10,dipper,0.2.0
1,167460835,15,120,12296,16.940411679160942,,0.0027530880075216225,False,0,False,0,variable,0.2.0
1,16783095,15,120,12707,30.46868584156036,,0.002737074435029799,False,0,False,0,variable,0.2.0
1,16835255,15,120,12945,9.124893593788146,,0.006490044675126198,False,0,False,0,variable,0.2.0
1,168813467,15,120,15124,1.5527464775594186,1.7838328483103176,0.17858718521262917,False,0,False,0,rotator,0.2.0
1,16940708,15,120,13145,8.285026574134825,,0.006399320876875906,False,0,False,0,variable,0.2.0
1,16946453,15,120,13207,1.4380425095558167,0.9352890743976726,0.5270967859640682,False,0,False,0,rotator,0.2.0
1,16947241,15,120,13141,63.15315721035003,,0.007485134593341493,False,0,False,0,variable,0.2.0
1,169566096,15,120,13211,9.625950622558593,,0.02196354842221416,False,0,False,0,variable,0.2.0
1,169742317,15,120,13212,6.354278175660317,,0.002156012943004212,False,0,False,0,variable,0.2.0
1,169941110,15,120,13212,5.576711542108311,,0.023529041309755996,False,0,False,0,variable,0.2.0
1,170234196,15,120,13210,0.6570298075675964,,0.01167893570627588,False,0,False,0,quiet,0.2.0
1,170251756,15,120,15124,2.5966595649719237,,0.05665663134701266,False,0,False,1,quiet,0.2.0
1,170255099,15,120,15124,2.697622034024535,,0.05121945135561491,False,0,False,2,quiet,0.2.0
1,17040653,15,120,12195,7.982624959945677,,0.02263640302801856,False,0,False,0,variable,0.2.0
1,170650421,15,120,15124,3.9334299961668258,,0.008262977883596884,False,0,False,0,quiet,0.2.0
1,170741606,15,120,13151,22.8227499961853,,0.001637383373691741,False,0,False,0,variable,0.2.0
1,170939355,15,120,13209,0.39130167961120604,,0.00579208562112097,False,0,False,0,quiet,0.2.0
1,171022550,15,120,13212,5.840584243553407,,0.028707174271285035,False,0,False,0,variable,0.2.0
1,171092243,15,120,15124,2.814844715595245,,0.020947515843445307,False,0,False,0,quiet,0.2.0
1,171095675,15,120,15124,1.6165054624231296,1.4631469317840182,0.2742153035240128,False,0,False,0,rotator,0.2.0
1,171410228,15,120,13210,378.1873847600038,,0.04538976886155047,False,0,False,0,variable,0.2.0
1,171501062,15,120,13191,15.29275538921356,0.33425630081195273,0.8760925367869359,False,0,False,0,rotator,0.2.0
1,171507458,15,120,15124,2.847320464413138,3.519461817068476,0.11602402233901428,False,0,False,0,rotator,0.2.0
1,171659493,15,120,13211,51.35383858680725,,0.011990560870422527,False,0,False,0,variable,0.2.0
1,1717076950,15,120,14191,359.4434663057327,,0.012038108319952282,False,0,False,0,variable,0.2.0
1,1717636626,15,120,13234,703.0415563881397,,0.002129451198458468,False,0,False,0,variable,0.2.0
1,1718054365,15,120,12120,396.27889028191566,,0.004576191104988549,False,0,False,0,variable,0.2.0
1,171872440,15,120,13212,3.233320026596784,9.586638009870777,0.4190050229388029,False,3,False,0,flaring,0.2.0
1,171972067,15,120,15124,3.3219990657568537,1.4002167793303852,0.39887310579099416,False,0,False,0,rotator,0.2.0
1,172275457,15,120,13212,36.09059980185627,,0.0013943651418926069,False,0,False,0,variable,0.2.0
1,172376982,15,120,15124,0.7332929849624633,,0.011245974393717556,False,0,False,0,quiet,0.2.0
1,172438797,15,120,13212,48.15224467373623,,0.005802754052836289,False,0,False,0,variable,0.2.0
1,172557539,15,120,13211,29.324473071098325,,0.014505892583437003,False,0,False,0,variable,0.2.0
1,172757209,15,120,13210,1.3299219629191767,6.054719663676392,0.438028025724582,False,0,False,0,rotator,0.2.0
1,17865097,15,120,12765,1.343221664428711,,0.04026677076937324,False,0,False,0,quiet,0.2.0
1,17924300,15,120,12700,2.2206899213379665,6.20111188199043,0.2810315801557025,False,0,False,0,rotator,0.2.0
1,17925102,15,120,13364,0.9766636000075101,5.661887200465264,0.32173407951205996,False,0,False,0,rotator,0.2.0
1,18000541,15,120,13362,0.7123493313789367,,0.08520258858861555,False,0,False,0,quiet,0.2.0
1,18027916,15,120,13363,0.38052055835723875,,0.016217753402914117,False,0,False,0,quiet,0.2.0
1,184008771,15,120,15106,7.6247712671756736,3.7205599395538553,0.1513847525324299,False,0,True,4,dipper,0.2.0
1,184164428,15,120,15124,19.9179005920887,1.7838288002944211,0.5176042760991741,False,0,False,0,rotator,0.2.0
1,184469492,15,120,15124,4.502708780765533,,0.002450194850751791,False,0,False,0,quiet,0.2.0
1,185058177,15,120,15124,2.7416745645306873,5.661771679314341,0.3331155696287122,False,0,False,0,rotator,0.2.0
1,185060842,15,120,15123,6.495537185668945,0.4120913689012251,0.17776150906031543,False,0,False,0,rotator,0.2.0
1,185236439,15,120,15124,163.1964048741105,0.32718843149925925,0.9647886205376307,False,0,False,0,rotator,0.2.0
1,185336364,15,120,15124,2.6064685402372914,,0.03926369554237843,False,0,False,3,quiet,0.2.0
1,185541231,15,120,14977,3.328273522853851,,0.03209238043549062,False,0,False,1,quiet,0.2.0
1,185547219,15,120,13159,10.645915389060974,,0.001529130513945316,False,0,False,0,variable,0.2.0
1,185681084,15,120,15123,0.7587435007095336,,0.003474494790323217,False,0,False,0,quiet,0.2.0
1,185841818,15,120,15116,1.0039698243141173,0.10294185513606659,0.12249074876478985,False,0,False,0,rotator,0.2.0
1,185945543,15,120,15124,7.708545881509781,,0.0026738036276080044,False,0,False,0,variable,0.2.0
1,186130100,15,120,15124,9.959193906736012,,0.003585867949648058,False,0,False,0,variable,0.2.0
1,186236329,15,120,15123,14.168956053256988,0.6511062580879127,0.1023766021170042,False,0,False,0,rotator,0.2.0
1,187828061,15,120,13208,0.3559537410736084,,0.010678494828591107,False,0,False,0,quiet,0.2.0
1,187875747,15,120,15123,0.6369698524475097,3.7206227713643973,0.10470937459462779,False,0,False,0,rotator,0.2.0
1,188003523,15,120,12870,19.20595006978214,,0.0034292496027330454,False,0,False,0,variable,0.2.0
1,188011455,15,120,12442,14.570287710428236,11.196474722911034,0.12944434803760133,False,2,False,0,rotator,0.2.0
1,188057111,15,120,12230,14.252024558307204,,0.00676481232258295,False,0,False,0,variable,0.2.0
1,1882816677,15,120,15100,1570.1290046474633,,0.044432893055824874,False,0,False,0,variable,0.2.0
1,1883668125,15,120,13235,1125.8093964815139,,0.00140980035971062,False,0,False,0,variable,0.2.0
1,1883981740,15,120,13315,0.8966004610061644,3.2555804743268766,0.25596576367617263,False,0,False,0,rotator,0.2.0
1,188514701,15,120,13192,3.2458244562149043,8.21722252946058,0.38376593427012295,False,0,False,0,rotator,0.2.0
1,188527432,15,120,13205,0.24725883007049562,,0.00652820673911785,False,0,False,0,quiet,0.2.0
1,188550872,15,120,15123,6.490058255195617,,0.0015450738312727888,False,0,False,0,variable,0.2.0
1,188648632,15,120,12098,1.6107172373150953,,0.005483939106351495,False,0,False,0,quiet,0.2.0
1,188654309,15,120,12006,5.589790445566177,,0.017598998973970235,False,0,False,0,variable,0.2.0
1,188844088,15,120,11969,49.36905183792114,,0.00309021170879729,False,0,False,0,variable,0.2.0
1,189047383,15,120,13186,2.346749639511108,6.391191935035119,0.5199589981228372,False,0,False,0,rotator,0.2.0
1,190618885,15,120,12637,0.7672270059585571,1.152424839147441,0.17350390534284532,False,0,False,0,rotator,0.2.0
1,190884986,15,120,11309,7.337966930866242,,0.064632396321368,False,0,False,0,variable,0.2.0
1,190921860,15,120,12614,7.8693792363816275,11.838572346006437,0.8830213468374081,False,0,False,0,rotator,0.2.0
1,190924940,15,120,12594,5.0478623628616335,,0.039476826148196136,False,0,False,0,variable,0.2.0
1,193036838,15,120,13014,13.849587428569793,,0.057384599791225406,False,0,False,0,variable,0.2.0
1,193276974,15,120,12854,10.793448847532272,,0.012303927869735937,False,0,False,0,variable,0.2.0
1,193280271,15,120,12894,2.1054557113213623,,0.0012629159202931753,False,0,False,0,quiet,0.2.0
1,193559258,15,120,15107,7.986159753799438,14.46906180772165,0.6825078534656661,False,0,False,0,rotator,0.2.0
1,193767818,15,120,12951,11.161465072631835,,0.000868754863830562,False,0,False,0,variable,0.2.0
1,193808452,15,120,13208,0.36121174693107605,,0.008004991984108362,False,0,False,0,quiet,0.2.0
1,193814693,15,120,12871,45.904600381851196,,0.0017042750331463892,False,0,False,0,variable,0.2.0
1,193895701,15,120,13206,0.5853618272923333,,0.022167634150512112,False,0,False,0,quiet,0.2.0
1,193997243,15,120,11976,6.444503791466468,,0.0192414255675977,False,0,False,0,variable,0.2.0
1,194074698,15,120,12504,13.937073576450347,,0.004060517247451397,False,0,False,0,variable,0.2.0
1,194128258,15,120,12918,47.41192202496993,,0.002854239780212256,False,0,False,0,variable,0.2.0
1,194159570,15,120,13025,6.217172169685364,,0.0018443652210992075,False,0,False,0,variable,0.2.0
1,194172659,15,120,13212,1.6703668355941772,10.458299822995825,0.29480890124597864,False,5,False,0,flaring,0.2.0
1,194241078,15,120,12270,7.584253692626953,,0.0020050813942448184,False,0,False,0,variable,0.2.0
1,194242173,15,120,12117,18.653549015522003,,0.005619301815010308,False,0,False,0,variable,0.2.0
1,194318213,15,120,13207,0.7397439837455748,8.849328021963524,0.27013154765860076,False,5,False,0,flaring,0.2.0
1,1944066506,15,120,12916,563.08902095887,,0.07750346128422238,False,0,False,0,variable,0.2.0
1,194425521,15,120,12884,4.844125826481754,,0.002012979977882118,False,0,False,0,quiet,0.2.0
1,194568546,15,120,12932,26.444543175561925,,0.002907316057923615,False,0,False,0,variable,0.2.0
1,195087289,15,120,13106,2.027557754516601,,0.023644259620508687,False,0,False,0,quiet,0.2.0
1,195098793,15,120,13161,18.289553618431093,,0.01587076347664614,False,0,False,0,variable,0.2.0
1,195488716,15,120,17610,0.41944748817227745,,0.006446514225218814,False,0,False,0,quiet,0.2.0
1,195603818,15,120,11857,2.1165461897850038,,0.009603827339137228,False,0,False,0,quiet,0.2.0
1,195608350,15,120,11803,9.632755100727081,,0.00630374342291004,False,0,False,0,variable,0.2.0
1,195744427,15,120,12584,0.07599806785583495,,0.0988578956745187,False,0,False,0,quiet,0.2.0
1,195836831,15,120,12927,10.626650762557983,,0.007710885906502554,False,0,False,0,variable,0.2.0
1,195857522,15,120,11772,8.488144918922927,,0.002954388961288669,False,0,False,0,variable,0.2.0
1,195857545,15,120,11755,19.491030049324035,,0.0019058196820909415,False,0,False,0,variable,0.2.0
1,195969111,15,120,13164,0.48921546936035154,,0.23945032811955438,True,0,False,0,quiet,0.2.0
1,196052778,15,120,12455,5.654079508781433,,0.08135628539396965,False,0,False,0,variable,0.2.0
1,196078383,15,120,12444,14.068170662765821,,0.01046356674942869,False,0,False,0,variable,0.2.0
1,196213313,15,120,12328,4.902891483816758,,0.006005223404674423,False,0,False,0,quiet,0.2.0
1,196273967,15,120,12909,34.69488537311554,6.691984424324226,0.13699486599438357,False,10,False,0,flaring,0.2.0
1,1976127759,15,120,15258,367.95558145310986,,0.005478097873522891,False,0,False,0,variable,0.2.0
1,1977745398,15,120,15055,393.43192312717434,,0.008373598472400401,False,0,False,0,variable,0.2.0
1,1977965433,15,120,16383,306.76178240776056,,0.006075311863198291,False,0,False,0,variable,0.2.0
1,1979581857,15,120,17614,219.86142513385863,,0.0050806080640512,False,0,False,0,variable,0.2.0
1,198100662,15,120,14358,1.438440088126654,,0.005829788367261673,False,0,False,0,quiet,0.2.0
1,198100789,15,120,14700,0.8604572451387194,,0.0011330860459805665,False,0,False,0,quiet,0.2.0
1,198103880,15,120,15244,0.9132139921188354,5.289800827169391,0.31451620206081393,False,0,False,0,rotator,0.2.0
1,198104202,15,120,14937,14.841185474395752,,0.020762684963954496,False,0,False,0,variable,0.2.0
1,198104451,15,120,15234,2.736637483138963,,0.0018130031059375665,False,0,False,0,quiet,0.2.0
1,198104899,15,120,14851,3.1895328640937803,8.05082582421907,0.2844438548173572,False,1,False,0,rotator,0.2.0
1,198104956,15,120,15242,4.076500890359256,0.5530237441745592,0.30198505810176746,False,0,False,0,rotator,0.2.0
1,198106779,15,120,14775,2.35320063829422,,0.0009551078327829244,False,0,False,0,quiet,0.2.0
1,198158395,15,120,14754,2.7045148818339437,,0.00136053239409506,False,0,False,0,quiet,0.2.0
1,198159096,15,120,14734,6.0130820095539095,8.619430310816856,0.4285090494422891,False,0,False,0,rotator,0.2.0
1,198159165,15,120,14758,3.125508817270135,,0.012710833462482151,False,0,False,0,quiet,0.2.0
1,198159529,15,120,14831,1.2871068120002747,,0.0014186848535232045,False,0,False,0,quiet,0.2.0
1,198161157,15,120,14847,2.1313039541244505,,0.0013108139518335671,False,0,False,0,quiet,0.2.0
1,198161860,15,120,14992,0.5459489107131958,,0.002902154471693357,False,0,False,0,quiet,0.2.0
1,198162411,15,120,14991,0.8313835144042968,,0.0015004297330845691,False,0,False,0,quiet,0.2.0
1,198162817,15,120,14797,1.6155775308609008,,0.002399269237545065,False,0,False,0,quiet,0.2.0
1,198176425,15,120,14996,0.8354485273361205,,0.0009578138607595286,False,0,False,0,quiet,0.2.0
1,198177771,15,120,14994,0.8697802385622333,,0.0009829369574876493,False,0,False,0,quiet,0.2.0
1,198178105,15,120,14894,1.403578269481659,,0.0009092846033792434,False,0,False,0,quiet,0.2.0
1,198178340,15,120,14994,1.9274346037248011,6.739887447570001,0.33654741402702076,False,0,False,0,rotator,0.2.0
1,198178505,15,120,14993,0.3700045466423034,,0.017819366936771962,False,0,False,0,quiet,0.2.0
1,198178859,15,120,14994,1.0282715320587157,,0.0009258231865421892,False,0,False,0,quiet,0.2.0
1,198179604,15,120,14993,1.7058915138244628,,0.007294184215783704,False,0,False,0,quiet,0.2.0
1,198181022,15,120,14891,1.1253899931907654,,0.0031327136045494297,False,0,False,0,quiet,0.2.0
1,198181034,15,120,14846,4.421717948368727,,0.0009685267381856343,False,0,False,0,quiet,0.2.0
1,198181981,15,120,14995,1.1129298448562621,,0.0015247723477818022,False,0,False,0,quiet,0.2.0
1,198182378,15,120,14989,0.663657546043396,,0.0017765522032147198,False,0,False,0,quiet,0.2.0
1,198182547,15,120,14939,2.171954083442688,,0.00442346156849578,False,0,False,0,quiet,0.2.0
1,198182733,15,120,14968,1.2623190324807454,,0.020096599593772992,False,0,False,0,quiet,0.2.0
1,198182739,15,120,14945,3.145878159999847,,0.0017336718091964104,False,0,False,0,quiet,0.2.0
1,198183379,15,120,14992,4.199335223416544,,0.006143493686065484,False,0,False,0,quiet,0.2.0
1,198183913,15,120,14875,1.5318029165267943,,0.0010747088558190987,False,0,False,0,quiet,0.2.0
1,198184811,15,120,14780,2.985177594423294,,0.01010260119578104,False,0,False,0,quiet,0.2.0
1,198185064,15,120,14811,1.4191313624382018,,0.0021903034216584454,False,0,False,0,quiet,0.2.0
1,198185068,15,120,14815,2.3792697429656977,,0.0010118815986211247,False,0,False,0,quiet,0.2.0
1,198185267,15,120,14893,13.713144385814667,0.24952468419994298,0.30164158440707883,False,0,False,0,rotator,0.2.0
1,198185734,15,120,14995,1.0680379629135133,,0.005953249631822154,False,0,False,0,quiet,0.2.0
1,198187274,15,120,14832,2.2542264103889464,,0.006737253757972186,False,0,False,0,quiet,0.2.0
1,198187877,15,120,14994,0.4605394267714365,,0.014300579415931467,False,0,False,0,quiet,0.2.0
1,198187937,15,120,14990,0.24301708468845737,,0.03862821660351001,False,0,False,0,quiet,0.2.0
1,198188157,15,120,14994,2.8389256679371395,,0.01087071245802384,False,0,False,0,quiet,0.2.0
1,198188521,15,120,14992,1.391825162877152,,0.00627568373319742,False,0,False,0,quiet,0.2.0
1,198188604,15,120,14993,8.580358600616455,,0.0008288868274089988,False,0,False,0,variable,0.2.0
1,198189572,15,120,14957,1.3497610330581664,,0.001257654878797006,False,0,False,0,quiet,0.2.0
1,198189816,15,120,14856,1.431768250465393,,0.001775036474185587,False,0,False,0,quiet,0.2.0
1,198204259,15,120,14953,2.4969783782958985,,0.003439995303215115,False,0,False,0,quiet,0.2.0
1,198204303,15,120,14991,1.5777552366256713,1.5553680408140445,0.6613293376988202,False,0,False,0,rotator,0.2.0
1,198204626,15,120,14989,3.0162395954132077,,0.00958659693469018,False,0,False,0,quiet,0.2.0
1,198206300,15,120,14891,8.142574381828307,,0.013157544363946548,False,0,False,0,variable,0.2.0
1,198206792,15,120,14994,1.2175597429275513,,0.003200603611338737,False,0,False,0,quiet,0.2.0
1,198207384,15,120,14991,0.4844434976577759,,0.011699717188082763,False,0,False,0,quiet,0.2.0
1,198207476,15,120,14994,3.0707195141697072,6.065923340544259,0.13014406682496435,False,0,False,0,rotator,0.2.0
1,198208786,15,120,14995,1.3555934429168701,,0.0008122535586487978,False,0,False,0,quiet,0.2.0
1,198209276,15,120,14995,2.9386508703231806,,0.006221063754411749,False,0,False,0,quiet,0.2.0
1,198209991,15,120,14979,6.918475270271301,2.0561123479266588,0.36111738102858076,False,2,False,0,rotator,0.2.0
1,198210299,15,120,14994,0.7879055500030516,,0.0023199545278147463,False,0,False,0,quiet,0.2.0
1,198210588,15,120,14912,4.332773566246033,,0.0013474716103874962,False,0,False,0,quiet,0.2.0
1,198211714,15,120,14993,1.9102025985717772,,0.0034982260597245314,False,0,False,0,quiet,0.2.0
1,198213063,15,120,14984,0.6064822193096746,,0.0017403857527188372,False,0,False,0,quiet,0.2.0
1,198213452,15,120,14960,2.75696230191217,12.122080604235181,0.13815384888453217,False,0,False,0,rotator,0.2.0
1,198214408,15,120,14995,1.386169409751892,,0.000968874525184957,False,0,False,0,quiet,0.2.0
1,198235884,15,120,14989,19.95072999000549,,0.004595183708476091,False,0,False,0,variable,0.2.0
1,198236520,15,120,14881,1.839153242111206,,0.0013748978132885486,False,0,False,0,quiet,0.2.0
1,198238414,15,120,14994,0.8077887172824908,,0.029278673720355353,False,0,False,0,quiet,0.2.0
1,198239144,15,120,14994,2.69766646013656,,0.0009809987547151398,False,0,False,0,quiet,0.2.0
1,198239243,15,120,14929,54.891106796264644,,0.0020201913137269656,False,0,False,0,variable,0.2.0
1,198239605,15,120,14877,70.90778796672821,,0.001668608094161957,False,0,False,0,variable,0.2.0
1,198240887,15,120,14992,0.9261159344842473,,0.005022759449226573,False,0,False,0,quiet,0.2.0
1,198241412,15,120,14995,14.366639399528502,,0.008954677515653101,False,0,False,0,variable,0.2.0
1,198278996,15,120,14994,1.4449796286213177,,0.0010546801611236887,False,0,False,0,quiet,0.2.0
1,198279032,15,120,14995,1.963931465148926,,0.010299523082655136,False,0,False,0,quiet,0.2.0
1,198313671,15,120,14813,0.5710459470748901,,0.02174726361199731,False,0,False,0,quiet,0.2.0
1,198314182,15,120,12556,1.7200306892395019,,0.02922385485264258,False,0,False,0,quiet,0.2.0
1,198314276,15,120,13173,3.9671875119209288,,0.01693273485056528,False,0,False,0,quiet,0.2.0
1,198314278,15,120,12315,2.9768266439437863,,0.01713684332588037,False,0,False,0,quiet,0.2.0
1,198314518,15,120,13398,3.9467300101140146,0.4598719933643848,0.18660804626722366,False,0,False,0,rotator,0.2.0
1,198316044,15,120,14111,0.7569761037826537,,0.04295595190894216,False,0,False,0,quiet,0.2.0
1,198316592,15,120,12218,23.615780293471207,,0.0036697433101850856,False,0,False,0,variable,0.2.0
1,198360694,15,120,15641,2.002990937232971,,0.08724333271846958,False,0,False,0,quiet,0.2.0
1,198364155,15,120,16330,0.4175475239753723,,0.08860424147708568,False,0,False,0,quiet,0.2.0
1,198365901,15,120,16339,0.829262638092041,,0.03108891332480854,False,0,False,0,quiet,0.2.0
1,198381988,15,120,16327,2.4343241572380063,,0.0013556216813165895,False,0,False,0,quiet,0.2.0
1,198382049,15,120,16328,7.584695767900221,,0.006030473102837536,False,0,False,0,variable,0.2.0
1,198383981,15,120,15631,9.713966989517212,,0.0022783211636511124,False,0,False,0,variable,0.2.0
1,198386057,15,120,16339,0.8656710147857665,,0.023154832853262513,False,0,False,0,quiet,0.2.0
1,198386931,15,120,15629,2.2391151666641234,,0.0022801740093921514,False,0,False,0,quiet,0.2.0
1,198387299,15,120,15285,2.4985690355300902,,0.0022731093329881246,False,0,False,0,quiet,0.2.0
1,198387714,15,120,16337,0.8605455636978149,,0.025967549655859203,False,0,False,0,quiet,0.2.0
1,198387732,15,120,15632,1.4436981797218322,,0.0020342848672627086,False,0,False,0,quiet,0.2.0
1,198388195,15,120,16337,0.466946268081665,,0.024964883646147972,False,0,False,0,quiet,0.2.0
1,198390521,15,120,15640,10.0783158659935,,0.0007222132541909204,False,0,False,0,variable,0.2.0
1,198391312,15,120,15342,2.749009016215264,,0.06007079898979123,False,0,False,0,quiet,0.2.0
1,198393987,15,120,15645,16.056624341011048,,0.005120111311199869,False,0,False,0,variable,0.2.0
1,198407396,15,120,16343,0.6572949171066284,,0.00939164461016581,False,0,False,0,quiet,0.2.0
1,198407749,15,120,15592,77.28464444875716,0.41885553420379396,0.6140596325201879,False,0,False,0,rotator,0.2.0
1,198407977,15,120,15591,1.6360793352127074,,0.0016344445043330043,False,0,False,0,quiet,0.2.0
1,198411791,15,120,15607,1.372383713722229,,0.0023785929695864733,False,0,False,0,quiet,0.2.0
1,198418527,15,120,15827,3.4745256185531614,,0.026623932542322985,False,0,False,0,quiet,0.2.0
1,198418712,15,120,16334,0.4508629560470581,2.034685431099721,0.15667582633616994,False,1,False,0,rotator,0.2.0
1,198455925,15,120,15814,1.082618955295713,,0.009735275608442123,False,0,False,0,quiet,0.2.0
1,198456933,15,120,16338,0.6113867454894336,,0.017140036280359882,False,0,False,0,quiet,0.2.0
1,198457103,15,120,16336,0.4166638006768345,,0.008512134078166412,False,0,False,0,quiet,0.2.0
1,198459038,15,120,16338,0.6150541305541991,,0.013455908861739153,False,0,False,0,quiet,0.2.0
1,198459363,15,120,15637,1.4138291716575622,,0.002031287004870038,False,0,False,0,quiet,0.2.0
1,198478755,15,120,16343,1.5917176723480224,0.21003307886753242,0.5600913043361414,False,0,False,0,rotator,0.2.0
1,198479347,15,120,15830,1.8082679269233966,,0.009201620456807114,False,0,False,0,quiet,0.2.0
1,198479469,15,120,15834,1.8547063350677488,,0.07175559334543831,False,0,False,0,quiet,0.2.0
1,198480040,15,120,16342,1.0068419043327512,,0.001262817446390214,False,0,False,0,quiet,0.2.0
1,198480110,15,120,16342,0.9003119945526122,,0.055619461832740524,False,0,False,0,quiet,0.2.0
1,198486129,15,120,17169,1.5282681226730346,,0.007045611988643937,False,0,False,0,quiet,0.2.0
1,198486253,15,120,17510,0.39536670432587573,,0.08325376153984117,False,0,False,0,quiet,0.2.0
1,198486483,15,120,17516,0.7749593675136566,,0.0014561469066082444,False,0,False,0,quiet,0.2.0
1,198487375,15,120,15330,8.961541932821273,6.413489855643954,0.18868640511425946,False,0,False,0,rotator,0.2.0
1,198489428,15,120,15287,84.52266508340834,,0.013519928509669267,False,0,False,0,variable,0.2.0
1,198492180,15,120,17517,0.8613408923149108,,0.0018410381807160159,False,0,False,0,quiet,0.2.0
1,198513151,15,120,17747,0.8048725605010986,,0.0015944294791080502,False,0,False,0,quiet,0.2.0
1,198514070,15,120,17744,0.6716991620243095,,0.04060396055259842,False,0,False,0,quiet,0.2.0
1,198516314,15,120,14987,0.45174665451049806,,0.0406437030000665,False,0,False,0,quiet,0.2.0
1,198517506,15,120,14991,0.5843897938728332,,0.00433545042721483,False,0,False,0,quiet,0.2.0
1,198536913,15,120,14130,0.8625780701637268,,0.00563716265660267,False,0,False,0,quiet,0.2.0
1,198536950,15,120,14995,0.571664535999298,,0.0017056837423085566,False,0,False,0,quiet,0.2.0
1,198537575,15,120,14914,1.9033539354801177,12.131093239000279,0.2843955823185105,False,3,False,0,flaring,0.2.0
1,198553841,15,120,14989,0.7419532299041748,,0.010639428452453489,False,0,False,0,quiet,0.2.0
1,198555943,15,120,14992,0.552974297017625,,0.00444525199206343,False,0,False,0,quiet,0.2.0
1,198556820,15,120,14716,1.9184210514551716,,0.08595917640807295,False,0,False,0,quiet,0.2.0
1,198556895,15,120,14746,1.2593586802482604,,0.009961774572673783,False,0,False,0,quiet,0.2.0
1,198557142,15,120,14839,2.2533427119255065,5.254446858955955,0.21715404823048406,False,0,False,0,rotator,0.2.0
1,198988311,15,120,13211,0.7228653430938721,10.458149534201974,0.3362348595183261,False,4,False,0,flaring,0.2.0
1,199110352,15,120,13206,1.2314338088035583,2.0182407089265055,0.43399451628064295,False,0,False,0,rotator,0.2.0
1,199122560,15,120,13165,7.092740607261657,0.37314563800353284,0.10792242852809422,False,0,False,0,rotator,0.2.0
1,199175106,15,120,12997,4.4414684772491455,,0.002661167129892399,False,0,False,0,quiet,0.2.0
1,199178013,15,120,13178,27.097730490497664,,0.006155829923949743,False,0,False,0,variable,0.2.0
1,199183338,15,120,13191,11.653596746921538,,0.015837644368209336,False,0,False,0,variable,0.2.0
1,199376584,15,120,13209,0.4952246189117431,,0.02245474593595281,False,0,False,1,quiet,0.2.0
1,199505342,15,120,15285,1.0843863844871522,,0.004153466287583963,False,0,False,0,quiet,0.2.0
1,199522744,15,120,14841,2.1845026016235347,,0.01165371210251837,False,0,False,0,quiet,0.2.0
1,199523378,15,120,14988,0.6497392758804775,,0.02890018342996937,False,0,False,0,quiet,0.2.0
1,199523459,15,120,14992,0.5916803061962127,,0.0026671788211486405,False,0,False,0,quiet,0.2.0
1,199525440,15,120,14994,1.6942707780438198,8.087843769344241,0.25257385946484956,False,0,False,0,rotator,0.2.0
1,199526030,15,120,14989,0.7898496866226196,,0.01809939178696559,False,0,False,0,quiet,0.2.0
1,199526445,15,120,14410,2.289132499694824,,0.0022497581692003375,False,0,False,0,quiet,0.2.0
1,199526452,15,120,14403,3.9735501408576965,,0.0018806375181980998,False,0,False,0,quiet,0.2.0
1,199526564,15,120,14241,8.083720064163208,,0.003177524484178495,False,0,False,0,variable,0.2.0
1,199548781,15,120,14992,0.6771781325340271,,0.03272930404253724,False,0,False,0,quiet,0.2.0
1,199550447,15,120,14717,1.8858125209808347,,0.0010623803105901585,False,0,False,0,quiet,0.2.0
1,199571641,15,120,14741,3.2016395330429077,,0.002603196519545127,False,0,False,0,quiet,0.2.0
1,199572211,15,120,14745,6.553331065177916,,0.0016347626356847324,False,0,False,0,variable,0.2.0
1,199572235,15,120,14764,1.1266713223853315,,0.006090516784067558,False,0,False,0,quiet,0.2.0
1,199572353,15,120,14996,0.7075773175014664,,0.013877946328299159,False,0,False,0,quiet,0.2.0
1,199607772,15,120,14995,1.5001665115356444,,0.0010601277964770416,False,0,False,0,quiet,0.2.0
1,199607786,15,120,14991,0.5446233630180358,,0.004190808185580897,False,0,False,0,quiet,0.2.0
1,199665230,15,120,16337,1.6377583622932435,6.200934695223547,0.5572806171567543,False,2,False,0,rotator,0.2.0
1,199665801,15,120,16035,1.1407663464546203,8.716616606645937,0.18362565365735678,False,0,False,0,rotator,0.2.0
1,199685988,15,120,15645,1.0592893481254577,,0.0015837117930421415,False,0,False,0,quiet,0.2.0
1,199685989,15,120,15287,2.880768620967865,5.7948828542499715,0.11863819335015333,False,0,False,0,rotator,0.2.0
1,199709310,15,120,15642,1.6684668341735946,,0.0031960406158996982,False,0,False,0,quiet,0.2.0
1,199709869,15,120,15301,1.5427607774734495,,0.02446247466552104,False,0,False,0,quiet,0.2.0
1,199710041,15,120,15257,4.130229878425598,,0.006711293737543637,False,0,False,0,quiet,0.2.0
1,199710914,15,120,15645,2.4333520889282227,,0.0018710705060739964,False,0,False,0,quiet,0.2.0
1,199712572,15,120,16339,0.5894268751144409,,0.005417960105591866,False,0,False,0,quiet,0.2.0
1,199714223,15,120,15646,1.1801351481716378,,0.003910063351474892,False,0,False,0,quiet,0.2.0
1,2003328610,15,120,12917,238.0846261024475,,0.0026172100982838225,False,0,False,0,variable,0.2.0
1,2017203852,15,120,16290,461.3090092805323,,0.006229709091748327,False,0,False,0,variable,0.2.0
1,202351457,15,120,14143,9.061709153652192,,0.013646040592367686,False,0,False,0,variable,0.2.0
1,202351925,15,120,14995,0.9300042629241942,,0.001988604580060016,False,0,False,0,quiet,0.2.0
1,202354658,15,120,14818,22.991359663009643,,0.005753243197071328,False,0,False,0,variable,0.2.0
1,202380743,15,120,15716,0.1660469313831966,,0.010167918923785683,False,0,False,0,quiet,0.2.0
1,202382858,15,120,15715,0.47684369087219236,,0.0032215148226186394,False,0,False,0,quiet,0.2.0
1,202385192,15,120,14901,5.760565173625945,5.7631865807514355,0.6565533381930811,False,0,False,0,rotator,0.2.0
1,202385249,15,120,14837,1.7320489883422852,,0.002505360389091974,False,0,False,0,quiet,0.2.0
1,202422034,15,120,14986,0.708372646071157,,0.060186091651963265,False,0,False,0,quiet,0.2.0
1,202427288,15,120,14990,0.4744577333007892,,0.00352225376973743,False,0,False,0,quiet,0.2.0
1,202439753,15,120,14994,0.502205866706721,,0.01549759793031071,False,0,False,0,quiet,0.2.0
1,202440506,15,120,13491,21.421027493476867,,0.0030756726802127423,False,0,False,0,variable,0.2.0
1,202442974,15,120,14994,1.23744295835495,1.3631288743583476,0.17229524592600112,False,0,True,12,dipper,0.2.0
1,202443174,15,120,13351,2.7477720022201537,3.990633515905317,0.5789221678868074,False,0,False,0,rotator,0.2.0
1,202467073,15,120,13016,4.258675323168179,,0.004507276565335784,False,0,False,0,quiet,0.2.0
1,202468597,15,120,14466,1.0976860136483308,,0.0040750037074103315,False,0,False,0,quiet,0.2.0
1,202490118,15,120,14715,1.3050458908081053,,0.005709605360771282,False,0,False,0,quiet,0.2.0
1,202491864,15,120,14993,0.6109007477760314,,0.0802817728240303,False,0,False,0,quiet,0.2.0
1,202503540,15,120,14987,0.32051743268966676,,0.01567219216788227,False,0,False,0,quiet,0.2.0
1,202505213,15,120,13816,10.035898937934574,,0.005824133214039625,False,0,False,0,variable,0.2.0
1,202506196,15,120,14989,0.5248285174369811,,0.03134831861738512,False,0,False,0,quiet,0.2.0
1,202507787,15,120,13357,0.9395482063293457,,0.07708243757627835,False,0,False,0,quiet,0.2.0
1,202509347,15,120,12014,3.541730992249578,,0.014382111722775237,False,0,False,0,quiet,0.2.0
1,202509979,15,120,14993,0.20872957706451414,,0.0025272149796923163,False,0,False,0,quiet,0.2.0
1,202637828,15,120,13210,14.781933051886169,,0.0008702517870361247,False,0,False,0,variable,0.2.0
1,202754566,15,120,13163,23.26857587099075,,0.000925510245073092,False,0,False,0,variable,0.2.0
1,202936070,15,120,13212,16.786029052734374,,0.0037763678189584194,False,0,False,0,variable,0.2.0
1,202993757,15,120,13200,0.29100188666570864,,0.005403571068252626,False,0,False,0,quiet,0.2.0
1,203049841,15,120,13014,45.365675521919854,,0.0022792818148705332,False,0,False,0,variable,0.2.0
1,203054851,15,120,13160,166.6250667467753,0.21558719102450666,0.1672254178293586,False,0,False,0,rotator,0.2.0
1,203057899,15,120,13185,21.219190764427182,0.6214998407335032,0.12746114561431254,False,1,False,0,rotator,0.2.0
1,207399511,15,120,14950,1.4071573321317035,,0.0007496630487803979,False,0,False,0,quiet,0.2.0
1,207402633,15,120,14979,0.23859858512878418,,0.0062965333582189085,False,0,False,0,quiet,0.2.0
1,207425948,15,120,14995,3.37449095249176,,0.0015191948683310095,False,0,False,0,quiet,0.2.0
1,207431291,15,120,14993,1.1203529119491578,,0.0019763768452709203,False,0,False,0,quiet,0.2.0
1,207431956,15,120,14996,0.7573737906626996,,0.00273296415025108,False,0,False,0,quiet,0.2.0
1,207435297,15,120,14995,6.556865859031677,0.8197113458061881,0.4024490452714559,False,0,False,0,rotator,0.2.0
1,207435614,15,120,14993,17.900196075439453,,0.012653287436008976,False,0,False,0,variable,0.2.0
1,207435783,15,120,14984,0.3871483199088764,1.4616497170354372,0.11570534887689646,False,0,False,0,rotator,0.2.0
1,207438758,15,120,14995,1.0722797155380248,,0.03147423870113992,False,0,False,0,quiet,0.2.0
1,207463542,15,120,14996,1.1461126880016121,,0.003715724984590498,False,0,False,0,quiet,0.2.0
1,207466849,15,120,14996,1.686096668243408,,0.0347798016868787,False,0,False,0,quiet,0.2.0
1,207493775,15,120,14993,0.8301463365554809,,0.006729516675227906,False,0,False,0,quiet,0.2.0
1,207496744,15,120,14996,3.060071039199829,8.08781791817728,0.24884131291260378,False,0,False,0,rotator,0.2.0
1,207500373,15,120,14981,1.8412741184234618,,0.012645918455759575,False,0,False,0,quiet,0.2.0
1,207502489,15,120,14995,1.4079083919525146,,0.0015766307029487596,False,0,False,0,quiet,0.2.0
1,207502632,15,120,14996,1.6759340360203958,,0.021350765365443915,False,0,False,0,quiet,0.2.0
1,207504756,15,120,14995,1.1641843557357787,,0.0018006280703101085,False,0,False,0,quiet,0.2.0
1,207504919,15,120,14996,2.1669168730427697,,0.0021223064371125658,False,0,False,0,quiet,0.2.0
1,210268871,15,120,13193,1.9665825605392453,,0.016366618428241334,False,0,False,0,quiet,0.2.0
1,210269985,15,120,13083,1.0053837418556213,,0.01855279670198695,False,0,False,0,quiet,0.2.0
1,210316732,15,120,12763,2.602138495445251,6.853657723302806,0.1803502692651646,False,7,False,0,flaring,0.2.0
1,210357174,15,120,13194,0.5540347351421495,3.426829679622218,0.1402572071918482,False,0,False,0,rotator,0.2.0
1,210361828,15,120,13197,0.8465831279754639,,0.0037582896262382095,False,0,False,0,quiet,0.2.0
1,210401227,15,120,13146,0.903051459789276,,0.01253194109165698,False,0,False,0,quiet,0.2.0
1,210432959,15,120,13199,3.5047481060028076,6.510980297365506,0.4372632209687916,False,0,False,0,rotator,0.2.0
1,210436625,15,120,13166,15.252634569845522,21.703299108648363,0.8461258835481622,False,1,False,0,rotator,0.2.0
1,210438149,15,120,12477,2.844802093505859,,0.0035806238171340534,False,0,False,0,quiet,0.2.0
1,21100558,15,120,13236,3.569390542227312,,0.020850549908542567,False,0,False,0,quiet,0.2.0
1,21161995,15,120,13234,0.6770013928413391,,0.0009747903688561697,False,0,False,0,quiet,0.2.0
1,21227089,15,120,13235,0.9664126396179199,,0.006336722256299188,False,0,False,0,quiet,0.2.0
1,21228288,15,120,13233,0.8893541336059569,,0.0013132964128311426,False,0,False,0,quiet,0.2.0
1,21228854,15,120,13236,2.4011854648590085,,0.0010085364377318243,False,0,False,0,quiet,0.2.0
1,21229506,15,120,13235,1.5836760163307189,,0.003336112880571132,False,0,False,0,quiet,0.2.0
1,219002620,15,120,13663,1.5420538187026978,7.6601713820018755,0.11730652914197613,False,0,False,0,rotator,0.2.0
1,219003476,15,120,15720,0.7906449916766586,,0.003075043352915882,False,0,False,0,quiet,0.2.0
1,219003496,15,120,15721,0.9470596432685852,,0.0011023640706206055,False,0,False,0,quiet,0.2.0
1,219006393,15,120,13412,1.6658599734306334,,0.026953993464969142,False,0,False,0,quiet,0.2.0
1,219015141,15,120,12973,4.193149209022522,5.661872221887883,0.5175706895321399,False,2,False,0,rotator,0.2.0
1,219017006,15,120,17746,0.9114907801151275,,0.16795676068286777,True,0,False,0,quiet,0.2.0
1,219017684,15,120,17743,0.497345495223999,,0.009372437549669382,False,0,False,0,quiet,0.2.0
1,219031622,15,120,15243,0.6255701422691345,,0.05855511082237108,False,0,False,0,quiet,0.2.0
1,219032973,15,120,15240,6.354720024905205,8.110970553958547,0.7888644663016797,False,0,False,0,rotator,0.2.0
1,219034760,15,120,15246,0.5464791135049131,,0.0020542922044621925,False,0,False,0,quiet,0.2.0
1,219036127,15,120,15248,2.213046061992645,4.345150199669416,0.3313315708631341,False,0,False,0,rotator,0.2.0
1,219036232,15,120,15250,3.0838425278663633,,0.0009117562372965615,False,0,False,0,quiet,0.2.0
1,219038493,15,120,15249,1.5321563959121702,6.759134109094021,0.3870510526359631,False,0,False,0,rotator,0.2.0
1,219064190,15,120,15719,0.7564458847045897,,0.046585848552477535,False,0,False,0,quiet,0.2.0
1,219089934,15,120,14765,4.9784036636352536,8.049541323392228,0.5188886162425917,False,0,False,0,rotator,0.2.0
1,219090355,15,120,16315,1.3978342294692991,8.13890930615095,0.17557906654868932,False,0,False,0,rotator,0.2.0
1,219092860,15,120,14794,33.27805063491908,0.1884753219087791,0.6053312937830894,False,0,False,0,rotator,0.2.0
1,219095273,15,120,14925,4.03072543144226,5.765895485001076,0.610047402110612,False,0,False,0,rotator,0.2.0
1,219096061,15,120,17401,0.9413156032562255,,0.02421701002290174,False,0,False,0,quiet,0.2.0
1,219100948,15,120,14987,1.3941226959228514,,0.008227052307580817,False,0,False,0,quiet,0.2.0
1,219104063,15,120,17393,0.6185889244079589,,0.002015352658384643,False,0,False,0,quiet,0.2.0
1,219105238,15,120,15040,1.3175502633318381,,0.010903046726994452,False,0,False,0,quiet,0.2.0
1,219106078,15,120,14741,3.1892677545547485,,0.005430995017977942,False,0,False,0,quiet,0.2.0
1,219107930,15,120,14738,1.1510172143275375,,0.0035890818720737366,False,0,False,0,quiet,0.2.0
1,219108160,15,120,17388,4.622715032100677,8.681050026633025,0.4506254690693259,False,8,False,0,flaring,0.2.0
1,219109297,15,120,17398,0.9059676647186279,,0.0016208928404211336,False,0,False,0,quiet,0.2.0
1,219109797,15,120,16544,0.9401225823127453,,0.022292103545248937,False,0,False,0,quiet,0.2.0
1,219110898,15,120,17401,4.566423439979553,0.3970192859253702,0.5185686028368262,False,0,False,0,rotator,0.2.0
1,219114193,15,120,15055,2.0022839784622195,,0.0019673650378857007,False,0,False,0,quiet,0.2.0
1,219116889,15,120,17386,0.3561304807662964,,0.005020409562807231,False,0,False,0,quiet,0.2.0
1,219432334,15,120,17509,0.3347449779510498,,0.013235619575870917,False,0,False,0,quiet,0.2.0
1,219432571,15,120,14927,2.3129039883613585,,0.010951826551936765,False,0,False,0,quiet,0.2.0
1,219432606,15,120,17509,0.5491302251815795,,0.029986578494659553,False,0,False,0,quiet,0.2.0
1,219434593,15,120,14943,4.043627429008484,,0.0030340867811703095,False,0,False,0,quiet,0.2.0
1,219435111,15,120,17516,0.9716264605522156,,0.007436108008156675,False,0,False,0,quiet,0.2.0
1,219435542,15,120,17516,1.4020759820938111,3.6173360606203016,0.10189305175820626,False,0,True,6,dipper,0.2.0
1,219458231,15,120,17517,0.9323018789291381,,0.005117384342362319,False,0,False,0,quiet,0.2.0
1,219462925,15,120,14992,1.38921816945076,,0.004982477374705595,False,0,False,0,quiet,0.2.0
1,219464154,15,120,17744,1.1969695687294006,3.3390837660286437,0.20233194162865006,False,0,False,0,rotator,0.2.0
1,219465156,15,120,17512,0.40711985784054644,,0.0016213784585089321,False,0,False,0,quiet,0.2.0
1,219465534,15,120,17745,0.6889313220977783,,0.021409343055982907,False,0,False,0,quiet,0.2.0
1,219467520,15,120,17511,0.36302332878112786,7.660222183080336,0.14486504973525574,False,0,False,0,rotator,0.2.0
1,219730823,15,120,17741,0.3273219108581543,,0.03626049570588448,False,0,False,0,quiet,0.2.0
1,219731017,15,120,12572,6.305276530666558,,0.015600537147611048,False,0,False,0,variable,0.2.0
1,219731502,15,120,12559,1.7985031127929687,,0.0753186693471351,False,1,False,0,quiet,0.2.0
1,219731552,15,120,13090,1.3847997596740578,,0.01601591075865396,False,0,False,0,quiet,0.2.0
1,219732654,15,120,17741,0.49699201583862296,,0.0008619202191346764,False,0,False,0,quiet,0.2.0
1,219733709,15,120,12396,15.853153242264783,,0.028800561186435022,False,0,False,0,variable,0.2.0
1,219733793,15,120,17747,0.9853237867355346,5.425965967556152,0.3269566676867827,False,0,False,0,rotator,0.2.0
1,219737858,15,120,14994,0.9356157481670379,,0.004672135119342672,False,0,False,0,quiet,0.2.0
1,219739808,15,120,14992,0.7919263544104589,2.1664003830035683,0.4870188584789427,False,0,False,0,rotator,0.2.0
1,219741010,15,120,14993,0.6362628936767578,,0.020552735112305116,False,0,False,0,quiet,0.2.0
1,219741079,15,120,14748,1.9465667323301215,,0.03522696253755574,False,0,False,0,quiet,0.2.0
1,219742409,15,120,14991,0.9619941473007202,,0.02022000618803728,False,0,False,0,quiet,0.2.0
1,219742837,15,120,14763,1.8785661935806273,,0.005773563555439802,False,0,False,0,quiet,0.2.0
1,219742885,15,120,14987,0.5530184984207154,,0.07956372329719302,False,0,False,0,quiet,0.2.0
1,219750629,15,120,15788,1.4070247773542865,,0.00514217687175867,False,0,False,0,quiet,0.2.0
1,219751805,15,120,15296,3.8587575954569098,,0.0472695465060042,False,0,False,0,quiet,0.2.0
1,219752252,15,120,15327,1.3996016263961792,,0.05698558429159585,False,0,False,0,quiet,0.2.0
1,219753239,15,120,15778,1.036799222230911,,0.026039398921291475,False,0,False,0,quiet,0.2.0
1,219753310,15,120,16336,0.60334512591362,,0.0037269470398610133,False,0,False,0,quiet,0.2.0
1,219754475,15,120,15573,2.3548796653747557,,0.0012959735452700782,False,0,False,0,quiet,0.2.0
1,219755365,15,120,15595,2.740702414512634,,0.018600609797845755,False,0,False,0,quiet,0.2.0
1,219757132,15,120,15766,1.4089245612070227,,0.006437476883115284,False,0,False,0,quiet,0.2.0
1,219757469,15,120,15493,1.4441400289535522,,0.0026925569322504206,False,0,False,0,quiet,0.2.0
1,219759200,15,120,16337,0.7352371215820312,,0.010017872419308214,False,0,False,0,quiet,0.2.0
1,219759595,15,120,16340,0.7944891272333003,,0.002911166924467153,False,0,False,0,quiet,0.2.0
1,219760133,15,120,16341,0.7593620896339416,,0.021835885502926446,False,0,False,0,quiet,0.2.0
1,219760880,15,120,16334,0.4008014261483721,,0.023590879131380162,False,0,False,0,quiet,0.2.0
1,219761084,15,120,15258,1.3710140628227032,,0.05789693192203023,False,0,False,0,quiet,0.2.0
1,219761134,15,120,16337,0.5461256504058837,,0.002022771688528953,False,0,False,0,quiet,0.2.0
1,219761293,15,120,16343,0.767050266265869,,0.007493169803209294,False,0,False,0,quiet,0.2.0
1,219761825,15,120,16334,0.6022404669379909,,0.031480948244608356,False,0,False,0,quiet,0.2.0
1,219762379,15,120,15831,1.02570880651474,,0.0013772776324948843,False,0,False,0,quiet,0.2.0
1,219762620,15,120,16343,0.858601427078247,,0.004345444309436921,False,0,False,0,quiet,0.2.0
1,219765652,15,120,16340,0.8710173904895783,0.3330480179627009,0.10182479689693365,False,0,False,0,rotator,0.2.0
1,219773223,15,120,15574,14.127422646505314,,0.0704620505665054,False,1,False,0,variable,0.2.0
1,219774920,15,120,16335,0.5759946584701537,,0.09029254917175422,False,0,False,0,quiet,0.2.0
1,219775063,15,120,16338,0.7039099900749328,5.661808935061276,0.15597565341204625,False,0,False,0,rotator,0.2.0
1,219775888,15,120,16334,0.5759062714604655,,0.001439872896581165,False,0,False,0,quiet,0.2.0
1,219776641,15,120,15765,2.947399485111237,,0.01944310200443571,False,0,False,0,quiet,0.2.0
1,219777120,15,120,15531,1.4657022714614867,,0.010421030540663264,False,0,False,0,quiet,0.2.0
1,219779380,15,120,14926,1.371455830335617,,0.004621577021691824,False,0,False,0,quiet,0.2.0
1,219785826,15,120,15462,1.5554860353469846,,0.0019500468084408787,False,0,False,0,quiet,0.2.0
1,219787707,15,120,15177,3.873603844642639,,0.010556884645711398,False,0,False,0,quiet,0.2.0
1,219791033,15,120,14994,1.94930631367285,,0.05809796383685879,False,0,False,0,quiet,0.2.0
1,219793006,15,120,15021,2.2536961913108824,,0.02785709810789374,False,0,False,0,quiet,0.2.0
1,219794282,15,120,15781,2.0898584961891173,,0.008816151860338252,False,0,False,0,quiet,0.2.0
1,219795383,15,120,16341,1.374681329727173,2.1003451422457475,0.1816381595982784,False,0,False,0,rotator,0.2.0
1,219796423,15,120,15197,1.2110203742980956,,0.011359610380695566,False,0,False,0,quiet,0.2.0
1,219798009,15,120,15182,1.6955964772581003,,0.003495739265817886,False,0,False,0,quiet,0.2.0
1,219799983,15,120,14901,1.4702975034713743,,0.0017865215810244435,False,0,False,0,quiet,0.2.0
1,219802774,15,120,16337,0.6904336094856262,,0.036090316201012024,False,0,False,0,quiet,0.2.0
1,219802852,15,120,15476,2.5249472841651865,,0.0891851320165451,False,0,False,0,quiet,0.2.0
1,219803073,15,120,16330,0.41622197628021235,,0.01974496335402443,False,0,False,0,quiet,0.2.0
1,219804674,15,120,16339,1.6060335874557494,0.5358914681395395,0.10244267467697146,False,0,False,0,rotator,0.2.0
1,219805568,15,120,16329,0.7908217549324035,,0.07259730855687414,False,0,False,0,quiet,0.2.0
1,219806194,15,120,14887,1.9959213495254515,,0.0036539029382023367,False,0,False,0,quiet,0.2.0
1,219807827,15,120,15141,4.508187711238861,,0.005624368488912266,False,0,False,0,quiet,0.2.0
1,219808183,15,120,14863,8.637268781661987,,0.003527496503071541,False,0,False,0,variable,0.2.0
1,219808429,15,120,16337,0.392362117767334,,0.0033948416198767897,False,0,False,0,quiet,0.2.0
1,219810107,15,120,16342,2.3043321132659913,3.9461076535651913,0.46036077723949054,False,0,False,0,rotator,0.2.0
1,219810122,15,120,16339,1.763331913948059,,0.0035071458674286126,False,0,False,0,quiet,0.2.0
1,219810391,15,120,14873,3.655330324172973,4.651678561783333,0.5239203592607315,False,0,False,0,rotator,0.2.0
1,219811064,15,120,15411,0.9589895725250244,,0.0038086579153771157,False,0,False,0,quiet,0.2.0
1,219811092,15,120,16338,0.6231399529236569,,0.012907070368728674,False,0,False,0,quiet,0.2.0
1,219811394,15,120,15182,1.9701615980315685,,0.007511413839363649,False,0,False,0,quiet,0.2.0
1,219811568,15,120,15449,2.068738102912903,,0.006180626773197408,False,0,False,0,quiet,0.2.0
1,219811619,15,120,15483,1.3616025924682618,,0.0015106524301083057,False,0,False,0,quiet,0.2.0
1,219811991,15,120,15133,3.2161321878433227,,0.0027321972445996778,False,0,False,0,quiet,0.2.0
1,219812363,15,120,15108,1.642265224456787,10.85175314662261,0.26069410359662665,False,0,False,0,rotator,0.2.0
1,219813337,15,120,14777,2.635542297363281,,0.019503512748016826,False,0,False,0,quiet,0.2.0
1,219814440,15,120,16341,1.0570801019668579,,0.0036956008829727048,False,0,False,0,quiet,0.2.0
1,219819539,15,120,14749,9.981550884246825,,0.001538276606730807,False,0,False,0,variable,0.2.0
1,219823125,15,120,15241,0.48470860719680786,2.5346839420238614,0.12859824687013027,False,0,False,0,rotator,0.2.0
1,219823911,15,120,15237,1.989558720588684,,0.383408387555998,True,0,False,0,quiet,0.2.0
1,219844588,15,120,15062,16.600452375411987,,0.006586007882944186,False,0,False,0,variable,0.2.0
1,219846750,15,120,17398,1.293027591705322,2.170378476441272,0.13859614052827135,False,0,False,0,rotator,0.2.0
1,219847885,15,120,15032,2.514784827387785,,0.006036779200787732,False,0,False,0,quiet,0.2.0
1,219849196,15,120,15282,2.3083086875585113,,0.01986684607542593,False,0,False,0,quiet,0.2.0
1,219849662,15,120,15576,1.1405895727697142,,0.002856100316196303,False,0,False,0,quiet,0.2.0
1,219850194,15,120,15583,2.400125026702881,,0.07195159833537362,False,0,False,0,quiet,0.2.0
1,219850812,15,120,15797,4.239278268814086,3.176159160498201,0.5104572234701166,False,0,False,0,rotator,0.2.0
1,219850915,15,120,15244,1.7418580412864684,,0.0035401861610858247,False,0,False,0,quiet,0.2.0
1,219851877,15,120,16342,1.3764486856326852,,0.0036112968573755897,False,0,False,0,quiet,0.2.0
1,219857577,15,120,15787,1.2760605812072754,,0.04819641591821983,False,0,False,0,quiet,0.2.0
1,219857708,15,120,16567,1.1046230792999268,,0.029418429548630054,False,0,False,0,quiet,0.2.0
1,219859796,15,120,17396,0.9381342887878417,,0.0029630263296672524,False,0,False,0,quiet,0.2.0
1,219860722,15,120,15582,2.6496373668204947,,0.020062104761609762,False,0,False,0,quiet,0.2.0
1,219860928,15,120,15287,1.644032621383667,,0.024734451616747078,False,0,False,0,quiet,0.2.0
1,219863288,15,120,15269,3.6475537776947022,,0.04636059108394111,False,0,False,0,quiet,0.2.0
1,219863898,15,120,15624,2.1026721239089965,,0.013486519994795734,False,0,False,0,quiet,0.2.0
1,219867078,15,120,15290,2.2855535890326975,,0.0893705167641012,False,0,False,0,quiet,0.2.0
1,219867444,15,120,17399,1.1374966621398925,,0.09463460368151172,False,8,False,0,flaring,0.2.0
1,219868113,15,120,15253,2.190776860713959,,0.004459795156735463,False,0,False,0,quiet,0.2.0
1,219869214,15,120,15700,2.5354633708160113,,0.005248972631072076,False,0,False,0,quiet,0.2.0
1,219869329,15,120,15774,1.9782474392130207,,0.003306723256724203,False,0,False,0,quiet,0.2.0
1,219871089,15,120,15636,1.4282776841007971,,0.0034790292533682424,False,0,False,0,quiet,0.2.0
1,219872979,15,120,15454,1.7856894850730896,,0.031789574931567824,False,0,False,0,quiet,0.2.0
1,219874849,15,120,15631,1.1429755926132201,,0.0035332326857474947,False,0,False,0,quiet,0.2.0
1,219877628,15,120,17392,0.46681372722428227,,0.0009745920851577923,False,0,False,0,quiet,0.2.0
1,219878393,15,120,17398,0.8407948779822922,,0.013333456303948292,False,0,False,0,quiet,0.2.0
1,219879989,15,120,16338,0.8039446531550689,,0.02448044335421162,False,0,False,0,quiet,0.2.0
1,219881777,15,120,15637,1.700942802429199,,0.0010855509523124674,False,0,False,0,quiet,0.2.0
1,219882557,15,120,15027,1.2969158649444579,,0.012696375161569571,False,0,False,0,quiet,0.2.0
1,219893761,15,120,17398,0.5041941282633466,,0.004643269468600761,False,0,False,0,quiet,0.2.0
1,219896037,15,120,16338,0.5091870849840096,10.851836253250154,0.17669539083572938,False,0,False,0,rotator,0.2.0
1,219897786,15,120,15617,3.383681416511535,4.204042724633351,0.40932044576161875,False,0,False,0,rotator,0.2.0
1,219898227,15,120,15050,3.825795757770538,6.073277069978985,0.4601951437303193,False,0,False,0,rotator,0.2.0
1,224289097,15,120,13323,2.1664751529693604,8.904406274097727,0.39706562353207886,False,0,False,0,rotator,0.2.0
1,224289449,15,120,17747,0.4323936581611633,,0.0055484768980968435,False,0,False,0,quiet,0.2.0
1,224290262,15,120,13734,3.40546458363533,5.6618786979456965,0.5142675481407971,False,0,False,0,rotator,0.2.0
1,224293125,15,120,17364,0.37477649600645924,,0.008440587946829774,False,0,False,0,quiet,0.2.0
1,224293528,15,120,13681,1.6687761783599853,,0.009318726057017146,False,0,False,0,quiet,0.2.0
1,224294575,15,120,13217,0.8241371870040892,,0.07069214895244479,False,0,False,0,quiet,0.2.0
1,224299927,15,120,12988,1.4612836920449916,9.484402447501072,0.11953065632240223,False,0,False,0,rotator,0.2.0
1,224300135,15,120,13609,2.2111902952194216,,0.0030766673917621517,False,0,False,0,quiet,0.2.0
1,224300265,15,120,13553,6.134988212585449,1.4938633343329526,0.1267891479748681,False,3,False,0,flaring,0.2.0
1,224300294,15,120,13456,1.5737785935401916,,0.003747399320963578,False,0,False,0,quiet,0.2.0
1,224302489,15,120,14838,1.7728758573532102,,0.004625886926040436,False,0,False,0,quiet,0.2.0
1,224303755,15,120,13438,41.35514518484906,1.0838470571567111,0.8935984386320531,False,0,False,0,rotator,0.2.0
1,224303868,15,120,13588,10.534304273128509,0.910422131398434,0.1376389752981747,False,0,False,0,rotator,0.2.0
1,224304725,15,120,14375,2.093128180503845,,0.005166935787445173,False,0,False,0,quiet,0.2.0
1,224305160,15,120,14420,0.904553801092732,,0.046883072854978766,False,0,False,0,quiet,0.2.0
1,224307930,15,120,14996,1.101044100522995,,0.0011675307047101183,False,0,False,0,quiet,0.2.0
1,224310378,15,120,14941,5.111842131614685,,0.0016295595301606897,False,0,False,0,variable,0.2.0
1,224310681,15,120,14993,0.9955746889114381,,0.07108352023297919,False,0,False,0,quiet,0.2.0
1,224311389,15,120,14960,3.4767348647117613,,0.006209023631248645,False,0,False,0,quiet,0.2.0
1,224596152,15,120,16342,1.2169410814678023,,0.010661757703549315,False,0,False,0,quiet,0.2.0
1,224596574,15,120,15595,2.171247124671936,,0.010964754585520325,False,0,False,0,quiet,0.2.0
1,224597223,15,120,15288,2.3024762092544906,,0.0014448035568396615,False,0,False,0,quiet,0.2.0
1,224604195,15,120,15642,1.200150847430502,,0.0015768240210760611,False,0,False,0,quiet,0.2.0
1,224604423,15,120,16343,0.9004887342453003,,0.0027939331468013044,False,0,False,0,quiet,0.2.0
1,224604945,15,120,15291,3.46586537361145,,0.0020719708730260805,False,0,False,0,quiet,0.2.0
1,224605278,15,120,15644,1.0257971152188112,,0.0019335097241575585,False,0,False,0,quiet,0.2.0
1,224607604,15,120,16327,2.5579535722732545,,0.011378205285139867,False,0,False,0,quiet,0.2.0
1,224608210,15,120,16337,0.5480697870254516,,0.03201111962612747,False,0,False,0,quiet,0.2.0
1,224608226,15,120,16341,1.4219591975212096,10.016938934302202,0.2996370517844311,False,0,False,0,rotator,0.2.0
1,224634959,15,120,13164,0.9844842438553498,,0.09725986048116127,False,0,False,0,quiet,0.2.0
1,224694094,15,120,13199,0.9524502038955688,,0.005781578397829204,False,0,False,0,quiet,0.2.0
1,224694691,15,120,13197,1.3577143192291259,2.7706368706531115,0.36733887559899553,False,0,False,0,rotator,0.2.0
1,224707182,15,120,13199,2.743530249595642,7.659988262275673,0.20084703182614497,False,0,False,0,rotator,0.2.0
1,224718376,15,120,13104,1.2646608710289002,,0.0028885774700601356,False,0,False,0,quiet,0.2.0
1,229398123,15,120,11044,1.2544983386993407,,0.03454661793312415,False,0,False,0,quiet,0.2.0
1,229400552,15,120,10819,12.601363348960875,,0.004232040381229939,False,0,False,0,variable,0.2.0
1,229400643,15,120,11056,1.9109537992165622,0.17968220101240778,0.5710433497639533,False,0,False,0,rotator,0.2.0
1,229406488,15,120,11065,11.66110818386078,4.069473102684817,0.9167578347323967,False,0,False,0,rotator,0.2.0
1,229409194,15,120,11535,3.615387153625488,,0.01816654996094233,False,0,False,0,quiet,0.2.0
1,229409655,15,120,13318,0.46014178991317745,,0.005500496829722594,False,0,False,0,quiet,0.2.0
1,229411011,15,120,12153,14.31326401233673,1.8616925128525665,0.6631836320893654,False,0,False,0,rotator,0.2.0
1,229411323,15,120,11884,4.850355900834677,,0.028225973110471415,False,0,False,0,quiet,0.2.0
1,229411571,15,120,12077,1.1476591944694519,,0.0042681795658621865,False,0,False,0,quiet,0.2.0
1,229435382,15,120,11029,1.9538573026657104,,0.034173820515855304,False,0,False,0,quiet,0.2.0
1,229436921,15,120,13319,0.43548660278320306,,0.006894647342255828,False,0,False,0,quiet,0.2.0
1,229437475,15,120,12040,2.5727554448617864,,0.032054623648019163,False,0,False,0,quiet,0.2.0
1,229437602,15,120,12130,1.1383802927505795,,0.008561740990768889,False,0,False,0,quiet,0.2.0
1,229439761,15,120,12083,1.0659170866012573,,0.012115301624654164,False,0,False,0,quiet,0.2.0
1,229440890,15,120,11038,1.7627575099468231,3.519533597890666,0.4677396382401312,False,0,False,0,rotator,0.2.0
1,229443068,15,120,11405,0.8663779735565185,,0.018118954905953343,False,0,False,0,quiet,0.2.0
1,229444326,15,120,10903,6.452412700653076,,0.013299572722232575,False,0,False,0,variable,0.2.0
1,229448801,15,120,12049,5.194733047485352,,0.017870838147620267,False,0,False,0,variable,0.2.0
1,229449489,15,120,11306,1.4497073292732239,,0.005781942016322842,False,0,False,0,quiet,0.2.0
1,229451096,15,120,11387,1.2412428617477416,,0.04078667105147074,False,0,False,0,quiet,0.2.0
1,229451118,15,120,11173,1.2391219854354858,,0.08561553158190154,False,0,False,0,quiet,0.2.0
1,229451168,15,120,13321,0.7926775217056273,5.425964008007375,0.15843661606058923,False,0,False,0,rotator,0.2.0
1,229452237,15,120,11387,2.9919378876686094,,0.005073927781734013,False,0,False,0,quiet,0.2.0
1,229455094,15,120,12483,1.0963163137435912,,0.004914507531848812,False,0,False,0,quiet,0.2.0
1,229455920,15,120,11375,1.0068860292434691,,0.023772413648894188,False,0,False,0,quiet,0.2.0
1,229456081,15,120,11207,2.787891912460327,5.918922856446588,0.44924995544179563,False,0,False,0,rotator,0.2.0
1,229460399,15,120,13155,2.5385122060775758,,0.0020599215716085133,False,0,False,0,quiet,0.2.0
1,229472112,15,120,11400,12.17064835516666,,0.017289207879566594,False,0,False,0,variable,0.2.0
1,229472460,15,120,11889,4.201367604732513,2.0670321166286367,0.5872936722509703,False,0,False,0,rotator,0.2.0
1,229481409,15,120,12131,1.0901304244995116,,0.018790840152603284,False,0,False,0,quiet,0.2.0
1,229485512,15,120,13207,4.190939962863922,,0.010815310543492903,False,0,False,0,quiet,0.2.0
1,229486109,15,120,12946,14.74534837603569,,0.0041980344376838785,False,0,False,0,variable,0.2.0
1,229487733,15,120,12147,1.5667973756790161,,0.005415503505496117,False,0,False,0,quiet,0.2.0
1,229490213,15,120,11422,1.443786549568176,,0.010353050074644505,False,0,False,0,quiet,0.2.0
1,229491119,15,120,12153,2.333317422866821,,0.01382181511247709,False,0,False,0,quiet,0.2.0
1,229492667,15,120,12169,1.9669360399246216,,0.018081924011429454,False,0,False,0,quiet,0.2.0
1,229497278,15,120,12146,1.9865099016872076,11.838444946211089,0.23090425118057814,False,0,False,0,rotator,0.2.0
1,229497381,15,120,12219,1.1516358375549314,1.8341256513375215,0.16401589411136192,False,0,False,0,rotator,0.2.0
1,229500593,15,120,13317,0.603212571144104,,0.05650572883076836,False,0,False,0,quiet,0.2.0
1,229500962,15,120,12262,1.9311021247834599,,0.057635420467334005,False,0,False,0,quiet,0.2.0
1,229501164,15,120,13318,0.5976894557476043,,0.01895120727798909,False,0,False,0,quiet,0.2.0
1,229502129,15,120,12275,7.997294354438781,,0.006944089686396534,False,0,False,0,variable,0.2.0
1,229507449,15,120,12253,1.1936998844146727,0.10063601108404725,0.4381839496354262,False,0,False,0,rotator,0.2.0
1,229507871,15,120,12303,5.352826702594756,,0.01900585491338747,False,0,False,0,variable,0.2.0
1,229509769,15,120,12551,0.8957167625427246,,0.0426875611274445,False,0,False,0,quiet,0.2.0
1,229514230,15,120,13224,2.768671388367671,1.71345608828707,0.6629792985608349,False,0,False,0,rotator,0.2.0
1,229514863,15,120,15243,1.0224391222000122,,0.018362720195347973,False,0,False,0,quiet,0.2.0
1,229534227,15,120,15248,0.8140629759989395,,0.045773700945297285,False,0,False,0,quiet,0.2.0
1,229535299,15,120,15748,5.0476414382457735,,0.004442175495074122,False,3,False,0,flaring,0.2.0
1,229535665,15,120,16958,1.3159595668315887,5.722602523955567,0.2686691763322343,False,0,False,0,rotator,0.2.0
1,229536730,15,120,17158,0.8780870043661297,,0.005934016598668133,False,0,False,0,quiet,0.2.0
1,229537172,15,120,17510,4.333878060165701,0.8294481508589595,0.43217148487297236,False,0,False,0,rotator,0.2.0
1,229549056,15,120,17626,3.0144280135631556,3.028452797168563,0.5025900487158108,False,0,False,0,rotator,0.2.0
1,229549395,15,120,17743,1.5585789799690244,5.20894994723335,0.24472318076575628,False,0,False,0,rotator,0.2.0
1,229552962,15,120,14863,1.008476686477661,,0.0009547674565339905,False,0,False,0,quiet,0.2.0
1,229553363,15,120,14995,0.7103168249130248,,0.012701789519370142,False,0,False,0,quiet,0.2.0
1,229581336,15,120,16342,69.57649623155592,,0.0120850209126528,False,0,False,0,variable,0.2.0
1,229581547,15,120,16365,1.248400819301605,,0.014605461741126431,False,0,False,0,quiet,0.2.0
1,229583484,15,120,17392,0.5704273241503641,,0.016821638616669115,False,0,False,0,quiet,0.2.0
1,229583807,15,120,17399,0.978784418106079,5.208966480880781,0.1029591467076981,False,0,False,0,rotator,0.2.0
1,229585045,15,120,16456,1.113018214702606,,0.003045581646991669,False,0,False,0,quiet,0.2.0
1,229585439,15,120,17401,3.029141592979431,5.66188483929048,0.48283541541395597,False,10,False,0,flaring,0.2.0
1,229586700,15,120,17401,1.4841715693473816,,0.005040533944008423,False,0,False,0,quiet,0.2.0
1,229586778,15,120,17386,0.27359304428100584,,0.02233996449959679,False,0,False,0,quiet,0.2.0
1,229589015,15,120,17386,0.9027421115194493,,0.007528891611294463,False,0,False,0,quiet,0.2.0
1,229589141,15,120,17391,0.9973420858383178,,0.018252157203223734,False,0,False,0,quiet,0.2.0
1,229590348,15,120,17397,3.8468277812004086,,0.01840647936494057,False,0,False,1,quiet,0.2.0
1,229591534,15,120,17399,1.7485741496086118,,0.0019545890167258183,False,0,False,0,quiet,0.2.0
1,229593785,15,120,16321,3.0810146927833553,,0.06411236142318742,False,0,False,0,quiet,0.2.0
1,229595133,15,120,17400,1.4235057122560055,,0.006648394067562215,False,0,False,0,quiet,0.2.0
1,229595274,15,120,17401,1.1376734018325805,,0.0014381898391088296,False,0,False,0,quiet,0.2.0
1,229596524,15,120,17397,0.6000312566757202,,0.0014466177334651541,False,0,False,0,quiet,0.2.0
1,229608594,15,120,17395,2.0907421946525573,,0.012129513895745616,False,0,False,0,quiet,0.2.0
1,229608720,15,120,17401,1.3396868705749512,4.650855314669319,0.21446935893965924,False,0,False,0,rotator,0.2.0
1,229609660,15,120,17401,1.2575029134750364,,0.006068162681176205,False,0,False,0,quiet,0.2.0
1,229614158,15,120,17392,4.717977585852814,0.8624141377023028,0.1672792949347808,False,2,False,0,rotator,0.2.0
1,229616425,15,120,15806,2.179465455428795,,0.008019836359626087,False,0,False,0,quiet,0.2.0
1,229616604,15,120,17398,0.7283884584903717,,0.0030458469597497407,False,0,False,0,quiet,0.2.0
1,229616635,15,120,15827,1.1566729187965392,,0.007741393832518688,False,0,False,0,quiet,0.2.0
1,229617501,15,120,17375,2.1523359775543214,,0.0028425431694395465,False,0,False,0,quiet,0.2.0
1,229618154,15,120,17399,3.268270397186279,9.301746010532709,0.2596037505404592,False,0,False,0,rotator,0.2.0
1,229618802,15,120,17400,1.257370321232965,,0.08566595856435806,False,0,False,0,quiet,0.2.0
1,229639192,15,120,16428,1.324929106235504,,0.00393408596480458,False,0,False,0,quiet,0.2.0
1,229639589,15,120,15634,14.738544776352928,,0.049375842113657746,False,0,False,0,variable,0.2.0
1,229639858,15,120,17366,1.1116484820842742,7.660212723586441,0.16494667629520515,False,0,False,0,rotator,0.2.0
1,229642722,15,120,17400,0.8147257740877336,,0.001479704756143216,False,0,False,0,quiet,0.2.0
1,229642734,15,120,17397,0.7696129918098449,5.919292380528624,0.1370085890897022,False,0,False,0,rotator,0.2.0
1,229643811,15,120,17401,1.776764130592346,5.919268055169276,0.3616925635331729,False,0,False,0,rotator,0.2.0
1,229644321,15,120,15627,1.670897054672241,,0.0034955710614077264,False,0,False,0,quiet,0.2.0
1,229647655,15,120,15911,9.426676619052888,,0.0015904531230115902,False,0,False,0,variable,0.2.0
1,229648381,15,120,17357,0.9247904419898987,,0.01288824897837728,False,0,False,0,quiet,0.2.0
1,229648779,15,120,15635,1.220564317703247,,0.0019396084861853069,False,0,False,0,quiet,0.2.0
1,229669811,15,120,17738,0.7725291967391967,,0.04301384983727618,False,0,False,0,quiet,0.2.0
1,229672410,15,120,16447,1.9361833333969116,,0.0016792339999538504,False,0,False,0,quiet,0.2.0
1,229673183,15,120,17745,2.1459733486175536,,0.002548479762809666,False,0,False,0,quiet,0.2.0
1,229673520,15,120,17745,0.9612871885299682,,0.005203577112440778,False,0,False,0,quiet,0.2.0
1,229674297,15,120,17747,1.1515474677085875,,0.0059636650308301665,False,0,False,0,quiet,0.2.0
1,229674906,15,120,15803,1.6503952503204347,,0.018248561838542635,False,0,False,0,quiet,0.2.0
1,229675482,15,120,17741,6.48369562625885,4.340777219092351,0.8857320923225157,False,0,False,0,rotator,0.2.0
1,229675701,15,120,17736,0.8642129380766433,,0.0613090284396415,False,0,False,0,quiet,0.2.0
1,229676197,15,120,17745,4.117151141166687,,0.06621706872499904,False,0,False,0,quiet,0.2.0
1,229700019,15,120,14459,1.9987491846084593,10.806234555686222,0.11863426682349376,False,0,False,0,rotator,0.2.0
1,229700662,15,120,14851,2.1550754427909853,,0.0012792215337125382,False,0,False,0,quiet,0.2.0
1,229701616,15,120,14986,1.0451943576335907,,0.0013500643701402075,False,0,False,0,quiet,0.2.0
1,229702876,15,120,14950,1.116729748249054,,0.02073212196425221,False,0,False,0,quiet,0.2.0
1,229704512,15,120,17370,2.1944883942604063,9.301622227589194,0.5290529558905107,False,1,False,0,rotator,0.2.0
1,229706335,15,120,17396,0.6527439089264815,,0.0013443799515489936,False,0,False,0,quiet,0.2.0
1,229706827,15,120,14797,21.38081921339035,0.8953251382095174,0.8572228606791249,False,0,False,0,rotator,0.2.0
1,229707460,15,120,14714,1.2773860527642933,,0.0037306616051011364,False,0,False,0,quiet,0.2.0
1,229708864,15,120,17398,0.3042573628272198,,0.010034059991063417,False,0,False,0,quiet,0.2.0
1,229709436,15,120,14455,6.995357036590576,,0.0027664627335252504,False,0,False,0,variable,0.2.0
1,229710567,15,120,17394,1.4094548642635345,,0.0009730225190642437,False,0,False,0,quiet,0.2.0
1,229712257,15,120,14776,48.36503927007434,10.067194014954453,0.9612332241459725,False,11,False,0,flaring,0.2.0
1,229714236,15,120,17399,0.6440394401550293,,0.0027344533546991624,False,0,False,0,quiet,0.2.0
1,229714300,15,120,14709,1.4057875156402586,,0.004639413009097546,False,0,False,0,quiet,0.2.0
1,229714508,15,120,14458,1.239166133428629,,0.011786444934598565,False,0,False,0,quiet,0.2.0
1,229715231,15,120,14723,1.6970545291900634,,0.0028550683102422903,False,0,False,0,quiet,0.2.0
1,229736680,15,120,15768,2.32200608253479,,0.04882403291403377,False,0,False,0,quiet,0.2.0
1,229736951,15,120,14977,1.8342929005622863,,0.0017106175471194032,False,0,False,0,quiet,0.2.0
1,229738650,15,120,14711,11.301089429855345,,0.031235940237478728,False,0,False,0,variable,0.2.0
1,229738891,15,120,14712,2.2232085943222044,,0.0024826642454312273,False,0,False,0,quiet,0.2.0
1,229739389,15,120,14720,1.6956848976424277,,0.08554412338684336,False,0,False,0,quiet,0.2.0
1,229739694,15,120,17387,0.26237007379531857,,0.0033457121462824096,False,0,False,0,quiet,0.2.0
1,229739896,15,120,14761,1.0827957272529602,,0.006468632024316887,False,0,False,0,quiet,0.2.0
1,229740594,15,120,17394,0.4098593473434448,,0.002256390470401575,False,0,False,0,quiet,0.2.0
1,229740993,15,120,14817,2.831016397476196,,0.003706956111362923,False,0,False,0,quiet,0.2.0
1,229741284,15,120,14966,3.20875311441701,,0.005468028567519668,False,0,False,0,quiet,0.2.0
1,229743729,15,120,14724,3.3754189364736953,,0.001034315541092338,False,0,False,0,quiet,0.2.0
1,229748447,15,120,14754,10.68546057684837,,0.001609249335513135,False,0,False,0,variable,0.2.0
1,229751806,15,120,14913,119.38819262981414,0.33636445359901596,0.6676238199660829,False,0,False,0,rotator,0.2.0
1,229752332,15,120,15016,11.93748452253686,,0.005545110793635331,False,0,False,0,variable,0.2.0
1,229758994,15,120,17399,1.4819623231887815,,0.0036781016192361164,False,0,False,0,quiet,0.2.0
1,229762152,15,120,17396,0.6522577969874264,,0.0060681522624200035,False,0,False,0,quiet,0.2.0
1,229764977,15,120,17401,0.6792106389999389,,0.0016836487845187495,False,0,False,0,quiet,0.2.0
1,229767929,15,120,16391,0.8782195329666137,,0.0025298826590090485,False,0,False,0,quiet,0.2.0
1,229769498,15,120,15316,2.0814191138321427,,0.04389913377234641,False,0,False,0,quiet,0.2.0
1,229771234,15,120,14821,52.95492346286773,0.40979519135598585,0.8400245073610001,False,0,False,0,rotator,0.2.0
1,229774503,15,120,17399,0.6286630868911742,,0.0010052449426085882,False,0,False,0,quiet,0.2.0
1,229776590,15,120,14858,2.566569632291794,,0.004874189440451412,False,0,False,0,quiet,0.2.0
1,229776723,15,120,14853,36.9290518283844,0.11708151625544656,0.8820145634160329,False,0,False,0,rotator,0.2.0
1,229777943,15,120,17401,0.8152118325233458,,0.002577974180874381,False,0,False,0,quiet,0.2.0
1,229779369,15,120,15116,1.4013690650871116,,0.09917887895435527,False,0,False,0,quiet,0.2.0
1,229779553,15,120,14885,1.6095683813095092,,0.0018429148554319455,False,0,False,0,quiet,0.2.0
1,229781949,15,120,14926,3.1926701839369644,,0.0010597571274184412,False,0,False,0,quiet,0.2.0
1,229783033,15,120,15147,1.2529076814651487,,0.0024807174749203816,False,0,False,0,quiet,0.2.0
1,229783498,15,120,17400,1.0423665225505827,,0.0015767765751699152,False,0,False,0,quiet,0.2.0
1,229783648,15,120,17401,4.4817651271820065,0.49893759267237325,0.2222255177857986,False,0,False,0,rotator,0.2.0
1,229784500,15,120,17392,0.4795389426029359,,0.013011611157833704,False,0,False,0,quiet,0.2.0
1,229784568,15,120,14706,2.5495585128533396,,0.05478227833639518,False,0,False,0,quiet,0.2.0
1,229786635,15,120,15798,1.89942147731781,,0.0020242485388711207,False,0,False,0,quiet,0.2.0
1,229787530,15,120,17397,0.6670156002044677,,0.008910495472313713,False,0,False,0,quiet,0.2.0
1,229789003,15,120,17400,1.0284482717514036,9.301624044037212,0.39582294829743914,False,17,False,0,flaring,0.2.0
1,229789278,15,120,12361,4.190144634246826,5.661857463379746,0.11591253486946389,False,0,False,0,rotator,0.2.0
1,229790589,15,120,17396,0.4986710429191589,14.46923941937674,0.1119821182677,False,0,False,0,rotator,0.2.0
1,229791353,15,120,15035,2.049119997024536,,0.004565178752783424,False,0,False,0,quiet,0.2.0
1,229791903,15,120,15601,131.69758200645447,3.5835770501551463,0.10295154930961903,False,16,False,0,flaring,0.2.0
1,229793375,15,120,15172,1.4553629994392394,14.469246575709526,0.11077798684659738,False,0,False,0,rotator,0.2.0
1,229794283,15,120,17401,0.7023635387420654,,0.003256291649519748,False,0,False,0,quiet,0.2.0
1,229795064,15,120,12239,2.0936583995819094,,0.009968387210338353,False,0,False,0,quiet,0.2.0
1,229796515,15,120,15220,2.1288295984268184,,0.00380821564526109,False,0,False,0,quiet,0.2.0
1,229797200,15,120,15473,2.5501770257949827,,0.0014530045767218666,False,0,False,0,quiet,0.2.0
1,229797408,15,120,15762,8.050758111476897,,0.0030244137989010123,False,0,False,0,variable,0.2.0
1,229798416,15,120,17400,0.5317213654518127,,0.006035674305369434,False,0,False,0,quiet,0.2.0
1,229913175,15,120,11471,4.1599221467971805,,0.01407331969893138,False,0,False,0,quiet,0.2.0
1,229914354,15,120,11950,0.6801826667676766,,0.013465859594380635,False,0,False,0,quiet,0.2.0
1,229937610,15,120,10431,6.374823975563048,9.627540591255555,0.11430493668513055,False,0,False,0,rotator,0.2.0
1,229938859,15,120,11013,1.0605265259742738,,0.0070486430688886485,False,0,False,0,quiet,0.2.0
1,229941419,15,120,10393,2.682731795310974,,0.02367102537298188,False,0,False,0,quiet,0.2.0
1,229943550,15,120,11103,0.7216281652450561,,0.017133565944746635,False,0,False,0,quiet,0.2.0
1,229946229,15,120,10956,2.257761204242706,5.661857402179453,0.16305688850787506,False,0,False,0,rotator,0.2.0
1,229949340,15,120,10400,8.80583478843181,1.8887657634144261,0.6385567128717614,False,0,False,0,rotator,0.2.0
1,229953884,15,120,10818,3.5432332796821973,,0.010936373536350978,False,0,False,0,quiet,0.2.0
1,229956471,15,120,10404,3.3451964481233487,8.814832292856824,0.10644713807805614,False,0,False,0,rotator,0.2.0
1,229957149,15,120,10469,0.9113582253456115,,0.013837785393688115,False,0,False,0,quiet,0.2.0
1,229962295,15,120,11022,2.354128591839331,,0.005539091810206028,False,0,False,0,quiet,0.2.0
1,229963230,15,120,10972,1.5465164959430693,,0.07320701052133527,False,0,False,0,quiet,0.2.0
1,229973818,15,120,10445,2.8389696836471554,,0.025497062067089304,False,0,False,0,quiet,0.2.0
1,229976701,15,120,10807,1.2015648007392883,,0.01860130857895555,False,0,False,0,quiet,0.2.0
1,229979125,15,120,11120,0.8313835144042968,,0.03112856781191363,False,0,False,0,quiet,0.2.0
1,229979957,15,120,13060,1.5334376672841508,1.2643011314103934,0.12436202564932212,False,0,False,0,rotator,0.2.0
1,229999454,15,120,10607,3.4494285821914668,,0.0221221192033691,False,0,False,0,quiet,0.2.0
1,230004207,15,120,10745,2.0133302092552183,,0.037053949141177836,False,0,False,0,quiet,0.2.0
1,230004582,15,120,10644,0.9508153617382049,,0.02790539899205111,False,0,False,0,quiet,0.2.0
1,230004920,15,120,10979,1.7912567853927612,,0.021807170689930933,False,0,False,0,quiet,0.2.0
1,230005512,15,120,13246,4.364498341083526,5.2089212798322935,0.40257251260985843,False,26,False,0,flaring,0.2.0
1,230010430,15,120,11782,3.132711239618733,,0.0044901706288122956,False,0,False,0,quiet,0.2.0
1,230015169,15,120,10741,24.020426523685455,,0.03370397227557412,False,0,False,0,variable,0.2.0
1,230020171,15,120,11091,2.4897320508956904,,0.012907724384071265,False,0,False,0,quiet,0.2.0
1,230022195,15,120,10781,3.0913539648056028,,0.018290136800331612,False,0,False,0,quiet,0.2.0
1,230024113,15,120,10718,2.091095549398926,,0.007305152843967364,False,0,False,0,quiet,0.2.0
1,230025025,15,120,10678,3.6544025496960444,,0.05229045442226,False,0,False,0,quiet,0.2.0
1,230025630,15,120,10795,1.5419654488563537,,0.015170782328080301,False,0,False,0,quiet,0.2.0
1,230026509,15,120,10874,1.2107110437538908,,0.01116192188525049,False,0,False,0,quiet,0.2.0
1,230027066,15,120,11581,3.919998013973236,,0.02185411544217509,False,0,False,0,quiet,0.2.0
1,230050730,15,120,10790,7.6737723469734185,,0.004150831344996582,False,0,False,0,variable,0.2.0
1,230052083,15,120,10800,1.6807502925395965,,0.015627808377191767,False,0,False,0,quiet,0.2.0
1,230058912,15,120,12037,3.6281124114990235,,0.015078905370229585,False,0,False,0,quiet,0.2.0
1,230060554,15,120,12508,0.799702876823969,,0.018120224491417838,False,0,False,0,quiet,0.2.0
1,230060885,15,120,12014,2.2398221254348756,,0.006017541209218683,False,0,False,0,quiet,0.2.0
1,230062246,15,120,14990,0.49009915321769854,,0.06552738163338927,False,0,False,0,quiet,0.2.0
1,230064221,15,120,14994,1.0349876403808593,,0.05845605307302462,False,0,False,0,quiet,0.2.0
1,230065377,15,120,11543,1.2823348402976988,6.491437281641163,0.2185765535838554,False,0,False,0,rotator,0.2.0
1,230065422,15,120,14572,0.6269398748874664,,0.047018177782211096,False,0,False,0,quiet,0.2.0
1,230065745,15,120,12072,1.7204284048208116,,0.027071185231398884,False,0,False,0,quiet,0.2.0
1,230065783,15,120,12031,1.431768250465393,,0.023530128743042614,False,0,False,0,quiet,0.2.0
1,230066386,15,120,11821,1.809991192817688,,0.036655772555255844,False,0,False,0,quiet,0.2.0
1,230067701,15,120,14751,1.2101366758346557,3.094898245691294,0.12664951313761724,False,0,False,0,rotator,0.2.0
1,230067760,15,120,14746,1.2803465569122598,,0.0013658163504431573,False,0,False,0,quiet,0.2.0
1,230069390,15,120,17741,0.557613730430603,,0.037481121726831566,False,0,False,0,quiet,0.2.0
1,230069739,15,120,14776,2.7498046725871963,,0.028374251696416542,False,0,False,0,quiet,0.2.0
1,230070344,15,120,14992,0.7993052601814269,,0.03976334930321558,False,0,False,0,quiet,0.2.0
1,230071379,15,120,15796,1.1052416352855672,,0.003963700383272122,False,0,False,0,quiet,0.2.0
1,230071539,15,120,16314,1.416922116279602,1.479800936531694,0.1201122156207069,False,0,False,0,rotator,0.2.0
1,230072155,15,120,17738,0.2905600547790527,,0.0024297263788308435,False,0,False,0,quiet,0.2.0
1,230074344,15,120,15044,1.3251058459281921,,0.018349468645580628,False,0,False,0,quiet,0.2.0
1,230074425,15,120,17355,1.0504523634910583,,0.003048108414376222,False,0,False,0,quiet,0.2.0
1,230074481,15,120,15070,9.805606227946095,,0.015911476578636598,False,0,False,0,variable,0.2.0
1,230076072,15,120,14899,1.2347034931182859,,0.001504531195498129,False,0,False,0,quiet,0.2.0
1,230076273,15,120,14992,0.5482023417949676,,0.002617381007987015,False,0,False,0,quiet,0.2.0
1,230077015,15,120,15071,1.2841906070709228,,0.024378628628862833,False,0,False,0,quiet,0.2.0
1,230078413,15,120,14905,4.491662549972534,,0.0034776498612406155,False,0,False,0,quiet,0.2.0
1,230080809,15,120,14901,2.6281192302703857,,0.0009478383736828,False,0,False,0,quiet,0.2.0
1,230080910,15,120,14993,1.083591055870056,,0.015182303604849573,False,0,False,0,quiet,0.2.0
1,230081904,15,120,14987,0.6056869268417358,,0.0019385109281371488,False,0,False,0,quiet,0.2.0
1,230082155,15,120,17739,0.5692785501480102,,0.02464310579374994,False,0,False,0,quiet,0.2.0
1,230083056,15,120,14930,2.6607719677916752,,0.0012307386882388581,False,0,False,0,quiet,0.2.0
1,230083841,15,120,14979,2.1479174852371212,,0.0011779041329082114,False,0,False,0,quiet,0.2.0
1,230084975,15,120,14876,1.6138101339340207,,0.0013956293536661096,False,0,False,0,quiet,0.2.0
1,230085680,15,120,17747,0.7391253948211669,,0.0026609540130822446,False,0,False,0,quiet,0.2.0
1,230086542,15,120,14989,2.0579569816589354,,0.001925676187761329,False,0,False,0,quiet,0.2.0
1,230086867,15,120,14994,0.8868797250461742,,0.018257416015312566,False,0,False,0,quiet,0.2.0
1,230087050,15,120,14974,4.733000600337982,,0.003698818623212251,False,0,False,0,quiet,0.2.0
1,230087750,15,120,14923,2.1207879424095153,,0.004919244330587446,False,0,False,0,quiet,0.2.0
1,230088835,15,120,17741,0.8564805507659912,,0.0025928116447980123,False,0,False,0,quiet,0.2.0
1,230089480,15,120,14991,0.7150887966156005,,0.04126390712444402,False,0,False,0,quiet,0.2.0
1,230092338,15,120,14993,1.0486849665641784,,0.0024762045739901493,False,0,False,0,quiet,0.2.0
1,230092485,15,120,14983,0.6415650844573975,,0.05431488269079137,False,0,False,0,quiet,0.2.0
1,230111775,15,120,15493,1.4366285920143127,,0.0015354385602336582,False,0,False,0,quiet,0.2.0
1,230112501,15,120,14831,8.643808150291441,,0.03644350545231044,False,1,False,0,variable,0.2.0
1,230113697,15,120,14929,8.839370620250701,,0.0029443977446410993,False,0,False,0,variable,0.2.0
1,230114480,15,120,15771,1.8320836544036865,,0.007279844920975816,False,0,False,0,quiet,0.2.0
1,230114874,15,120,15466,2.774813257897295,,0.05631637129581549,False,0,False,0,quiet,0.2.0
1,230116262,15,120,14986,0.7998796880209352,,0.0012645530958282445,False,0,False,0,quiet,0.2.0
1,230119791,15,120,14988,0.7735896348953246,,0.0014870298690486158,False,0,False,0,quiet,0.2.0
1,230121095,15,120,15207,1.5289750814437866,,0.026568913718968926,False,0,False,0,quiet,0.2.0
1,230123328,15,120,14993,0.8397786498069763,,0.001067063821503472,False,0,False,0,quiet,0.2.0
1,230123559,15,120,14846,7.086334004590928,,0.001734469244759948,False,0,False,0,variable,0.2.0
1,230124355,15,120,15020,1.7674410591292065,,0.0010512459428070836,False,0,False,0,quiet,0.2.0
1,230125514,15,120,14835,5.318892681598664,,0.014975970057917325,False,0,False,0,variable,0.2.0
1,230125546,15,120,14854,2.840958089857044,,0.0009944212483452466,False,0,False,0,quiet,0.2.0
1,230127302,15,120,14903,1.9109095573425292,,0.005244655339001066,False,0,False,0,quiet,0.2.0
1,230130890,15,120,15460,2.0705054998397827,,0.010201615607808617,False,0,False,0,quiet,0.2.0
1,230136086,15,120,16341,1.0516011714935303,,0.03248904097429839,False,0,False,0,quiet,0.2.0
1,230375803,15,120,10662,2.7780828595161435,5.9429049061003525,0.3565100788422081,False,0,False,0,rotator,0.2.0
1,230378042,15,120,10740,1.0934884134835952,,0.04999708824748695,False,0,False,0,quiet,0.2.0
1,230378620,15,120,10528,2.635674852132797,,0.055503884130451625,False,0,False,0,quiet,0.2.0
1,230380477,15,120,11559,5.0171980261802664,,0.004715906769600309,False,0,False,0,variable,0.2.0
1,230384022,15,120,10578,1.3145013860165247,,0.015688656543323375,False,0,False,0,quiet,0.2.0
1,230386735,15,120,11261,3.4689583182334895,,0.018495043984730435,False,0,False,0,quiet,0.2.0
1,230386875,15,120,11320,0.9846168279647827,,0.018783696868232908,False,0,False,0,quiet,0.2.0
1,230387737,15,120,10916,2.377590715885162,,0.041361320531580946,False,0,False,0,quiet,0.2.0
1,230391389,15,120,10509,1.0177555203437805,,0.0073349735644509615,False,0,False,0,quiet,0.2.0
1,230391593,15,120,10452,1.0683914422988892,,0.006594104296280501,False,0,False,0,quiet,0.2.0
1,230392936,15,120,10632,1.9928727086110531,,0.007070694474111082,False,0,False,0,quiet,0.2.0
1,230393480,15,120,10876,2.6035082280635833,,0.007308930694162199,False,0,False,0,quiet,0.2.0
1,230395127,15,120,10623,4.568544316291809,,0.06918990743643103,False,0,False,0,quiet,0.2.0
1,230437453,15,120,13132,3.528166115283966,,0.0017514170940485822,False,0,False,0,quiet,0.2.0
1,230599898,15,120,13208,1.0308784732484364,6.054745957240979,0.3540330901229271,False,0,False,0,rotator,0.2.0
1,230601052,15,120,13198,5.703743362426757,6.390732841657293,0.5327319095391924,False,30,False,0,flaring,0.2.0
1,230629075,15,120,13184,1.642265224456787,12.782228268445628,0.31706494036877325,False,1,False,0,rotator,0.2.0
1,230779494,15,120,12905,16.379527759552,,0.03494971159124498,False,0,False,0,variable,0.2.0
1,230837774,15,120,12867,2.1769027948379516,,0.02301788271964921,False,0,False,0,quiet,0.2.0
1,230837908,15,120,13190,0.49787571430206295,4.822993715334271,0.3806744862398418,False,0,False,0,rotator,0.2.0
1,232521983,15,120,15613,2.9607433319091796,,0.017938325601827704,False,0,False,0,quiet,0.2.0
1,232524080,15,120,17512,3.5638674269954134,,0.04588816287049069,False,0,False,0,quiet,0.2.0
1,232524082,15,120,17513,0.828997528553009,,0.008347939948323514,False,0,False,0,quiet,0.2.0
1,232524084,15,120,17511,0.3994317054748535,,0.003797071259415928,False,0,False,0,quiet,0.2.0
1,232524220,15,120,17517,0.949622368812561,,0.040822465176923416,False,0,False,0,quiet,0.2.0
1,232525763,15,120,15678,1.1016626894474029,,0.0054162930322789035,False,0,False,0,quiet,0.2.0
1,232535451,15,120,12238,3.70857315659523,8.138930443735504,0.5073930680835044,False,0,False,0,rotator,0.2.0
1,232536198,15,120,12973,0.9421993017196655,,0.0040866993867495335,False,0,False,0,quiet,0.2.0
1,232537363,15,120,12072,1.1711655037900506,,0.0333954010099825,False,0,False,0,quiet,0.2.0
1,232537907,15,120,13944,0.8160071125026278,5.425953970035617,0.20853288896037128,False,0,False,0,rotator,0.2.0
1,232539716,15,120,11981,2.0125348806381225,,0.009989143340095501,False,0,False,0,quiet,0.2.0
1,232540264,15,120,17282,0.5306609589255427,,0.011297698713612655,False,0,False,0,quiet,0.2.0
1,232540624,15,120,11900,0.9530687360126532,,0.027306799191264906,False,0,False,0,quiet,0.2.0
1,232541198,15,120,12304,10.079509159311925,5.599289504465787,0.859553948303304,False,0,False,0,rotator,0.2.0
1,232603580,15,120,15245,1.7088077187538147,,0.002042106799541601,False,0,False,0,quiet,0.2.0
1,232604922,15,120,15826,1.534719121456146,,0.0010542318498308844,False,0,False,0,quiet,0.2.0
1,232605303,15,120,16340,0.5842130193583358,,0.001440282128724575,False,0,False,0,quiet,0.2.0
1,232606786,15,120,16335,0.5326050639152526,,0.001515118946543929,False,0,False,0,quiet,0.2.0
1,232609445,15,120,15584,2.2387615538381604,,0.0029333181958431515,False,0,False,0,quiet,0.2.0
1,232609546,15,120,15821,2.5132384300231934,5.661808040058383,0.23266542903099213,False,0,False,0,rotator,0.2.0
1,232609730,15,120,16341,1.163300657272339,,0.0014994134684805979,False,0,False,0,quiet,0.2.0
1,232611139,15,120,15282,4.623598730564117,5.5318086312520744,0.3659069168857009,False,0,False,0,rotator,0.2.0
1,232611569,15,120,15317,1.8811289191246032,,0.002529165897747341,False,0,False,0,quiet,0.2.0
1,232613092,15,120,15799,2.8149330854415893,,0.03163278130988143,False,0,False,0,quiet,0.2.0
1,232615002,15,120,15645,0.993011963367462,,0.0020432667699793908,False,0,False,0,quiet,0.2.0
1,232617398,15,120,16304,2.0342736809605046,,0.00704169723205659,False,0,False,0,quiet,0.2.0
1,232620788,15,120,16338,0.346851646900177,,0.003912380807373321,False,0,False,0,quiet,0.2.0
1,232621059,15,120,16342,2.1944000244140622,,0.005673053073586428,False,0,False,0,quiet,0.2.0
1,232621823,15,120,16308,3.15913354280193,,0.001661342954149332,False,0,False,0,quiet,0.2.0
1,232622782,15,120,16327,2.8819174289703366,,0.0032844903787384535,False,0,False,0,quiet,0.2.0
1,232628419,15,120,16342,1.3243104778435684,,0.0015872829014919982,False,0,False,0,quiet,0.2.0
1,232629479,15,120,16337,0.5933151483535767,,0.007849158667135517,False,0,False,0,quiet,0.2.0
1,232634632,15,120,16342,4.000326204299927,6.200945415588313,0.4452859061937118,False,0,False,0,rotator,0.2.0
1,232639067,15,120,11087,5.434215331077575,,0.013382799796373895,False,0,False,0,variable,0.2.0
1,232640967,15,120,12220,11.81964298369628,,0.00368247169996425,False,0,False,0,variable,0.2.0
1,232643188,15,120,13231,0.9847935676574706,,0.001614016960031541,False,0,False,0,quiet,0.2.0
1,232645112,15,120,12237,9.180831706523895,,0.003480946417161071,False,0,False,0,variable,0.2.0
1,232650365,15,120,12980,4.383056139441017,,0.00650124874355887,False,0,False,0,quiet,0.2.0
1,232673365,15,120,11783,1.2107552647590636,,0.008710531325602443,False,0,False,0,quiet,0.2.0
1,232674668,15,120,11899,0.7527343511581421,,0.0034117804886439783,False,0,False,0,quiet,0.2.0
1,232676321,15,120,12103,5.654256248474121,,0.006265818630780096,False,0,False,0,variable,0.2.0
1,232676547,15,120,12958,0.799658739566803,,0.013031420103316019,False,0,False,0,quiet,0.2.0
1,232677093,15,120,12905,2.38174409866333,,0.0033114025457113127,False,0,False,0,quiet,0.2.0
1,232678357,15,120,13210,1.3791881918907165,,0.004271572063419543,False,0,False,0,quiet,0.2.0
1,232681375,15,120,11769,3.8991427302360533,,0.06754354261624536,False,0,False,0,quiet,0.2.0
1,232681393,15,120,13233,3.3597331881523127,0.9380002855047264,0.9318172398110499,False,0,False,0,rotator,0.2.0
1,232681995,15,120,10821,114.13814005851745,11.92430103421063,0.10027695913688059,False,0,False,0,rotator,0.2.0
1,232682547,15,120,10683,6.149304127693176,,0.026750312751921437,False,0,False,0,variable,0.2.0
1,232687623,15,120,13171,1.807251727581024,,0.010850518658212687,False,0,False,0,quiet,0.2.0
1,232712656,15,120,13178,36.14353441855517,,0.006887202637339484,False,0,False,0,variable,0.2.0
1,232759362,15,120,13193,6.942688608169555,,0.07057497291309876,False,7,False,0,flaring,0.2.0
1,232840629,15,120,13183,10.372057235240934,,0.001272813900945397,False,0,False,0,variable,0.2.0
1,232859412,15,120,13195,0.602417242527008,,0.017570325154766087,False,0,False,0,quiet,0.2.0
1,232895170,15,120,12980,8.295498648151714,,0.01774078405358817,False,0,True,10,dipper,0.2.0
1,232964488,15,120,15704,3.281172590325629,,0.009466827370824141,False,0,False,0,quiet,0.2.0
1,232965935,15,120,15640,1.535779559612274,,0.0038705781893024504,False,0,False,0,quiet,0.2.0
1,232967179,15,120,15668,4.196109723928861,,0.004283920463841673,False,0,False,0,quiet,0.2.0
1,232967521,15,120,15634,4.859855369929809,6.421862777800338,0.6979682662932932,False,1,False,0,rotator,0.2.0
1,232967538,15,120,15636,1.6776131129976177,,0.003093361455786844,False,0,False,0,quiet,0.2.0
1,232969102,15,120,15621,1.6309538841247557,,0.004191491206955651,False,0,False,0,quiet,0.2.0
1,232970131,15,120,15618,1.4995479226112365,,0.0065502772976782355,False,0,False,0,quiet,0.2.0
1,232970371,15,120,17510,0.6101937890052795,,0.02294988018823683,False,0,False,0,quiet,0.2.0
1,232970673,15,120,17505,0.5477163076400757,,0.0029669471963506585,False,0,False,0,quiet,0.2.0
1,232971196,15,120,15611,6.955060386657714,,0.06597061333330885,False,0,False,0,variable,0.2.0
1,232971281,15,120,15614,1.4598698616027832,,0.010997411458561172,False,0,False,0,quiet,0.2.0
1,232971294,15,120,17515,0.8387182116508484,,0.0033902031894733316,False,0,False,1,quiet,0.2.0
1,232972847,15,120,15367,1.2462799429893492,,0.0017121906149165228,False,0,False,0,quiet,0.2.0
1,232973020,15,120,17515,0.6367931127548218,,0.004153235238252386,False,0,False,0,quiet,0.2.0
1,232976812,15,120,15447,0.981877362728119,,0.0025483199316279985,False,0,False,0,quiet,0.2.0
1,232979046,15,120,15709,0.21005512475967406,,0.06760455539520469,False,0,False,0,quiet,0.2.0
1,232979974,15,120,14839,2.185209560394287,,0.0015407966610577765,False,0,False,0,quiet,0.2.0
1,232980902,15,120,14703,1.5261472463607786,,0.019409143788771212,False,0,False,0,quiet,0.2.0
1,232981185,15,120,15721,0.8200721740722655,,0.040405249670410384,False,0,False,0,quiet,0.2.0
1,232981773,15,120,14777,5.1149350762367245,,0.0014630295331850764,False,0,False,0,variable,0.2.0
1,232984664,15,120,14699,1.5895967960357666,,0.0009841434425908375,False,0,False,0,quiet,0.2.0
1,232984678,15,120,14709,1.7219748258590697,,0.0012292971629799146,False,0,False,0,quiet,0.2.0
1,233005115,15,120,14767,1.657641577720642,,0.0010139015247078572,False,0,False,0,quiet,0.2.0
1,233005149,15,120,14744,2.3442310988903046,,0.003364799741510522,False,0,False,0,quiet,0.2.0
1,233006417,15,120,16878,1.3485239355876406,,0.002702791403400923,False,0,False,0,quiet,0.2.0
1,233007430,15,120,17738,0.5202332854270935,2.2846331842836127,0.12674412437348545,False,0,False,0,rotator,0.2.0
1,233008894,15,120,16274,1.4961897792703043,,0.04261295272335673,False,0,False,0,quiet,0.2.0
1,233010606,15,120,17746,1.2039066734258337,,0.0042181458289367035,False,0,False,0,quiet,0.2.0
1,233011699,15,120,17730,7.574179755871884,3.176171312185039,0.16332272405191472,False,0,False,0,rotator,0.2.0
1,233045207,15,120,14726,1.2222874932799488,,0.0011438040452415377,False,0,False,0,quiet,0.2.0
1,233045220,15,120,16341,1.3176827788352965,,0.010182488213904904,False,0,False,0,quiet,0.2.0
1,233047683,15,120,14785,2.268807435035705,,0.013083766376168558,False,0,False,0,quiet,0.2.0
1,233047788,15,120,14772,1.510461688665252,,0.0015942480695764019,False,0,False,0,quiet,0.2.0
1,233048758,15,120,14716,2.5711206027531444,12.05620388619468,0.12218785527209175,False,0,False,0,rotator,0.2.0
1,233049646,15,120,14712,1.2916136356707324,,0.0019474241570593847,False,0,False,0,quiet,0.2.0
1,233050418,15,120,14750,1.2075298013547002,,0.0015867202069645306,False,0,False,0,quiet,0.2.0
1,233051005,15,120,16343,0.7315255880355834,5.919139707077699,0.27013263813023436,False,0,False,0,rotator,0.2.0
1,233052719,15,120,16324,0.6993589639663695,,0.014345047186834783,False,0,False,0,quiet,0.2.0
1,233053168,15,120,14708,16.418232773647738,,0.0029255300408231938,False,0,False,0,variable,0.2.0
1,233053492,15,120,14709,1.172756230831146,,0.002353829870916345,False,0,False,0,quiet,0.2.0
1,233055008,15,120,14721,2.063789391517639,,0.0037773967739223977,False,0,False,0,quiet,0.2.0
1,233055558,15,120,14938,3.3565074886973205,,0.007463899115308316,False,0,False,0,quiet,0.2.0
1,233056745,15,120,16342,0.7347069025039673,,0.023746915468356947,False,0,False,0,quiet,0.2.0
1,233057038,15,120,15049,0.9411388635635375,,0.0024043895752797933,False,0,False,0,quiet,0.2.0
1,233061961,15,120,14926,1.9799705332526405,,0.07211999552399606,False,0,False,0,quiet,0.2.0
1,233063825,15,120,14465,1.914179241657257,,0.3400423139501996,True,0,False,0,quiet,0.2.0
1,233067489,15,120,14427,3.0088165283203123,,0.008961040006867146,False,0,False,0,quiet,0.2.0
1,233069569,15,120,14691,1.2122575521469114,,0.0019687875447097053,False,0,False,0,quiet,0.2.0
1,233069727,15,120,14445,2.115220642089844,,0.09699563436864962,False,0,False,0,quiet,0.2.0
1,233070995,15,120,14741,1.5728065252304078,,0.0038869338711244395,False,0,False,0,quiet,0.2.0
1,233071436,15,120,16330,1.1860117784745559,8.681412780184246,0.14141380885829552,False,0,False,0,rotator,0.2.0
1,233071822,15,120,14404,1.41007341116448,,0.04372684546831291,False,0,False,0,quiet,0.2.0
1,233071860,15,120,14920,2.2872766647554434,,0.019496263801323632,False,0,False,0,quiet,0.2.0
1,233071926,15,120,14928,3.3671562552452086,5.425873152866955,0.4733285218184377,False,0,False,0,rotator,0.2.0
1,233071986,15,120,14927,1.5628207325935364,,0.00468728411015474,False,0,False,0,quiet,0.2.0
1,233073319,15,120,14757,52.82413609027863,,0.001434804680181081,False,0,False,0,variable,0.2.0
1,233074272,15,120,14461,4.667872023582458,,0.06633450810463258,False,4,False,0,flaring,0.2.0
1,233075235,15,120,16336,0.32493592500686647,,0.005101346803259441,False,0,False,0,quiet,0.2.0
1,233079919,15,120,14449,2.7070335030555723,4.753599748708166,0.1241582689365714,False,0,False,0,rotator,0.2.0
1,233080541,15,120,14444,9.440904445675146,0.3023742338993958,0.1791436592741559,False,1,False,0,rotator,0.2.0
1,233080633,15,120,15503,1.097376751899719,,0.002322778214440761,False,0,False,0,quiet,0.2.0
1,233086272,15,120,14687,4.598413324356079,,0.0046359920688377266,False,0,False,0,quiet,0.2.0
1,233086505,15,120,16340,1.5681229233741758,,0.017954594638206173,False,0,False,0,quiet,0.2.0
1,233087236,15,120,14973,2.70941948890686,3.720609625523821,0.4096887256429231,False,0,False,0,rotator,0.2.0
1,233088905,15,120,15111,2.2101298570632935,,0.007463476588106428,False,0,False,0,quiet,0.2.0
1,233093016,15,120,15127,15.744148564338683,,0.0043452954809164,False,0,False,0,variable,0.2.0
1,233093364,15,120,16341,0.7751802921295166,,0.003956312605220122,False,0,False,0,quiet,0.2.0
1,233094446,15,120,15071,53.27482230663299,,0.0026019604834314463,False,0,False,0,variable,0.2.0
1,233095596,15,120,14448,1.3996015429734263,,0.012436294883509924,False,0,False,0,quiet,0.2.0
1,233096878,15,120,14483,6.539722108840942,,0.0029602627144950486,False,0,False,0,variable,0.2.0
1,233121908,15,120,16342,1.0104649779061978,0.7484019228990744,0.19466459232867667,False,0,False,0,rotator,0.2.0
1,233124171,15,120,14966,4.756551022632389,,0.008405024092293465,False,0,False,0,quiet,0.2.0
1,233127429,15,120,16340,0.49036429197681813,,0.04697156401840006,False,0,False,0,quiet,0.2.0
1,233130512,15,120,15132,11.948796574735539,,0.005705590322273656,False,0,False,0,variable,0.2.0
1,233152526,15,120,16337,0.6144355416297912,,0.04212188681549034,False,0,False,0,quiet,0.2.0
1,233155572,15,120,15511,1.81114000082016,,0.010268058406404318,False,0,False,0,quiet,0.2.0
1,233157284,15,120,15099,1.8200653553009032,7.660091313152796,0.17888940772424516,False,0,False,0,rotator,0.2.0
1,233158000,15,120,14727,4.592404174804687,6.347202054883585,0.5038970931095251,False,0,False,0,rotator,0.2.0
1,233160651,15,120,15046,1.6971870839595795,,0.0038541450684069383,False,0,False,0,quiet,0.2.0
1,233161721,15,120,16276,1.7825081706047057,,0.006063733632400028,False,0,False,0,quiet,0.2.0
1,233162340,15,120,15235,2.0015770196914673,1.627783105073334,0.5658160760612694,False,0,False,0,rotator,0.2.0
1,233163055,15,120,12547,1.069275140762329,,0.01898229843596913,False,0,False,0,quiet,0.2.0
1,233163632,15,120,13239,15.573329651355742,0.3925746516775499,0.5590911896153302,False,2,False,0,rotator,0.2.0
1,233163844,15,120,12523,2.1611729621887203,,0.042472993237865006,False,0,False,0,quiet,0.2.0
1,233165743,15,120,15011,0.634407126903534,,0.03915799427306453,False,0,False,0,quiet,0.2.0
1,233165750,15,120,13252,2.1861816287040705,6.412407254758061,0.6003967724380821,False,0,False,0,rotator,0.2.0
1,233166284,15,120,13257,1.4345960855484008,,0.01332023204488114,False,0,False,0,quiet,0.2.0
1,233167260,15,120,13227,14.362751126289366,,0.0012908228716665437,False,0,False,0,variable,0.2.0
1,233168801,15,120,17512,1.746718434891654,,0.0031115290814650006,False,0,False,0,quiet,0.2.0
1,233170370,15,120,14844,1.4558047618982337,,0.0018076820885385054,False,0,False,0,quiet,0.2.0
1,233170489,15,120,16419,1.0083883166313172,,0.002459065716601053,False,0,False,0,quiet,0.2.0
1,233173442,15,120,14807,1.5774901270866393,,0.006313170342252733,False,0,False,0,quiet,0.2.0
1,233173498,15,120,14851,1.868492031097412,,0.005897021494211027,False,0,False,0,quiet,0.2.0
1,233176858,15,120,17507,0.6525229454040526,,0.049189550952353896,False,0,False,0,quiet,0.2.0
1,233177091,15,120,15722,0.9080885410308838,,0.002975297067210007,False,0,False,0,quiet,0.2.0
1,233178175,15,120,17747,0.7133213996887207,,0.0009213057243449198,False,0,False,0,quiet,0.2.0
1,233178719,15,120,17514,1.8207281291484831,0.41209645706311737,0.2429110193908423,False,0,False,0,rotator,0.2.0
1,233184434,15,120,12443,12.362322914600371,,0.02453971393135363,False,0,False,0,variable,0.2.0
1,233186749,15,120,13193,0.9957514286041259,,0.017715132067528838,False,0,False,0,quiet,0.2.0
1,233189161,15,120,17745,0.6720526814460753,,0.025125321502913543,False,0,False,0,quiet,0.2.0
1,233192384,15,120,12172,3.631249324604909,8.597226593925685,0.7303662607729529,False,0,False,0,rotator,0.2.0
1,233192698,15,120,12283,2.9040982604026793,,0.007176984042566532,False,0,False,0,quiet,0.2.0
1,233193964,15,120,17401,0.4112732648849487,14.469149169336283,0.12788024042838295,False,0,False,0,rotator,0.2.0
1,233195935,15,120,15306,1.7286909341812133,,0.00762209357139258,False,0,False,0,quiet,0.2.0
1,233197293,15,120,17397,0.5429443359375,,0.0025989008149670946,False,0,False,0,quiet,0.2.0
1,233197921,15,120,14972,27.434420432711864,,0.00456959608169309,False,0,False,0,variable,0.2.0
1,233198578,15,120,15189,10.275115513801573,,0.01571576545887651,False,0,False,0,variable,0.2.0
1,233199086,15,120,14923,1.7295746326446533,,0.011569163238360543,False,0,False,0,quiet,0.2.0
1,233200318,15,120,17398,0.9700358611366665,,0.004659707507413489,False,0,False,0,quiet,0.2.0
1,233201130,15,120,14970,2.9397113084793087,8.659238046184166,0.2896806022176522,False,1,False,0,rotator,0.2.0
1,233203884,15,120,17398,0.6747921466827392,,0.0010162391288012244,False,0,False,0,quiet,0.2.0
1,233205846,15,120,15138,4.2368039131164545,,0.0036200013828282984,False,0,False,0,quiet,0.2.0
1,233207239,15,120,15003,1.2166760444641114,,0.0030664819801583592,False,0,False,0,quiet,0.2.0
1,233208532,15,120,15275,1.4648185729980467,8.687043896879102,0.1475828900042657,False,0,False,0,rotator,0.2.0
1,233210225,15,120,15422,1.3329265376053292,,0.0023568465323325492,False,0,False,0,quiet,0.2.0
1,233211421,15,120,17389,0.5022942066192626,,0.058440538824433924,False,0,False,0,quiet,0.2.0
1,233212451,15,120,15579,6.384898138046265,,0.0008861322552450657,False,0,False,0,variable,0.2.0
1,233212727,15,120,16476,4.40373455286026,5.9192164995509575,0.634267715327357,False,0,False,0,rotator,0.2.0
1,233212839,15,120,15035,4.354335808753968,,0.010836374324747848,False,0,False,0,quiet,0.2.0
1,233233715,15,120,17395,0.7025402784347534,,0.011165606640424115,False,0,False,0,quiet,0.2.0
1,233233781,15,120,14846,2.2194971269219255,,0.0284659384269945,False,0,False,0,quiet,0.2.0
1,233234460,15,120,17398,0.7754012167453765,,0.00124475159413292,False,0,False,0,quiet,0.2.0
1,233238892,15,120,17393,0.6374117016792298,4.823068186857006,0.17667787263325946,False,0,False,0,rotator,0.2.0
1,233239670,15,120,13235,1.3232500791549682,,0.026611095546838638,False,0,False,0,quiet,0.2.0
1,233275816,15,120,13267,0.9084420204162597,,0.0021773097790241196,False,0,False,0,quiet,0.2.0
1,233299555,15,120,17611,0.6639226555824279,,0.03161596445300701,False,0,False,0,quiet,0.2.0
1,233317152,15,120,14380,1.3202454650328914,,0.029010759812592348,False,0,False,0,quiet,0.2.0
1,233340718,15,120,14671,1.235587191581726,14.469130539457005,0.10702312152801649,False,0,False,0,rotator,0.2.0
1,233342705,15,120,17612,0.9449829237168155,,0.04144371218512295,False,0,False,0,quiet,0.2.0
1,233345481,15,120,15265,4.168582391738891,,0.019606416022186112,False,0,False,0,quiet,0.2.0
1,233385809,15,120,14400,8.56988651842217,,0.004887583829836424,False,0,False,0,variable,0.2.0
1,233396272,15,120,14423,21.172531485557553,,0.06715334655333305,False,0,False,0,variable,0.2.0
1,233397211,15,120,14693,2.001930499076843,,0.026774314637025336,False,0,False,0,quiet,0.2.0
1,233397725,15,120,14952,15.711054056882858,2.959600242699878,0.7027875279390764,False,1,False,0,rotator,0.2.0
1,233400672,15,120,15030,1.6499974876643722,,0.0016925544295914566,False,0,False,0,quiet,0.2.0
1,233402514,15,120,14962,7.727236334301123,,0.02052141812732928,False,0,False,0,variable,0.2.0
1,233406112,15,120,14385,17.30193221569061,,0.005861475437443878,False,0,False,0,variable,0.2.0
1,233416514,15,120,17606,0.3681045949459075,,0.048183563899059596,False,0,False,0,quiet,0.2.0
1,233421863,15,120,16482,0.7816754991315453,,0.0147122241031416,False,0,False,0,quiet,0.2.0
1,233425938,15,120,15039,1.0699820995330809,,0.04711853000504561,False,0,False,0,quiet,0.2.0
1,233426186,15,120,17599,2.362391102313995,,0.04759843794708695,False,0,False,0,quiet,0.2.0
1,233462543,15,120,15717,0.5530184984207154,,0.071330013468761,False,0,False,0,quiet,0.2.0
1,233494956,15,120,17742,1.2345709383487702,1.1035943639047439,0.269922425444317,False,0,False,0,rotator,0.2.0
1,233497034,15,120,17746,1.0754168450832366,3.4269339164998027,0.23877096316307644,False,0,False,0,rotator,0.2.0
1,233498959,15,120,17746,1.7714619398117066,0.31839389914389665,0.14114729914950325,False,0,False,0,rotator,0.2.0
1,233499307,15,120,17746,0.9747194051742554,,0.09407074712773644,False,0,False,0,quiet,0.2.0
1,233499348,15,120,17613,1.0026442766189574,,0.03266337934397645,False,0,False,0,quiet,0.2.0
1,233499404,15,120,17725,17.519233667850493,,0.6666653667624454,True,0,False,0,variable,0.2.0
1,233499510,15,120,16440,3.0057236732758184,,0.001784261452194245,False,0,False,0,quiet,0.2.0
1,233499545,15,120,16481,1.1079811334609984,,0.002844553120163141,False,0,False,0,quiet,0.2.0
1,233500868,15,120,17746,0.9752938091754912,,0.004853717109143482,False,0,False,0,quiet,0.2.0
1,233501030,15,120,17747,2.635895776748657,10.017214256655857,0.10962610835268427,False,0,False,0,rotator,0.2.0
1,233504081,15,120,17747,1.5144824266433714,,0.0012618168910079586,False,0,False,0,quiet,0.2.0
1,233504337,15,120,17746,1.4108687397578734,,0.004219860642601867,False,0,False,0,quiet,0.2.0
1,233505016,15,120,15776,1.4729926959876598,,0.009098899053077009,False,0,False,0,quiet,0.2.0
1,233513447,15,120,13211,2.4013622045516967,,0.03512094850449314,False,0,False,0,quiet,0.2.0
1,233513583,15,120,13235,1.401369023323059,,0.0033087278286956508,False,0,False,0,quiet,0.2.0
1,233525119,15,120,17400,0.8621803801602013,,0.04670200203090973,False,0,False,0,quiet,0.2.0
1,233527444,15,120,11533,6.079138469696044,,0.006643730352470069,False,0,False,0,variable,0.2.0
1,233527651,15,120,11509,27.12494759559631,,0.006735229532585042,False,0,False,0,variable,0.2.0
1,233528306,15,120,11506,1.6289654654881078,,0.002959293224306174,False,0,False,0,quiet,0.2.0
1,233528503,15,120,11307,1.7195004701614378,,0.03723396257032305,False,0,False,0,quiet,0.2.0
1,233531143,15,120,14784,2.322624671459198,,0.0032180267946592058,False,0,False,0,quiet,0.2.0
1,233532220,15,120,11838,3.8431605471122428,0.851173744646128,0.33924799223803287,False,2,False,0,rotator,0.2.0
1,233536069,15,120,13236,0.5284074804661428,,0.005898161954974823,False,0,False,0,quiet,0.2.0
1,233538337,15,120,11807,1.5927781105041503,,0.05789403211424721,False,0,False,0,quiet,0.2.0
1,233539336,15,120,11756,0.8982794613158863,,0.007170473885433466,False,0,False,0,quiet,0.2.0
1,233539823,15,120,12894,0.8549782124174706,0.816492560828275,0.11134367841940594,False,0,False,0,rotator,0.2.0
1,233540482,15,120,11063,8.75568437576294,,0.010647777798324702,False,0,False,0,variable,0.2.0
1,233540578,15,120,11802,0.8260371633183111,,0.006423637969834802,False,0,False,0,quiet,0.2.0
1,233540897,15,120,11102,0.9677382161539261,,0.024645803756580813,False,0,False,0,quiet,0.2.0
1,233541069,15,120,11267,1.6672738909721374,,0.0067956066637423354,False,0,False,0,quiet,0.2.0
1,233542058,15,120,11577,1.0088301658630372,,0.019311561110411848,False,0,False,0,quiet,0.2.0
1,233542652,15,120,11995,6.580372238159179,,0.006262577676814964,False,0,False,0,variable,0.2.0
1,233542861,15,120,15256,2.1167669882317193,,0.004335605624153344,False,0,False,0,quiet,0.2.0
1,233571764,15,120,11115,2.6270587921142576,,0.060624225045169344,False,0,False,0,quiet,0.2.0
1,233574148,15,120,11076,1.7730966762842728,,0.020483449771457298,False,0,False,0,quiet,0.2.0
1,233574265,15,120,11274,3.93687677195301,,0.0667499248122064,False,0,False,0,quiet,0.2.0
1,233577023,15,120,11812,7.332576151711459,,0.007872755699880853,False,0,False,0,variable,0.2.0
1,233579776,15,120,13233,0.49619668722152704,,0.006371253155077034,False,0,False,0,quiet,0.2.0
1,233602827,15,120,11822,4.398962450058386,,0.013229900318765446,False,0,False,0,quiet,0.2.0
1,233606470,15,120,10679,2.0406364917755124,,0.004265938078385114,False,0,False,0,quiet,0.2.0
1,233608281,15,120,10783,2.505285143852234,,0.010515830977576185,False,0,False,0,quiet,0.2.0
1,233608669,15,120,10856,0.9271322981794058,,0.018281970542718268,False,0,False,0,quiet,0.2.0
1,233614230,15,120,10656,6.91661991576075,,0.04049907179783842,False,0,False,0,variable,0.2.0
1,233619068,15,120,10773,1.2795953750610352,,0.01661167483498378,False,0,False,0,quiet,0.2.0
1,233619795,15,120,10606,1.3476843015049607,,0.02157180500425479,False,0,False,0,quiet,0.2.0
1,233620265,15,120,10602,1.4406493770882671,,0.01122130912122603,False,0,False,0,quiet,0.2.0
1,233620756,15,120,10605,2.7223214864730836,,0.007737535852094354,False,0,False,0,quiet,0.2.0
1,233621588,15,120,10596,1.8214351964852329,,0.0057650349001794245,False,0,False,0,quiet,0.2.0
1,233621662,15,120,10622,1.5969756306119076,,0.009740134333297186,False,0,False,0,quiet,0.2.0
1,233624367,15,120,13320,0.4623510360717773,,0.012102090840648267,False,0,False,0,quiet,0.2.0
1,233624874,15,120,13290,1.4428587091821048,6.511118285319583,0.3915541259640248,False,3,False,0,flaring,0.2.0
1,233628132,15,120,10567,12.47022249698639,2.133328245437042,0.8425361156846698,False,0,False,0,rotator,0.2.0
1,233628400,15,120,10591,2.410641038417816,5.083985469217342,0.5193773032726856,False,0,False,0,rotator,0.2.0
1,233631155,15,120,11566,3.316652986903578,,0.028452399657288813,False,0,False,0,quiet,0.2.0
1,233631584,15,120,10863,3.16894268989563,,0.012688820429215994,False,0,False,0,quiet,0.2.0
1,233631664,15,120,13304,0.5335771322250367,,0.022205581525384627,False,0,False,0,quiet,0.2.0
1,233633619,15,120,10579,2.5422237396240233,,0.005098242819703441,False,0,False,0,quiet,0.2.0
1,233656965,15,120,15793,5.3387758970260615,,0.0018312894109347268,False,0,False,0,variable,0.2.0
1,233656978,15,120,15600,5.209667551517486,,0.0023400555133613566,False,0,False,0,variable,0.2.0
1,233657068,15,120,15773,3.4773534536361694,5.919155965237233,0.2114790286170995,False,0,False,0,rotator,0.2.0
1,233678984,15,120,16340,0.6120053526161505,,0.0015282535446674169,False,0,False,0,quiet,0.2.0
1,233680190,15,120,16336,0.4530722022056579,,0.023497281819346162,False,0,False,0,quiet,0.2.0
1,233680706,15,120,16324,0.8990748167037963,,0.0020532023910233214,False,0,False,0,quiet,0.2.0
1,233682614,15,120,15602,2.503606116771698,5.300064593969913,0.18852060596034448,False,0,False,0,rotator,0.2.0
1,233682966,15,120,15577,1.6138101339340207,,0.002342986824484541,False,0,False,0,quiet,0.2.0
1,233684403,15,120,16337,0.6477509737014769,2.3253789602903754,0.11091698971066008,False,0,False,0,rotator,0.2.0
1,233684754,15,120,15769,2.8408254504203794,,0.013382840385329999,False,0,False,0,quiet,0.2.0
1,233689607,15,120,14715,40.80654394626617,,0.0067440419404039015,False,0,False,0,variable,0.2.0
1,233692083,15,120,16336,0.5933593509602353,8.138835276583691,0.19973194821327317,False,0,False,0,rotator,0.2.0
1,233711735,15,120,15140,3.261112634009876,,0.004008894509658836,False,0,False,0,quiet,0.2.0
1,233712177,15,120,15033,3.3128971695899962,,0.0033822211401359228,False,0,False,0,quiet,0.2.0
1,233718119,15,120,16294,4.12209985256195,9.301525672331486,0.37585914191175596,False,0,False,0,rotator,0.2.0
1,233719052,15,120,13236,0.5508092522621155,,0.06305673335106103,False,0,False,0,quiet,0.2.0
1,233721425,15,120,17332,0.7239699661731719,5.008547257881228,0.16022782999678528,False,0,False,0,rotator,0.2.0
1,233722148,15,120,16341,0.7270187258720398,,0.0088569185337445,False,0,False,0,quiet,0.2.0
1,233723310,15,120,16342,0.6931730747222901,,0.0013442352859038055,False,0,False,0,quiet,0.2.0
1,233723825,15,120,12220,1.7439789175987241,,0.00960726632889001,False,0,False,0,quiet,0.2.0
1,233724046,15,120,12186,1.0121440652651805,,0.0037381706084576873,False,0,False,0,quiet,0.2.0
1,233725865,15,120,16331,1.101265025138855,,0.0049350182515889305,False,0,False,0,quiet,0.2.0
1,233725961,15,120,15064,11.998460429860963,,0.011622268801931722,False,0,False,0,variable,0.2.0
1,233726233,15,120,14966,2.227759508624106,,0.03206148504757451,False,0,False,0,quiet,0.2.0
1,233727940,15,120,14709,1.3269616127014159,,0.004589539570247941,False,0,False,0,quiet,0.2.0
1,233728330,15,120,16342,5.804750096797943,0.6712463959221676,0.6364799596027284,False,0,False,0,rotator,0.2.0
1,233731070,15,120,16343,12.43222346305847,0.5541346615631957,0.7348767332318358,False,0,False,0,rotator,0.2.0
1,233731144,15,120,15468,1.6253423504429354,,0.013708834408484376,False,0,False,0,quiet,0.2.0
1,233732694,15,120,17398,0.698828703234869,,0.0021068718993533316,False,0,False,0,quiet,0.2.0
1,233733505,15,120,16341,0.43389594554901123,,0.003253423492460946,False,0,False,0,quiet,0.2.0
1,233734641,15,120,12265,0.8966004610061644,,0.00199177139453366,False,0,False,0,quiet,0.2.0
1,233735301,15,120,11949,4.631375277042388,,0.005222976636435276,False,0,False,0,quiet,0.2.0
1,233736455,15,120,13233,0.5675111532211303,,0.029962202982457643,False,0,False,0,quiet,0.2.0
1,233739955,15,120,16343,0.799393630027771,,0.0030023347780190985,False,0,False,0,quiet,0.2.0
1,233743754,15,120,16336,0.7340441505326077,,0.01824106847461498,False,0,False,0,quiet,0.2.0
1,233743755,15,120,16336,1.202934569207864,,0.020152428329783985,False,0,False,0,quiet,0.2.0
1,233747127,15,120,11908,2.8027382137023333,,0.004804154864373368,False,0,False,0,quiet,0.2.0
1,233753493,15,120,17610,1.0465640902519224,7.234595430351381,0.28412192076103543,False,0,False,0,rotator,0.2.0
1,233760927,15,120,14444,1.6504836201667785,,0.00656661606374512,False,0,False,0,quiet,0.2.0
1,233761676,15,120,16568,0.9153348684310912,,0.010344232277026829,False,0,False,0,quiet,0.2.0
1,233788931,15,120,16595,0.9391947269439698,,0.01560414206075964,False,0,False,0,quiet,0.2.0
1,233789567,15,120,14492,4.351949822902679,,0.01216041038987713,False,0,False,0,quiet,0.2.0
1,233798897,15,120,17585,1.4980456352233886,0.5736681944985059,0.1225341092371653,False,0,False,0,rotator,0.2.0
1,233801268,15,120,17598,0.41507316827774043,,0.09641388736144557,False,0,False,0,quiet,0.2.0
1,233802088,15,120,14982,1.618670571963225,,0.020353127316517356,False,0,False,0,quiet,0.2.0
1,233825589,15,120,14951,13.20899441242218,,0.027240404799871522,False,0,False,0,variable,0.2.0
1,233825875,15,120,17607,2.3145830154418947,,0.01659093119604709,False,0,False,0,quiet,0.2.0
1,233827862,15,120,14505,1.8469297885894773,,0.06303319232709452,False,0,False,0,quiet,0.2.0
1,233827867,15,120,17615,1.5609649658203124,,0.01958668809608147,False,0,False,0,quiet,0.2.0
1,233829954,15,120,13258,1.2916136741638184,,0.028898913932953945,False,0,False,0,quiet,0.2.0
1,233835107,15,120,15023,1.0637962102890013,,0.0018618440118144354,False,0,False,0,quiet,0.2.0
1,233843978,15,120,15002,1.7977077841758726,,0.12036065235008972,True,0,False,0,quiet,0.2.0
1,233855387,15,120,14972,3.360926181077957,,0.004393957418870906,False,0,False,0,quiet,0.2.0
1,233861657,15,120,15070,2.631477206007325,4.3407512250255795,0.46593890571662644,False,0,False,0,rotator,0.2.0
1,233863576,15,120,14974,2.8068028922794523,,0.0019105849335698348,False,0,False,0,quiet,0.2.0
1,233890069,15,120,13319,0.8511783599853515,,0.0780774413623542,False,0,False,0,quiet,0.2.0
1,233901130,15,120,15020,1.7684131274100203,,0.002493848528232474,False,0,False,0,quiet,0.2.0
1,233901288,15,120,15043,1.431768250465393,,0.007326934626206996,False,0,False,0,quiet,0.2.0
1,233905810,15,120,14676,2.333052313327789,,0.05114898864325865,False,0,False,0,quiet,0.2.0
1,233936823,15,120,15043,4.163456940650939,,0.011351699989487042,False,0,False,0,quiet,0.2.0
1,233939851,15,120,17612,0.6491648912429809,,0.026368889932028315,False,0,False,0,quiet,0.2.0
1,233942570,15,120,15001,7.870395255088806,,0.042604418586548655,False,0,False,0,variable,0.2.0
1,233943677,15,120,14978,1.108643841228256,,0.003583919820455423,False,0,False,0,quiet,0.2.0
1,233951353,15,120,15053,0.8476435661315918,,0.003304569099670057,False,0,False,0,quiet,0.2.0
1,235672807,15,120,15891,1.477897310256958,,0.0024932564878753405,False,0,False,0,quiet,0.2.0
1,235673203,15,120,15715,1.3075202465057372,,0.003706679453866306,False,0,False,0,quiet,0.2.0
1,235677166,15,120,17371,2.7361955523490904,6.853931620137664,0.20280752178525369,False,0,False,0,rotator,0.2.0
1,235679295,15,120,15734,1.7237422227859496,,0.006531234198281973,False,0,False,0,quiet,0.2.0
1,235679672,15,120,17394,0.5454186916351319,,0.009275956303062985,False,0,False,0,quiet,0.2.0
1,235683964,15,120,16416,2.5555233253382643,,0.0020133398589534395,False,0,False,0,quiet,0.2.0
1,235684649,15,120,17399,0.5896036148071289,,0.0038438778194799916,False,0,False,0,quiet,0.2.0
1,235685589,15,120,16999,3.437940502166748,,0.030452947794267708,False,0,False,0,quiet,0.2.0
1,235709086,15,120,17399,1.6638274669647215,,0.050382431324913254,False,0,False,0,quiet,0.2.0
1,235711847,15,120,17747,1.3898809432983399,,0.005075705386613203,False,0,False,0,quiet,0.2.0
1,235714568,15,120,17741,0.6311374425888061,,0.056517108693906144,False,0,False,0,quiet,0.2.0
1,235717587,15,120,17747,2.401008725166321,,0.006489542386711202,False,0,False,0,quiet,0.2.0
1,236046394,15,120,13212,20.54563640790094,1.4940386728360204,0.30593179883763877,False,0,True,12,dipper,0.2.0
1,236100372,15,120,13135,4.7051640987396235,,0.008698010545710622,False,0,False,0,quiet,0.2.0
1,236101330,15,120,13210,0.5612810623263995,,0.007820262564734237,False,0,False,0,quiet,0.2.0
1,236213037,15,120,12931,4.7051640987396235,,0.003436232570137787,False,0,False,0,quiet,0.2.0
1,236222910,15,120,12977,30.675117802619933,,0.03349249075647707,False,1,False,0,variable,0.2.0
1,236447130,15,120,12948,6.612450098249309,,0.0031144584638800724,False,0,False,0,variable,0.2.0
1,236490739,15,120,12973,2.4552678108215327,,0.02183084438411466,False,0,False,0,quiet,0.2.0
1,236523281,15,120,12895,34.59626462459564,,0.0057717881792741085,False,0,False,0,variable,0.2.0
1,236527733,15,120,13195,1.7495462179183958,7.660077026356342,0.48458119797535854,False,0,False,0,rotator,0.2.0
1,236541706,15,120,13208,0.45934647498567327,,0.006346161758033349,False,0,False,0,quiet,0.2.0
1,236628322,15,120,12950,1.3840043485164644,,0.0029525591451294605,False,0,False,0,quiet,0.2.0
1,236629434,15,120,13151,1.0961395740509032,,0.2005308627805786,True,0,False,0,quiet,0.2.0
1,236648907,15,120,13367,0.5519580602645874,,0.022392875183256927,False,0,False,0,quiet,0.2.0
1,236649353,15,120,13365,0.5356980085372924,,0.02454500309825991,False,0,False,0,quiet,0.2.0
1,236649631,15,120,12729,1.1790304899215698,,0.002793170821810364,False,0,False,0,quiet,0.2.0
1,236654488,15,120,13259,2.9618037700653073,,0.005864450301568209,False,0,False,0,quiet,0.2.0
1,236671835,15,120,13368,3.135627257823944,10.01724245907352,0.5625146697780847,False,0,False,0,rotator,0.2.0
1,236676968,15,120,12285,1.1536683440208433,,0.08393137353517179,False,0,False,0,quiet,0.2.0
1,236711782,15,120,13607,4.795124602317809,,0.007811718876777101,False,0,False,0,quiet,0.2.0
1,236713189,15,120,14769,5.476456117630005,,0.0012142837897343777,False,0,False,0,variable,0.2.0
1,236713353,15,120,14713,11.094392359256744,,0.00788392562131208,False,0,False,0,variable,0.2.0
1,236757919,15,120,15491,7.433141255378723,1.5320352317975956,0.5106367367009138,False,0,False,0,rotator,0.2.0
1,236758438,15,120,14757,4.61370130777359,,0.00995534703087499,False,0,False,0,quiet,0.2.0
1,236758897,15,120,15283,0.8946563243865967,,0.009220643925608235,False,0,False,0,quiet,0.2.0
1,236763662,15,120,14231,2.0281763434410096,,0.03807266207477694,False,0,False,0,quiet,0.2.0
1,236764598,15,120,17398,0.4340285003185272,,0.008218550291251037,False,0,False,0,quiet,0.2.0
1,236766076,15,120,17400,0.8295276981873692,,0.012800842777207522,False,0,False,0,quiet,0.2.0
1,236767740,15,120,14735,6.107416820526123,,0.005680202040239055,False,0,False,0,variable,0.2.0
1,236770234,15,120,14714,1.0391409612213993,,0.0098191884906883,False,0,False,0,quiet,0.2.0
1,236775984,15,120,13215,0.6818617343902588,,0.01213560099722606,False,0,False,0,quiet,0.2.0
1,236777782,15,120,10815,0.9779007196426391,,0.007490469496773233,False,0,False,0,quiet,0.2.0
1,236778355,15,120,10793,6.678374397754668,2.1881938223610375,0.7855307124881574,False,0,False,0,rotator,0.2.0
1,236778973,15,120,11815,1.1369664430618287,,0.0063529924784987216,False,0,False,0,quiet,0.2.0
1,236780068,15,120,12531,2.066263747215271,,0.04599612283895548,False,0,False,0,quiet,0.2.0
1,236780580,15,120,13231,0.40888727903366084,,0.0014373862998434705,False,0,False,0,quiet,0.2.0
1,236780802,15,120,13235,0.7204793572425842,,0.0011934935400280296,False,0,False,0,quiet,0.2.0
1,236781273,15,120,13233,0.7461949825286865,,0.07409622879606935,False,0,False,0,quiet,0.2.0
1,236783276,15,120,12745,6.285393691062927,,0.0019501120177743713,False,0,False,0,variable,0.2.0
1,236783912,15,120,12221,3.0073142409324647,,0.0012557124547427057,False,0,False,0,quiet,0.2.0
1,236785732,15,120,10779,2.3161736726760864,,0.0074501416090735385,False,0,False,0,quiet,0.2.0
1,236788256,15,120,12900,1.086197966337204,,0.004621389499673884,False,0,False,0,quiet,0.2.0
1,236789222,15,120,13235,1.5173102617263794,,0.0016464739051688508,False,0,False,0,quiet,0.2.0
1,236815076,15,120,10620,1.1688679924269911,,0.01265516995780387,False,0,False,0,quiet,0.2.0
1,236815239,15,120,10866,1.0292877546165062,5.654941838794827,0.21933580768408215,False,0,False,0,rotator,0.2.0
1,236818058,15,120,13234,0.9272647976875305,,0.03898912380220432,False,0,False,0,quiet,0.2.0
1,236863896,15,120,13322,1.3125131037082343,,0.0028068012668372826,False,0,False,0,quiet,0.2.0
1,236876439,15,120,13300,19.053996406376466,18.603384473717107,0.44444396310223566,False,0,False,0,rotator,0.2.0
1,236882599,15,120,13264,1.279727929830551,2.7129836940206786,0.38936625593940455,False,0,False,0,rotator,0.2.0
1,236889115,15,120,13318,0.32391966212035234,,0.011150535062092846,False,0,False,0,quiet,0.2.0
1,236896147,15,120,13320,4.9237025820105496,3.720665233620204,0.709716552955221,False,1,False,0,rotator,0.2.0
1,236900066,15,120,13316,0.44485380649566647,,0.0024013424722473886,False,0,False,0,quiet,0.2.0
1,236901679,15,120,13306,21.885587775707243,0.8566907287744873,0.8577090418605678,False,0,False,0,rotator,0.2.0
1,236903940,15,120,13320,56.824462294578545,,0.030883191804299933,False,0,False,0,variable,0.2.0
1,236904794,15,120,13321,0.9604034900665283,,0.11999895521927438,True,0,False,0,quiet,0.2.0
1,236934929,15,120,13320,4.957857526604607,,0.012858726532583424,False,0,False,0,quiet,0.2.0
1,236934937,15,120,13321,4.060594439506531,,0.01251323677854325,False,0,False,0,quiet,0.2.0
1,236968730,15,120,13320,2.077398347854614,0.7275074779523028,0.5597245819459729,False,0,False,0,rotator,0.2.0
1,236969548,15,120,13322,2.3053925514221194,3.720684307106532,0.5236099590560341,False,0,False,0,rotator,0.2.0
1,236973792,15,120,13320,1.8026123643699994,,0.021863660754351533,False,0,False,0,quiet,0.2.0
1,236979494,15,120,13322,1.2306826284324337,,0.004350439250829889,False,0,False,0,quiet,0.2.0
1,236981780,15,120,13312,2.6858247399330137,10.01667653211213,0.5152690408606191,False,0,False,0,rotator,0.2.0
1,237002366,15,120,13315,0.48762481212615966,,0.0055652396742292285,False,0,False,0,quiet,0.2.0
1,237006522,15,120,13313,0.5486883759498595,,0.00956851085586145,False,0,False,0,quiet,0.2.0
1,237009434,15,120,13320,1.278755747191094,3.028458041746495,0.454404169959976,False,0,False,0,rotator,0.2.0
1,237012889,15,120,13321,6.471500587463379,,0.007989317894481995,False,0,False,0,variable,0.2.0
1,237068792,15,120,13322,1.5193869078342046,,0.007353177064336144,False,0,False,0,quiet,0.2.0
1,237077947,15,120,13318,1.7336838304996491,,0.07425152729610524,False,0,False,0,quiet,0.2.0
1,237087325,15,120,13317,0.3989014863967896,,0.011452503277560089,False,0,False,0,quiet,0.2.0
1,237096789,15,120,14145,6.2658639550209045,,0.0020198335735450556,False,0,False,0,variable,0.2.0
1,237097189,15,120,14129,2.352405309677124,,0.08379543386985354,False,0,False,0,quiet,0.2.0
1,237099895,15,120,14178,4.634644961357116,,0.007949002022970273,False,0,False,0,quiet,0.2.0
1,237101210,15,120,14928,2.117562569234524,5.661863823534718,0.3362106563788663,False,0,False,0,rotator,0.2.0
1,237102071,15,120,14201,7.575416707992553,,0.0028965101440375355,False,0,False,0,variable,0.2.0
1,237102360,15,120,14419,1.7379697680473325,,0.002479166955338844,False,0,False,0,quiet,0.2.0
1,237102376,15,120,14418,1.9979979813695556,,0.003999520138901856,False,0,False,0,quiet,0.2.0
1,237102498,15,120,14412,1.5758553788575755,,0.07010154779632385,False,0,False,0,quiet,0.2.0
1,237104188,15,120,16618,0.8578060984611511,,0.0024463252088074198,False,0,False,0,quiet,0.2.0
1,237105264,15,120,17747,0.7151771664619445,,0.003976598296265894,False,0,False,0,quiet,0.2.0
1,237108118,15,120,17746,0.9846167692770499,,0.006383872965151137,False,0,False,0,quiet,0.2.0
1,237108272,15,120,17748,0.7464159071445465,,0.0019977466337233545,False,0,False,0,quiet,0.2.0
1,237108348,15,120,17746,2.6730994820594787,,0.0026140935203456585,False,0,False,0,quiet,0.2.0
1,237116740,15,120,16343,1.1938766241073608,,0.006123519569026461,False,0,False,0,quiet,0.2.0
1,237117314,15,120,16342,0.7712920188903808,7.234442842602233,0.11366055001684737,False,0,False,0,rotator,0.2.0
1,237127847,15,120,13234,0.909944334922562,,0.018505826223318804,False,0,False,0,quiet,0.2.0
1,237197236,15,120,17397,1.309199273586273,,0.014430153243633816,False,0,False,0,quiet,0.2.0
1,237197656,15,120,15669,2.4920296669006348,9.394910163693236,0.12885541307775944,False,0,False,0,rotator,0.2.0
1,237198326,15,120,15899,1.5114778518676757,,0.004558113458264034,False,0,False,0,quiet,0.2.0
1,237201297,15,120,16568,1.2339965711234977,10.017261735101172,0.10548755134245567,False,0,False,0,rotator,0.2.0
1,237201691,15,120,15595,1.2703165411949158,,0.06977736730242216,False,0,False,0,quiet,0.2.0
1,237202042,15,120,15612,1.0823538780212403,,0.008376759095866165,False,0,False,0,quiet,0.2.0
1,237202269,15,120,15054,3.690236303501239,,0.006292571923951464,False,0,False,0,quiet,0.2.0
1,237202918,15,120,17390,1.0765656851698662,,0.008752278113205652,False,0,False,0,quiet,0.2.0
1,237206654,15,120,15658,1.83787193411207,15.267613972799268,0.29493700024755964,False,0,False,0,rotator,0.2.0
1,237211728,15,120,15678,1.1274666509787243,,0.002195657547412822,False,0,False,0,quiet,0.2.0
1,237213364,15,120,15660,1.5726740173302298,,0.008158727158838556,False,0,False,0,quiet,0.2.0
1,237217129,15,120,17399,1.0326900243759156,,0.09319514200153313,False,0,False,0,quiet,0.2.0
1,237218644,15,120,17398,0.5245633766315354,3.830127398602553,0.1487667288585703,False,0,False,0,rotator,0.2.0
1,237230985,15,120,17397,2.2406174540519714,,0.0008784457070804151,False,0,False,0,quiet,0.2.0
1,237237147,15,120,17400,9.602929991396367,,0.001705760780485475,False,0,False,0,variable,0.2.0
1,237255067,15,120,17400,0.8259045593170952,,0.009634048690139662,False,0,False,0,quiet,0.2.0
1,237277760,15,120,17134,1.2705816128676648,1.6912294563536612,0.17937829581768897,False,0,True,12,dipper,0.2.0
1,237303531,15,120,12865,4.393395280838012,0.824162666433221,0.5401707376092602,False,0,False,0,rotator,0.2.0
1,239233619,15,120,15069,3.5681976556777952,,0.0015441341312897037,False,0,False,0,quiet,0.2.0
1,239262664,15,120,15124,14.459649093736681,2.034694458731625,0.21711595451537782,False,0,False,0,rotator,0.2.0
1,239290461,15,120,15118,29.4663941661598,0.4399348498686293,0.9384444918220994,False,0,False,0,rotator,0.2.0
1,239293217,15,120,15124,4.952201709020036,,0.004491825237123548,False,0,False,0,quiet,0.2.0
1,239293516,15,120,15118,0.436635410785675,,0.005881171414064419,False,0,False,0,quiet,0.2.0
1,239308404,15,120,15108,4.178656305154782,,0.002188610301637828,False,0,False,0,quiet,0.2.0
1,239323867,15,120,12501,29.67742223739624,,0.011904467667422333,False,0,False,0,variable,0.2.0
1,239362585,15,120,12856,2.922744385085833,,0.00035213618372154993,False,0,False,0,quiet,0.2.0
1,239366978,15,120,11769,42.365564775466915,1.3129943499846841,0.2538447153718463,False,0,False,0,rotator,0.2.0
1,239386809,15,120,12621,0.46199755668640136,4.340744614032284,0.40388756893730765,False,6,False,0,flaring,0.2.0
1,239403931,15,120,12639,0.6810664057731628,6.51118095273506,0.3492472711123043,False,0,False,0,rotator,0.2.0
1,239415090,15,120,12366,3.084461300638991,,0.012618389993952086,False,0,False,0,quiet,0.2.0
1,239567270,15,120,13174,0.8115886688232421,,0.024885271699070417,False,0,False,0,quiet,0.2.0
1,239571727,15,120,12576,1.270007246732712,,0.029893734642193887,False,0,False,0,quiet,0.2.0
1,239593390,15,120,13364,1.023013556689428,1.122606386261366,0.14146268158048286,False,0,False,0,rotator,0.2.0
1,239622721,15,120,13365,1.959866452217102,14.469267345181153,0.3201278787140632,False,0,False,0,rotator,0.2.0
1,239631360,15,120,13270,0.8045190571391863,,0.00876780904413019,False,0,False,0,quiet,0.2.0
1,240177177,15,120,14192,1.1578659462292773,,0.0030889293678963187,False,0,False,0,quiet,0.2.0
1,240178198,15,120,14192,49.76583393114309,0.6932012113000008,0.9130071994545365,False,0,False,0,rotator,0.2.0
1,240442497,15,120,12624,6.483960349323729,,0.005740055848000113,False,0,False,0,variable,0.2.0
1,240446974,15,120,12562,34.50484293357942,,0.016582456222722256,False,0,False,0,variable,0.2.0
1,240454319,15,120,12611,13.885642325878143,,0.04360782260020685,False,0,False,0,variable,0.2.0
1,243274392,15,120,13235,1.2035973072052002,,0.0014855382801747434,False,0,False,0,quiet,0.2.0
1,243277123,15,120,12051,1.3087574243545532,,0.05009932832752201,False,0,False,0,quiet,0.2.0
1,243278844,15,120,12011,2.047352600097656,2.227214104232485,0.4248447140041605,False,0,False,0,rotator,0.2.0
1,243284423,15,120,13236,1.6203052210625875,,0.007723158665972874,False,0,False,0,quiet,0.2.0
1,243284447,15,120,13223,0.3813158869743347,,0.07633800299746404,False,0,False,0,quiet,0.2.0
1,243296988,15,120,11890,0.8725196258712037,,0.0034446828809132453,False,0,False,0,quiet,0.2.0
1,243297900,15,120,12283,0.8460529088973998,,0.015217210532440618,False,0,False,0,quiet,0.2.0
1,243298663,15,120,12277,1.3047807812690735,,0.003450141067740816,False,0,False,0,quiet,0.2.0
1,243303919,15,120,13236,0.6452324330806731,,0.0011700616245554321,False,0,False,0,quiet,0.2.0
1,243315719,15,120,13232,0.6207981705665588,0.3833047284790858,0.24026709803483567,False,0,False,0,rotator,0.2.0
1,243316031,15,120,13226,0.38997613191604613,,0.0022060197232247904,False,0,False,0,quiet,0.2.0
1,243318316,15,120,13234,0.5204100251197815,,0.007451440543661434,False,0,False,0,quiet,0.2.0
1,243320283,15,120,13233,2.061845254898071,,0.014043695593371989,False,0,False,0,quiet,0.2.0
1,243332185,15,120,13234,1.0999395430052006,,0.07409892108739108,False,0,False,1,quiet,0.2.0
1,243334392,15,120,12956,10.046679760416737,,0.003487224161002748,False,0,False,0,variable,0.2.0
1,243336701,15,120,13226,1.0930465642782112,2.2187441560657817,0.22485369008614906,False,0,False,0,rotator,0.2.0
1,243337196,15,120,12762,1.946610859238454,,0.018568676504595275,False,0,False,0,quiet,0.2.0
1,243351811,15,120,13231,0.4413190126419067,,0.022181851445767058,False,0,False,0,quiet,0.2.0
1,243353559,15,120,13227,1.070512318611145,2.4547779358921944,0.2366160113135266,False,22,False,0,flaring,0.2.0
1,243354593,15,120,12185,9.824959516525269,,0.02908639922307619,False,1,False,0,variable,0.2.0
1,243355917,15,120,12488,3.6714580399667045,,0.007954636975302368,False,0,False,0,quiet,0.2.0
1,243366481,15,120,13222,1.5402864217758176,,0.0015237865767195862,False,0,False,0,quiet,0.2.0
1,243368138,15,120,13233,1.4252288818359373,,0.014162274442269864,False,0,False,0,quiet,0.2.0
1,243400994,15,120,12924,9.480759247564054,0.30547583257552474,0.4945704354508149,False,2,False,0,rotator,0.2.0
1,243441917,15,120,13192,0.7577713872330554,5.425819992977428,0.39329394258357747,False,0,False,0,rotator,0.2.0
1,243485605,15,120,12981,4.225050723552704,,0.04807957298296555,False,0,False,0,quiet,0.2.0
1,243541758,15,120,12916,6.797496545464005,,0.0030929946943608444,False,0,False,0,variable,0.2.0
1,243542105,15,120,12699,4.033199787139893,,0.010527813112800167,False,0,False,0,quiet,0.2.0
1,243591695,15,120,12962,1.1348897178503954,,0.0343227384786508,False,0,False,0,quiet,0.2.0
1,243593557,15,120,12721,3.679013442993164,,0.013604116602687125,False,0,False,0,quiet,0.2.0
1,247202807,15,120,12699,0.8303230762481689,,0.0037833010550655075,False,0,False,0,quiet,0.2.0
1,247204978,15,120,12683,1.0263273954391479,,0.03095388614312872,False,0,False,0,quiet,0.2.0
1,247242502,15,120,12784,1.853911006450653,,0.005049565460950786,False,0,False,0,quiet,0.2.0
1,247281651,15,120,12492,1.0782888008183955,,0.005861959302870778,False,0,False,0,quiet,0.2.0
1,247292169,15,120,12525,1.8787429332733152,,0.012112499624842371,False,0,False,0,quiet,0.2.0
1,247296496,15,120,13189,0.39342255592346187,,0.005962385751530187,False,0,False,0,quiet,0.2.0
1,247317885,15,120,12509,3.0039561867713926,2.0033924148765614,0.10736159145302125,False,0,True,5,dipper,0.2.0
1,247325646,15,120,13167,0.8562154412269591,,0.0077831684399897105,False,0,False,0,quiet,0.2.0
1,247364215,15,120,13197,0.25812832117080686,,0.008027753696960144,False,0,False,0,quiet,0.2.0
1,248024345,15,120,12726,1.0239413790720289,,0.008102988275564812,False,0,False,0,quiet,0.2.0
1,248045746,15,120,13363,0.9621708869934081,1.152411853481892,0.14962254676018252,False,0,False,0,rotator,0.2.0
1,248046660,15,120,13366,0.37919503326386406,6.511131266850327,0.30166941191144786,False,0,False,0,rotator,0.2.0
1,25264780,15,120,13196,0.39342255592346187,,0.03966965724071503,False,0,False,0,quiet,0.2.0
1,25266623,15,120,12283,6.048297393321991,0.5860592994313932,0.16880253598777367,False,5,False,0,flaring,0.2.0
1,25342644,15,120,12644,4.073496437072754,5.425887690815378,0.3124126405161429,False,2,False,0,rotator,0.2.0
1,25402843,15,120,12461,12.12116160392761,,0.00791801002586374,False,0,False,0,variable,0.2.0
1,25404291,15,120,12221,1.052131390571594,,0.005112067056231195,False,0,False,0,quiet,0.2.0
1,25407626,15,120,12469,1.6093032717704774,,0.0029188487380572927,False,0,False,0,quiet,0.2.0
1,25485829,15,120,13199,1.1388222098350524,,0.007033867332762433,False,0,False,0,quiet,0.2.0
1,255864249,15,120,13322,1.98226814918911,,0.0035138160279957176,False,0,False,0,quiet,0.2.0
1,255865305,15,120,13322,0.7513204336166381,,0.006797458866552272,False,0,False,0,quiet,0.2.0
1,255920067,15,120,13320,0.6712573528289795,,0.025645335535499077,False,0,False,0,quiet,0.2.0
1,255993777,15,120,13315,1.4565118074417114,0.30858867112293586,0.5942981149901264,False,0,False,1,rotator,0.2.0
1,255995475,15,120,13322,1.1132391061413554,,0.009177479818426091,False,0,False,0,quiet,0.2.0
1,256185851,15,120,14638,4.214004492759704,,0.002747727748966361,False,0,False,0,quiet,0.2.0
1,256298025,15,120,17392,0.3688557606253481,2.067038198277653,0.22339868702386242,False,0,False,0,rotator,0.2.0
1,256299955,15,120,17395,0.7339115738868712,,0.000893047724365709,False,0,False,0,quiet,0.2.0
1,256323402,15,120,13320,0.6415650844573975,,0.00789729353463805,False,0,False,0,quiet,0.2.0
1,256324377,15,120,12359,1.1442127704620362,,0.023573790314712705,False,0,False,0,quiet,0.2.0
1,25634943,15,120,13198,0.7476972253503068,,0.003043362592650275,False,0,False,0,quiet,0.2.0
1,256371690,15,120,12500,0.9876655287941974,,0.029125743000925297,False,0,False,0,quiet,0.2.0
1,256378205,15,120,12321,0.9116233348846435,,0.006776554614686426,False,0,False,0,quiet,0.2.0
1,256379705,15,120,13320,0.5169636011123657,2.504296250197867,0.1642131507401827,False,0,False,0,rotator,0.2.0
1,256452595,15,120,13297,4.029134774208068,14.46843053260611,0.8601755424718849,False,0,False,0,rotator,0.2.0
1,256454165,15,120,13271,0.9321251392364501,4.2007372939463785,0.14425053408943267,False,0,False,0,rotator,0.2.0
1,256508766,15,120,12500,1.1837583119797204,,0.004120820263964809,False,0,False,0,quiet,0.2.0
1,256562504,15,120,12915,1.854529595375061,,0.0038172896095996804,False,0,False,0,quiet,0.2.0
1,256623308,15,120,13301,0.9125070333480835,,0.018452126432486598,False,0,False,0,quiet,0.2.0
1,256624190,15,120,13302,1.3491424039261817,7.23423635270731,0.5476555068667249,False,0,False,0,rotator,0.2.0
1,256660138,15,120,12950,23.642468690872192,,0.010075248900396246,False,0,False,0,variable,0.2.0
1,256745630,15,120,13321,1.068479812145233,4.823086972608852,0.30521833962282735,False,0,False,0,rotator,0.2.0
1,25676144,15,120,13196,1.219503952235219,3.946113241072349,0.332014523335158,False,0,False,0,rotator,0.2.0
1,256782657,15,120,12266,1.9339739719644802,5.00861862093805,0.2552762910124737,False,0,False,0,rotator,0.2.0
1,256783784,15,120,12312,0.9474131226539612,6.201148375643774,0.1215371533760436,False,0,False,0,rotator,0.2.0
1,256800722,15,120,13299,1.8743244409561157,,0.04281399469653312,False,0,False,0,quiet,0.2.0
1,256801656,15,120,13315,0.3723905324935913,,0.07698315008961343,False,0,False,0,quiet,0.2.0
1,256801949,15,120,13321,1.9240766644477845,,0.00566385039784105,False,0,False,0,quiet,0.2.0
1,256805270,15,120,12527,1.266516637802124,,0.03374034373527898,False,0,False,0,quiet,0.2.0
1,256869577,15,120,13316,0.7126586046022593,,0.003414215749941616,False,0,False,0,quiet,0.2.0
1,256886630,15,120,12636,0.4610254883766174,,0.007193126711801017,False,0,False,0,quiet,0.2.0
1,256887185,15,120,12430,0.7864916324615479,,0.0022839713213624194,False,0,False,0,quiet,0.2.0
1,256929294,15,120,13322,1.1552590012550354,,0.018226955414469375,False,0,False,0,quiet,0.2.0
1,256929683,15,120,13322,5.120944378404151,,0.0036458431629468302,False,0,False,0,variable,0.2.0
1,256975450,15,120,13322,4.062317651510238,6.201106551942639,0.1741825713308042,False,0,False,0,rotator,0.2.0
1,256976046,15,120,13322,1.56489742398262,,0.009163422309620865,False,0,False,0,quiet,0.2.0
1,256976364,15,120,13320,0.7963448703289032,,0.007397391882736785,False,0,False,0,quiet,0.2.0
1,256976379,15,120,13321,2.3043321132659913,,0.0019302723338274776,False,0,False,0,quiet,0.2.0
1,256977031,15,120,13315,0.6458068370819092,,0.03839747460121771,False,0,False,0,quiet,0.2.0
1,257001617,15,120,13591,5.329585433006287,,0.03863066484836034,False,0,False,0,variable,0.2.0
1,257002431,15,120,17627,4.742456173896789,9.301739855880719,0.39489213814887236,False,0,False,0,rotator,0.2.0
1,257022808,15,120,16530,1.9907517728433537,,0.0028976653782803877,False,0,False,0,quiet,0.2.0
1,257024909,15,120,17746,0.5697203993797302,,0.0019659423650444066,False,0,False,0,quiet,0.2.0
1,257047713,15,120,16595,0.9613755583763122,,0.013037758002755735,False,0,False,0,quiet,0.2.0
1,257048618,15,120,17746,0.9426410947655979,,0.01572030958791,False,0,False,0,quiet,0.2.0
1,257050114,15,120,12129,1.0790841937065123,,0.0022672701200012425,False,0,False,0,quiet,0.2.0
1,257052103,15,120,12248,34.24799906015396,,0.06809554096755749,False,0,False,0,variable,0.2.0
1,257059194,15,120,12599,5.597346067428588,,0.058669657441334636,False,0,False,0,variable,0.2.0
1,257060367,15,120,12248,100.92525737285614,0.2630651618104352,0.9250031479663705,False,0,False,0,rotator,0.2.0
1,257062199,15,120,17747,73.55941357612609,,0.008628540582501768,False,0,False,0,variable,0.2.0
1,257080622,15,120,17748,3.2931904975658353,,0.003060731283803928,False,0,False,0,quiet,0.2.0
1,257080896,15,120,17605,1.549830365180969,,0.004982209112112994,False,0,False,0,quiet,0.2.0
1,257180860,15,120,13364,0.7635155179211806,,0.06295870870537151,False,0,False,0,quiet,0.2.0
1,257451752,15,120,13198,0.8039888620376586,,0.004372818873045568,False,0,False,0,quiet,0.2.0
1,258354083,15,120,11896,2.358635313551565,5.661889219499216,0.18331704016742364,False,0,False,0,rotator,0.2.0
1,258388363,15,120,13322,9.104392060768367,0.19820975165578994,0.3077118940375368,False,0,False,0,rotator,0.2.0
1,258388931,15,120,13277,14.052307856082914,,0.006264916141321849,False,0,False,0,variable,0.2.0
1,258460726,15,120,13302,4.402497375011444,,0.03652991058818847,False,0,False,0,quiet,0.2.0
1,258464360,15,120,13319,2.409757339954376,,0.007332850379629994,False,0,False,0,quiet,0.2.0
1,258527513,15,120,12680,1.8823219681478132,,0.010691895249810703,False,0,False,0,quiet,0.2.0
1,258546248,15,120,13320,1.5527023851871489,,0.00588588569405448,False,0,False,0,quiet,0.2.0
1,258597037,15,120,13196,0.8229442186040943,,0.010207591446154112,False,0,False,0,quiet,0.2.0
1,258626846,15,120,13321,1.5024641275405883,,0.012167423328841557,False,0,False,0,quiet,0.2.0
1,258757373,15,120,12810,8.997420090436934,,0.004145170305678687,False,0,False,0,variable,0.2.0
1,258776466,15,120,15816,5.245280286951048,,0.0035354976382843844,False,0,False,0,variable,0.2.0
1,258800406,15,120,12363,1.159589123725891,,0.008283761135075117,False,0,False,0,quiet,0.2.0
1,258800664,15,120,12237,0.8897076129913329,,0.016437347431304348,False,0,False,0,quiet,0.2.0
1,258800851,15,120,13319,0.5941104769706727,,0.0169708915173018,False,0,False,0,quiet,0.2.0
1,258801436,15,120,13321,0.5737854123115539,,0.040543578385138,False,0,False,0,quiet,0.2.0
1,258801622,15,120,12373,2.2309851408004757,,0.014498094478314578,False,0,False,0,quiet,0.2.0
1,258801626,15,120,13208,0.8578502322524647,,0.0030226643074996833,False,0,False,0,quiet,0.2.0
1,258802094,15,120,16491,1.495748019218445,,0.013610768892080514,False,0,False,0,quiet,0.2.0
1,258802871,15,120,15812,2.9421413915711225,,0.001429164940509321,False,0,False,0,quiet,0.2.0
1,258803480,15,120,15814,2.98774014188408,,0.010604273567266516,False,0,False,0,quiet,0.2.0
1,258869917,15,120,17399,0.5227960109710693,,0.0038104338847556765,False,0,False,0,quiet,0.2.0
1,258870345,15,120,17401,0.7436322569847107,,0.0010112117248377531,False,0,False,0,quiet,0.2.0
1,258872796,15,120,12299,1.9345043063163756,,0.018672437792672112,False,0,False,0,quiet,0.2.0
1,258874897,15,120,17401,1.8771522760391235,2.207183316104516,0.5693143188281233,False,0,False,0,rotator,0.2.0
1,258875149,15,120,16388,2.9936610104542667,9.301708049562112,0.27431568717047483,False,0,False,0,rotator,0.2.0
1,258920041,15,120,13317,0.25521211624145507,,0.002715765186796596,False,0,False,0,quiet,0.2.0
1,258920357,15,120,12150,2.2093786475247543,5.919228670726551,0.30825509579682303,False,0,False,0,rotator,0.2.0
1,258922669,15,120,17398,0.6249073684215545,,0.03837912012239405,False,0,False,0,quiet,0.2.0
1,258954765,15,120,13321,1.9809868454933166,3.255578992716351,0.34831932814591926,False,0,False,0,rotator,0.2.0
1,258955905,15,120,12171,1.3612491130828857,,0.005889170162007552,False,0,False,0,quiet,0.2.0
1,258959279,15,120,15055,1.7820663213729857,,0.005747059131481146,False,0,False,0,quiet,0.2.0
1,258959304,15,120,14982,1.4662766754627228,,0.003725871151233147,False,0,False,0,quiet,0.2.0
1,259000975,15,120,12405,1.3043389320373535,,0.014422522550246564,False,0,False,0,quiet,0.2.0
1,259001057,15,120,13321,0.5045918226242064,,0.010413430082050094,False,0,False,0,quiet,0.2.0
1,259003676,15,120,12518,0.9560734245820894,,0.00838252728242233,False,0,False,0,quiet,0.2.0
1,259006174,15,120,15332,1.896637827157974,,0.010696050019694595,False,0,False,2,quiet,0.2.0
1,259018313,15,120,12697,1.807958686351776,,0.002665670061538857,False,0,False,0,quiet,0.2.0
1,259038228,15,120,13319,1.763508653640747,,0.0020150884487754174,False,0,False,0,quiet,0.2.0
1,259039037,15,120,15311,1.0753726601600646,,0.0031367144593184774,False,0,False,0,quiet,0.2.0
1,259039727,15,120,17399,0.6815082550048828,,0.04391645100503746,False,0,False,0,quiet,0.2.0
1,259097905,15,120,12173,1.2421265602111815,,0.033916019525192555,False,0,False,0,quiet,0.2.0
1,259099044,15,120,12207,1.9844332695007323,,0.012785912711688871,False,0,False,0,quiet,0.2.0
1,259100469,15,120,13266,2.0443480253219604,,0.0029891608718086533,False,0,False,0,quiet,0.2.0
1,259101570,15,120,15612,1.4016342164060007,,0.005866699124437013,False,0,False,0,quiet,0.2.0
1,259102772,15,120,17401,0.6263654708862304,,0.0010974758208135273,False,0,False,0,quiet,0.2.0
1,259126645,15,120,13243,1.506175661087036,1.6277947994926338,0.165116856970206,False,0,True,10,dipper,0.2.0
1,259131513,15,120,15044,9.073683808665503,,0.0036747322684263562,False,0,False,0,variable,0.2.0
1,259168895,15,120,13322,0.6513741568140434,,0.04353802894034466,False,0,False,0,quiet,0.2.0
1,259232212,15,120,14860,6.371244806908225,,0.0070466153594621155,False,0,False,0,variable,0.2.0
1,259235315,15,120,13320,1.9152396798133848,,0.048699880264456506,False,0,False,0,quiet,0.2.0
1,259235809,15,120,12199,1.885105562210083,,0.013220358130617229,False,0,False,0,quiet,0.2.0
1,259237827,15,120,13316,0.08130025863647461,,0.038044281089681754,False,0,False,0,quiet,0.2.0
1,259238764,15,120,17393,1.025090217590332,,0.003686453767937395,False,0,False,0,quiet,0.2.0
1,259238934,15,120,15636,3.590467070964996,10.16970642791847,0.34681713939070047,False,0,False,0,rotator,0.2.0
1,259266049,15,120,12498,1.1670563757419585,,0.014680141048986524,False,0,False,0,quiet,0.2.0
1,259268609,15,120,12384,2.196741890810188,,0.00544918272041286,False,0,False,0,quiet,0.2.0
1,259270391,15,120,13317,0.8907680511474608,1.8873018901591139,0.635389675422876,False,0,False,0,rotator,0.2.0
1,259271080,15,120,17401,2.2681004762649537,1.5320471860532188,0.32405887490934177,False,0,False,0,rotator,0.2.0
1,259271401,15,120,17389,0.17974426746368405,,0.021322940214540478,False,0,False,0,quiet,0.2.0
1,259667855,15,120,16437,5.117144322395324,,0.0030160511395009946,False,0,False,0,variable,0.2.0
1,259778906,15,120,12550,8.654721826314924,,0.004592903247413754,False,0,False,0,variable,0.2.0
1,260702253,15,120,13177,0.7863148927688598,,0.05683598086991011,False,0,False,0,quiet,0.2.0
1,260760819,15,120,12492,0.47684369087219236,,0.009214217888608113,False,0,False,0,quiet,0.2.0
1,260761088,15,120,11031,1.4110897064208983,,0.015006795072464005,False,0,False,0,quiet,0.2.0
1,261126951,15,120,13366,1.1917557833121952,5.426027057999979,0.37035709924318017,False,0,False,0,rotator,0.2.0
1,263930459,15,120,13236,1.517972990334839,,0.002575507241895865,False,0,False,0,quiet,0.2.0
1,26414284,15,120,14889,0.6461603164672851,,0.003744687587796535,False,0,False,0,quiet,0.2.0
1,264173826,15,120,15827,2.4536771535873414,,0.001456374056124924,False,0,False,0,quiet,0.2.0
1,264175503,15,120,13238,1.0308341961601855,,0.008919759491482132,False,0,False,0,quiet,0.2.0
1,264175756,15,120,13314,0.3251568496227264,,0.041729427969369924,False,0,False,0,quiet,0.2.0
1,26418142,15,120,14203,8.79863212108612,,0.018152754028650547,False,0,False,0,variable,0.2.0
1,26419206,15,120,15121,0.2788068652153015,,0.01072809965451652,False,0,False,0,quiet,0.2.0
1,264216922,15,120,12523,1.8608922243118284,,0.03764980008177327,False,0,False,0,quiet,0.2.0
1,264216967,15,120,12538,1.642088484764099,,0.0036986705911939144,False,0,False,0,quiet,0.2.0
1,264221307,15,120,13290,3.6662880758557295,,0.002591898058069218,False,0,False,0,quiet,0.2.0
1,264221679,15,120,17400,2.2512660205364226,,0.01407772192395308,False,0,False,0,quiet,0.2.0
1,264247117,15,120,13256,1.0541638342044453,,0.011387543252716624,False,0,False,0,quiet,0.2.0
1,264248199,15,120,13306,0.7969192268300517,,0.017232883433265032,False,0,False,0,quiet,0.2.0
1,264248397,15,120,12551,2.3439218044281005,,0.018625214717236365,False,0,False,0,quiet,0.2.0
1,264248694,15,120,12444,1.1914464888407734,,0.022695724665406373,False,0,False,0,quiet,0.2.0
1,264250036,15,120,12159,1.794968318939209,,0.01223569065889968,False,0,False,0,quiet,0.2.0
1,264252839,15,120,13304,2.901535361913719,,0.009309345923714378,False,0,False,0,quiet,0.2.0
1,264299558,15,120,13317,6.784683322906494,2.3254269919736714,0.2897128870524233,False,0,False,0,rotator,0.2.0
1,264303926,15,120,13320,0.5986173391342162,,0.035717481890231356,False,0,False,0,quiet,0.2.0
1,264391484,15,120,13282,1.1720934220524601,,0.011325599671628715,False,0,False,0,quiet,0.2.0
1,264391731,15,120,13274,4.302462452503297,,0.004351947556001293,False,0,False,0,quiet,0.2.0
1,26474636,15,120,15113,0.34888415336608886,,0.03673175617386205,False,0,False,0,quiet,0.2.0
1,26489741,15,120,15121,5.377835369110107,0.8241809953008603,0.1532277083196183,False,13,False,1,flaring,0.2.0
1,26539203,15,120,14159,13.043300950527192,,0.004303503328515315,False,0,False,0,variable,0.2.0
1,26540659,15,120,14886,0.7339115738868712,,0.0029898126312683233,False,0,False,0,quiet,0.2.0
1,26543916,15,120,14227,1.1425337433815004,,0.002727296685570718,False,0,False,0,quiet,0.2.0
1,26544536,15,120,14127,1.128836417198181,,0.002649083344274054,False,0,False,0,quiet,0.2.0
1,265500649,15,120,12530,0.9121093690395355,,0.09854546956480074,False,0,False,0,quiet,0.2.0
1,265601936,15,120,13206,0.7409369987528621,,0.05296208847062464,False,0,False,0,quiet,0.2.0
1,265705539,15,120,12487,12.674533581733703,,0.007431680927924134,False,0,False,0,variable,0.2.0
1,265706361,15,120,12708,2.4482866659249862,7.2344513303665465,0.28316425581460974,False,0,False,0,rotator,0.2.0
1,265706362,15,120,12691,6.744916892051696,,0.013693057938559522,False,0,False,0,variable,0.2.0
1,265891450,15,120,12421,1.6068289160728455,,0.010346085007489354,False,0,False,0,quiet,0.2.0
1,265978699,15,120,13194,2.306364482261867,10.016934278523266,0.2943487853197818,False,0,False,0,rotator,0.2.0
1,26646989,15,120,13365,0.28437416553497313,,0.007372310052389751,False,0,False,0,quiet,0.2.0
1,266521964,15,120,13317,1.0488617062568664,4.200718188765038,0.22384400595421583,False,0,False,0,rotator,0.2.0
1,266523723,15,120,13196,4.492678669313231,,0.004540162140176218,False,0,False,0,quiet,0.2.0
1,26657006,15,120,14168,4.614275574258698,,0.0038573609091160244,False,0,False,0,quiet,0.2.0
1,266591310,15,120,13132,0.9369854807853698,,0.009431972488055308,False,0,False,0,quiet,0.2.0
1,26661441,15,120,13234,0.7491553723812103,,0.0014859215492646475,False,0,False,0,quiet,0.2.0
1,26665833,15,120,15030,1.8493600144791607,8.681382237339145,0.2161771313420948,False,0,False,0,rotator,0.2.0
1,266794067,15,120,12614,112.30460164858704,,0.002351757725229558,False,0,False,0,variable,0.2.0
1,266803475,15,120,12291,4.129346179962158,,0.04838852188331654,False,0,False,1,quiet,0.2.0
1,267543197,15,120,17392,8.605677074532334,1.5881018307117793,0.582399304054261,False,1,False,0,rotator,0.2.0
1,267552804,15,120,15119,0.49681527614593507,,0.007310869761435184,False,0,False,3,quiet,0.2.0
1,267553140,15,120,15118,0.8975725293159484,,0.017314028016932048,False,0,False,0,quiet,0.2.0
1,26758111,15,120,13229,0.6844244599342346,,0.0017057520893395731,False,0,False,0,quiet,0.2.0
1,26760533,15,120,13365,0.5558463335037231,,0.008290574539754205,False,0,False,0,quiet,0.2.0
1,267656047,15,120,17613,1.1235342264175414,,0.00992995778189562,False,0,False,0,quiet,0.2.0
1,267656292,15,120,17613,1.2428335189819335,,0.061495024755689257,False,0,False,0,quiet,0.2.0
1,267656382,15,120,17609,0.3888273239135742,,0.01135211038298384,False,0,False,0,quiet,0.2.0
1,267659086,15,120,17556,0.20395760536193847,11.838521330060777,0.2407388358125403,False,0,False,0,rotator,0.2.0
1,267671122,15,120,14142,1.4381750643253324,,0.09469182825531701,False,0,False,0,quiet,0.2.0
1,267877714,15,120,13233,1.792582333087921,6.409693237111722,0.1501355557550076,False,0,False,0,rotator,0.2.0
1,267981213,15,120,15117,1.2104901552200318,4.200475523232693,0.3323119282264419,False,0,False,0,rotator,0.2.0
1,267987540,15,120,15091,0.5401165008544923,,0.15090487287173615,True,1,False,0,quiet,0.2.0
1,268051899,15,120,13222,2.1161927103996274,,0.11360775651867037,True,0,False,0,quiet,0.2.0
1,268055518,15,120,12317,0.738418436050415,,0.023174987107035822,False,0,False,0,quiet,0.2.0
1,26810311,15,120,14145,6.170866370201111,,0.047857649736860804,False,0,False,0,variable,0.2.0
1,26816236,15,120,14183,9.091843271255492,,0.001471449272957146,False,0,False,0,variable,0.2.0
1,26818739,15,120,14211,1.160119342803955,,0.0027605058652948474,False,0,False,0,quiet,0.2.0
1,268289462,15,120,15123,8.2530366897583,1.7597328576570936,0.24897317669503277,False,2,True,10,dipper,0.2.0
1,268302473,15,120,15013,6.528940987586974,1.152393477003972,0.6070622266134929,False,0,False,0,rotator,0.2.0
1,268303870,15,120,15063,3.4838928222656245,,0.0026417255204170048,False,0,False,0,quiet,0.2.0
1,268821645,15,120,15104,5.536238318681717,18.602936286702224,0.4669949309923778,False,0,False,0,rotator,0.2.0
1,269357931,15,120,15124,12.721590524911878,,0.016513662470522085,False,0,False,1,variable,0.2.0
1,269594762,15,120,12351,1.8499343633651733,,0.008296231821865006,False,0,False,0,quiet,0.2.0
1,269594858,15,120,12470,1.0762563586235045,,0.08708913178370482,False,0,False,0,quiet,0.2.0
1,269595432,15,120,13312,2.353333193063736,,0.012048695807261712,False,0,False,0,quiet,0.2.0
1,269595682,15,120,13312,1.3972157238254381,,0.025685098177263777,False,0,False,0,quiet,0.2.0
1,269595915,15,120,13300,2.9142607058805012,,0.004198141726491642,False,0,False,0,quiet,0.2.0
1,269597106,15,120,13317,1.024294888973236,,0.03092073068428051,False,0,False,0,quiet,0.2.0
1,26965403,15,120,14888,2.1762400858473803,,0.040894221349414624,False,0,False,0,quiet,0.2.0
1,26965569,15,120,14219,1.643148922920227,,0.017555921670643262,False,0,False,0,quiet,0.2.0
1,269662152,15,120,12189,1.1523427963256836,,0.07422193863042258,False,0,False,0,quiet,0.2.0
1,269663513,15,120,13301,2.428226637840271,,0.06291792966029999,False,0,False,0,quiet,0.2.0
1,26966422,15,120,15121,0.3337729096412658,,0.008589357097808498,False,0,False,0,quiet,0.2.0
1,269664492,15,120,13319,1.3485238552093506,4.200773323549649,0.5096536327468855,False,0,False,0,rotator,0.2.0
1,269666588,15,120,13322,2.114646238088608,,0.016873765088932232,False,0,False,0,quiet,0.2.0
1,269667172,15,120,12742,23.20658373217035,0.31303059063553185,0.6648165294655322,False,1,False,0,rotator,0.2.0
1,26970813,15,120,14162,3.0460200520741907,4.876700359948671,0.1420503336947656,False,0,False,0,rotator,0.2.0
1,27006550,15,120,14244,2.2370825268577024,,0.00727948616377967,False,0,False,0,quiet,0.2.0
1,27014070,15,120,14228,8.624455153942106,,0.004106133247883027,False,0,False,0,variable,0.2.0
1,27014182,15,120,15113,0.1671957492828369,5.919129480334805,0.17034206727250292,False,0,False,0,rotator,0.2.0
1,270491865,15,120,13636,36.787836813926695,0.2245052052794082,0.9502887841349437,False,0,False,0,rotator,0.2.0
1,270517307,15,120,14202,0.8860402643680573,,0.029916364163313006,False,0,False,0,quiet,0.2.0
1,270524120,15,120,15119,1.4254939913749693,,0.05869712563313938,False,0,False,0,quiet,0.2.0
1,270608461,15,120,15123,1.9559781789779662,,0.02951179174964974,False,0,False,0,quiet,0.2.0
1,270610122,15,120,15102,1.6453140822240162,0.2609611596180078,0.6759778025394204,False,0,False,0,rotator,0.2.0
1,270617514,15,120,14252,107.05966799081361,0.17658455642698498,0.8710046391031981,False,0,False,0,rotator,0.2.0
1,270619467,15,120,14178,1.3345172743355416,,0.06903527721731707,False,0,False,0,quiet,0.2.0
1,270696609,15,120,14214,1.7130935541931656,2.7916275841660028,0.24245464664261943,False,0,False,0,rotator,0.2.0
1,270696968,15,120,14735,0.8524155378341675,,0.004752811093042494,False,0,False,0,quiet,0.2.0
1,270788955,15,120,14905,8.518146228790282,0.7357073390167155,0.43732015328551616,False,0,False,0,rotator,0.2.0
1,270789855,15,120,15123,0.8236069679260253,,0.05319013068570113,False,0,False,0,quiet,0.2.0
1,27082559,15,120,14985,1.187513995170593,7.234491929207568,0.10966277156715235,False,0,False,0,rotator,0.2.0
1,270860211,15,120,15120,0.5585857820932333,,0.09694420847015374,False,0,False,0,quiet,0.2.0
1,270863324,15,120,15124,1.9986166298389436,3.9460505709299314,0.19804288798978104,False,0,False,0,rotator,0.2.0
1,270949363,15,120,15030,3.1325344065587046,,0.016030484236871194,False,0,False,0,quiet,0.2.0
1,271044027,15,120,14952,4.222001838028375,0.8980696708280336,0.17198195602878918,False,0,False,0,rotator,0.2.0
1,271047371,15,120,15123,0.49690364599227904,11.83817189264501,0.13555049416281792,False,0,False,1,rotator,0.2.0
1,271052158,15,120,14481,4.362642574310303,,0.09194466206519054,False,0,False,0,quiet,0.2.0
1,271347257,15,120,15003,1.0088301658630372,,0.09201579783065286,False,0,False,0,quiet,0.2.0
1,271352080,15,120,15119,0.5862455606460572,,0.09131269739831184,False,0,False,0,quiet,0.2.0
1,271547896,15,120,14982,45.77995334923406,0.6677615527838754,0.5129192023623089,False,0,True,11,dipper,0.2.0
1,271547961,15,120,14921,3.4860136985778807,0.6677971718292016,0.28080076989047054,False,62,False,0,flaring,0.2.0
1,271668161,15,120,14973,1.0749308109283446,,0.024553406088648012,False,0,False,0,quiet,0.2.0
1,271668882,15,120,15123,0.29223908185958863,,0.004007775949035606,False,0,False,0,quiet,0.2.0
1,271769821,15,120,14972,2.294920861418298,,0.027977557551532542,False,0,False,0,quiet,0.2.0
1,271773721,15,120,14959,7.180403494834899,,0.09281990211913393,False,0,False,2,variable,0.2.0
1,27185052,15,120,14190,4.604864185903542,,0.002289845854321667,False,0,False,0,quiet,0.2.0
1,271969795,15,120,15115,3.899938058853149,5.425840873035525,0.7375535696582127,False,0,False,0,rotator,0.2.0
1,272074664,15,120,14945,4.432808232307433,,0.053400366445054394,False,0,False,4,quiet,0.2.0
1,272076244,15,120,14967,0.9683567762374877,,0.0013663103669475367,False,0,False,0,quiet,0.2.0
1,272078312,15,120,14946,2.082302936384169,,0.0145163550358795,False,0,False,0,quiet,0.2.0
1,272272801,15,120,15046,1.1802676677703856,,0.004925135518769399,False,0,False,0,quiet,0.2.0
1,272281385,15,120,14680,3.6492768809414837,0.6028735982078491,0.1112289083199473,False,0,False,1,rotator,0.2.0
1,27239501,15,120,15120,1.131399210178805,1.9435927348440907,0.14475408497521206,False,0,False,0,rotator,0.2.0
1,27240476,15,120,14722,2.5937874676648534,,0.0015229229429533466,False,0,False,0,quiet,0.2.0
1,272485179,15,120,15120,0.47317634224891664,,0.0766328205074044,False,0,False,0,quiet,0.2.0
1,272489221,15,120,15101,0.9153348684310912,,0.005021118934354814,False,0,False,0,quiet,0.2.0
1,272495976,15,120,15124,0.8115445080859812,,0.007886367304728782,False,0,False,0,quiet,0.2.0
1,272565115,15,120,15240,0.6286630868911742,,0.07698805901643417,False,0,False,0,quiet,0.2.0
1,272566118,15,120,15026,3.8028638959784473,,0.0019415952553558022,False,0,False,0,quiet,0.2.0
1,272572773,15,120,15250,0.9749845728268964,,0.001297219194824263,False,0,False,0,quiet,0.2.0
1,272572913,15,120,15250,0.722688560325589,,0.004774733147559721,False,1,False,0,quiet,0.2.0
1,272573206,15,120,15243,0.34897252321243283,,0.003256558622498124,False,0,False,0,quiet,0.2.0
1,272573355,15,120,14729,2.877322196960449,,0.0017547215373743237,False,0,False,0,quiet,0.2.0
1,272573540,15,120,14332,3.8898198273724263,,0.001431943649457849,False,0,False,0,quiet,0.2.0
1,272574971,15,120,14806,2.1963882804993307,6.707870009649798,0.1778656006359356,False,0,False,0,rotator,0.2.0
1,272575027,15,120,14729,0.9010189533233642,,0.021771258065203712,False,0,False,0,quiet,0.2.0
1,272598447,15,120,14454,5.099116873741149,0.463418996611736,0.1055886226746102,False,0,True,12,dipper,0.2.0
1,272600589,15,120,14981,3.0189790606498716,,0.0020613258055959625,False,0,False,0,quiet,0.2.0
1,272602991,15,120,14949,2.31449464559555,,0.0892333517413687,False,0,False,0,quiet,0.2.0
1,272609309,15,120,15042,31.327067277642104,0.7797615966103013,0.6927793095222678,False,0,True,12,dipper,0.2.0
1,272615711,15,120,11844,7.528625098723921,1.4757352455865351,0.43757947067647707,False,4,False,0,flaring,0.2.0
1,272635703,15,120,11806,11.949149698019028,,0.005207486136160106,False,0,False,0,variable,0.2.0
1,272635712,15,120,12910,0.7476089000701903,,0.015298836243779878,False,0,False,0,quiet,0.2.0
1,272636742,15,120,14432,0.5646833181381226,,0.029473895991912694,False,0,False,0,quiet,0.2.0
1,272650398,15,120,12957,0.9955746889114381,,0.002924623225482297,False,0,False,0,quiet,0.2.0
1,272670197,15,120,11957,0.87459636926651,,0.012888907246621508,False,0,False,0,quiet,0.2.0
1,272671671,15,120,14391,0.5310144066810608,,0.008609538157743978,False,0,False,0,quiet,0.2.0
1,272703144,15,120,12167,1.4206336498260497,,0.013961822961717722,False,0,False,0,quiet,0.2.0
1,272717401,15,120,15041,28.880856442451474,,0.0028959525988142727,False,0,False,0,variable,0.2.0
1,272720042,15,120,15015,1.2391219854354858,,0.0057878066770260875,False,0,False,0,quiet,0.2.0
1,272745733,15,120,12283,1.418336033821106,,0.0032602232802467386,False,0,False,0,quiet,0.2.0
1,272749103,15,120,13500,0.879456684605578,,0.0027158292139737453,False,0,False,0,quiet,0.2.0
1,272750036,15,120,13358,1.657199728488922,,0.006629705476248001,False,0,False,0,quiet,0.2.0
1,272751652,15,120,13298,2.9434229297465957,,0.03305768765418836,False,0,False,0,quiet,0.2.0
1,272758572,15,120,17743,0.8232534885406494,,0.09242374025758388,False,0,False,0,quiet,0.2.0
1,272759659,15,120,14996,7.248625016212463,2.4758957750905863,0.5840751091191816,False,0,False,0,rotator,0.2.0
1,272781175,15,120,13789,12.365239119529724,,0.006531091605821953,False,0,False,0,variable,0.2.0
1,272781335,15,120,14097,0.935483193397522,,0.003107950669658229,False,0,False,0,quiet,0.2.0
1,272783616,15,120,13608,6.719908425805222,,0.016239123684905876,False,0,False,0,variable,0.2.0
1,272783635,15,120,13638,4.458082008361816,,0.007000085208961607,False,0,False,0,quiet,0.2.0
1,272783638,15,120,13896,1.2811860322952269,,0.007119250151079946,False,0,False,0,quiet,0.2.0
1,272840510,15,120,15122,0.9187370801348363,1.0851729035623996,0.12418718512371836,False,0,False,0,rotator,0.2.0
1,272844506,15,120,14991,4.744046831130981,1.6483621562356718,0.5442213436949993,False,0,False,0,rotator,0.2.0
1,272887839,15,120,13903,1.5920711517333985,,0.0016356664888117726,False,0,False,0,quiet,0.2.0
1,272942353,15,120,15084,1.8127306580543516,3.519464307790019,0.12447994904858448,False,0,False,0,rotator,0.2.0
1,27310138,15,120,15116,0.6893289864063262,6.2010023213136245,0.37066905567781483,False,0,False,0,rotator,0.2.0
1,273132224,15,120,15122,0.9021677613258361,,0.00503552005911714,False,0,False,0,quiet,0.2.0
1,27316045,15,120,14166,1.6769502891927783,,0.004138668513629974,False,0,False,0,quiet,0.2.0
1,273231214,15,120,15124,4.173221559928562,,0.009491755546815715,False,0,False,1,quiet,0.2.0
1,273236556,15,120,15118,1.9980422258377073,3.176103031227002,0.3519013894545767,False,0,False,0,rotator,0.2.0
1,273371098,15,120,15026,3.9526506721973416,,0.05412283420169472,False,0,False,1,quiet,0.2.0
1,273372402,15,120,14942,9.138591464673963,2.2451838566829485,0.4534760117377057,False,2,True,8,dipper,0.2.0
1,273373040,15,120,14449,8.580977189540862,0.8455890006042607,0.6390197861145126,False,0,False,0,rotator,0.2.0
1,273561757,15,120,12309,1.615400791168213,,0.004739292377426953,False,0,False,0,quiet,0.2.0
1,273574141,15,120,15123,2.8501042842864988,1.0762003770858235,0.10362378943160393,False,0,True,12,dipper,0.2.0
1,273582296,15,120,15123,28.52720031738281,,0.05376958634353304,False,0,False,1,variable,0.2.0
1,273621988,15,120,13210,5.868420571088791,0.10448692606222929,0.6668111074197152,False,0,False,0,rotator,0.2.0
1,273623167,15,120,13176,2.701377832889557,0.15852271285390745,0.14075033961970346,False,0,False,0,rotator,0.2.0
1,273690178,15,120,15123,8.556322002410887,,0.002454525493604257,False,0,False,0,variable,0.2.0
1,273865522,15,120,15087,15.55600916147232,0.3946075131140932,0.9191046593970612,False,0,False,0,rotator,0.2.0
1,273874106,15,120,15108,2.028839117288589,6.200995836204096,0.4820664681940786,False,0,False,0,rotator,0.2.0
1,273875093,15,120,15028,60.0949879138168,,0.0026988258669942006,False,0,False,0,variable,0.2.0
1,273882770,15,120,13130,28.41832866668701,,0.0010351929272050275,False,0,False,0,variable,0.2.0
1,273929376,15,120,12270,16.034929543733597,,0.004802226206248921,False,0,False,0,variable,0.2.0
1,273931319,15,120,12626,0.8167583048343657,1.9150387269660614,0.12748675186973257,False,0,False,0,rotator,0.2.0
1,27393392,15,120,14971,3.0026306390762327,,0.051941765841981805,False,0,False,0,quiet,0.2.0
1,27396969,15,120,14721,2.046203792095184,,0.003543604580831655,False,0,False,0,quiet,0.2.0
1,274024023,15,120,15122,5.668086298349091,0.629084335072848,0.5161566933945837,False,0,False,0,rotator,0.2.0
1,274120769,15,120,15123,1.3350916385650633,1.264274024116834,0.5819275234949177,False,0,False,0,rotator,0.2.0
1,274172409,15,120,12634,0.9508153900747116,,0.03333886841409397,False,0,False,0,quiet,0.2.0
1,274186546,15,120,11865,7.75277498960495,,0.0068260872224363035,False,0,False,0,variable,0.2.0
1,274293292,15,120,12634,0.31817564124392395,,0.07038570811397907,False,0,False,0,quiet,0.2.0
1,274295533,15,120,12814,3.5374447383019483,,0.026647044110908784,False,0,False,0,quiet,0.2.0
1,274298680,15,120,12857,3.524366211891174,,0.0019643493182157834,False,0,False,0,quiet,0.2.0
1,274391197,15,120,11581,7.757016742229461,,0.02104407401259857,False,0,False,0,variable,0.2.0
1,27450534,15,120,14136,2.3710071623325346,,0.0018042686457641632,False,0,False,0,quiet,0.2.0
1,27452053,15,120,15120,0.7480507493019103,,0.02456586161318919,False,0,False,0,quiet,0.2.0
1,274535401,15,120,12121,4.9015218973159795,,0.035651745602621666,False,0,False,0,quiet,0.2.0
1,274653095,15,120,12448,18.63936565518379,,0.006411272553892166,False,0,False,0,variable,0.2.0
1,274663009,15,120,12642,14.271112020942926,,0.003450497551088215,False,0,False,0,variable,0.2.0
1,274711623,15,120,12424,9.912578514593198,,0.007379011992099954,False,0,False,0,variable,0.2.0
1,274762761,15,120,13212,18.66105934017543,,0.007477756658020096,False,0,False,2,variable,0.2.0
1,274776671,15,120,13207,0.6440394401550293,,0.05727893819345425,False,0,False,0,quiet,0.2.0
1,274812124,15,120,13367,0.829262638092041,,0.015447448601004263,False,0,False,2,quiet,0.2.0
1,274915847,15,120,13191,1.4252288818359373,8.216659465489409,0.4023232320950271,False,8,False,0,flaring,0.2.0
1,275119073,15,120,12307,0.9925701141357423,0.3710070370901483,0.283169705888491,False,0,False,0,rotator,0.2.0
1,275125771,15,120,12321,14.048154473304749,,0.022036375302825113,False,1,False,0,variable,0.2.0
1,275297645,15,120,12611,2.5409865617752074,,0.011744075775907243,False,0,False,0,quiet,0.2.0
1,27531506,15,120,14742,7.0255795240402215,1.7003937669097358,0.8359901465872702,False,0,False,0,rotator,0.2.0
1,27533341,15,120,15114,0.48952479300050694,,0.046622743707376214,False,5,False,1,flaring,0.2.0
1,27533798,15,120,14468,1.745260280370712,,0.035622737259079336,False,0,False,0,quiet,0.2.0
1,27540219,15,120,14205,1.6391722798347472,,0.0027722014184548113,False,0,False,0,quiet,0.2.0
1,275490621,15,120,15123,0.47277867794036865,,0.013044573254294676,False,0,False,0,quiet,0.2.0
1,275492464,15,120,15120,0.45417682528495784,,0.006593426604179873,False,0,False,0,quiet,0.2.0
1,275534649,15,120,12996,17.044157373905183,,0.007686426984275721,False,0,False,0,variable,0.2.0
1,275535223,15,120,13210,0.6912288969022693,1.6917766522685524,0.12652558848077836,False,1,False,0,rotator,0.2.0
1,275577246,15,120,14192,2.9711267003081234,,0.008718159417712982,False,0,False,0,quiet,0.2.0
1,275689069,15,120,10567,3.4858369588851925,5.079704692754246,0.5757596779280465,False,0,False,0,rotator,0.2.0
1,275690429,15,120,13235,5.3444315671920775,,0.05091429969030925,False,0,False,0,variable,0.2.0
1,275691083,15,120,11553,0.6896382808685303,,0.011992955101646297,False,0,False,0,quiet,0.2.0
1,275691171,15,120,10579,1.4522700548171996,,0.00256689156114058,False,0,False,0,quiet,0.2.0
1,275718421,15,120,12636,1.722107329305788,6.511164140325319,0.5139448534423622,False,0,False,0,rotator,0.2.0
1,275819211,15,120,13212,2.293374252319336,,0.005588984621419482,False,0,False,0,quiet,0.2.0
1,276013402,15,120,12296,6.251636409759521,,0.025620942241770125,False,0,False,0,variable,0.2.0
1,276014807,15,120,12075,37.49744668006897,,0.004789507851179953,False,0,False,0,variable,0.2.0
1,276161171,15,120,13212,20.476884055137635,,0.0008758777632472037,False,0,False,0,variable,0.2.0
1,276162169,15,120,13185,9.900957584381104,1.2782163068233736,0.3363789972562574,False,0,True,12,dipper,0.2.0
1,276345225,15,120,17589,2.1459733486175536,,0.014432803811063974,False,0,False,1,quiet,0.2.0
1,276345283,15,120,17611,1.8213025331497192,,0.014227281946919773,False,0,False,0,quiet,0.2.0
1,27638247,15,120,15122,1.7704898715019226,8.681414347168431,0.34999023084445335,False,0,False,0,rotator,0.2.0
1,276384542,15,120,11504,3.046506176993067,,0.017435816625839973,False,0,False,0,quiet,0.2.0
1,276399157,15,120,17559,1.9776287913322448,,0.544967481743094,True,0,False,2,quiet,0.2.0
1,27646564,15,120,14940,1.8156910479068755,,0.010318657267038485,False,0,False,0,quiet,0.2.0
1,276469070,15,120,12265,1.2518472433090209,0.43553297824271797,0.11193115312244532,False,0,False,0,rotator,0.2.0
1,276469224,15,120,12635,0.5963197231292724,,0.048288564934283275,False,0,False,0,quiet,0.2.0
1,276470211,15,120,11977,1.9573037266731264,,0.010264757239338645,False,0,False,0,quiet,0.2.0
1,276479485,15,120,16644,1.3050900757312773,1.5880882219536483,0.21886679450079602,False,0,False,0,rotator,0.2.0
1,276482921,15,120,17615,1.626712131500244,,0.038002719612730156,False,0,False,0,quiet,0.2.0
1,27648552,15,120,15119,1.325989544391632,7.660054032926449,0.37738460252322265,False,0,False,0,rotator,0.2.0
1,276543103,15,120,11689,1.008653426170349,,0.022575017667675126,False,0,False,0,quiet,0.2.0
1,276544639,15,120,12321,0.5892501354217529,,0.0912109953170731,False,0,False,0,quiet,0.2.0
1,276619129,15,120,12223,1.3067249178886413,,0.03657377892657542,False,0,False,0,quiet,0.2.0
1,276619168,15,120,12225,1.8217443823814392,,0.007723928471731229,False,0,False,0,quiet,0.2.0
1,276620228,15,120,11974,8.259753290400106,,0.008366059273912544,False,0,False,0,variable,0.2.0
1,276654317,15,120,17611,0.6994473338127135,,0.01961055532591389,False,0,False,0,quiet,0.2.0
1,276810394,15,120,17603,2.540456342697144,,0.0058990262467722996,False,0,False,0,quiet,0.2.0
1,276811538,15,120,17614,24.14931466428383,,0.005566459417847829,False,0,False,0,variable,0.2.0
1,276815004,15,120,17614,1.7140215396881102,,0.002743817895625815,False,0,False,0,quiet,0.2.0
1,276815623,15,120,17612,21.344853322054544,,0.035478912149305354,False,0,False,0,variable,0.2.0
1,27683469,15,120,12688,1.5755459904670714,,0.007586106292801001,False,0,False,0,quiet,0.2.0
1,276923031,15,120,14941,6.3939118623733515,,0.015476488651968276,False,0,False,0,variable,0.2.0
1,276923035,15,120,14948,5.99607081413269,,0.0028314450415281808,False,1,False,0,variable,0.2.0
1,27692689,15,120,14192,2.048855009606779,,0.0056935007946119845,False,0,False,0,quiet,0.2.0
1,27694703,15,120,14450,1.0506732881069183,,0.010959929522275456,False,0,False,0,quiet,0.2.0
1,27695471,15,120,15122,1.154772898270315,,0.14297271259675023,True,0,False,0,quiet,0.2.0
1,277163144,15,120,17615,1.4806367754936218,,0.006186359612994868,False,0,False,0,quiet,0.2.0
1,277163543,15,120,17611,5.682622969150543,1.4798142390294025,0.38811958772064714,False,4,False,0,flaring,0.2.0
1,277163939,15,120,17614,8.772474646568298,,0.002664088122828858,False,0,False,0,variable,0.2.0
1,277247794,15,120,12641,0.57192964553833,,0.07556314713753007,False,0,False,0,quiet,0.2.0
1,277276155,15,120,17613,0.5473628282546996,,0.032532500663888166,False,0,False,0,quiet,0.2.0
1,277319252,15,120,17611,8.55747081041336,,0.0028755980261276942,False,0,False,0,variable,0.2.0
1,277320855,15,120,17615,5.168575572967529,5.661898761468414,0.3905614169425058,False,0,False,0,rotator,0.2.0
1,277504391,15,120,17614,6.787599730122081,,0.014026761410027852,False,0,False,0,variable,0.2.0
1,277560927,15,120,16450,3.343870800733566,,0.003883522104548096,False,0,False,0,quiet,0.2.0
1,277565268,15,120,17465,97.71398552656173,0.5471270886413409,0.7484329706792865,False,0,False,0,rotator,0.2.0
1,277725683,15,120,12586,17.799807929992674,,0.05243956821186723,False,3,False,0,flaring,0.2.0
1,277848666,15,120,17608,9.868128480557456,0.715479345204063,0.9015914982591808,False,0,False,0,rotator,0.2.0
1,277854181,15,120,17608,0.5102032926618072,,0.0024215616433671166,False,0,False,0,quiet,0.2.0
1,27786384,15,120,13224,0.9248345717886345,,0.013792663033580187,False,0,False,0,quiet,0.2.0
1,277955281,15,120,17539,0.5233262300491333,5.919294836843134,0.360453531097482,False,1,False,0,rotator,0.2.0
1,278062090,15,120,12560,14.790461623384404,,0.005560490413688172,False,0,False,0,variable,0.2.0
1,278068108,15,120,12642,66.53714395540095,0.8138587211257544,0.6294413311492514,False,0,False,0,rotator,0.2.0
1,278068709,15,120,12641,4.415576112270355,,0.007507155612739297,False,0,False,0,quiet,0.2.0
1,278076037,15,120,12641,45.27611403465271,0.6171439009501434,0.8467691738186489,False,0,False,1,rotator,0.2.0
1,27837873,15,120,14191,6.344336378574371,,0.003465625036373313,False,0,False,0,variable,0.2.0
1,27846348,15,120,14925,20.945951199531557,,0.004360085509577524,False,0,False,0,variable,0.2.0
1,278526935,15,120,12642,107.571913407559,,0.005394319511922034,False,0,False,0,variable,0.2.0
1,278677722,15,120,14958,6.036323459038837,,0.005880196096988856,False,0,False,0,variable,0.2.0
1,27909771,15,120,14410,1.58199689495582,,0.002122927266915488,False,0,False,0,quiet,0.2.0
1,27911979,15,120,15113,0.7043076753616333,5.661788972051167,0.3216760381308551,False,0,False,0,rotator,0.2.0
1,27914890,15,120,14904,6.58315549593237,0.4094997839026224,0.7868045771925557,False,0,False,0,rotator,0.2.0
1,27915909,15,120,15124,1.8678733865060393,,0.028333429157396808,False,0,True,4,dipper,0.2.0
1,279467711,15,120,13103,0.9810820341110229,,0.005953253571793833,False,0,False,0,quiet,0.2.0
1,27962331,15,120,13366,1.945904016494751,,0.003129334611613142,False,0,False,0,quiet,0.2.0
1,279980795,15,120,13317,1.1235342264175414,1.4469307599044772,0.18532690559852083,False,0,False,0,rotator,0.2.0
1,280033512,15,120,12325,1.1019719839096067,,0.03242200633148847,False,0,False,0,quiet,0.2.0
1,280035689,15,120,12531,11.332018876075745,,0.01445235513950374,False,0,False,0,variable,0.2.0
1,280068959,15,120,12519,0.7552087068557738,,0.005008843227816306,False,0,False,0,quiet,0.2.0
1,280070017,15,120,13254,1.655343912382605,,0.001662078261948201,False,0,False,0,quiet,0.2.0
1,280071089,15,120,13301,0.9084420204162597,,0.002742520394160136,False,0,False,0,quiet,0.2.0
1,280072704,15,120,13322,0.8044749201677716,,0.0034697194246772556,False,0,False,0,quiet,0.2.0
1,280074212,15,120,13308,3.0373599886894223,,0.002022852740306974,False,0,False,0,quiet,0.2.0
1,280074385,15,120,13028,5.685671389956987,,0.007787939819422495,False,0,False,0,variable,0.2.0
1,280162266,15,120,13320,0.4733530819416046,,0.010356317060420067,False,0,False,0,quiet,0.2.0
1,280163863,15,120,13285,1.054782485961914,,0.08929502851980217,False,0,False,0,quiet,0.2.0
1,28081550,15,120,14914,1.5891991317272185,,0.0012513466869245498,False,0,False,0,quiet,0.2.0
1,28090882,15,120,15121,1.249196147918701,3.9460917404676716,0.24289283201588244,False,0,False,0,rotator,0.2.0
1,28113390,15,120,13239,9.307907545566557,,0.02487055653651851,False,0,False,0,variable,0.2.0
1,28162661,15,120,14662,5.9231656908988946,,0.003936342042946382,False,0,False,0,variable,0.2.0
1,282072180,15,120,13163,0.5229727506637573,0.9368344190183814,0.1316951151438734,False,0,False,0,rotator,0.2.0
1,28225820,15,120,14936,1.0157230138778686,,0.002144613573269975,False,0,False,0,quiet,0.2.0
1,28227113,15,120,14456,1.4809019733012898,,0.004760080854535149,False,0,False,0,quiet,0.2.0
1,28228854,15,120,15120,0.5854501971334102,,0.034774711477403915,False,0,False,0,quiet,0.2.0
1,28231379,15,120,14958,7.095701208582556,,0.0012229511989803896,False,0,False,0,variable,0.2.0
1,282368998,15,120,12918,65.03145441821488,0.28475337319738164,0.42850207435122756,False,0,False,2,rotator,0.2.0
1,282651488,15,120,13192,0.5048569171173298,,0.027634503055521654,False,0,False,0,quiet,0.2.0
1,282757707,15,120,12721,1.3248407363891601,,0.07219569149935706,False,0,False,0,quiet,0.2.0
1,282848352,15,120,12572,1.414933710400241,,0.002597413684024417,False,0,False,0,quiet,0.2.0
1,282855338,15,120,15711,1.1251248836517334,1.678361303569645,0.6132363240434354,False,0,False,0,rotator,0.2.0
1,282856315,15,120,15006,2.6291795117152024,7.135943444888238,0.35875799248422635,False,0,False,0,rotator,0.2.0
1,282922612,15,120,15594,1.4313264012336728,,0.0016023673417171304,False,0,False,0,quiet,0.2.0
1,282927120,15,120,13248,1.1679400393980728,,0.008128222517842518,False,0,False,0,quiet,0.2.0
1,282936524,15,120,12653,2.311401700973511,,0.04677730316932267,False,0,False,0,quiet,0.2.0
1,282937931,15,120,12495,1.8594783067703244,,0.04131554884466491,False,0,False,0,quiet,0.2.0
1,282940781,15,120,14686,2.4257522821426387,2.9372935173824586,0.13495227128323511,False,0,False,0,rotator,0.2.0
1,28299581,15,120,15120,0.6314467182324315,,0.005443070265309606,False,0,False,0,quiet,0.2.0
1,28304399,15,120,14961,2.4355613350868226,0.47700125035325297,0.3302412091691123,False,0,False,0,rotator,0.2.0
1,283059658,15,120,12577,5.148780727386474,,0.009720796166760705,False,0,False,0,variable,0.2.0
1,283063053,15,120,12920,147.18073022961616,,0.0016709471197657332,False,0,False,0,variable,0.2.0
1,28306907,15,120,14421,13.84154577255249,0.17270707825667647,0.8871794537434343,False,0,False,0,rotator,0.2.0
1,28308696,15,120,15119,0.6408581256866455,,0.010925860212692266,False,0,False,0,quiet,0.2.0
1,283154176,15,120,12459,2.6581649780273438,,0.002914298485992548,False,0,False,0,quiet,0.2.0
1,283160674,15,120,13190,0.39762013547480507,,0.003778166611831281,False,0,False,0,quiet,0.2.0
1,283351016,15,120,12684,3.096876987907976,,0.0036853583303965067,False,0,False,0,quiet,0.2.0
1,283464193,15,120,12506,1.4338892122441058,,0.0029910909982228304,False,0,False,0,quiet,0.2.0
1,283468220,15,120,12639,0.5370235562324523,,0.0028825415920249895,False,0,False,0,quiet,0.2.0
1,283613369,15,120,13190,1.1000720649979132,,0.06942238507193821,False,0,False,0,quiet,0.2.0
1,283753093,15,120,13195,1.443521440029144,5.661760438352095,0.6099634446094756,False,0,False,0,rotator,0.2.0
1,283850429,15,120,13194,0.42828446030616757,,0.005322810972425003,False,0,False,0,quiet,0.2.0
1,283902824,15,120,12726,1.4540373650766987,7.234480378058946,0.20485076337195623,False,0,False,0,rotator,0.2.0
1,283904682,15,120,13193,0.5528417587280273,,0.002684511613837221,False,0,False,0,quiet,0.2.0
1,284184793,15,120,15716,0.7542365935899857,,0.00404234901732104,False,0,False,0,quiet,0.2.0
1,284185810,15,120,13901,1.0288901209831236,,0.006643188165973563,False,0,False,0,quiet,0.2.0
1,284185823,15,120,13911,1.2484891891479493,,0.005615265463207062,False,0,False,0,quiet,0.2.0
1,284190546,15,120,13236,1.1461126880016121,5.7686361746067405,0.1933492175205775,False,0,False,0,rotator,0.2.0
1,284190863,15,120,13236,2.2838744938373563,,0.010027792243785291,False,0,False,0,quiet,0.2.0
1,284203445,15,120,15712,0.42161251177713205,,0.028293021871401054,False,0,False,0,quiet,0.2.0
1,284205914,15,120,15338,1.2629818439483642,,0.0024470740478930355,False,0,False,0,quiet,0.2.0
1,284245062,15,120,15714,0.4285937803145516,,0.0029779792923114974,False,0,False,0,quiet,0.2.0
1,284300575,15,120,13236,0.8317370185773676,,0.02043940487465616,False,0,False,0,quiet,0.2.0
1,284358673,15,120,12085,3.3096274852752683,1.4118258691495804,0.45875958138653095,False,0,False,0,rotator,0.2.0
1,284360945,15,120,13233,2.2730491876602175,,0.04958560834151349,False,0,False,1,quiet,0.2.0
1,284361294,15,120,13234,6.439378340225766,,0.0011274508722361198,False,0,False,0,variable,0.2.0
1,284475576,15,120,13235,131.0116552591324,,0.005668111179296173,False,0,False,0,variable,0.2.0
1,284567033,15,120,14889,0.9529804229736327,,0.007331840704630209,False,0,False,0,quiet,0.2.0
1,284598578,15,120,17743,0.4340726852416992,5.42597044823637,0.14778367770836726,False,0,False,0,rotator,0.2.0
1,284625704,15,120,13559,0.8373926639556885,,0.040897406371655926,False,0,False,0,quiet,0.2.0
1,284627906,15,120,13550,1.518326424460028,,0.06808350278533958,False,0,False,0,quiet,0.2.0
1,284627915,15,120,17741,0.45545818805694577,,0.013955234533139444,False,0,False,1,quiet,0.2.0
1,284628173,15,120,15649,69.97707674503326,,0.0059004700977721624,False,0,False,0,variable,0.2.0
1,284628177,15,120,15642,1.3392008763313554,,0.022624867337533477,False,1,False,0,quiet,0.2.0
1,284660899,15,120,13518,0.9931887030601502,,0.0033471238412724575,False,0,False,0,quiet,0.2.0
1,284660915,15,120,17742,0.35524678230285645,,0.0011379167164667552,False,0,False,0,quiet,0.2.0
1,284661050,15,120,13998,1.173374819755554,,0.002142865934641676,False,0,False,0,quiet,0.2.0
1,284661084,15,120,15120,1.9279206378507232,,0.0053799599681412045,False,0,False,0,quiet,0.2.0
1,284679467,15,120,15244,0.5087893751624412,4.679479741572551,0.18137291709728495,False,0,False,0,rotator,0.2.0
1,284679910,15,120,15248,9.533869242668152,1.994525349863333,0.3592777682836704,False,0,False,0,rotator,0.2.0
1,284888875,15,120,15607,1.430707812309265,,0.0019856094914375354,False,0,False,0,quiet,0.2.0
1,284889388,15,120,15625,3.5485795497894284,,0.008151815501758895,False,0,False,0,quiet,0.2.0
1,284892190,15,120,15623,7.508343994617462,,0.0024010738250955436,False,0,False,0,variable,0.2.0
1,285887857,15,120,17614,0.5201449155807495,,0.05407123642369066,False,0,False,0,quiet,0.2.0
1,286201103,15,120,15076,4.925514457390143,,0.0019606743251389816,False,0,False,0,quiet,0.2.0
1,286462756,15,120,12977,0.7854311943054199,,0.06348588960743141,False,0,False,0,quiet,0.2.0
1,286464125,15,120,13181,2.097016453742981,6.511004194055033,0.5817048906289052,False,3,False,0,flaring,0.2.0
1,286552879,15,120,13199,0.6979450464248657,,0.01428875814845913,False,0,False,0,quiet,0.2.0
1,286631208,15,120,13195,0.6447463989257812,,0.0028324699869736914,False,0,False,0,quiet,0.2.0
1,286820024,15,120,13157,4.780455207824707,5.425832230459046,0.590805484432371,False,0,False,0,rotator,0.2.0
1,286916209,15,120,15250,1.1845977902412415,,0.0010876527356894646,False,0,False,0,quiet,0.2.0
1,286924596,15,120,15242,0.5713552585648077,,0.0008988109372160633,False,0,False,0,quiet,0.2.0
1,286947349,15,120,15245,0.6126681447029113,,0.0009985523115763114,False,0,False,0,quiet,0.2.0
1,286947730,15,120,15241,1.0226158618927002,1.15871062816268,0.1489463230461334,False,0,False,0,rotator,0.2.0
1,287080092,15,120,14989,0.5593811273574829,,0.004981459387858628,False,0,False,1,quiet,0.2.0
1,287080121,15,120,14848,1.724714188294757,,0.01877912835699429,False,0,False,0,quiet,0.2.0
1,287080873,15,120,14758,7.795545530584721,,0.009065903284755164,False,0,False,0,variable,0.2.0
1,287080898,15,120,14778,1.465216237306595,,0.0027346249155665693,False,0,False,0,quiet,0.2.0
1,287135858,15,120,13235,1.1553473711013793,,0.0034065407816844186,False,0,False,0,quiet,0.2.0
1,287137067,15,120,16335,1.7378813982009886,,0.016921607391941478,False,0,False,0,quiet,0.2.0
1,287137538,15,120,15575,3.299730062484741,9.366388144562645,0.14451356805681162,False,0,False,0,rotator,0.2.0
1,287138506,15,120,15578,5.236178505420685,,0.0016277842116204882,False,0,False,0,variable,0.2.0
1,287139773,15,120,16326,1.2377522897050466,2.712925046130982,0.2957213527878851,False,0,False,0,rotator,0.2.0
1,287140025,15,120,16337,0.5769667267799377,,0.007494659707281979,False,0,False,0,quiet,0.2.0
1,287150126,15,120,15595,1.8728221535682679,,0.009621610041086966,False,0,False,0,quiet,0.2.0
1,287151976,15,120,15577,17.151791846752165,1.5621267149435585,0.7527971013268665,False,0,False,0,rotator,0.2.0
1,287152027,15,120,15306,1.9341066420078277,,0.017627938803565692,False,0,False,0,quiet,0.2.0
1,287152045,15,120,16332,0.239614845502819,,0.005587530649497787,False,0,False,0,quiet,0.2.0
1,287192872,15,120,13236,1.6450489236429011,6.409696309215053,0.10245172611550905,False,0,False,0,rotator,0.2.0
1,287193987,15,120,13236,1.4698115131202791,5.494032845202321,0.14273342808450115,False,0,False,0,rotator,0.2.0
1,287194380,15,120,13236,1.541921172027518,,0.001467055428790223,False,0,False,0,quiet,0.2.0
1,287196041,15,120,13245,1.0577870607376096,3.9461282062796093,0.1573129607556543,False,0,False,0,rotator,0.2.0
1,287259905,15,120,13233,1.2585633516311643,,0.020556447951788025,False,0,False,0,quiet,0.2.0
1,287260719,15,120,13230,0.4227613197111297,,0.0027667068386186206,False,0,False,0,quiet,0.2.0
1,287261600,15,120,13236,1.2854277849197386,,0.0017699083734209757,False,0,False,0,quiet,0.2.0
1,287263680,15,120,13231,25.655887269973753,8.241020378052488,0.9508385823633245,False,8,False,0,flaring,0.2.0
1,287266146,15,120,13234,2.3657492269798883,6.409699122132603,0.11392855869600572,False,0,False,0,rotator,0.2.0
1,287267876,15,120,13235,1.8484320759773252,,0.04678942938393139,False,0,False,0,quiet,0.2.0
1,287312068,15,120,13358,0.4442352175712585,,0.05465008624735894,False,0,False,0,quiet,0.2.0
1,287314615,15,120,13366,11.206135695989857,1.6483985041200502,0.6687295896148907,False,0,False,0,rotator,0.2.0
1,287380551,15,120,12500,1.8761360787193797,,0.017170468682164947,False,0,False,0,quiet,0.2.0
1,287501332,15,120,13313,1.1362594842910765,6.85386038142335,0.17167586283167705,False,0,False,0,rotator,0.2.0
1,287504006,15,120,13368,113.79000026643274,,0.04223409886549634,False,0,False,0,variable,0.2.0
1,287593343,15,120,13368,1.6914430943561523,5.008593878562849,0.17119675878045068,False,0,False,0,rotator,0.2.0
1,287758801,15,120,13304,0.6319327712059021,,0.007879487707109424,False,0,False,0,quiet,0.2.0
1,287766658,15,120,13369,0.9144511699676513,,0.008549011943549761,False,0,False,0,quiet,0.2.0
1,287857308,15,120,13361,1.220829427242279,1.328809064679209,0.4250959868767303,False,0,False,0,rotator,0.2.0
1,287860163,15,120,13338,1.5209333347717917,,0.004501793137236742,False,0,False,0,quiet,0.2.0
1,287926743,15,120,13149,0.8160955309867859,,0.039795067847936065,False,0,False,0,quiet,0.2.0
1,287967725,15,120,13366,1.6717807531356812,,0.012457980154316916,False,0,False,0,quiet,0.2.0
1,288039912,15,120,13367,0.8517085790634155,,0.010076673007748397,False,0,False,0,quiet,0.2.0
1,288124666,15,120,13243,0.965175461769104,,0.0023940435942193376,False,0,False,0,quiet,0.2.0
1,288185546,15,120,17739,0.49681527614593507,,0.02986495966890594,False,0,False,0,quiet,0.2.0
1,288238070,15,120,17747,1.1633890271186829,,0.002051057372753023,False,0,False,0,quiet,0.2.0
1,288266870,15,120,17746,2.189362812676262,,0.04729857039830556,False,0,False,0,quiet,0.2.0
1,288299155,15,120,17400,4.546275250502682,5.6619305283499735,0.4679563972262491,False,0,False,0,rotator,0.2.0
1,288300744,15,120,17399,106.09948861598969,,0.0006836661154271161,False,0,False,0,variable,0.2.0
1,288390174,15,120,17387,0.3845855712890625,,0.0037354137802353836,False,0,False,0,quiet,0.2.0
1,288471554,15,120,17397,2.3914647817611696,,0.0018268503054689035,False,0,False,0,quiet,0.2.0
1,288508510,15,120,17400,2.4641489803791043,,0.0060252289395166456,False,0,False,0,quiet,0.2.0
1,288508526,15,120,17400,3.049422381835509,,0.0014994237593822773,False,0,False,0,quiet,0.2.0
1,288523761,15,120,17399,2.3283687114715574,,0.007292734088262952,False,0,False,0,quiet,0.2.0
1,288523776,15,120,17399,6.653542470932006,,0.0035775338600143734,False,0,False,0,variable,0.2.0
1,288523885,15,120,17396,0.6872522950172424,,0.0019817867573610703,False,0,False,0,quiet,0.2.0
1,288524055,15,120,17400,2.172484367265831,,0.09051101295312243,False,0,False,0,quiet,0.2.0
1,288599646,15,120,17401,1.3942994356155394,,0.008051230843363481,False,0,False,0,quiet,0.2.0
1,288601729,15,120,17393,0.5845665335655212,1.4798273668131792,0.10422968878092499,False,0,False,0,rotator,0.2.0
1,288609294,15,120,17400,0.6701526898054666,,0.027527600793911734,False,0,False,0,quiet,0.2.0
1,288632208,15,120,17397,0.6245097041130065,,0.0028622799028413925,False,0,False,0,quiet,0.2.0
1,288634241,15,120,17401,1.6306004047393798,3.5195876110465734,0.10943807851883156,False,0,False,0,rotator,0.2.0
1,288636381,15,120,17401,0.7133213996887207,,0.0023010666931343607,False,0,False,0,quiet,0.2.0
1,288676274,15,120,17399,3.123343849182129,,0.0026008749986495432,False,0,False,0,quiet,0.2.0
1,289213207,15,120,12482,7.0908848404884335,,0.01525590015407886,False,0,False,0,variable,0.2.0
1,289238257,15,120,14442,2.8319883813861493,,0.00408381365794048,False,0,False,0,quiet,0.2.0
1,289305224,15,120,12694,0.8709289687318224,,0.00862143054880915,False,0,False,0,quiet,0.2.0
1,289349117,15,120,15261,2.4032179713249207,,0.018619682991172927,False,0,False,0,quiet,0.2.0
1,289367145,15,120,12673,1.6617065906524657,,0.011517595035559085,False,0,False,0,quiet,0.2.0
1,289510451,15,120,15603,1.113813543319702,,0.017991768245758637,False,0,False,0,quiet,0.2.0
1,289510559,15,120,15588,4.948534360615351,,0.004719729070673922,False,0,False,0,quiet,0.2.0
1,289511854,15,120,17510,1.5762529022618261,4.49043261257951,0.2942804727617289,False,0,False,0,rotator,0.2.0
1,289522456,15,120,14966,1.4049921870231628,,0.002773467971450712,False,0,False,0,quiet,0.2.0
1,289536431,15,120,14961,1.6335166096687315,,0.001036748537738386,False,0,False,0,quiet,0.2.0
1,289536553,15,120,14916,1.8079145553086564,,0.002347119493456939,False,0,False,0,quiet,0.2.0
1,289540793,15,120,16338,0.4692880690097809,,0.006160510007087404,False,0,False,0,quiet,0.2.0
1,289570373,15,120,15641,2.021902084350586,6.422813509583659,0.45883297247075777,False,0,False,0,rotator,0.2.0
1,289572237,15,120,15236,1.0984371900558472,,0.006013938342853035,False,0,False,0,quiet,0.2.0
1,289581302,15,120,15592,1.4411353682794947,,0.0022519326900609774,False,0,False,0,quiet,0.2.0
1,289582435,15,120,15605,1.7827732801437377,,0.0018230267747322466,False,0,False,0,quiet,0.2.0
1,289589304,15,120,14968,4.243564079893705,,0.014590879352377423,False,0,False,0,quiet,0.2.0
1,289589344,15,120,14991,1.387583327293396,,0.0013717108465609038,False,0,False,0,quiet,0.2.0
1,289589630,15,120,15282,1.2338197946548461,,0.003502741370321056,False,0,False,0,quiet,0.2.0
1,289590793,15,120,14980,2.4298614075821217,,0.015119567169924946,False,0,False,0,quiet,0.2.0
1,289621579,15,120,16339,0.3416378259658813,,0.008100733626335248,False,0,False,0,quiet,0.2.0
1,289621610,15,120,15588,3.098865309391459,,0.002896573100349625,False,0,False,0,quiet,0.2.0
1,289621919,15,120,15610,1.2922764480113984,,0.004069740289007523,False,0,False,0,quiet,0.2.0
1,289622727,15,120,15612,1.8387555230034731,,0.0008840748827229392,False,0,False,0,quiet,0.2.0
1,289623298,15,120,15600,1.700721877813339,,0.0019624723647516168,False,0,False,0,quiet,0.2.0
1,289623391,15,120,15620,1.2757512487247213,,0.0012717063428419814,False,0,False,0,quiet,0.2.0
1,289656420,15,120,15079,4.620594155788422,,0.004921487142595767,False,0,False,0,quiet,0.2.0
1,289788753,15,120,12534,15.853505776718086,,0.004432298616201576,False,0,False,0,variable,0.2.0
1,290083602,15,120,15094,0.8680570006370544,,0.006111668480759411,False,0,False,0,quiet,0.2.0
1,290088008,15,120,17608,3.9230468905880116,2.3676809755818757,0.5229689744346808,False,0,False,0,rotator,0.2.0
1,290448757,15,120,13207,0.20625522136688232,,0.010445131701435713,False,0,False,0,quiet,0.2.0
1,290570213,15,120,13212,32.174488026664015,,0.009230012148903243,False,0,False,0,variable,0.2.0
1,290773391,15,120,13194,1.4163919394133073,2.3676333576301283,0.526986635203382,False,0,False,0,rotator,0.2.0
1,291145873,15,120,13149,5.63720086812973,1.6277486718658596,0.22686788086403561,False,0,True,10,dipper,0.2.0
1,293686658,15,120,15717,0.9748961448669432,,0.0009129156475636927,False,0,False,0,quiet,0.2.0
1,293686787,15,120,15591,1.7563506960868835,,0.004461212825904395,False,0,False,0,quiet,0.2.0
1,293803474,15,120,13643,1.763420283794403,12.974482120228508,0.15639314500057755,False,0,False,0,rotator,0.2.0
1,293879798,15,120,13195,2.038427245616913,4.069448965777731,0.10393018309668794,False,0,False,0,rotator,0.2.0
1,293952198,15,120,13197,2.5823436498641965,5.008554486282064,0.27878819105522523,False,0,False,0,rotator,0.2.0
1,294172968,15,120,15122,1.2901998335242173,2.411510526658381,0.3308982393645491,False,0,False,0,rotator,0.2.0
1,294288922,15,120,14968,3.6772019707322703,,0.006004105342579177,False,0,False,0,quiet,0.2.0
1,294469624,15,120,14987,3.7897408604621887,,0.024234406520282706,False,1,False,0,quiet,0.2.0
1,294471966,15,120,14425,1.598168671131134,,0.0027830578926377122,False,0,False,0,quiet,0.2.0
1,294678099,15,120,17611,0.7965657949447632,,0.018577412789953545,False,0,False,0,quiet,0.2.0
1,295021864,15,120,15123,0.5305725574493408,,0.0031076946238531833,False,0,False,0,quiet,0.2.0
1,295204397,15,120,17610,1.0637078404426574,0.67472638023277,0.14202458864870768,False,0,False,0,rotator,0.2.0
1,295212963,15,120,14432,3.269949229362653,,0.045295582137740605,False,0,False,0,quiet,0.2.0
1,295412684,15,120,17612,0.3305032253265381,,0.02876803063152008,False,0,False,0,quiet,0.2.0
1,295413781,15,120,17576,2.4141315034549535,6.511115052233265,0.9007842792105313,False,0,False,0,rotator,0.2.0
1,295802147,15,120,14964,3.229299102467352,0.8294375406849633,0.19571952146801083,False,0,True,12,dipper,0.2.0
1,295803225,15,120,14955,2.0418736696243287,,0.076056540457082,False,2,True,6,dipper,0.2.0
1,295895179,15,120,14682,165.55831008305015,0.21278169923610504,0.3361289483083538,False,0,False,0,rotator,0.2.0
1,296012680,15,120,15121,0.5237680792808532,,0.015592081769300895,False,0,False,0,quiet,0.2.0
1,296321403,15,120,14956,25.1269922419195,2.2452120344696636,0.9563032991054298,False,0,False,0,rotator,0.2.0
1,296887457,15,120,12490,33.8931489320651,,0.0023814266854868143,False,0,False,0,variable,0.2.0
1,297401717,15,120,12635,0.3875901460647583,,0.005911977008584858,False,0,False,0,quiet,0.2.0
1,297682950,15,120,13187,4.93298156261444,4.65077023397486,0.7653093406000121,False,0,False,0,rotator,0.2.0
1,297763396,15,120,12245,2.2656261205673216,,0.0062737781763277855,False,0,False,0,quiet,0.2.0
1,297769168,15,120,12720,0.8943028983058272,,0.0040432340974465774,False,0,False,0,quiet,0.2.0
1,297984114,15,120,16398,1.3235151886940002,,0.014038627246366644,False,0,False,0,quiet,0.2.0
1,297984122,15,120,17435,0.7346185326576232,,0.0019561101914362736,False,0,False,0,quiet,0.2.0
1,298009554,15,120,13192,0.3861762285232544,,0.030302039066997574,False,0,False,1,quiet,0.2.0
1,298071660,15,120,17514,0.8750382184982299,2.2452474920376333,0.14276835967982232,False,0,False,0,rotator,0.2.0
1,298074272,15,120,17514,0.4958873779807275,,0.002951103065728658,False,0,False,0,quiet,0.2.0
1,298074600,15,120,15604,1.0293761551380158,,0.0162091420224869,False,0,False,0,quiet,0.2.0
1,298107954,15,120,15275,1.1542869329452514,,0.0036194211590471663,False,0,False,0,quiet,0.2.0
1,298108181,15,120,15712,0.5957011342048645,,0.0034936168072641723,False,0,False,0,quiet,0.2.0
1,298129102,15,120,17514,2.231117695569992,,0.5371729403406162,True,0,False,0,quiet,0.2.0
1,298131322,15,120,17513,0.9383110284805297,,0.0044990592497562085,False,0,False,0,quiet,0.2.0
1,298161764,15,120,15240,4.159657285193043,,0.0018306026431321111,False,0,False,0,quiet,0.2.0
1,298163080,15,120,15718,4.2314132263835305,4.900462384005777,0.5241594614876545,False,0,False,0,rotator,0.2.0
1,298163220,15,120,15722,1.1886628031730653,,0.07719022760126888,False,0,False,0,quiet,0.2.0
1,298163592,15,120,15712,0.4008456230163574,,0.0757432735140913,False,0,False,0,quiet,0.2.0
1,298165552,15,120,15711,0.7719989776611328,3.3113097173461297,0.10795637320735428,False,0,False,0,rotator,0.2.0
1,298165694,15,120,15711,0.5788224935531615,,0.03402758978945944,False,0,False,0,quiet,0.2.0
1,298263301,15,120,14948,19.11731396913528,,0.004580445263564444,False,0,False,0,variable,0.2.0
1,298265628,15,120,14991,1.2813627719879148,4.043904932622202,0.2007421058856322,False,0,False,0,rotator,0.2.0
1,298265889,15,120,14995,7.891338908672333,,0.0033130964868217315,False,0,False,0,variable,0.2.0
1,298266641,15,120,14994,4.912391681217652,,0.0038730711104916064,False,0,False,0,quiet,0.2.0
1,298295539,15,120,13196,0.9860307455062867,,0.08512084783820419,False,1,False,2,quiet,0.2.0
1,298427199,15,120,13194,0.890547126531601,5.661743311734871,0.14036585630149478,False,0,False,0,rotator,0.2.0
1,298483123,15,120,13197,0.6198261022567748,,0.0024806190404758474,False,0,False,0,quiet,0.2.0
1,298491449,15,120,13188,0.6592390537261963,,0.07312675486739519,False,0,False,0,quiet,0.2.0
1,298492650,15,120,13198,1.1094833547184852,6.853763982674501,0.3759492640525533,False,0,False,0,rotator,0.2.0
1,298559160,15,120,12263,1.4740090370178223,,0.05804629098488061,False,0,False,0,quiet,0.2.0
1,298559217,15,120,12279,7.619424891471862,0.16504749391290166,0.8337576087158596,False,0,False,0,rotator,0.2.0
1,298648506,15,120,13236,1.356742291353413,,0.002168827782559271,False,0,False,0,quiet,0.2.0
1,298650852,15,120,12457,1.205718183517456,,0.007455461295122515,False,0,False,0,quiet,0.2.0
1,298663845,15,120,12528,3.3462126016616818,,0.0037006506662077966,False,0,False,0,quiet,0.2.0
1,298663873,15,120,13234,0.511440485715866,,0.0031862947123204315,False,0,False,0,quiet,0.2.0
1,298664995,15,120,12033,4.420966672897339,0.5112083229092905,0.6420635691667567,False,0,False,0,rotator,0.2.0
1,298665232,15,120,11996,1.4511655614822114,,0.00888236538578462,False,0,False,0,quiet,0.2.0
1,298665328,15,120,11975,3.205262696743011,0.5426106236168602,0.34776582043450227,False,0,False,0,rotator,0.2.0
1,298665610,15,120,13234,0.4652230560779571,,0.016016134782868414,False,0,False,0,quiet,0.2.0
1,298665865,15,120,11929,10.30728213787079,,0.017621541079590377,False,0,False,0,variable,0.2.0
1,298666521,15,120,12036,2.9225675582885744,5.864708502595381,0.36843092618080187,False,0,False,0,rotator,0.2.0
1,298712317,15,120,13364,0.4492722988128662,,0.04821205248632331,False,2,False,0,quiet,0.2.0
1,298730052,15,120,12265,2.7672133684158324,8.613150346750531,0.12506266851917364,False,0,False,1,rotator,0.2.0
1,298730449,15,120,12556,1.5669298370522355,,0.007764913300873453,False,0,False,0,quiet,0.2.0
1,298732428,15,120,13235,0.950152587890625,,0.027474330664923018,False,0,False,0,quiet,0.2.0
1,298734336,15,120,13234,0.49836173360461794,,0.014166088675992138,False,0,False,0,quiet,0.2.0
1,298781775,15,120,13233,0.5301307082176208,,0.045657319169470065,False,0,False,0,quiet,0.2.0
1,298831815,15,120,13226,1.1521660566329956,1.518074992611165,0.2471499898055798,False,0,False,0,rotator,0.2.0
1,298888994,15,120,12746,1.0485965967178343,,0.015192510176091294,False,0,False,0,quiet,0.2.0
1,298899833,15,120,13232,2.8849662746478995,7.691582772285832,0.32240437462931737,False,0,False,0,rotator,0.2.0
1,298900716,15,120,13236,9.20946381120276,,0.0008416993014264347,False,0,False,0,variable,0.2.0
1,298966002,15,120,14152,5.1658359537769565,,0.008638642035331196,False,0,False,0,variable,0.2.0
1,298969877,15,120,13234,1.7598853850433,,0.007525369128245368,False,0,False,0,quiet,0.2.0
1,298973425,15,120,13365,1.5652067184448242,3.3390862964649135,0.3089288418548622,False,0,False,0,rotator,0.2.0
1,299027608,15,120,13234,1.5904362147786488,,0.0014929513364175596,False,0,False,0,quiet,0.2.0
1,299027734,15,120,13234,1.244689248660527,,0.04307942044449018,False,0,False,0,quiet,0.2.0
1,299219710,15,120,15112,0.32741028070449824,2.411487445574599,0.17578267227898436,False,0,False,0,rotator,0.2.0
1,299220973,15,120,14144,1.5299912434821579,,0.0023139469451458677,False,0,False,0,quiet,0.2.0
1,302308112,15,120,14022,2.3762210540837363,,0.10352187617885542,True,0,False,0,quiet,0.2.0
1,302331897,15,120,12609,0.7902031660079956,,0.09022032192419745,False,0,False,0,quiet,0.2.0
1,302750537,15,120,14092,0.7288744709231118,,0.043876891407371256,False,0,False,0,quiet,0.2.0
1,302756363,15,120,16509,1.012541699409485,,0.006792564081788594,False,0,False,0,quiet,0.2.0
1,303833577,15,120,15256,120.09745617493726,0.139267817889893,0.9580235505213667,False,0,False,1,rotator,0.2.0
1,303963430,15,120,12641,2.4326451301574705,0.23763244187601434,0.2762258740803218,False,0,False,0,rotator,0.2.0
1,303968541,15,120,12268,7.297493758722953,,0.00618621856590789,False,0,False,0,variable,0.2.0
1,304628774,15,120,11590,120.13941753271713,0.1412395579182076,0.1473004116439384,False,0,False,0,rotator,0.2.0
1,305052092,15,120,12420,0.4621743101529571,,0.006375922658324935,False,0,False,0,quiet,0.2.0
1,305054543,15,120,11993,3.117864918708801,,0.016161694980186055,False,0,False,0,quiet,0.2.0
1,305165762,15,120,13316,0.48130636811256405,,0.015460137315862755,False,0,False,0,quiet,0.2.0
1,305232681,15,120,11229,13.720125603675841,,0.0138143171976555,False,0,False,0,variable,0.2.0
1,305293943,15,120,13318,0.6680318335285236,,0.03897943763669914,False,0,False,0,quiet,0.2.0
1,305303748,15,120,12439,0.5887199163436889,,0.03630870109358058,False,0,False,0,quiet,0.2.0
1,305388613,15,120,11201,2.1420850753784175,,0.06901520490414827,False,0,False,0,quiet,0.2.0
1,305401493,15,120,17612,5.145952738942124,,0.0008782334621851366,False,0,False,0,variable,0.2.0
1,305481240,15,120,12259,7.393728303909301,,0.028133625228375297,False,0,False,0,variable,0.2.0
1,305555960,15,120,12295,0.8944795846939086,,0.0033380010792952975,False,0,False,0,quiet,0.2.0
1,305679500,15,120,13316,5.480830261682562,1.15236896140777,0.5514658594622681,False,0,False,0,rotator,0.2.0
1,305680327,15,120,13321,1.1571147680282592,,0.003842474205743041,False,0,False,0,quiet,0.2.0
1,305681089,15,120,13319,0.5266842842102051,,0.003959150711369593,False,0,False,0,quiet,0.2.0
1,305771849,15,120,12568,7.087659341096878,,0.003652269828312661,False,0,False,0,variable,0.2.0
1,305780362,15,120,12554,10.351820848936464,,0.003911529824788065,False,0,False,0,variable,0.2.0
1,307955351,15,120,15046,4.528292121189363,,0.00806804437402364,False,0,False,0,quiet,0.2.0
1,307955457,15,120,15049,1.5505373239517213,,0.0016605771480736997,False,0,False,0,quiet,0.2.0
1,307956084,15,120,15621,2.070770609378815,,0.0019095025521859946,False,0,False,0,quiet,0.2.0
1,307957013,15,120,16339,0.7824266195297241,,0.002274395902245406,False,0,False,0,quiet,0.2.0
1,307957728,15,120,16340,0.35025388598442075,,0.005577616935426268,False,0,False,0,quiet,0.2.0
1,307986571,15,120,15824,12.395108496997011,,0.017649460429571953,False,0,False,0,variable,0.2.0
1,307986891,15,120,16314,25.857106180700843,,0.8829492406595993,True,0,False,0,variable,0.2.0
1,309998494,15,120,14407,1.2492845177650451,,0.02109838493094537,False,0,False,0,quiet,0.2.0
1,310000061,15,120,17746,0.7412020641207079,,0.005144429089595894,False,0,False,0,quiet,0.2.0
1,310097907,15,120,14448,3.113358056545257,,0.005309031484383289,False,0,False,0,quiet,0.2.0
1,310352540,15,120,15688,0.844108772277832,,0.0013729086949021067,False,0,False,0,quiet,0.2.0
1,310771370,15,120,15066,7.224323308467865,,0.0025704011845639092,False,0,False,0,variable,0.2.0
1,310827003,15,120,17602,0.6906545341014863,,0.06534537087212969,False,0,False,0,quiet,0.2.0
1,310934616,15,120,15061,1.762978434562683,,0.06732241442148133,False,0,False,0,quiet,0.2.0
1,310982831,15,120,17512,0.9396807330941934,,0.022255593378692536,False,0,False,0,quiet,0.2.0
1,310995878,15,120,15248,10.823229485750197,,0.004883884208098606,False,0,False,0,variable,0.2.0
1,311001487,15,120,15246,2.100727987289429,1.7891826536987976,0.4241897891278132,False,0,False,0,rotator,0.2.0
1,311001922,15,120,15243,0.49363396167755125,,0.004875793549252432,False,0,False,0,quiet,0.2.0
1,311002348,15,120,15248,1.324001183390582,,0.0014700432731885229,False,0,False,0,quiet,0.2.0
1,311068627,15,120,15713,1.9476714134216306,3.828760624407437,0.4906481527982281,False,0,False,0,rotator,0.2.0
1,311069700,15,120,15720,1.0265483200550078,,0.013984590229912946,False,0,False,0,quiet,0.2.0
1,311070210,15,120,15709,0.407031512260437,,0.03460969700568176,False,0,False,0,quiet,0.2.0
1,311070321,15,120,15717,0.6014451742172241,,0.021196200157246416,False,0,False,0,quiet,0.2.0
1,311234256,15,120,14950,1.4325635790824889,,0.0014632529097291943,False,0,False,0,quiet,0.2.0
1,311235354,15,120,16339,0.3665581226348877,,0.0018868875487023306,False,0,False,0,quiet,0.2.0
1,311574106,15,120,14934,1.3781719797304863,,0.01295552199212578,False,0,False,0,quiet,0.2.0
1,312044702,15,120,15093,3.930337285995483,,0.006265717013195611,False,0,False,0,quiet,0.2.0
1,312048437,15,120,15029,3.2295644044876095,,0.09281084128191715,False,0,False,0,quiet,0.2.0
1,312087488,15,120,13209,16.139338517189024,,0.002515188355551346,False,0,False,0,variable,0.2.0
1,312228673,15,120,13211,22.179770994186402,,0.004998630507023872,False,0,False,0,variable,0.2.0
1,312238723,15,120,13208,0.7963006854057312,6.767053678177435,0.24648428897062774,False,2,False,1,rotator,0.2.0
1,312630206,15,120,13208,22.40993025898933,0.164332958042436,0.588322850610524,False,0,False,0,rotator,0.2.0
1,312789166,15,120,12976,32.09597333359638,,0.006379935284246953,False,0,False,0,variable,0.2.0
1,312796064,15,120,12982,7.451565924193506,,0.00112644266585319,False,0,False,0,variable,0.2.0
1,313015306,15,120,13207,0.4141894698143005,,0.015389037980762209,False,0,False,0,quiet,0.2.0
1,313100816,15,120,14457,5.21240701675415,,0.019805789074942022,False,0,False,0,variable,0.2.0
1,313109959,15,120,17740,0.33067996501922603,,0.0011954222587960274,False,0,False,0,quiet,0.2.0
1,313261813,15,120,17499,0.1491683006286621,,0.017016294139632057,False,0,False,0,quiet,0.2.0
1,313276541,15,120,17515,0.44025857448577876,,0.04121234649535314,False,0,False,0,quiet,0.2.0
1,313331131,15,120,15189,9.802336835861205,,0.003933056106886249,False,0,False,0,variable,0.2.0
1,313424954,15,120,14996,1.629098117351532,,0.006688846954452761,False,0,False,0,quiet,0.2.0
1,313452324,15,120,17507,0.19883215427398682,,0.012441330408378257,False,0,False,0,quiet,0.2.0
1,313483985,15,120,15321,2.7524556040763852,,0.004997216354029618,False,0,False,0,quiet,0.2.0
1,313484681,15,120,17158,0.9425527811050415,,0.001954145238256123,False,0,False,0,quiet,0.2.0
1,313484799,15,120,17513,0.5071545481681824,,0.0021269456471200558,False,0,False,0,quiet,0.2.0
1,313589732,15,120,15575,1.3958017230033872,,0.002877712350441084,False,0,False,0,quiet,0.2.0
1,313878665,15,120,16516,32.68694572448731,,0.008325783941714973,False,0,False,0,variable,0.2.0
1,314090086,15,120,17606,1.0415270090103148,0.3617338712965553,0.3389385569856623,False,0,False,0,rotator,0.2.0
1,314093122,15,120,16694,27.81829741001129,,0.007295724994104739,False,0,False,0,variable,0.2.0
1,314096419,15,120,17559,6.221767401695251,,0.08800795920021254,False,7,False,0,flaring,0.2.0
1,314214153,15,120,17054,3.1123418033123014,,0.010642240142745122,False,0,False,0,quiet,0.2.0
1,314215085,15,120,17611,4.785227179527283,2.4570648038707295,0.13724424226372892,False,2,False,0,rotator,0.2.0
1,314472689,15,120,17589,1.0742238521575929,2.8938728367428816,0.22137689586764428,False,0,False,0,rotator,0.2.0
1,314645885,15,120,13279,2.896763563156128,,0.0036647032722400955,False,0,False,0,quiet,0.2.0
1,314919220,15,120,17551,5.025946640968322,,0.9784470160122868,True,11,False,0,flaring,0.2.0
1,315005394,15,120,17532,0.4715415000915527,11.838574259556832,0.34898433036277265,False,7,False,0,flaring,0.2.0
1,315577304,15,120,17321,155.31778149604796,,0.0025202044883788164,False,0,False,0,variable,0.2.0
1,315698068,15,120,17610,3.7151567101478573,0.3710098631865109,0.773530239620977,False,0,False,0,rotator,0.2.0
1,315781646,15,120,17614,5.042074288191625,,0.002996263119561014,False,0,False,0,variable,0.2.0
1,315905574,15,120,17615,7.307656073570251,,0.006137779383395421,False,0,False,0,variable,0.2.0
1,316115315,15,120,17611,0.5779387950897217,,0.048721384801232455,False,0,False,0,quiet,0.2.0
1,316256708,15,120,15249,0.512279999256134,,0.003891059615543989,False,0,False,0,quiet,0.2.0
1,316271332,15,120,16830,51.277615009759515,,0.011657618943072122,False,0,False,0,variable,0.2.0
1,316331685,15,120,12739,1.6761108756065366,,0.040092608488476816,False,0,False,0,quiet,0.2.0
1,316332255,15,120,13912,2.37776745557785,,0.007088407609731965,False,0,False,0,quiet,0.2.0
1,316417885,15,120,12900,3.5097850826446684,,0.0015969396027859892,False,0,False,0,quiet,0.2.0
1,316418409,15,120,14804,0.5449768099202627,,0.07729158011381336,False,0,False,0,quiet,0.2.0
1,316419348,15,120,14870,33.39443371908564,,0.004736658829333666,False,0,False,0,variable,0.2.0
1,316450814,15,120,15720,1.1468196809291837,3.1415447743081755,0.39606543611644335,False,0,False,0,rotator,0.2.0
1,316610011,15,120,16776,4.188288742652871,,0.004127303832296829,False,0,False,0,quiet,0.2.0
1,320209057,15,120,14959,1.1767328739166258,,0.0011806062222429728,False,0,False,0,quiet,0.2.0
1,320211363,15,120,15124,1.3165338923612897,,0.023180314380980706,False,0,False,0,quiet,0.2.0
1,320212622,15,120,15215,2.5499119162559505,,0.000870856945972474,False,0,False,0,quiet,0.2.0
1,320335895,15,120,15249,4.785403919219971,,0.0009229238388000434,False,0,False,0,quiet,0.2.0
1,320336128,15,120,15250,8.918019783496858,,0.0008614105052152899,False,0,False,0,variable,0.2.0
1,320336423,15,120,15250,0.8323555827140807,,0.001265443530004564,False,0,False,0,quiet,0.2.0
1,320473880,15,120,16298,2.0207091516467677,,0.006695187652638856,False,0,False,0,quiet,0.2.0
1,320500337,15,120,16343,2.230454921722412,,0.003957185027273999,False,0,False,0,quiet,0.2.0
1,320525700,15,120,16343,1.747513711452484,,0.19215699940019615,True,0,False,0,quiet,0.2.0
1,321601485,15,120,17395,0.6344954967498779,,0.013873672861752511,False,0,False,0,quiet,0.2.0
1,322368810,15,120,14996,89.92153247594834,,0.006465255600804907,False,0,False,0,variable,0.2.0
1,322586023,15,120,17607,0.6161145687103272,,0.047597861103513404,False,0,False,0,quiet,0.2.0
1,322845246,15,120,15259,5.56818401813507,1.8086444559568646,0.1356996603220593,False,0,True,11,dipper,0.2.0
1,326209384,15,120,16567,13.872210109233857,4.06947539480246,0.8702268822776081,False,0,False,0,rotator,0.2.0
1,328828773,15,120,12537,20.351487243175505,,0.01502326213216675,False,0,False,0,variable,0.2.0
1,328935522,15,120,17738,0.4693764248676173,,0.006885226374682964,False,0,False,0,quiet,0.2.0
1,328962605,15,120,12639,0.8779544234275818,2.9596037418798713,0.1967774193858333,False,0,False,0,rotator,0.2.0
1,328998102,15,120,17748,1.5484606787103616,,0.049563706443608954,False,0,False,0,quiet,0.2.0
1,329154246,15,120,17400,1.0854467579456115,,0.02121015431515939,False,0,False,0,quiet,0.2.0
1,329171124,15,120,16615,29.005457925796506,,0.011685395434291241,False,0,False,0,variable,0.2.0
1,329173590,15,120,16339,0.5350794196128845,,0.0019614267156915404,False,0,False,0,quiet,0.2.0
1,329174558,15,120,16293,2.079165744781494,,0.003431725882336099,False,0,False,0,quiet,0.2.0
1,329185487,15,120,12640,0.5547416938918324,10.851897965994509,0.47551606672299657,False,2,False,0,rotator,0.2.0
1,329464698,15,120,11522,1.8539993762969968,,0.013708888532629379,False,0,False,0,quiet,0.2.0
1,329472714,15,120,11575,11.932580351829529,,0.024828732383685458,False,1,False,0,variable,0.2.0
1,329619946,15,120,12511,11.2120126247406,5.919212578252975,0.2462604084419138,False,1,False,0,rotator,0.2.0
1,329706994,15,120,12514,8.111733305454253,,0.03773190583326891,False,0,False,0,variable,0.2.0
1,329714088,15,120,13364,1.9271253667138406,,0.22200491471677802,True,0,False,0,quiet,0.2.0
1,329792680,15,120,13366,6.571226154900375,,0.3797376082666569,True,0,False,0,variable,0.2.0
1,329947655,15,120,12546,2.5596325993537903,0.2604320042593963,0.15789291677504758,False,0,False,0,rotator,0.2.0
1,330541868,15,120,13368,3.6526791199243327,,0.0029511675235886054,False,0,False,0,quiet,0.2.0
1,330543206,15,120,13169,1.2518472433090209,,0.01191966078670778,False,0,False,0,quiet,0.2.0
1,330626134,15,120,12315,7.68110704421997,,0.01060488478627136,False,0,False,0,variable,0.2.0
1,330626464,15,120,12334,3.6532978177070614,,0.005457692380879611,False,0,False,0,quiet,0.2.0
1,330769151,15,120,12284,3.968645496110752,,0.04027845347230774,False,0,False,0,quiet,0.2.0
1,330974971,15,120,12981,1.6495115518569945,,0.02651611550244325,False,2,False,0,quiet,0.2.0
1,330984238,15,120,12714,1.4863808155059814,,0.011102883709062324,False,0,False,0,quiet,0.2.0
1,330994017,15,120,13184,0.8582479732706538,10.85105070073856,0.26710699075390554,False,17,False,0,flaring,0.2.0
1,331005381,15,120,12294,1.5413026750087737,,0.013860715314400501,False,0,False,0,quiet,0.2.0
1,331198755,15,120,12719,1.0294203400611877,,0.005114885233376589,False,0,False,0,quiet,0.2.0
1,331339277,15,120,12639,1.1557008504867554,1.532054913084253,0.5085345794148444,False,0,False,0,rotator,0.2.0
1,332277841,15,120,15248,0.6612273752689362,,0.004333702862907044,False,0,False,0,quiet,0.2.0
1,332278262,15,120,15249,1.223745632171631,,0.001670010924673053,False,0,False,0,quiet,0.2.0
1,332298497,15,120,15248,1.6982917070388792,,0.0027138491971056915,False,0,False,0,quiet,0.2.0
1,332298660,15,120,15250,1.8689779538525368,,0.001903320839463105,False,0,False,0,quiet,0.2.0
1,332298991,15,120,15245,0.6160261988639831,,0.0026701100297734583,False,0,False,0,quiet,0.2.0
1,332299145,15,120,15247,2.354172706604004,6.083229450695967,0.3750319692213674,False,0,False,0,rotator,0.2.0
1,332312827,15,120,15244,0.5319864432819817,,0.0012128219698967011,False,0,False,0,quiet,0.2.0
1,332334202,15,120,15637,2.6867968082427978,,0.04109464520110101,False,1,True,4,dipper,0.2.0
1,332476224,15,120,16322,7.615138953924179,,0.0037422333417172038,False,0,False,0,variable,0.2.0
1,332477898,15,120,16340,1.1041370780508837,,0.0008220175642384025,False,0,False,0,quiet,0.2.0
1,332503053,15,120,16339,0.8905913114547729,2.7706329320092884,0.13598986867357601,False,0,False,0,rotator,0.2.0
1,334519204,15,120,14166,1.3481261909008027,,0.05174927429769228,False,0,False,0,quiet,0.2.0
1,334637457,15,120,13571,2.1149555325508116,,0.012712565287636297,False,0,False,0,quiet,0.2.0
1,334651091,15,120,14457,2.6784900426864624,,0.0012063198994731576,False,0,False,0,quiet,0.2.0
1,334651252,15,120,14720,1.2607725977897644,,0.0028965647253115494,False,0,False,0,quiet,0.2.0
1,334651727,15,120,14457,46.65539059638977,5.6629564809949375,0.20794656685263346,False,0,False,0,rotator,0.2.0
1,334677728,15,120,17740,0.6218585716570275,,0.07145324535707286,False,0,False,0,quiet,0.2.0
1,334678134,15,120,17742,0.768994402885437,,0.04633701472791722,False,0,False,0,quiet,0.2.0
1,334753703,15,120,14994,1.4087479054927825,,0.0012082163093895008,False,0,False,0,quiet,0.2.0
1,334753777,15,120,14994,1.4520048587319339,5.514465188315088,0.18304355016034474,False,0,False,0,rotator,0.2.0
1,334754310,15,120,14819,2.5292333722114564,,0.009221150897547319,False,0,False,0,quiet,0.2.0
1,334754311,15,120,14825,2.4909692287445067,,0.001186765879265582,False,0,False,0,quiet,0.2.0
1,334779551,15,120,14990,0.7182701538962217,,0.013457065948223337,False,0,False,0,quiet,0.2.0
1,334780539,15,120,14995,2.935646295547485,,0.0033257234279185717,False,0,False,0,quiet,0.2.0
1,334798380,15,120,15645,1.35426789522171,8.71660496957288,0.10005431653583957,False,0,False,0,rotator,0.2.0
1,335681634,15,120,15715,0.6726712703704834,,0.08329077467565657,False,0,False,0,quiet,0.2.0
1,335719371,15,120,14946,2.8997681379318236,,0.005492664607636209,False,0,False,0,quiet,0.2.0
1,335719755,15,120,15715,0.6240678548812866,,0.0014473629808411962,False,0,False,0,quiet,0.2.0
1,335720078,15,120,14995,5.807489562034606,0.18897008682794572,0.8580725564574966,False,0,False,0,rotator,0.2.0
1,335743962,15,120,15721,1.9011005043983458,6.448406416038779,0.3830628963725731,False,0,False,0,rotator,0.2.0
1,335745608,15,120,14983,2.4969783782958985,,0.003931425558623803,False,0,False,0,quiet,0.2.0
1,335745814,15,120,15720,1.0766540229320525,0.7657461533248124,0.144896285971235,False,0,False,0,rotator,0.2.0
1,335746456,15,120,15271,1.5404631614685058,,0.004722172744719813,False,0,False,0,quiet,0.2.0
1,335767959,15,120,14440,0.9938072919845581,,0.02281766825737156,False,0,False,0,quiet,0.2.0
1,335768275,15,120,13603,2.4448401689529415,4.665814126114309,0.4353528455667527,False,3,False,0,flaring,0.2.0
1,335769014,15,120,14224,2.041475944475056,6.178301590732225,0.12815738397827128,False,0,False,0,rotator,0.2.0
1,335964703,15,120,17399,3.045224905014038,,0.0020606060337218604,False,0,False,0,quiet,0.2.0
1,336007350,15,120,17359,1.0872142195701597,,0.05177637944327627,False,0,False,0,quiet,0.2.0
1,336258298,15,120,12640,0.4770204021322487,,0.016993243355162196,False,0,False,0,quiet,0.2.0
1,336440921,15,120,17614,2.0801819980144503,,0.6307736899372816,True,0,False,0,quiet,0.2.0
1,336509192,15,120,17612,1.1073183266127609,5.661913589819417,0.21812976455434452,False,0,False,0,rotator,0.2.0
1,340904569,15,120,13322,0.9550128725163416,,0.0051164652680022555,False,0,False,0,quiet,0.2.0
1,341544224,15,120,14399,1.9153280496597287,,0.004124613034506063,False,0,False,0,quiet,0.2.0
1,341686676,15,120,17743,0.5802364110946655,,0.041582340665534505,False,0,False,0,quiet,0.2.0
1,341705384,15,120,16225,17.163103187084197,,0.06558241921945232,False,4,False,0,flaring,0.2.0
1,341813451,15,120,16325,2.6018733859062193,7.234469920672697,0.25293442366628915,False,0,False,0,rotator,0.2.0
1,341814981,15,120,16342,2.89614497423172,5.2087877230106185,0.16792003478234185,False,0,False,0,rotator,0.2.0
1,341815229,15,120,16342,1.3658002008736192,6.85366250964026,0.10941584494591082,False,0,False,0,rotator,0.2.0
1,341815715,15,120,16342,3.2760469436645505,6.200934606676875,0.3151130355897081,False,0,False,0,rotator,0.2.0
1,341816845,15,120,16340,0.6150983338087301,,0.001590097163183229,False,0,False,0,quiet,0.2.0
1,341817646,15,120,16318,5.494748348310688,,0.0015237502642327606,False,0,False,0,variable,0.2.0
1,341818047,15,120,16339,0.9078234314918517,,0.043932579827349855,False,0,False,0,quiet,0.2.0
1,341839832,15,120,16329,2.536744809150696,,0.04223481496679518,False,0,False,0,quiet,0.2.0
1,341873878,15,120,17398,1.49539449526684,,0.0452027283427207,False,0,False,0,quiet,0.2.0
1,341874424,15,120,17395,0.604273009300232,,0.03986712388696918,False,0,False,0,quiet,0.2.0
1,343175455,15,120,13320,0.6263213046288879,,0.005362308786868758,False,0,False,0,quiet,0.2.0
1,343264872,15,120,13321,23.441515660285948,0.15483574788391205,0.7960487945435812,False,0,False,0,rotator,0.2.0
1,343268874,15,120,13311,0.4682718157768249,,0.023527157729346358,False,0,False,0,quiet,0.2.0
1,343459229,15,120,17615,6.0503298997879025,,0.09867318277181385,False,0,False,0,variable,0.2.0
1,343464512,15,120,13321,0.8985445976257324,,0.004733767373971417,False,0,False,0,quiet,0.2.0
1,343467129,15,120,13321,1.7419464111328122,,0.038427883184236934,False,0,False,0,quiet,0.2.0
1,343564093,15,120,13322,0.9907585322856903,,0.027300259991904892,False,0,False,0,quiet,0.2.0
1,343931524,15,120,17609,1.0477128982543944,7.660230820789058,0.34014795162870504,False,0,False,0,rotator,0.2.0
1,344097064,15,120,17613,2.5583070516586304,,0.00217701138891703,False,0,False,0,quiet,0.2.0
1,344199567,15,120,16443,2.76959935426712,,0.002542666173553216,False,0,False,0,quiet,0.2.0
1,344295646,15,120,17615,3.919556164741516,,0.0018860943260449782,False,0,False,0,quiet,0.2.0
1,344297117,15,120,17614,5.081885056608024,,0.0035040757594238425,False,0,False,0,variable,0.2.0
1,344541775,15,120,17612,9.31784970866738,,0.0024081495954748574,False,0,False,0,variable,0.2.0
1,345509762,15,120,12314,4.856939165087367,,0.0014316548390061203,False,0,False,0,quiet,0.2.0
1,346135068,15,120,12617,45.527614617347716,,0.003066854585449989,False,1,False,0,variable,0.2.0
1,346190483,15,120,12495,23.829724395275115,,0.04823392641874916,False,0,False,0,variable,0.2.0
1,346195465,15,120,12449,45.383306658267976,,0.011186013025352142,False,0,False,0,variable,0.2.0
1,346286583,15,120,12380,8.774198120063488,,0.005518914283438953,False,0,False,0,variable,0.2.0
1,349917500,15,120,13321,0.6876057744026184,,0.0487521475283919,False,0,False,0,quiet,0.2.0
1,349976269,15,120,13321,1.188927912712097,,0.09516684227360192,False,0,False,0,quiet,0.2.0
1,351191406,15,120,14921,2.1267087221145626,,0.007827747638343537,False,0,False,0,quiet,0.2.0
1,351194338,15,120,15117,0.4803784847259521,,0.02758954374783985,False,0,False,0,quiet,0.2.0
1,351404479,15,120,12448,4.935146623849868,,0.03236373624330301,False,0,False,0,quiet,0.2.0
1,351561729,15,120,12311,1.309641122817993,0.49327111659390216,0.35571956611028355,False,0,False,0,rotator,0.2.0
1,351564058,15,120,13360,1.7691202443313743,16.27795794023271,0.6527604330727419,False,0,False,0,rotator,0.2.0
1,351571596,15,120,11221,1728.7036594390868,,0.012510703753762583,False,0,False,2,variable,0.2.0
1,352150799,15,120,17614,3.1312089521413413,1.431015835462691,0.6194033330243012,False,0,False,0,rotator,0.2.0
1,352231179,15,120,13235,2.99061233997345,,0.0014625580015771905,False,0,False,0,quiet,0.2.0
1,352344073,15,120,14966,3.411252808570862,,0.022433011822138037,False,0,False,0,quiet,0.2.0
1,352452870,15,120,15113,14.885370397567748,4.823066440266076,0.9133875281635438,False,0,False,0,rotator,0.2.0
1,352452939,15,120,15068,0.9864283510191232,,0.002218938065949701,False,0,False,0,quiet,0.2.0
1,352455771,15,120,17604,0.4933688521385193,,0.012990558840041478,False,0,False,0,quiet,0.2.0
1,352462258,15,120,15124,3.360219222307205,6.511149720890729,0.3413816273733851,False,1,False,0,rotator,0.2.0
1,352550826,15,120,15047,5.918482089042663,,0.059996185266682635,False,0,False,0,variable,0.2.0
1,352551861,15,120,15227,1.0922513008117674,,0.005846079639746908,False,0,False,0,quiet,0.2.0
1,352554120,15,120,15066,3.1255089104175564,,0.053035408309659665,False,0,False,0,quiet,0.2.0
1,352556832,15,120,15009,3.8654738187789914,,0.02384085969035198,False,0,False,0,quiet,0.2.0
1,352556844,15,120,15002,3.5564445721043514,,0.03775924700700984,False,0,False,0,quiet,0.2.0
1,352613475,15,120,17613,0.512368369102478,,0.003039201030911559,False,0,False,0,quiet,0.2.0
1,352615083,15,120,15160,10.027150023792686,0.7527345437727482,0.6448649543615889,False,0,False,0,rotator,0.2.0
1,352758877,15,120,13320,0.9916864156723022,,0.005091898446752726,False,0,False,0,quiet,0.2.0
1,352912870,15,120,13312,1.6811037218241776,4.490501463772151,0.38572808250542234,False,0,False,0,rotator,0.2.0
1,353057130,15,120,13336,0.39753173008372006,,0.06513304952063416,False,0,False,0,quiet,0.2.0
1,353777802,15,120,12975,1.507943058013916,,0.004431029781599577,False,0,False,0,quiet,0.2.0
1,353778274,15,120,13236,1.2723490476608277,,0.004403009137989172,False,0,False,0,quiet,0.2.0
1,353779940,15,120,12742,3.7970753313854133,,0.001766314662508124,False,0,False,0,quiet,0.2.0
1,353784443,15,120,13229,0.29895519018173217,,0.048475098290495885,False,0,False,0,quiet,0.2.0
1,353817853,15,120,13235,0.5707808375358582,,0.0028756730337432096,False,0,False,0,quiet,0.2.0
1,353818206,15,120,12942,2.563520719795184,,0.00524527901400053,False,0,False,0,quiet,0.2.0
1,353818863,15,120,16342,0.8484389453195896,,0.0022247340352128373,False,0,False,0,quiet,0.2.0
1,353854310,15,120,16341,0.7309953689575195,,0.0013149471277209457,False,0,False,0,quiet,0.2.0
1,353855077,15,120,13233,0.5897803544998169,,0.017920483735807312,False,0,False,0,quiet,0.2.0
1,353870001,15,120,12987,2.1208763122558594,,0.0069408150472085395,False,0,False,0,quiet,0.2.0
1,353872814,15,120,16335,0.5279214620590209,,0.01213013548349133,False,0,False,0,quiet,0.2.0
1,353894978,15,120,13235,3.599127101898193,1.6720753628627119,0.22252446215834876,False,0,True,10,dipper,0.2.0
1,353896849,15,120,16339,0.46491376161575315,,0.006373986205182112,False,0,False,0,quiet,0.2.0
1,353897292,15,120,15173,1.2755303621292113,,0.01555650576076042,False,0,False,0,quiet,0.2.0
1,353897394,15,120,16341,0.9535106420516967,,0.002215425531749141,False,0,False,0,quiet,0.2.0
1,353897791,15,120,13233,0.3388099908828735,6.072277765041522,0.11478780564289733,False,0,False,0,rotator,0.2.0
1,353933706,15,120,13235,1.0063558101654053,,0.05574320059484461,False,0,False,0,quiet,0.2.0
1,353939279,15,120,16341,48.72421706914901,2.2845711732371226,0.868375237852428,False,0,False,0,rotator,0.2.0
1,353988778,15,120,13235,0.30187139511108396,,0.010031651619656134,False,0,False,0,quiet,0.2.0
1,353991354,15,120,16343,0.8384531021118163,,0.007667254112154594,False,0,False,0,quiet,0.2.0
1,353992349,15,120,13236,0.8213093763980083,,0.09118409215334064,False,0,False,0,quiet,0.2.0
1,354034565,15,120,14399,1.7661597490310668,2.3730420962547893,0.32918104016507943,False,0,False,0,rotator,0.2.0
1,354034764,15,120,14473,0.573343563079834,,0.003222143031330796,False,0,False,0,quiet,0.2.0
1,354036070,15,120,15246,0.5011012136936188,,0.017493157414559892,False,0,False,0,quiet,0.2.0
1,354068527,15,120,15248,0.47242519855499265,,0.0044005552611903025,False,0,False,0,quiet,0.2.0
1,354080982,15,120,15248,1.0436921013501912,2.0976810543118063,0.266757732773269,False,0,False,0,rotator,0.2.0
1,354081508,15,120,13295,4.090286707878112,,0.001107794663970148,False,0,False,0,quiet,0.2.0
1,354088435,15,120,15248,0.6490322977881253,,0.002839135450693667,False,0,False,0,quiet,0.2.0
1,355835704,15,120,14781,1.4855854868888854,,0.001542557432757535,False,0,False,0,quiet,0.2.0
1,355835779,15,120,14747,7.56074731349945,,0.0011722594278104827,False,0,False,0,variable,0.2.0
1,355895910,15,120,17723,0.7589202404022216,3.617299649642626,0.12478415509496905,False,0,False,0,rotator,0.2.0
1,355896193,15,120,17747,0.6997124433517455,,0.0013820344104255595,False,0,False,0,quiet,0.2.0
1,355950542,15,120,14994,0.4251473180905784,,0.0040275022384349225,False,0,False,0,quiet,0.2.0
1,356108690,15,120,15631,3.5651047110557554,,0.024397317176987024,False,0,False,0,quiet,0.2.0
1,356108732,15,120,15643,1.8509948015213014,,0.0009359995181946101,False,0,False,0,quiet,0.2.0
1,356109646,15,120,16342,1.4383959032061158,,0.019005046697278035,False,0,False,0,quiet,0.2.0
1,356109662,15,120,16342,1.0280947923660277,,0.0020120769173309376,False,0,False,0,quiet,0.2.0
1,356286191,15,120,12611,0.10666240453720092,,0.018045969625424284,False,0,False,0,quiet,0.2.0
1,356289225,15,120,12081,16.753685688972475,,0.003938116192382782,False,0,False,0,variable,0.2.0
1,356394399,15,120,12532,0.9617732800110149,,0.005965196790678791,False,0,False,0,quiet,0.2.0
1,356517935,15,120,11935,3.6400423407554623,,0.005590861561226703,False,0,False,0,quiet,0.2.0
1,356613625,15,120,11524,94.21158202921099,,0.009366304134024474,False,0,False,0,variable,0.2.0
1,356665434,15,120,12608,5.5560329986800845,14.469185482573595,0.4904627540030453,False,0,False,0,rotator,0.2.0
1,356700209,15,120,16338,0.5244750536821798,,0.022346469864231302,False,0,False,0,quiet,0.2.0
1,356735835,15,120,16335,3.388806867599487,1.194695348584277,0.3920728049498816,False,0,False,0,rotator,0.2.0
1,356777168,15,120,12093,51.2699756026268,0.13927524062264612,0.17248667961319525,False,0,False,0,rotator,0.2.0
1,356784876,15,120,16400,1.0726331629564416,,0.0017868138591648406,False,0,False,0,quiet,0.2.0
1,356786247,15,120,17400,3.707291793823242,,0.0036081320129465657,False,0,False,0,quiet,0.2.0
1,356787666,15,120,17400,1.9945958612738803,,0.002404826854271168,False,0,False,0,quiet,0.2.0
1,356820610,15,120,17401,0.6352024555206298,,0.001392214141202894,False,0,False,0,quiet,0.2.0
1,356822026,15,120,17401,1.6231773376464842,,0.0032971129288578128,False,0,False,0,quiet,0.2.0
1,356893105,15,120,16283,3.388276648521423,5.661766884850541,0.26402761513372663,False,0,False,0,rotator,0.2.0
1,356918927,15,120,14950,1.5677251656219264,,0.004996868246744544,False,0,False,0,quiet,0.2.0
1,356919787,15,120,12934,1.0077697877746694,,0.006499872235538795,False,0,False,0,quiet,0.2.0
1,356970461,15,120,11018,3.8430719481983195,2.5042782253841156,0.35411715633929197,False,0,False,0,rotator,0.2.0
1,356975864,15,120,13232,16.374845133712597,,0.015786473203586678,False,0,False,0,variable,0.2.0
1,356975970,15,120,13234,1.179604823612879,,0.004819621627957462,False,0,False,0,quiet,0.2.0
1,356976616,15,120,13228,0.3443773117290325,,0.05607371967390283,False,0,False,0,quiet,0.2.0
1,356977884,15,120,12964,1.1954672457138524,,0.0024097753335852686,False,0,False,0,quiet,0.2.0
1,356981123,15,120,13235,0.9058792948722839,,0.001972339330547668,False,0,False,0,quiet,0.2.0
1,357033493,15,120,13232,0.5354328670839745,,0.001315191053035601,False,0,False,0,quiet,0.2.0
1,357034263,15,120,12998,3.6285100758075712,5.176062841338607,0.3742722679493628,False,0,False,0,rotator,0.2.0
1,357036318,15,120,13236,0.587305998802185,,0.001959565873055251,False,0,False,0,quiet,0.2.0
1,357045189,15,120,13221,11.561692106723784,,0.06592072739246904,False,1,False,0,variable,0.2.0
1,357045197,15,120,13236,0.873624300956726,,0.06858508435144083,False,0,False,0,quiet,0.2.0
1,357046661,15,120,13236,2.369239836014504,0.7443419527306312,0.3755752340910668,False,0,False,0,rotator,0.2.0
1,357046804,15,120,13230,0.48753644227981563,,0.015849908765293002,False,0,False,0,quiet,0.2.0
1,357048740,15,120,13217,0.8368624448776245,,0.02638549350931984,False,0,False,0,quiet,0.2.0
1,357098787,15,120,13234,4.080698336321214,7.210818950158426,0.18998370163472758,False,0,False,0,rotator,0.2.0
1,357100797,15,120,12513,2.56095814704895,,0.031666063971087836,False,0,False,0,quiet,0.2.0
1,357127533,15,120,13235,0.7203026175498962,,0.012465813439894783,False,0,False,0,quiet,0.2.0
1,357128937,15,120,13208,0.982672720631144,,0.09148896463495826,False,0,False,0,quiet,0.2.0
1,357172584,15,120,12570,1.8132166922092436,,0.039120365768586664,False,0,False,0,quiet,0.2.0
1,357175613,15,120,13240,1.2693443972263099,,0.007809467193051086,False,0,False,0,quiet,0.2.0
1,357177149,15,120,13316,0.6112100422382354,,0.0017835666166265258,False,0,False,0,quiet,0.2.0
1,357255127,15,120,13365,0.6136402130126953,,0.0037329541542414782,False,0,False,0,quiet,0.2.0
1,357303241,15,120,14844,72.12565485460595,,0.0009808704952507109,False,0,False,0,variable,0.2.0
1,357303635,15,120,14181,1.6788503408432007,,0.08751489062873843,False,0,False,0,quiet,0.2.0
1,357304194,15,120,14808,5.239978721140547,,0.004628193814578572,False,0,False,0,variable,0.2.0
1,357304354,15,120,17386,0.9972536565510238,,0.010757472869703777,False,0,False,0,quiet,0.2.0
1,357348573,15,120,15722,2.5371865827683635,,0.007071392279665553,False,0,False,0,quiet,0.2.0
1,357388197,15,120,14992,0.6790780639923195,,0.024320805522071432,False,0,False,0,quiet,0.2.0
1,357517143,15,120,17400,0.9441434383392333,,0.011521546253255723,False,0,False,0,quiet,0.2.0
1,357526042,15,120,13234,0.5743156313896179,,0.009808160680290843,False,0,False,0,quiet,0.2.0
1,357595938,15,120,16277,17.774357414245603,,0.006547567387217537,False,0,False,0,variable,0.2.0
1,357652817,15,120,12415,6.752693438529968,,0.02571756954900387,False,0,False,0,variable,0.2.0
1,357685774,15,120,12511,0.9022561311721802,,0.010106461971605694,False,0,False,0,quiet,0.2.0
1,357686299,15,120,12258,16.353855344423334,,0.010613137264890037,False,0,False,0,variable,0.2.0
1,357861159,15,120,12589,8.792799711227415,,0.02047075714711218,False,0,False,0,variable,0.2.0
1,357861261,15,120,12633,1.5281797528266907,3.02847745063078,0.40768900058672797,False,0,False,0,rotator,0.2.0
1,358425164,15,120,15157,3.6567442417144775,,0.034084575076225185,False,0,False,0,quiet,0.2.0
1,358623528,15,120,12546,64.97158965979783,,0.036542192210791594,False,0,False,0,variable,0.2.0
1,358626366,15,120,12579,36.08105478286743,2.1348089744692036,0.5627191677287681,False,0,False,0,rotator,0.2.0
1,358738822,15,120,15562,5.515206295251846,,0.006259190367931909,False,0,False,0,variable,0.2.0
1,358767556,15,120,14744,9.621354530332576,,0.0015863452243527077,False,0,False,0,variable,0.2.0
1,359483451,15,120,12184,5.785662382413816,,0.002731062793668356,False,0,False,0,variable,0.2.0
1,359493296,15,120,12229,2.6093848228454593,,0.010596531825760624,False,0,False,0,quiet,0.2.0
1,359496280,15,120,12947,40.44175322055817,,0.0015663772106505017,False,0,False,0,variable,0.2.0
1,359498248,15,120,11859,11.29808485507965,,0.0072082789479523835,False,0,False,0,variable,0.2.0
1,359498326,15,120,11878,2.430170629610382,,0.012938385721769584,False,0,False,0,quiet,0.2.0
1,359498749,15,120,11795,23.800562345981596,,0.011256576796397468,False,0,False,0,variable,0.2.0
1,359551900,15,120,13234,0.5341073513031006,,0.017252841410130594,False,0,False,0,quiet,0.2.0
1,359553996,15,120,12978,2.7525880768123843,,0.007526267864883541,False,0,False,0,quiet,0.2.0
1,359584385,15,120,11819,1.068479812145233,,0.0150835080971703,False,0,False,0,quiet,0.2.0
1,359585189,15,120,12056,1.3035436422688853,,0.006589718824908646,False,0,False,0,quiet,0.2.0
1,359588615,15,120,12939,2.0280879735946655,2.417964929652813,0.37917619207123027,False,0,False,0,rotator,0.2.0
1,359630325,15,120,11533,2.6463234186172486,,0.01509904159859918,False,0,False,0,quiet,0.2.0
1,359631482,15,120,13229,11.457504057884215,0.27800926564885187,0.899432455347027,False,0,False,0,rotator,0.2.0
1,359632110,15,120,12618,3.135141130234565,,0.05496818585357714,False,0,False,0,quiet,0.2.0
1,359633377,15,120,13216,5.0167119920253755,,0.007335186022895547,False,0,False,0,variable,0.2.0
1,359679515,15,120,13233,4.434398889541626,0.5711561873877572,0.4603765307172434,False,0,False,0,rotator,0.2.0
1,359981627,15,120,12377,0.995221209526062,,0.002823943165372934,False,0,False,0,quiet,0.2.0
1,359981912,15,120,12546,0.8813566887783016,,0.013524105411904075,False,0,False,0,quiet,0.2.0
1,360020620,15,120,13314,4.2912397384643555,0.5661926416807557,0.6131455942449042,False,0,False,0,rotator,0.2.0
1,362103238,15,120,14743,1.9651686429977415,,0.00522272484817341,False,0,False,0,quiet,0.2.0
1,362213394,15,120,12965,3.3585843801498414,,0.005753426913458649,False,0,False,0,quiet,0.2.0
1,364628248,15,120,16419,3.784350299835205,,0.17586627485052556,True,0,True,10,dipper,0.2.0
1,364691721,15,120,14867,1.2718188285827636,,0.08044308859739209,False,0,False,0,quiet,0.2.0
1,364695238,15,120,15124,0.4918665354331412,,0.005076314098603027,False,0,False,0,quiet,0.2.0
1,364766598,15,120,14984,1.5749715864658353,,0.03442434576209009,False,0,False,0,quiet,0.2.0
1,364767453,15,120,14939,1.5485931873321532,,0.0016116061301105259,False,0,False,0,quiet,0.2.0
1,364768696,15,120,15120,1.5684321710934586,5.425906861411487,0.36083917986819797,False,0,False,0,rotator,0.2.0
1,364814315,15,120,15031,32.85166711807251,0.27357779009969313,0.4917220238429366,False,0,False,0,rotator,0.2.0
1,364825739,15,120,15123,1.2468101620674132,,0.023302981720177546,False,0,False,0,quiet,0.2.0
1,364965061,15,120,13225,1.0037930846214294,,0.011627927540317792,False,0,False,0,quiet,0.2.0
1,365189801,15,120,16287,0.9796681165695189,,0.00347778302352172,False,0,False,0,quiet,0.2.0
1,365191267,15,120,17417,2.5680277347564697,0.6113762518069686,0.31190735438934014,False,0,False,0,rotator,0.2.0
1,365192787,15,120,15038,1.459825633173417,,0.012148382251368418,False,0,False,0,quiet,0.2.0
1,365192876,15,120,17610,0.6996682584285735,,0.026006751506083656,False,0,False,1,quiet,0.2.0
1,365193283,15,120,17612,0.6054218173027038,,0.005475094459307323,False,0,False,0,quiet,0.2.0
1,365415682,15,120,17607,0.41993350982666017,,0.026844896840097433,False,0,False,0,quiet,0.2.0
1,365663227,15,120,13317,1.1648913145065307,5.426010477790299,0.13630628627782967,False,0,False,0,rotator,0.2.0
1,365701169,15,120,17609,0.8224581599235534,,0.08278064043706371,False,0,False,0,quiet,0.2.0
1,365733349,15,120,13321,1.08544682264328,,0.015593015538302581,False,0,True,6,dipper,0.2.0
1,365755057,15,120,15221,28.57562699317932,,0.016924638808283637,False,0,False,0,variable,0.2.0
1,365757970,15,120,15189,6.36598699092865,,0.01706980793349558,False,0,False,0,variable,0.2.0
1,365763006,15,120,17595,2.0407248616218565,14.46921894900356,0.45654478529743375,False,13,False,0,flaring,0.2.0
1,365968608,15,120,13392,1.7058473797395046,,0.0036248205152779123,False,0,False,0,quiet,0.2.0
1,365968807,15,120,13590,1.458102464675903,,0.0033447789765012974,False,0,False,0,quiet,0.2.0
1,365977587,15,120,15108,5.2061769425868984,,0.003028229336364349,False,0,False,0,variable,0.2.0
1,366052630,15,120,15122,9.32536086813691,,0.034002392774071265,False,0,False,0,variable,0.2.0
1,366292607,15,120,15262,3.319083058834076,9.30166356401425,0.3538432347613585,False,0,False,0,rotator,0.2.0
1,366489325,15,120,13290,1.5418328940868378,,0.0019273485153643878,False,0,False,0,quiet,0.2.0
1,366491189,15,120,13295,2.5211033463478087,5.9192615595101605,0.4361419132605339,False,0,False,0,rotator,0.2.0
1,366514723,15,120,13316,0.7690827498113288,3.0284693027765517,0.15259427168881892,False,0,False,0,rotator,0.2.0
1,367166436,15,120,13187,4.417078399658203,0.6543714519383097,0.47519226685180144,False,0,False,0,rotator,0.2.0
1,367169308,15,120,12931,26.068751192092893,,0.008967141511569599,False,0,False,0,variable,0.2.0
1,367230017,15,120,13186,0.9665010094642639,5.208510131648927,0.3340688846035635,False,0,False,0,rotator,0.2.0
1,367601655,15,120,14938,9.366364478062524,,0.13273477293285577,True,0,False,0,variable,0.2.0
1,367603418,15,120,17745,0.7264001369476318,,0.03635266570413174,False,0,False,0,quiet,0.2.0
1,367613763,15,120,14416,1.0529266878090295,,0.008650944292137069,False,0,False,0,quiet,0.2.0
1,367614581,15,120,17748,1.3033226399623559,2.7130086960057778,0.21203287153956277,False,0,False,0,rotator,0.2.0
1,367681462,15,120,16442,1.1227388643402196,,0.004281939139769294,False,0,False,0,quiet,0.2.0
1,367681879,15,120,16694,1.2031554221166543,,0.003213043728850836,False,0,False,0,quiet,0.2.0
1,367682011,15,120,17737,6.1128073811531065,3.3390599474985736,0.4756179754976971,False,0,False,0,rotator,0.2.0
1,367738954,15,120,17747,6.080905866622925,,0.005183293095791208,False,0,False,0,variable,0.2.0
1,367739244,15,120,17748,1.2736304483899608,,0.001267111928825341,False,0,False,0,quiet,0.2.0
1,367753956,15,120,17748,2.3023879766464233,3.426964300063978,0.1560862448072529,False,0,False,0,rotator,0.2.0
1,367837910,15,120,17396,1.3015110969543455,,0.021016617773972755,False,0,False,0,quiet,0.2.0
1,367838785,15,120,17394,1.5049385280888834,0.4735412762108643,0.5665172575349621,False,0,False,0,rotator,0.2.0
1,367853801,15,120,17399,0.7803941130638122,,0.04394572027981501,False,0,False,0,quiet,0.2.0
1,367855932,15,120,16409,1.037108516693115,,0.0018124349347010702,False,0,False,0,quiet,0.2.0
1,367856353,15,120,17400,0.7889659881591797,,0.02232884465271649,False,0,False,0,quiet,0.2.0
1,367856400,15,120,17184,5.748988552421672,,0.021300030235886804,False,4,False,0,flaring,0.2.0
1,367856931,15,120,17398,1.0520430207252502,,0.0045395257775354995,False,0,False,0,quiet,0.2.0
1,368195981,15,120,12550,2.04832466840744,,0.013300592131218132,False,0,False,0,quiet,0.2.0
1,368307911,15,120,12882,0.9286344749549343,,0.0028212574046650005,False,0,False,0,quiet,0.2.0
1,368308682,15,120,12488,3.488797140789202,,0.008607590028998214,False,0,False,0,quiet,0.2.0
1,371507914,15,120,14993,1.794261360168457,,0.011636558297945743,False,0,False,0,quiet,0.2.0
1,371615493,15,120,13362,9.197842353710987,11.837775570148263,0.38290814331638173,False,0,False,0,rotator,0.2.0
1,371699559,15,120,13356,0.7940472306595078,,0.04814423825664139,False,0,False,0,quiet,0.2.0
1,371756009,15,120,12450,2.3554539991779926,7.234592545126981,0.39218428745161643,False,0,False,0,rotator,0.2.0
1,371758861,15,120,13364,0.6105914715108715,,0.06410572753251668,False,0,False,0,quiet,0.2.0
1,371759842,15,120,12716,1.5461188316345214,,0.09087687134734908,False,0,False,0,quiet,0.2.0
1,371760552,15,120,12680,4.579060464473381,,0.0022997167928335664,False,0,False,0,quiet,0.2.0
1,371917294,15,120,11074,2.6359839894781114,,0.04830711613839141,False,0,False,0,quiet,0.2.0
1,371923341,15,120,12372,0.8244464568958743,,0.06487038492358317,False,0,False,0,quiet,0.2.0
1,371926228,15,120,12335,0.6693132162094115,,0.005362315022634583,False,0,False,0,quiet,0.2.0
1,371967321,15,120,13103,0.6788571596145629,,0.005200561506215774,False,0,False,0,quiet,0.2.0
1,371967681,15,120,13366,0.4504211336625298,,0.002288305155912473,False,0,False,0,quiet,0.2.0
1,371974329,15,120,12608,2.5475701153278347,,0.4584489517666904,True,0,False,0,quiet,0.2.0
1,371979543,15,120,12232,8.700143408766781,5.661935500574906,0.8731544714732784,False,0,False,0,rotator,0.2.0
1,372045792,15,120,13367,3.057243204116821,0.24160376252163493,0.11512310899144877,False,0,False,0,rotator,0.2.0
1,372077696,15,120,12629,1.7490159988403318,4.200764810829455,0.5717212498522675,False,0,False,0,rotator,0.2.0
1,372084264,15,120,12314,1.8444995078742796,,0.05173912892867338,False,0,False,0,quiet,0.2.0
1,372682437,15,120,13318,0.19843448996543883,,0.0305280387161083,False,0,False,0,quiet,0.2.0
1,372685255,15,120,17613,3.1734495520591737,6.853887045004848,0.1769541208802595,False,0,False,0,rotator,0.2.0
1,373115917,15,120,12467,3.9810615777969356,,0.002229851383537768,False,0,False,0,quiet,0.2.0
1,373278389,15,120,12476,3.91876083612442,,0.003247981919660441,False,0,False,0,quiet,0.2.0
1,373445201,15,120,12461,6.051567077636718,7.660174835085762,0.3316258255365721,False,0,False,0,rotator,0.2.0
1,373675829,15,120,14787,2.410552668571472,,0.008096811831301322,False,0,False,0,quiet,0.2.0
1,375264406,15,120,17612,0.7475646928678544,,0.04109990818096804,False,0,False,0,quiet,0.2.0
1,375502881,15,120,16408,9.574916750940181,,0.005799522279210356,False,0,False,0,variable,0.2.0
1,375509170,15,120,17614,3.7123288750648498,,0.003880576181899544,False,0,False,0,quiet,0.2.0
1,376848173,15,120,17398,0.8511783599853515,,0.0021877296995308055,False,0,False,0,quiet,0.2.0
1,376849336,15,120,17401,0.7426601886749267,,0.003367479285149023,False,0,False,0,quiet,0.2.0
1,376849647,15,120,15145,0.9398133158683777,,0.00140626164988546,False,0,False,0,quiet,0.2.0
1,376867447,15,120,14436,3.1950118897858824,,0.021559024034496808,False,0,False,0,quiet,0.2.0
1,376868701,15,120,15260,2.067766034603119,,0.0035087544773015392,False,0,False,0,quiet,0.2.0
1,376869803,15,120,17348,2.873212913477036,10.01725912295858,0.5035826415847549,False,0,False,0,rotator,0.2.0
1,376871394,15,120,15600,2.1232621715508593,,0.001003956418825693,False,0,False,0,quiet,0.2.0
1,376872135,15,120,16344,4.090949237886116,,0.03184476363711659,False,0,False,0,quiet,0.2.0
1,376884274,15,120,17379,1.0173136711120605,,0.009322435506617453,False,0,False,0,quiet,0.2.0
1,376924915,15,120,16471,1.809991192817688,,0.0034700016958398683,False,0,False,0,quiet,0.2.0
1,376929834,15,120,13235,7.783616065979004,,0.004097766825646587,False,0,False,0,variable,0.2.0
1,376930890,15,120,13235,1.1508405089378357,,0.0036501197762316257,False,0,False,0,quiet,0.2.0
1,376973981,15,120,12923,3.2588148236274717,,0.011683874762103773,False,0,False,0,quiet,0.2.0
1,376975340,15,120,13231,0.3815809965133667,5.01626725578549,0.10196627691664367,False,0,False,0,rotator,0.2.0
1,376996664,15,120,12038,0.9578407074307973,,0.018989324220694468,False,0,False,0,quiet,0.2.0
1,376998123,15,120,12181,1.2689026236534118,,0.001373588499021296,False,0,False,0,quiet,0.2.0
1,376998756,15,120,13233,0.5024709463119507,,0.0019119501563396885,False,0,False,0,quiet,0.2.0
1,377050242,15,120,13234,1.214069061632808,,0.0012873506634429044,False,0,False,0,quiet,0.2.0
1,377051091,15,120,13235,2.0576035022735595,,0.0013113251325668686,False,0,False,0,quiet,0.2.0
1,377052490,15,120,13231,0.4234683036804199,,0.005622379912854471,False,0,False,0,quiet,0.2.0
1,377055576,15,120,11520,3.0225138545036314,,0.03125672583648195,False,0,False,0,quiet,0.2.0
1,377099548,15,120,12239,1.9635779857635496,5.3299825022634195,0.11401907134998975,False,0,False,0,rotator,0.2.0
1,377104607,15,120,12072,1.4212523234636978,,0.004132454576628462,False,0,False,0,quiet,0.2.0
1,377160857,15,120,12984,1.450679397583008,,0.0014147410181981099,False,0,False,0,quiet,0.2.0
1,377162746,15,120,13234,1.5889782071113585,,0.0011398868580748897,False,0,False,0,quiet,0.2.0
1,377165441,15,120,11882,24.456222420930864,,0.024433687038918357,False,0,False,0,variable,0.2.0
1,377197786,15,120,12262,2.8757757246494293,5.600304485202457,0.2503451864392743,False,0,False,0,rotator,0.2.0
1,377252256,15,120,11987,4.003772628307342,,0.017388470970748686,False,0,False,0,quiet,0.2.0
1,377252990,15,120,11504,1.5779761612415313,,0.009924508334876665,False,0,False,0,quiet,0.2.0
1,377253090,15,120,11087,119.67645506858825,0.21227929041102822,0.7428079736634843,False,0,True,4,dipper,0.2.0
1,377253308,15,120,10816,2.535949329379241,,0.015307308301751628,False,0,False,0,quiet,0.2.0
1,377254202,15,120,10852,1.5698902267283066,1.7889972395747686,0.22675191717832613,False,0,False,0,rotator,0.2.0
1,377255217,15,120,12019,1.7874568819999694,,0.0091410648212148,False,0,False,0,quiet,0.2.0
1,377255486,15,120,12143,2.5097036361694336,,0.0017251524656310628,False,0,False,0,quiet,0.2.0
1,377292202,15,120,11808,38.77960478067398,,0.05071016691273411,False,0,False,0,variable,0.2.0
1,377292209,15,120,13230,0.5404257953166962,,0.0015800287422290977,False,0,False,0,quiet,0.2.0
1,377292556,15,120,11508,1.1253016233444215,,0.015733984714910547,False,0,False,0,quiet,0.2.0
1,377294779,15,120,12158,11.417649937728044,6.2063673878458925,0.7861753642344567,False,0,False,0,rotator,0.2.0
1,377304523,15,120,13232,1.3699977687000562,,0.0354951297029648,False,0,False,0,quiet,0.2.0
1,377307592,15,120,11064,43.5595752525203,0.5966858875958905,0.3876492657297403,False,0,True,12,dipper,0.2.0
1,377307723,15,120,10839,4.084896147251129,11.921257836702607,0.21959410852254244,False,0,False,0,rotator,0.2.0
1,377731192,15,120,13230,1.0567266855673005,0.34235502658623956,0.6305669195809744,False,0,False,0,rotator,0.2.0
1,377784111,15,120,13316,0.43910976648330685,,0.0785177187897517,False,1,False,0,quiet,0.2.0
1,377784275,15,120,12471,18.47406985759735,,0.01052563461666694,False,0,False,0,variable,0.2.0
1,377784967,15,120,12486,2.3705651011557785,,0.011052066347162035,False,0,False,0,quiet,0.2.0
1,378162762,15,120,13136,5.362679780641801,,0.08190621780397672,False,0,False,0,variable,0.2.0
1,378395625,15,120,13203,39.65384767055511,1.278138792292427,0.8812036143864325,False,0,False,0,rotator,0.2.0
1,378402173,15,120,13212,15.664571050865318,,0.023826366776296296,False,2,False,0,variable,0.2.0
1,378709444,15,120,13212,2.294169580936432,6.767033034933213,0.2206618223159003,False,0,False,0,rotator,0.2.0
1,378913374,15,120,13205,0.285964822769165,,0.0832761537177516,False,0,False,0,quiet,0.2.0
1,380724398,15,120,13211,129.06963951587676,9.58607163140632,0.9725313894610604,False,1,False,0,rotator,0.2.0
1,381009148,15,120,13212,43.504915907832505,4.26072955917831,0.3305646386975081,False,1,False,2,rotator,0.2.0
1,381020560,15,120,13212,16.095861032481817,,0.01301124570645383,False,0,False,0,variable,0.2.0
1,381126448,15,120,12983,23.740294110774993,,0.008769301207302994,False,0,False,0,variable,0.2.0
1,383622159,15,120,12882,1.4170105705863576,,0.007699288520856334,False,0,False,0,quiet,0.2.0
1,383622780,15,120,16339,2.531707727909088,,0.0749268683296256,False,0,False,0,quiet,0.2.0
1,383646199,15,120,11927,1.3830764651298522,,0.011984081301592753,False,0,False,0,quiet,0.2.0
1,383646959,15,120,15456,1.5675042410192344,,0.008569875955641657,False,0,False,0,quiet,0.2.0
1,383647032,15,120,16339,0.46553235054016107,,0.018226536713055144,False,0,False,0,quiet,0.2.0
1,383673122,15,120,16283,1.1219435691833495,,0.004148971735318485,False,0,False,0,quiet,0.2.0
1,383673617,15,120,11939,3.483362603187561,5.845008205245977,0.5400132195559793,False,0,False,0,rotator,0.2.0
1,383675945,15,120,13233,0.47171823978424066,14.42180945782951,0.2105734379849139,False,0,False,0,rotator,0.2.0
1,383676981,15,120,15211,3.8085636377334593,,0.5037142114848017,True,0,False,0,quiet,0.2.0
1,387286693,15,120,13322,1.7866615533828736,,0.003363769000722712,False,0,False,0,quiet,0.2.0
1,387288483,15,120,13321,0.8513550996780395,6.853931196036456,0.18903991602221396,False,0,False,0,rotator,0.2.0
1,387323841,15,120,12702,2.689094504389003,,0.004413424874625746,False,0,False,0,quiet,0.2.0
1,387358784,15,120,13319,0.512986958026886,,0.004862533511324663,False,0,False,0,quiet,0.2.0
1,387359292,15,120,13321,1.2296664118766782,,0.005233998776442305,False,0,False,0,quiet,0.2.0
1,387405132,15,120,13321,1.6353723764419554,,0.00939695861517765,False,0,False,0,quiet,0.2.0
1,387444984,15,120,13322,3.5352800986337716,,0.012285730117757982,False,0,False,0,quiet,0.2.0
1,387447214,15,120,13322,0.6431557416915893,,0.002452140525888871,False,0,False,0,quiet,0.2.0
1,387472905,15,120,16380,1.7523741052262218,,0.004362993257733175,False,0,False,0,quiet,0.2.0
1,387530861,15,120,13322,1.7246701575717378,,0.005231725258766207,False,0,False,0,quiet,0.2.0
1,387661612,15,120,12643,43.71355841159821,,0.0026127880497469566,False,0,False,0,variable,0.2.0
1,388101827,15,120,17615,3.690501523017883,,0.022397984868147657,False,0,False,0,quiet,0.2.0
1,389913624,15,120,13233,0.9856772661209106,,0.034217994843194405,False,0,False,0,quiet,0.2.0
1,389913701,15,120,13235,11.951491498947142,,0.0013227345941601292,False,0,False,0,variable,0.2.0
1,389914612,15,120,12942,1.315031605062985,,0.009032971377104545,False,0,False,0,quiet,0.2.0
1,389914634,15,120,12927,1.1631239175796508,,0.029801483444631086,False,0,False,0,quiet,0.2.0
1,389914715,15,120,12922,1.8618641816458594,,0.01351326632789948,False,0,False,0,quiet,0.2.0
1,389916011,15,120,12229,2.1571079492568965,,0.03789995728390871,False,0,False,0,quiet,0.2.0
1,389917444,15,120,13236,4.1557244552456005,0.43702194360399665,0.8511481937655676,False,0,False,0,rotator,0.2.0
1,389918154,15,120,12739,1.2893160581588745,,0.003028062623101827,False,0,False,0,quiet,0.2.0
1,389959327,15,120,12958,2.2468033432960506,,0.002836069766061085,False,0,False,0,quiet,0.2.0
1,389959930,15,120,13220,3.878022336959839,,0.0016278347910752312,False,0,False,0,quiet,0.2.0
1,389961462,15,120,12948,3.1920953993740437,,0.002785391854896575,False,0,False,0,quiet,0.2.0
1,389966007,15,120,13235,0.5651251673698424,,0.03072260517415872,False,0,False,0,quiet,0.2.0
1,389967379,15,120,13207,1.7031520485877991,,0.003913732694906329,False,0,False,0,quiet,0.2.0
1,389968886,15,120,12539,1.084916603565216,,0.006496576002128462,False,0,False,0,quiet,0.2.0
1,390017653,15,120,13233,0.542767596244812,,0.04029189904601627,False,0,False,0,quiet,0.2.0
1,390017760,15,120,12218,3.4864998366385644,,0.00649375659745028,False,0,False,0,quiet,0.2.0
1,390022437,15,120,12255,1.9632245063781737,,0.0011599798713646352,False,0,False,0,quiet,0.2.0
1,392536805,15,120,13234,5.772539115770486,0.5244270292411515,0.18132777640441328,False,0,True,4,dipper,0.2.0
1,392537606,15,120,12303,1.3345614194869992,,0.006149674176638586,False,0,False,0,quiet,0.2.0
1,392569402,15,120,12960,1.7043449907200041,,0.007683480158556547,False,0,False,0,quiet,0.2.0
1,392569529,15,120,12917,1.4332705378532409,,0.008569345476593222,False,0,False,0,quiet,0.2.0
1,392569693,15,120,12942,2.585480702356079,,0.007727887292673467,False,0,False,0,quiet,0.2.0
1,393893712,15,120,15248,3.3599984979628617,,0.006206042762659021,False,2,False,0,quiet,0.2.0
1,393893813,15,120,15240,0.3979293943685654,,0.06388086538300641,False,0,False,0,quiet,0.2.0
1,394130811,15,120,16400,7.010777992652534,,0.0022989399063970584,False,0,False,0,variable,0.2.0
1,394880783,15,120,12634,9.367424637079237,,0.0048675296964720725,False,0,False,0,variable,0.2.0
1,394885751,15,120,12642,6.632510447502136,,0.03175664941392298,False,0,False,0,variable,0.2.0
1,394979552,15,120,17606,0.5571276796720124,1.4002645303542898,0.2034243419369541,False,0,False,0,rotator,0.2.0
1,395085556,15,120,12536,9.62391782927758,0.4241841196638475,0.44903852946068934,False,0,False,0,rotator,0.2.0
1,396942550,15,120,12876,7.241113147669247,,0.04216894873038537,False,1,False,0,variable,0.2.0
1,397660644,15,120,13369,0.3495911121368408,,0.02551258366844647,False,0,False,0,quiet,0.2.0
1,39889931,15,120,13211,1.3951831340789793,5.001739167029546,0.37039649344569836,False,0,False,0,rotator,0.2.0
1,39894739,15,120,13210,1.0397154271602629,7.6693253097563066,0.31504920161512884,False,2,False,0,rotator,0.2.0
1,39957038,15,120,13207,0.48974568843841554,,0.008091738324916106,False,0,False,0,quiet,0.2.0
1,399573357,15,120,12657,9.269996881484985,2.1703872879994415,0.8420608212257066,False,0,False,0,rotator,0.2.0
1,399788371,15,120,13236,0.5119264893575615,,0.0013655566786715935,False,0,False,0,quiet,0.2.0
1,399788405,15,120,12174,98.41604270386823,0.21530222004310118,0.8883879001372663,False,0,False,0,rotator,0.2.0
1,399788684,15,120,13232,0.10471826791763304,,0.03269653143210516,False,0,False,0,quiet,0.2.0
1,399896673,15,120,13269,2.32200608253479,6.511186927343999,0.1618297494889026,False,0,False,0,rotator,0.2.0
1,399897863,15,120,12717,1.2104901552200318,,0.0705966261201828,False,0,False,0,quiet,0.2.0
1,40038743,15,120,13210,3.614680194854736,1.797490921005469,0.15470766553026893,False,0,True,12,dipper,0.2.0
1,400404555,15,120,12910,3.1048301813107617,,0.011872655463600208,False,0,False,0,quiet,0.2.0
1,400405008,15,120,12439,2.726828348636627,,0.007086487713723385,False,0,False,0,quiet,0.2.0
1,400475748,15,120,13011,5.4580751895904545,,0.09291542487896566,False,0,False,0,variable,0.2.0
1,40089513,15,120,13199,29.05423808097839,,0.01293677178344744,False,0,False,0,variable,0.2.0
1,402655780,15,120,13322,1.4795320642273386,,0.015774255398080812,False,0,False,0,quiet,0.2.0
1,402658977,15,120,13322,1.3642979134409996,,0.009558833541526776,False,0,False,1,quiet,0.2.0
1,402894111,15,120,13322,1.583278352022171,5.919271657216426,0.17075422135562318,False,0,False,0,rotator,0.2.0
1,402894267,15,120,13321,1.6078009843826293,,0.0032653426677821187,False,0,False,0,quiet,0.2.0
1,403114052,15,120,13322,1.6550346672534941,,0.07624767837228782,False,0,False,0,quiet,0.2.0
1,403118278,15,120,12385,1.7965589761734007,,0.04258637640211512,False,0,False,0,quiet,0.2.0
1,403329165,15,120,13322,1.5273844242095946,,0.006904164443143351,False,0,False,0,quiet,0.2.0
1,403329393,15,120,13322,2.97877069178907,,0.04369983153535146,False,0,False,0,quiet,0.2.0
1,403329682,15,120,12844,3.4649816751480103,3.2556175003036576,0.2935711446214701,False,0,False,0,rotator,0.2.0
1,403332896,15,120,13322,1.1839792013168333,,0.02136427107225293,False,0,False,0,quiet,0.2.0
1,403332947,15,120,13322,1.8251023277579348,,0.010011112828779263,False,0,False,0,quiet,0.2.0
1,403589200,15,120,13322,1.082088768482208,,0.014888080152167237,False,0,False,0,quiet,0.2.0
1,405503628,15,120,15680,1.5917176249111404,,0.0011892396821241151,False,0,False,0,quiet,0.2.0
1,405503630,15,120,15720,0.6827453921589021,,0.01354956745221892,False,0,False,0,quiet,0.2.0
1,405525554,15,120,15645,1.299125111103058,,0.0019129009891748776,False,0,False,0,quiet,0.2.0
1,405736604,15,120,13212,1.2725700102022293,,0.03248134873355661,False,0,False,0,quiet,0.2.0
1,405758050,15,120,15119,0.46296962499618527,,0.010207182438314153,False,0,False,0,quiet,0.2.0
1,405903635,15,120,15122,1.1553031861782073,0.22260159603188878,0.2421968485265664,False,0,False,0,rotator,0.2.0
1,40623328,15,120,13212,3.2095484429867,2.347750111173354,0.1835721824685608,False,0,True,4,dipper,0.2.0
1,406291410,15,120,13209,4.262254428863526,7.190004947214419,0.6135172422795535,False,14,False,0,flaring,0.2.0
1,406421379,15,120,13164,29.366627238191796,,0.31016693609189555,True,0,True,9,dipper,0.2.0
1,406429595,15,120,13195,0.32060580253601073,,0.043685790828975224,False,0,False,0,quiet,0.2.0
1,406484174,15,120,12918,3.6423399567604062,0.30290226956696037,0.187808176157452,False,0,False,0,rotator,0.2.0
1,406710607,15,120,12971,4.802724409103393,,0.012840431251769025,False,0,False,0,quiet,0.2.0
1,406855037,15,120,16410,16.388453114032746,3.946159399948094,0.6934447553294706,False,0,False,0,rotator,0.2.0
1,406927364,15,120,12004,5.054755361519914,,0.006078717182479112,False,0,False,0,variable,0.2.0
1,406927845,15,120,11552,17.839353967885792,,0.007322703639355,False,0,False,0,variable,0.2.0
1,406929098,15,120,12176,1.5127592146396638,,0.005288027541368418,False,0,False,0,quiet,0.2.0
1,406929176,15,120,11868,1.1514148786242342,,0.003913647651593771,False,0,False,0,quiet,0.2.0
1,406947878,15,120,14439,18.061029195785522,0.6151312519437462,0.6615901195511715,False,0,True,5,dipper,0.2.0
1,406955117,15,120,13234,1.3502912521362302,,0.02422422331339831,False,0,False,0,quiet,0.2.0
1,407000678,15,120,14888,0.6219028121800068,,0.003526438569748243,False,0,False,0,quiet,0.2.0
1,407001064,15,120,14751,1.5729832649230957,7.100388732290894,0.18542809149194775,False,0,False,0,rotator,0.2.0
1,407001905,15,120,15091,1.731695508956909,8.681348346277824,0.26597637926997525,False,6,False,0,flaring,0.2.0
1,407660801,15,120,11734,0.9009305834770203,,0.011775396474073952,False,0,False,0,quiet,0.2.0
1,407690266,15,120,11039,12.301170980930328,,0.08726589468008736,False,0,False,0,variable,0.2.0
1,407690873,15,120,11226,1.2834836483001708,,0.01891106022157554,False,0,False,0,quiet,0.2.0
1,407695924,15,120,12248,1.0729425213617838,,0.09491705054533126,False,0,False,0,quiet,0.2.0
1,407697168,15,120,11983,1.2529960513114928,,0.056218036823235826,False,0,False,0,quiet,0.2.0
1,407742758,15,120,12151,0.8658477544784545,,0.023994372284158984,False,0,False,0,quiet,0.2.0
1,407742842,15,120,12184,218.97123153977205,,0.045623535232037445,False,0,False,0,variable,0.2.0
1,408328383,15,120,12923,8.448687529563903,,0.09186704100596225,False,1,False,0,variable,0.2.0
1,408478747,15,120,13060,31.35631676316261,,0.015058874184025947,False,0,False,0,variable,0.2.0
1,408479079,15,120,13014,1.2062925515683725,,0.02849471628810285,False,0,False,0,quiet,0.2.0
1,408479262,15,120,13062,2.079916888475418,9.301415744232681,0.13353101952149937,False,0,False,0,rotator,0.2.0
1,40957316,15,120,13210,2.6733203270041845,6.054738255938541,0.22258956060325485,False,0,False,0,rotator,0.2.0
1,41195655,15,120,13208,0.24557980298995968,8.217112290221037,0.19597192538058694,False,0,False,0,rotator,0.2.0
1,41327931,15,120,13211,2.201557981967926,0.11147269293528402,0.3412484840258292,False,0,False,0,rotator,0.2.0
1,41444401,15,120,13212,13.77783111333847,,0.04032375545324632,False,0,False,0,variable,0.2.0
1,41536849,15,120,13180,12.238428025292515,,0.020531215802932008,False,0,False,3,variable,0.2.0
1,416193620,15,120,17401,0.8172443389892577,,0.0026525062852846286,False,0,False,0,quiet,0.2.0
1,416194616,15,120,11535,2.0887980580329892,,0.01858623409020938,False,0,False,0,quiet,0.2.0
1,416267333,15,120,13232,1.5093569755554197,6.786684484538375,0.30790026669012244,False,0,False,0,rotator,0.2.0
1,416403372,15,120,13201,1.1215017199516295,,0.0011210606160640918,False,0,False,0,quiet,0.2.0
1,416404269,15,120,13236,14.685257318176548,0.4337368584738402,0.9207444287290958,False,0,False,0,rotator,0.2.0
1,416406218,15,120,14124,3.3829744577407834,,0.00312034849704018,False,0,False,0,quiet,0.2.0
1,416448774,15,120,13211,1.1929045557975768,,0.0035253193416523785,False,0,False,0,quiet,0.2.0
1,416450230,15,120,14412,2.0977675349185603,,0.003698820581531868,False,0,False,0,quiet,0.2.0
1,416487980,15,120,15300,7.737443282451825,,0.0018320165549618064,False,0,False,0,variable,0.2.0
1,416537241,15,120,17746,18.67935301065445,8.13857227080618,0.9402051725358684,False,0,False,0,rotator,0.2.0
1,416537441,15,120,17748,1.0473594188690185,,0.09646117128851238,False,0,False,0,quiet,0.2.0
1,416537628,15,120,16371,5.817917203903198,,0.0026257901881900523,False,0,False,0,variable,0.2.0
1,416540930,15,120,15249,0.6063938856124877,,0.01824067469603339,False,0,False,0,quiet,0.2.0
1,416540993,15,120,14764,1.132459580898285,,0.0011814068857854095,False,0,False,0,quiet,0.2.0
1,416576379,15,120,13803,1.023322820663452,6.868814323135318,0.18083162889048054,False,0,False,0,rotator,0.2.0
1,416591955,15,120,14794,2.1431013924807725,,0.004683853213901832,False,0,False,0,quiet,0.2.0
1,416636177,15,120,13136,4.648695489841968,,0.021951734735290825,False,0,False,0,quiet,0.2.0
1,416686408,15,120,12573,42.188206493854516,,0.028809741895812414,False,0,False,0,variable,0.2.0
1,416917767,15,120,12637,0.3879436254501343,,0.00782829635218413,False,0,False,0,quiet,0.2.0
1,417117924,15,120,15249,0.9725985288619994,,0.0017324019172893816,False,0,False,0,quiet,0.2.0
1,417205305,15,120,12643,10.834408271312714,5.426006418873091,0.10755624671580215,False,0,False,0,rotator,0.2.0
1,417268287,15,120,12598,23.89737222484863,,0.004259557550927761,False,0,False,0,variable,0.2.0
1,417277789,15,120,12643,37.40978379249572,3.028471032139694,0.3164943654468601,False,0,True,9,dipper,0.2.0
1,417278222,15,120,12639,0.2272872447967529,,0.02298812360450631,False,0,False,0,quiet,0.2.0
1,417657277,15,120,14143,1.0466524600982665,,0.0027917118678928085,False,0,False,0,quiet,0.2.0
1,417676374,15,120,13669,1.9670244097709653,,0.002539891720525781,False,0,False,0,quiet,0.2.0
1,417699807,15,120,12330,1.5010943949222564,,0.028104166765937435,False,0,False,0,quiet,0.2.0
1,417868347,15,120,17744,0.46279288530349727,,0.019094675418590102,False,0,False,0,quiet,0.2.0
1,417920946,15,120,17742,0.4856806755065918,,0.01276010983302775,False,0,False,0,quiet,0.2.0
1,417921531,15,120,17740,0.6018869875736839,,0.027976011848372246,False,0,False,0,quiet,0.2.0
1,417921620,15,120,17747,1.1721376419067382,,0.008167655552236494,False,0,False,0,quiet,0.2.0
1,417930917,15,120,17742,0.5584532273276679,,0.0017439444551925647,False,0,False,0,quiet,0.2.0
1,417936930,15,120,15242,1.9657873490922062,,0.005068082799152115,False,0,False,0,quiet,0.2.0
1,417936956,15,120,15248,1.7342582345008848,5.5302091446204,0.11586032590154717,False,0,False,0,rotator,0.2.0
1,418361542,15,120,13104,4.536068532945768,16.277516700406096,0.5108549465308261,False,6,False,0,flaring,0.2.0
1,418477085,15,120,12642,0.4893922090530395,,0.011244602838526751,False,0,False,0,quiet,0.2.0
1,418534096,15,120,12633,1.9709126830101011,,0.02053632658741005,False,0,False,0,quiet,0.2.0
1,418534736,15,120,12437,10.522727823257446,,0.014574521627574727,False,0,False,0,variable,0.2.0
1,418544237,15,120,12778,1.2075740222677005,,0.00741575671314588,False,0,False,0,quiet,0.2.0
1,418645627,15,120,11241,3.942178845405578,2.770721415893512,0.5702913055221186,False,0,False,0,rotator,0.2.0
1,418648729,15,120,11236,1.2805232202850811,0.8919455034746088,0.11466546797427737,False,0,False,0,rotator,0.2.0
1,418745225,15,120,11281,0.7230420827865601,,0.005839204805616095,False,0,False,0,quiet,0.2.0
1,418749787,15,120,12248,0.8418995763003574,5.661925544230431,0.12434548115338986,False,0,False,0,rotator,0.2.0
1,418906617,15,120,12488,6.636221981048584,,0.004302227826554318,False,0,False,0,variable,0.2.0
1,418925804,15,120,13366,0.5182449638843536,4.069498114343908,0.18613790909858777,False,0,False,0,rotator,0.2.0
1,419355135,15,120,13157,1.14651038646698,3.2555173338140833,0.568144028072459,False,0,False,0,rotator,0.2.0
1,419411750,15,120,12324,1.6131916411633276,7.234463946424324,0.21873421479699817,False,0,False,0,rotator,0.2.0
1,419476981,15,120,12305,1.3166223406791686,,0.03847509572973839,False,0,False,0,quiet,0.2.0
1,419519973,15,120,13198,1.4189546227455139,,0.011061586910554567,False,0,False,0,quiet,0.2.0
1,419599030,15,120,13274,1.7263933181762696,,0.009348374900457158,False,0,False,0,quiet,0.2.0
1,419701392,15,120,11514,1.4860715653321614,,0.09491442411345127,False,0,False,0,quiet,0.2.0
1,419711461,15,120,12535,1.4352146744728087,,0.033953272487171685,False,0,False,0,quiet,0.2.0
1,419712560,15,120,12637,0.7250745892524719,,0.031062294109298408,False,0,False,0,quiet,0.2.0
1,419798509,15,120,12303,11.944421911239624,,0.05220786232746482,False,0,False,0,variable,0.2.0
1,420106897,15,120,17400,1.7715944417835936,,0.0030957032873360187,False,0,False,0,quiet,0.2.0
1,420112255,15,120,16434,1.0911908626556395,,0.004152583948836502,False,0,False,0,quiet,0.2.0
1,420112589,15,120,15644,5.51657619227696,,0.032428537025828645,False,1,False,0,variable,0.2.0
1,420130716,15,120,17401,0.8152118325233458,,0.0032885128975058174,False,0,False,0,quiet,0.2.0
1,420132403,15,120,15580,4.720231298215129,,0.002951943750055596,False,0,False,0,quiet,0.2.0
1,420136179,15,120,15730,2.3150248646736147,,0.0094509660868744,False,0,False,0,quiet,0.2.0
1,420136838,15,120,17401,0.7918821930885315,,0.012996186293244292,False,0,False,0,quiet,0.2.0
1,420137203,15,120,15673,7.215928173065185,,0.01224510888057654,False,0,False,0,variable,0.2.0
1,420137493,15,120,17399,1.3490540742874144,2.034754567225665,0.11409235536387811,False,0,False,0,rotator,0.2.0
1,420174472,15,120,15666,1.8783453249438204,,0.005089465872751741,False,0,False,0,quiet,0.2.0
1,420175275,15,120,15649,4.468421280384064,5.086599544945662,0.5752160247800849,False,0,False,0,rotator,0.2.0
1,420175617,15,120,15676,3.9758477568626405,,0.0015051095796714525,False,0,False,0,quiet,0.2.0
1,420900133,15,120,13235,4.144457423686982,,0.0037240775011358604,False,0,False,0,quiet,0.2.0
1,420956733,15,120,12632,174.241084660324,,0.012042167736995204,False,0,False,0,variable,0.2.0
1,421330456,15,120,13230,0.4646044809998417,,0.002543936861382699,False,0,False,0,quiet,0.2.0
1,421331051,15,120,13230,0.9843517770976885,,0.005829714248655396,False,0,False,0,quiet,0.2.0
1,421332985,15,120,13230,0.7204793572425842,,0.006665963688916991,False,0,False,0,quiet,0.2.0
1,421335923,15,120,13215,3.058303642272949,,0.00810042149097255,False,0,False,0,quiet,0.2.0
1,421442360,15,120,17609,8.571521615982055,2.6044700373741985,0.4859952870957443,False,6,False,0,flaring,0.2.0
1,422355010,15,120,13322,3.646493556886527,,0.010941878696620305,False,0,False,0,quiet,0.2.0
1,422355975,15,120,13321,2.6300633668899533,5.661925157402563,0.4093153817386891,False,0,False,0,rotator,0.2.0
1,422384877,15,120,13321,1.686626887321472,,0.07849270578384847,False,0,False,0,quiet,0.2.0
1,42247329,15,120,13203,0.7773011684417724,5.229079840798208,0.1430807168947989,False,2,False,1,rotator,0.2.0
1,423025131,15,120,16339,0.5857153415679932,,0.004765214543511176,False,0,False,0,quiet,0.2.0
1,42357783,15,120,13212,27.918333740135054,,0.01891887270758331,False,0,False,0,variable,0.2.0
1,424383229,15,120,17389,0.4353098630905151,,0.010134717512929872,False,0,False,0,quiet,0.2.0
1,424383364,15,120,17399,36.876560139656064,,0.0028221887102507035,False,0,False,0,variable,0.2.0
1,424388839,15,120,17381,1.7221515655517576,,0.004458237982650183,False,0,False,0,quiet,0.2.0
1,424389265,15,120,16521,7.990754985809326,0.45374222229568223,0.16125237329338016,False,1,False,0,rotator,0.2.0
1,424391516,15,120,17356,1.402782940864563,,0.006311520949048864,False,0,False,0,quiet,0.2.0
1,424439672,15,120,11833,2.0035211563110353,,0.006934558428877265,False,0,False,0,quiet,0.2.0
1,424699511,15,120,13000,1.2629376590251922,,0.0029408474271302183,False,0,False,0,quiet,0.2.0
1,424702245,15,120,13232,0.6235376358032226,,0.011687019937218053,False,0,False,0,quiet,0.2.0
1,424719921,15,120,13236,1.0069743990898132,,0.0054152984222660865,False,0,False,0,quiet,0.2.0
1,424723399,15,120,13209,1.0033512353897094,,0.0051963920788255765,False,0,False,0,quiet,0.2.0
1,424723871,15,120,13010,1.1614890754222869,,0.002081492223536816,False,0,False,0,quiet,0.2.0
1,424730417,15,120,15604,1.4183361183605265,,0.0010850565293890311,False,0,False,0,quiet,0.2.0
1,424730920,15,120,15634,1.3596143114451857,,0.002401073522026192,False,0,False,0,quiet,0.2.0
1,424731143,15,120,15628,1.6955964772581003,,0.004096563880910551,False,0,False,0,quiet,0.2.0
1,424731392,15,120,15271,1.5962245345115662,,0.002754957247734628,False,0,False,0,quiet,0.2.0
1,424731749,15,120,16340,3.3478474438190458,9.30146056889214,0.38412051864029284,False,0,False,0,rotator,0.2.0
1,424872964,15,120,13229,0.5212053537368774,,0.036581467759698325,False,0,False,0,quiet,0.2.0
1,424902670,15,120,13233,1.5777552366256713,,0.0031522033602510145,False,0,False,0,quiet,0.2.0
1,427528304,15,120,12942,10.050920914086078,,0.0015503523882391707,False,0,False,0,variable,0.2.0
1,427854149,15,120,12608,0.45992086529731746,2.1346954641914087,0.18658155598038836,False,0,False,0,rotator,0.2.0
1,42836593,15,120,13211,1.4872645139694214,6.767042675970809,0.21306491664074884,False,3,False,0,flaring,0.2.0
1,42843268,15,120,13211,15.580841088294981,,0.013000107105578512,False,0,False,0,variable,0.2.0
1,428832333,15,120,13161,1.628037679195404,,0.006651293276482997,False,0,False,0,quiet,0.2.0
1,429368890,15,120,17605,0.5543440461158753,,0.0019418212671486483,False,0,False,0,quiet,0.2.0
1,429684827,15,120,13194,0.4417608618736267,0.28432653422399495,0.2052036286813857,False,0,False,0,rotator,0.2.0
1,429685629,15,120,12891,6.636752200126648,,0.013722391913582196,False,0,False,0,variable,0.2.0
1,429691774,15,120,12553,2.6860898494720455,,0.020762019502698372,False,0,False,0,quiet,0.2.0
1,429692334,15,120,12900,0.9932770137025704,,0.011379303773994175,False,0,False,0,quiet,0.2.0
1,429884763,15,120,13195,0.693349814414978,,0.0032476139877287953,False,0,False,0,quiet,0.2.0
1,430101811,15,120,13327,2.2423848509788513,5.919190859757618,0.39186684146944467,False,0,False,0,rotator,0.2.0
1,430322214,15,120,13359,1.0755493998527526,10.017176661312726,0.21768676608144544,False,0,False,0,rotator,0.2.0
1,430489688,15,120,13368,0.978475123643875,,0.008648804021029277,False,0,False,0,quiet,0.2.0
1,43064903,15,120,13211,6.957004523277282,,0.01424587013437774,False,0,False,0,variable,0.2.0
1,430671434,15,120,13359,0.3478237152099609,,0.008237828527891958,False,0,False,0,quiet,0.2.0
1,430851602,15,120,12687,6.909196436405181,0.6969146646953693,0.2667830525768534,False,4,False,0,flaring,0.2.0
1,430855922,15,120,12872,2.1514522790908814,5.20895227670394,0.22823481461890768,False,0,False,0,rotator,0.2.0
1,430856049,15,120,12877,2.454649221897125,5.403857137642728,0.3596355062945351,False,1,False,0,rotator,0.2.0
1,430986387,15,120,13284,2.0038305104920417,,0.031868291056143895,False,0,False,0,quiet,0.2.0
1,43438832,15,120,13212,17.415000915080277,,0.0014694868374815538,False,0,False,0,variable,0.2.0
1,43581822,15,120,13206,1.128173643350601,3.027373525221061,0.28918593660285213,False,0,False,0,rotator,0.2.0
1,436018580,15,120,12980,5.987499117478701,,0.027591658735505106,False,0,False,0,variable,0.2.0
1,441639590,15,120,15308,0.997607254839376,,0.0031621063369781533,False,0,False,0,quiet,0.2.0
1,441641352,15,120,15341,1.747071862220764,,0.007876894752870551,False,0,False,0,quiet,0.2.0
1,441642565,15,120,15219,2.2256829500198365,,0.001580547669366589,False,0,False,0,quiet,0.2.0
1,441658234,15,120,15717,0.47534140348434445,,0.0418179007870434,False,0,False,0,quiet,0.2.0
1,441659522,15,120,15719,0.8704429864883422,,0.051501416253818176,False,0,False,0,quiet,0.2.0
1,441686652,15,120,15011,2.5187173604965207,,0.005763428442939438,False,3,False,0,flaring,0.2.0
1,441687469,15,120,14968,1.2017857611711549,,0.0020099927786079597,False,0,False,0,quiet,0.2.0
1,441689168,15,120,15717,0.9889469504356383,5.834265503282431,0.33540475314263335,False,0,False,0,rotator,0.2.0
1,441689199,15,120,15715,0.6156727194786071,,0.07110318544517688,False,0,False,0,quiet,0.2.0
1,441692365,15,120,15572,1.1816373651731797,,0.04627017203466181,False,0,False,0,quiet,0.2.0
1,441692937,15,120,15582,2.2568333881149707,,0.003445693877033167,False,0,False,0,quiet,0.2.0
1,441694284,15,120,15341,1.3531190872192382,,0.0966811367518671,False,0,False,0,quiet,0.2.0
1,441694508,15,120,15707,0.49699201583862296,,0.001160864926588368,False,0,False,0,quiet,0.2.0
1,441694824,15,120,15707,1.718970251083374,3.952213716530687,0.3479529304066256,False,0,False,0,rotator,0.2.0
1,441694889,15,120,15712,0.2887042707977133,,0.030571712128850452,False,0,False,0,quiet,0.2.0
1,441695680,15,120,14913,1.522612452507019,,0.02103002480667181,False,0,False,0,quiet,0.2.0
1,441695726,15,120,14954,1.3293475985527037,,0.0014454096460349342,False,0,False,0,quiet,0.2.0
1,441696845,15,120,15611,6.853169953823089,,0.0013129543102080408,False,0,False,0,variable,0.2.0
1,441697648,15,120,15722,0.6281328303734761,,0.001251321205116586,False,0,False,0,quiet,0.2.0
1,441714956,15,120,17743,0.5789992332458496,,0.0008801455762403892,False,0,False,0,quiet,0.2.0
1,441716865,15,120,17744,1.5625114846978032,,0.05279967258133485,False,0,False,0,quiet,0.2.0
1,441716981,15,120,17744,1.7098239210300468,,0.00301727897042579,False,0,False,0,quiet,0.2.0
1,441717533,15,120,17746,1.5095778551823538,,0.019107338814275118,False,0,False,0,quiet,0.2.0
1,441717566,15,120,17748,1.3794532192079292,,0.0029300605759489265,False,0,False,0,quiet,0.2.0
1,441717968,15,120,17747,0.9519199848175048,,0.0009750884949196726,False,0,False,0,quiet,0.2.0
1,441720157,15,120,17746,1.382943910360336,,0.0013255596092297368,False,0,False,0,quiet,0.2.0
1,441722187,15,120,15792,8.792534863726344,,0.0017837043963648633,False,0,False,0,variable,0.2.0
1,441723511,15,120,17746,4.273919248580932,5.208956435117443,0.701495244652611,False,0,False,0,rotator,0.2.0
1,441728165,15,120,17401,1.9702057242393491,,0.006526070133024295,False,0,False,0,quiet,0.2.0
1,441728540,15,120,17396,0.7273721619026564,,0.010776495870288531,False,0,False,0,quiet,0.2.0
1,441729136,15,120,17397,1.4095874190330504,,0.046963604396414206,False,0,False,0,quiet,0.2.0
1,441734910,15,120,17385,22.0311329126358,1.3564939092562274,0.814384521666124,False,4,False,0,flaring,0.2.0
1,441735016,15,120,17398,1.9974236369132994,,0.003875306890417862,False,0,False,0,quiet,0.2.0
1,441735934,15,120,17399,0.8718569040298462,,0.06961624992974656,False,0,False,0,quiet,0.2.0
1,441736057,15,120,17377,1.3002739191055297,,0.0032101507591841116,False,0,False,0,quiet,0.2.0
1,441737748,15,120,17385,4.0438925385475155,14.469333094048757,0.43278968746745156,False,0,False,0,rotator,0.2.0
1,441738060,15,120,17400,1.1500010296702692,,0.010276267559103002,False,0,False,0,quiet,0.2.0
1,441738610,15,120,17380,2.5396168291568753,,0.004233125578193456,False,0,False,0,quiet,0.2.0
1,441739871,15,120,17399,5.955420684814453,,0.0028513946659893927,False,0,False,0,variable,0.2.0
1,441740725,15,120,17398,1.1230923771858214,,0.038169500983641656,False,0,False,0,quiet,0.2.0
1,441741529,15,120,17398,0.7542807785105241,,0.05695816801362964,False,0,False,0,quiet,0.2.0
1,441741739,15,120,17400,3.980310315480521,,0.005808525643781751,False,0,False,0,quiet,0.2.0
1,441742475,15,120,16328,1.8760476529598233,,0.03227399733577922,False,0,False,0,quiet,0.2.0
1,441762018,15,120,17401,2.9697570562362667,,0.002399681451413462,False,0,False,0,quiet,0.2.0
1,441762426,15,120,17401,2.9702872753143312,,0.0039049949602315303,False,0,False,0,quiet,0.2.0
1,441762836,15,120,17398,1.8455157610466622,,0.0033522144834906686,False,0,False,0,quiet,0.2.0
1,441763847,15,120,17395,0.4831179499626159,,0.00262179249237936,False,0,False,0,quiet,0.2.0
1,441763983,15,120,16652,4.0970911860466,,0.001120470895652287,False,0,False,0,quiet,0.2.0
1,441766745,15,120,17396,0.9038026573540363,,0.00350323009668668,False,0,False,0,quiet,0.2.0
1,441766827,15,120,16641,1.733286166191101,,0.0855148355285249,False,0,False,0,quiet,0.2.0
1,441767480,15,120,17395,1.5865922212600707,,0.37694868259860004,True,0,False,0,quiet,0.2.0
1,441768062,15,120,17397,1.8768871665000915,,0.006846258137961138,False,0,False,0,quiet,0.2.0
1,441790652,15,120,17398,1.3519260942935942,,0.09597652325224186,False,0,False,0,quiet,0.2.0
1,441790929,15,120,17387,0.5969383120536804,,0.053539577320303046,False,0,False,0,quiet,0.2.0
1,441790989,15,120,17400,2.177963362810812,,0.010160602150932379,False,0,False,0,quiet,0.2.0
1,441795882,15,120,17395,14.011215877532958,,0.04692473041069877,False,0,False,0,variable,0.2.0
1,441798749,15,120,17399,2.320945644378662,,0.006724472359297724,False,0,False,0,quiet,0.2.0
1,441801515,15,120,17399,0.6943218827247619,,0.0016827509464741243,False,0,False,0,quiet,0.2.0
1,441804565,15,120,17383,3.7257610917091366,,0.029136307222320888,False,0,False,0,quiet,0.2.0
1,441806298,15,120,17399,4.996607851982116,5.661920391884421,0.7747692696476124,False,0,False,0,rotator,0.2.0
1,441806827,15,120,17397,10.625060105323792,,0.0013129270438774357,False,0,False,0,variable,0.2.0
1,441808279,15,120,17400,6.315218702412208,16.27791054388993,0.6838859581286968,False,0,False,0,rotator,0.2.0
1,441808883,15,120,16529,1.2582982420921325,,0.0026459842644042325,False,0,False,0,quiet,0.2.0
1,441809255,15,120,17399,5.0542249917984,,0.001160445583299597,False,0,False,0,variable,0.2.0
1,441810716,15,120,17390,0.28547879712220414,,0.004201054307357763,False,0,False,0,quiet,0.2.0
1,441812025,15,120,16518,1.937376384060871,,0.005121873057273118,False,0,False,0,quiet,0.2.0
1,441813045,15,120,17401,0.978607678413391,,0.0026948454710924116,False,0,False,0,quiet,0.2.0
1,444045759,15,120,14950,6.522931449238571,,0.0021589179542280054,False,0,False,0,variable,0.2.0
1,444046602,15,120,13287,1.6908686399459838,12.83863402564546,0.39338312881196735,False,1,False,0,rotator,0.2.0
1,445835382,15,120,16400,1.5467373283662005,,0.009707824418827785,False,0,False,0,quiet,0.2.0
1,445836407,15,120,17744,0.6588855743408203,,0.08354772899776941,False,0,False,0,quiet,0.2.0
1,445836949,15,120,14461,0.8101747512817382,,0.005782754048114938,False,0,False,0,quiet,0.2.0
1,445838823,15,120,15249,2.976473164558411,,0.000864441774135956,False,0,False,0,quiet,0.2.0
1,445840500,15,120,15239,3.9188492059707642,,0.051326480672487865,False,0,False,0,quiet,0.2.0
1,445859031,15,120,14887,2.129006338119507,7.116353182217179,0.49905009476006507,False,0,False,0,rotator,0.2.0
1,445859097,15,120,14943,1.1069206953048705,,0.001703926183035289,False,0,False,0,quiet,0.2.0
1,445860267,15,120,15712,0.5191286932902749,2.7845177413882993,0.14388928688249436,False,0,False,0,rotator,0.2.0
1,445861206,15,120,14976,1.8668572445767295,,0.006184826288133037,False,0,False,0,quiet,0.2.0
1,445862031,15,120,15551,1.5881828784942627,,0.0020323928724031008,False,0,False,0,quiet,0.2.0
1,445862829,15,120,15595,1.3451658010482785,,0.0011081891532771326,False,0,False,0,quiet,0.2.0
1,446165160,15,120,15025,0.6560577392578124,,0.03840739704839192,False,0,False,0,quiet,0.2.0
1,452544997,15,120,13193,18.698264157772062,1.1225813371665327,0.3707253124673646,False,1,True,12,dipper,0.2.0
1,452617790,15,120,13193,0.42885886430740355,,0.10717272142871963,True,0,False,0,quiet,0.2.0
1,452624133,15,120,13187,0.5599997162818908,,0.004449665456063603,False,0,False,0,quiet,0.2.0
1,452639138,15,120,12661,1.3630165100097655,,0.06113346262983026,False,0,False,0,quiet,0.2.0
1,452639506,15,120,13195,0.3686789989471435,,0.004582410810846711,False,0,False,0,quiet,0.2.0
1,452640551,15,120,12642,1.146466201543808,,0.005628415159878995,False,0,False,0,quiet,0.2.0
1,452662638,15,120,12239,1.4695905447006226,,0.012035743369966944,False,0,False,0,quiet,0.2.0
1,452664768,15,120,13193,0.4084454298019409,,0.006351270695553854,False,0,False,0,quiet,0.2.0
1,452685805,15,120,12668,1.178235161304474,,0.010943045407971636,False,0,False,0,quiet,0.2.0
1,452687886,15,120,13306,0.9758681550104524,,0.023892778808435787,False,0,False,0,quiet,0.2.0
1,452700542,15,120,13360,1.069540250301361,1.6076906484796174,0.7840777470045646,False,0,False,0,rotator,0.2.0
1,452700589,15,120,13342,0.14598698616027833,3.519538690384528,0.19245599104055633,False,0,False,0,rotator,0.2.0
1,452701582,15,120,12718,1.4351705323210515,,0.010203182360600896,False,0,False,0,quiet,0.2.0
1,452740376,15,120,12721,1.733993124961853,,0.02221325624108259,False,0,False,0,quiet,0.2.0
1,452740669,15,120,13359,0.38317165374755857,,0.004991401035905864,False,0,False,0,quiet,0.2.0
1,452741770,15,120,13198,1.1654657185077666,,0.05829569010215422,False,0,False,0,quiet,0.2.0
1,452754594,15,120,13326,1.5512001902580375,,0.05450329075204101,False,0,False,0,quiet,0.2.0
1,452759118,15,120,12502,2.098827910493141,7.234694882149912,0.17194536681198544,False,0,False,0,rotator,0.2.0
1,455589469,15,120,12639,1.2553820371627806,0.6543944557755531,0.137858596403806,False,0,False,0,rotator,0.2.0
1,458461274,15,120,12198,1.0838561331076582,,0.0026146701943297163,False,0,False,0,quiet,0.2.0
1,458477266,15,120,11929,1.178677010536194,,0.01391391682270644,False,0,False,0,quiet,0.2.0
1,458481285,15,120,14673,3.2924837350845335,2.673892827551021,0.763585150387565,False,0,False,0,rotator,0.2.0
1,458481937,15,120,12189,7.977411139011383,1.2422761176429857,0.23573381044775774,False,0,False,0,rotator,0.2.0
1,458483231,15,120,14993,0.6687829971313476,,0.03320257472155769,False,0,False,0,quiet,0.2.0
1,458484515,15,120,14992,0.617705225944519,,0.002883953434407307,False,0,False,0,quiet,0.2.0
1,458484838,15,120,14992,0.7002868682231567,,0.0032905721145510785,False,0,False,0,quiet,0.2.0
1,459214086,15,120,17516,1.5096663150091858,0.1658906785162344,0.3559857437286867,False,0,False,0,rotator,0.2.0
1,459216483,15,120,17511,7.6667911291122435,4.200770207806221,0.8213283855436923,False,0,False,0,rotator,0.2.0
1,459217767,15,120,17139,2.3927019596099854,,0.00301799640935951,False,0,False,0,quiet,0.2.0
1,459221545,15,120,15250,1.6495114535384503,2.7651217258168326,0.39113796833646425,False,0,False,0,rotator,0.2.0
1,459221556,15,120,15248,0.5222657918930054,,0.0010394645571444895,False,0,False,0,quiet,0.2.0
1,459223649,15,120,15707,0.15765180587768554,,0.006698028237481498,False,0,False,0,quiet,0.2.0
1,459224892,15,120,14956,1.1528730154037474,,0.002207858497078705,False,0,False,0,quiet,0.2.0
1,459243243,15,120,14822,2.2396453189955556,,0.006220686524775413,False,0,False,0,quiet,0.2.0
1,459243345,15,120,14902,121.39596639239485,,0.003338641695003343,False,0,False,0,variable,0.2.0
1,459244527,15,120,15720,3.5488888442516324,,0.002921961927482651,False,0,False,0,quiet,0.2.0
1,459246072,15,120,15607,3.01738840341568,,0.0010789696231546055,False,0,False,0,quiet,0.2.0
1,459246945,15,120,15718,1.7553787324058254,4.224796567243551,0.40330071453078464,False,0,False,0,rotator,0.2.0
1,459968497,15,120,15028,1.4382634770352685,,0.04087682286729296,False,0,False,0,quiet,0.2.0
1,459970473,15,120,15554,2.193295270604177,,0.0010928112658502639,False,0,False,0,quiet,0.2.0
1,459970695,15,120,15625,2.564581310749054,,0.19032790066158725,True,1,False,0,quiet,0.2.0
1,459976684,15,120,16340,0.5765248603664379,,0.0015860414167146665,False,0,False,0,quiet,0.2.0
1,459977394,15,120,15642,0.8707522809505461,,0.003185197414385376,False,0,False,0,quiet,0.2.0
1,459978577,15,120,15600,1.7265700578689573,,0.016138853916974435,False,0,False,0,quiet,0.2.0
1,459979243,15,120,16338,0.5469209790229796,,0.0038180331408053107,False,0,False,0,quiet,0.2.0
1,459980341,15,120,15633,2.3136109471321102,4.06776902100368,0.408120826051543,False,0,False,0,rotator,0.2.0
1,459982490,15,120,15600,1.5649857471887545,,0.0011670829000664117,False,0,False,0,quiet,0.2.0
1,459984361,15,120,16341,0.7888776183128356,,0.003736241165926485,False,0,False,0,quiet,0.2.0
1,462554058,15,120,17748,0.8190117359161376,,0.006693649364635723,False,0,False,0,quiet,0.2.0
1,462554834,15,120,17550,0.6492532610893249,,0.02917336121803147,False,0,False,0,quiet,0.2.0
1,462555569,15,120,15678,3.1080558657646176,,0.0028150717212026277,False,0,False,0,quiet,0.2.0
1,462575726,15,120,14357,0.5663623452186584,,0.01991793903995211,False,0,False,0,quiet,0.2.0
1,462617416,15,120,15615,1.943959879875183,,0.0037598738662176115,False,0,False,0,quiet,0.2.0
1,462620035,15,120,16342,0.7935169879485972,,0.00255655884383291,False,0,False,0,quiet,0.2.0
1,467179271,15,120,15715,0.63166766166687,,0.0016618947210472687,False,0,False,0,quiet,0.2.0
1,467179485,15,120,15716,2.0068350255489347,,0.001537554632354103,False,0,False,0,quiet,0.2.0
1,467179528,15,120,15632,1.8138352270771496,,0.004322532708379267,False,0,False,2,quiet,0.2.0
1,467181409,15,120,12949,1.2126110315322876,,0.0029686174783153563,False,0,False,0,quiet,0.2.0
1,467183071,15,120,13232,2.3277943768440004,3.2048483695069763,0.7567416130104424,False,0,False,0,rotator,0.2.0
1,467186544,15,120,13655,2.398445999622345,,0.059088927953041104,False,0,False,0,quiet,0.2.0
1,467188281,15,120,13102,1.554293042421341,5.768737951807793,0.3328792904991586,False,0,False,0,rotator,0.2.0
1,467188720,15,120,13235,1.5563697338104248,,0.004400304522204619,False,0,False,0,quiet,0.2.0
1,467191555,15,120,13198,2.6631580330823676,5.661844728511556,0.19033744130348862,False,0,False,0,rotator,0.2.0
1,467210789,15,120,14439,1.160119342803955,,0.014490757761374687,False,0,False,0,quiet,0.2.0
1,467216653,15,120,13192,24.579056507349012,5.425936765281989,0.8661917402344683,False,5,False,0,flaring,0.2.0
1,467224218,15,120,15126,118.13961507081986,,0.002473746386574501,False,0,False,0,variable,0.2.0
1,467269731,15,120,13321,0.6491648912429809,,0.005625311240424881,False,0,False,0,quiet,0.2.0
1,467291908,15,120,13321,0.9390179872512817,,0.004948795945281991,False,0,False,0,quiet,0.2.0
1,467318657,15,120,13320,0.8110584497451782,,0.008541200635510492,False,0,False,0,quiet,0.2.0
1,467413716,15,120,13187,0.7015682101249695,,0.004995936574641164,False,0,False,0,quiet,0.2.0
1,468386528,15,120,13367,1.1095717906951903,,0.011426398630542742,False,0,False,0,quiet,0.2.0
1,468407095,15,120,12635,0.24805415868759154,1.4631739201126308,0.1482709629449862,False,0,False,0,rotator,0.2.0
1,468508582,15,120,12268,1.8617317378520963,,0.02696287949580139,False,0,False,0,quiet,0.2.0
1,468511196,15,120,11057,126.31126313209535,5.425989366793307,0.3351995277681209,False,0,False,0,rotator,0.2.0
1,468513137,15,120,11066,1.4366285920143127,0.803850765606929,0.19387091581909816,False,0,False,0,rotator,0.2.0
1,468585397,15,120,12635,0.3900645017623901,,0.06555467151641037,False,0,False,0,quiet,0.2.0
1,469374848,15,120,16381,2.9084283828735353,,0.002134562516934082,False,0,False,0,quiet,0.2.0
1,469375090,15,120,16563,3.630586767196655,,0.012238361201269575,False,0,False,0,quiet,0.2.0
1,469379935,15,120,15251,38.550461769104004,,0.0023698914113210938,False,0,False,0,variable,0.2.0
1,469389336,15,120,15226,1.4359216332435607,,0.015165880541551923,False,0,False,0,quiet,0.2.0
1,469390326,15,120,15123,2.117253148555755,,0.019137710546796187,False,0,False,0,quiet,0.2.0
1,469417611,15,120,16673,2.641904926300049,5.661881649504335,0.12016248442772684,False,0,False,0,rotator,0.2.0
1,469421338,15,120,16250,4.032316088676453,,0.0043833468305063995,False,0,False,0,quiet,0.2.0
1,469421586,15,120,17599,0.17126076221466063,,0.020956404670417938,False,0,False,0,quiet,0.2.0
1,469434268,15,120,17613,0.8850240111351013,2.1003732396421295,0.3855506289280304,False,0,False,0,rotator,0.2.0
1,469435999,15,120,16700,20.551999037027326,,0.0039010104672948295,False,0,False,0,variable,0.2.0
1,469437640,15,120,17432,2.9479297041893004,5.661885877784748,0.20960862466311578,False,0,False,0,rotator,0.2.0
1,469461742,15,120,17614,2.015230160951614,,0.006340027104133147,False,0,False,0,quiet,0.2.0
1,469464762,15,120,17588,1.8041145980358124,4.200747225393812,0.3269225344121675,False,0,False,0,rotator,0.2.0
1,471012560,15,120,14885,3.4034762620925902,,0.003745328763903143,False,0,False,0,quiet,0.2.0
1,471015196,15,120,17746,191.5050012347101,,0.0007258718658684083,False,0,False,0,variable,0.2.0
1,471015218,15,120,13284,106.96405500769615,,0.006892022931660313,False,0,False,0,variable,0.2.0
1,471015221,15,120,14697,80.23442991971969,,0.0010735557461015435,False,0,False,0,variable,0.2.0
1,47519214,15,120,13227,0.32767539024353026,,0.008161275820723382,False,0,False,0,quiet,0.2.0
1,47578779,15,120,13233,7.2696570396423335,2.4547436133362446,0.296768174137541,False,3,False,0,flaring,0.2.0
1,47624141,15,120,13234,0.7081075787544251,,0.0013801343498408194,False,0,False,0,quiet,0.2.0
1,47624981,15,120,13236,1.3240895532342924,,0.0015121008167012626,False,0,False,0,quiet,0.2.0
1,47734464,15,120,13231,2.7668598890304565,0.17915060811899872,0.3348105619896845,False,0,False,0,rotator,0.2.0
1,47756316,15,120,13235,3.958350527286529,,0.0014775323588004077,False,0,False,0,quiet,0.2.0
1,47758402,15,120,13205,1.5042315244674682,16.481809367098776,0.43989636831520246,False,1,False,0,rotator,0.2.0
1,47817305,15,120,13236,1.4424610018730162,,0.0015043006533646416,False,0,False,0,quiet,0.2.0
1,47819125,15,120,13234,0.7871986146926467,,0.005209541919242508,False,0,False,0,quiet,0.2.0
1,47875078,15,120,13235,1.8147631645202635,,0.0013925335198333563,False,0,False,0,quiet,0.2.0
1,47934197,15,120,13234,2.049164181947708,,0.007818685036187545,False,0,False,0,quiet,0.2.0
1,47970837,15,120,13232,0.780394089806256,,0.00200222331644323,False,0,False,0,quiet,0.2.0
1,47972339,15,120,13236,1.3400402700877028,,0.03451634991325784,False,0,False,0,quiet,0.2.0
1,48018596,15,120,13236,0.7542366835019996,,0.009704871096699706,False,0,False,0,quiet,0.2.0
1,48023276,15,120,13228,0.6086031136333014,,0.0359540291306832,False,0,False,0,quiet,0.2.0
1,48024469,15,120,13236,1.792273038625717,0.8943646153340714,0.17188739176143497,False,0,False,0,rotator,0.2.0
1,48085940,15,120,13235,1.9074631333351135,,0.030196146173431308,False,0,False,0,quiet,0.2.0
1,48132684,15,120,13236,1.701782366686534,11.537270877782023,0.1827464931460101,False,0,False,0,rotator,0.2.0
1,48135328,15,120,13235,6.4211297750473015,,0.01056191849120151,False,1,False,0,variable,0.2.0
1,48137972,15,120,13236,1.438263519898863,,0.0014698706873446938,False,0,False,0,quiet,0.2.0
1,48217508,15,120,13236,1.9849634885787961,2.813966550345634,0.2005794142733502,False,0,False,0,rotator,0.2.0
1,48217945,15,120,13235,0.8181280374526977,,0.0012220949572674313,False,0,False,0,quiet,0.2.0
1,48307527,15,120,13230,0.2906926182118838,,0.09799444119220004,False,0,False,0,quiet,0.2.0
1,48351409,15,120,13236,1.284367308486482,,0.0015338705023812693,False,0,False,0,quiet,0.2.0
1,48355937,15,120,13235,1.0447083234786985,,0.0018654282056340399,False,0,False,0,quiet,0.2.0
1,48356677,15,120,13226,0.6967078685760498,,0.0780833230212004,False,0,False,3,quiet,0.2.0
1,48446609,15,120,13236,597.7969491122334,0.26645095172098904,0.9225216383513537,False,0,False,0,rotator,0.2.0
1,48450369,15,120,13229,0.4623510360717773,,0.0014676147797541483,False,0,False,0,quiet,0.2.0
1,48531084,15,120,13232,0.6654691477259739,,0.003014494425364568,False,0,False,0,quiet,0.2.0
1,51269502,15,120,15243,0.18601852655410767,,0.03352300967767192,False,0,False,0,quiet,0.2.0
1,53569838,15,120,17716,31.92798129916191,,0.8051333458494258,True,0,False,0,variable,0.2.0
1,53577379,15,120,15250,0.65689729195221,,0.006260141620384778,False,0,False,0,quiet,0.2.0
1,55684381,15,120,14194,3.767295031764955,,0.007942415591382916,False,0,False,0,quiet,0.2.0
1,55684460,15,120,17743,0.43097974061965943,,0.03172256881436218,False,0,False,0,quiet,0.2.0
1,55724734,15,120,14001,1.236205780506134,6.201118881045886,0.24498686646396398,False,0,False,0,rotator,0.2.0
1,55726400,15,120,13537,1.0938419580459593,,0.01476934989118489,False,0,False,0,quiet,0.2.0
1,55726440,15,120,17742,0.36903246733449496,,0.004372327101017979,False,0,False,0,quiet,0.2.0
1,55747377,15,120,17743,0.3202523231506348,,0.0020765135125884763,False,0,False,0,quiet,0.2.0
1,55748145,15,120,13564,1.3463146090507507,12.954542802413773,0.3147169245019093,False,0,False,0,rotator,0.2.0
1,55749878,15,120,14882,0.5684390535485462,,0.016147383853340646,False,0,False,0,quiet,0.2.0
1,55751289,15,120,13071,1.656757879257202,,0.07857849880785474,False,0,False,0,quiet,0.2.0
1,55752015,15,120,13369,1.218266701698303,,0.002847711143672054,False,0,False,0,quiet,0.2.0
1,55752718,15,120,13543,5.342840909957886,2.4269475749353826,0.8684417267900252,False,0,False,0,rotator,0.2.0
1,55752735,15,120,13519,1.2465450525283814,,0.007919093353571155,False,0,False,0,quiet,0.2.0
1,55752857,15,120,13382,25.347431565897715,0.5200883283823622,0.9181525939600127,False,0,False,0,rotator,0.2.0
1,55753802,15,120,13457,160.10300867557527,0.20768122254322732,0.9642522984338461,False,0,False,1,rotator,0.2.0
1,55754305,15,120,13920,0.8445063862498767,,0.011708587651083275,False,0,False,0,quiet,0.2.0
1,55754318,15,120,13892,2.0150977262912826,,0.06007449903039762,False,0,False,0,quiet,0.2.0
1,55761670,15,120,17743,0.573166823387146,,0.032203751486697345,False,0,False,0,quiet,0.2.0
1,55761742,15,120,13832,2.11248117685318,,0.004170913523809323,False,0,False,0,quiet,0.2.0
1,55762220,15,120,14993,0.5530184984207154,,0.0024169511539470683,False,0,False,0,quiet,0.2.0
1,55762373,15,120,13422,2.7947848437662373,,0.006445742735697146,False,0,False,0,quiet,0.2.0
1,55779187,15,120,13589,1.17461199760437,,0.008755240938217569,False,0,False,0,quiet,0.2.0
1,62127675,15,120,17580,0.7890543580055236,7.660234436717435,0.2532772734466943,False,0,False,0,rotator,0.2.0
1,62430957,15,120,16487,3.3048555135726927,,0.011628384001196692,False,2,False,0,quiet,0.2.0
1,62598633,15,120,12639,0.6276910185813903,,0.08121113231323891,False,0,False,0,quiet,0.2.0
1,62690967,15,120,17611,0.543474555015564,,0.03167657863788784,False,0,False,0,quiet,0.2.0
1,62774646,15,120,17615,162.06128447055815,,0.027540527988740408,False,0,False,0,variable,0.2.0
1,62775649,15,120,17608,0.4893922090530395,,0.08000946105059131,False,0,False,0,quiet,0.2.0
1,62916125,15,120,15117,0.33156366348266597,,0.027568379135090856,False,0,False,0,quiet,0.2.0
1,63008836,15,120,15123,0.7744733333587646,,0.0034840461595948887,False,0,False,0,quiet,0.2.0
1,63052569,15,120,16533,28.357265102863312,,0.059248522091439305,False,3,False,0,flaring,0.2.0
1,63072266,15,120,14251,15.237259125709533,9.036177884222175,0.8743661379650359,False,0,False,0,rotator,0.2.0
1,63125278,15,120,15016,3.5387706023088277,,0.004499319184889624,False,0,False,0,quiet,0.2.0
1,63129375,15,120,14175,2.8120168805122376,,0.047969554303869656,False,0,False,1,quiet,0.2.0
1,63152193,15,120,17537,2.8552297353744507,11.838528159406884,0.6809912256407213,False,0,False,0,rotator,0.2.0
1,63205800,15,120,14181,85.81401364803314,0.22914944304720308,0.9392771439363136,False,0,False,0,rotator,0.2.0
1,63223709,15,120,12640,0.2536214590072632,0.26096950378535105,0.137229679215718,False,0,False,0,rotator,0.2.0
1,63231675,15,120,15555,5.206928086280822,,0.019444538384363677,False,0,False,0,variable,0.2.0
1,63366439,15,120,14963,7.5320271134376515,1.2057383219463649,0.6808280549212054,False,0,False,0,rotator,0.2.0
1,63368158,15,120,15058,0.8855100188997381,,0.007574364119689866,False,0,False,0,quiet,0.2.0
1,63445000,15,120,12635,0.5033546447753906,2.067043159499647,0.15973495506748753,False,0,False,0,rotator,0.2.0
1,63454475,15,120,15119,11.727032089233399,0.9368366487193652,0.5088144732198139,False,0,True,12,dipper,0.2.0
1,63531472,15,120,12566,15.90312639186163,,0.003059732752969122,False,0,False,0,variable,0.2.0
1,63544819,15,120,12217,12.373722624778747,0.10198004305587957,0.14895384969147976,False,0,False,0,rotator,0.2.0
1,63550587,15,120,12901,15.699963641166686,1.9581974209658142,0.650666873227913,False,0,False,0,rotator,0.2.0
1,63644417,15,120,13128,21.680083698034284,,0.014120388202711267,False,0,False,3,variable,0.2.0
1,63644901,15,120,13124,2.1963882804993307,,0.00816293620175146,False,0,False,0,quiet,0.2.0
1,63820329,15,120,13045,115.46192035675048,2.335163996672375,0.889781790887729,False,0,False,0,rotator,0.2.0
1,63850008,15,120,17614,0.7823382030523894,,0.049608074990709454,False,0,False,0,quiet,0.2.0
1,63853144,15,120,16494,3.4434637201864633,,0.002265313122660745,False,0,False,0,quiet,0.2.0
1,63983804,15,120,16323,5.435010659694671,,0.003711858183047619,False,0,False,0,variable,0.2.0
1,64047285,15,120,12463,4.1493177652359,,0.010189702902703043,False,0,False,0,quiet,0.2.0
1,64184775,15,120,12638,0.1980368374608062,,0.04774607166751133,False,0,False,0,quiet,0.2.0
1,64188928,15,120,12643,194.2837582826614,0.5381158827666487,0.24297533165135743,False,0,False,0,rotator,0.2.0
1,64196547,15,120,16536,3.757839121947341,,0.03296033352875305,False,0,False,0,quiet,0.2.0
1,64398792,15,120,12565,5.160268807411193,,0.048997012542332505,False,0,False,0,variable,0.2.0
1,64423111,15,120,12077,8.20213565826416,,0.018259420553337912,False,0,False,0,variable,0.2.0
1,64521369,15,120,12217,7.43862018585205,,0.0033230378789211507,False,0,False,0,variable,0.2.0
1,64527278,15,120,13176,2.7951823414807815,5.752040298444058,0.7410594860779576,False,2,False,0,rotator,0.2.0
1,64703341,15,120,12456,19.033494602635663,0.28646108911528345,0.4602788071069587,False,0,False,0,rotator,0.2.0
1,64716819,15,120,11921,16.49573410749435,,0.011104687171967494,False,0,False,0,variable,0.2.0
1,64774251,15,120,17609,0.2124411106109619,,0.005497449089231971,False,0,False,0,quiet,0.2.0
1,64794629,15,120,12127,41.11000599861145,,0.002211796834257644,False,0,False,0,variable,0.2.0
1,64799884,15,120,12467,21.31356976032257,0.17422569754811038,0.12509762454827927,False,0,False,0,rotator,0.2.0
1,64804337,15,120,13207,0.2691745519638062,,0.01093034177444929,False,0,False,0,quiet,0.2.0
1,64903005,15,120,12642,5.724642660479466,,0.09597973040471135,False,0,False,0,variable,0.2.0
1,64904640,15,120,12581,11.280057406425476,,0.057641211562161225,False,0,True,6,dipper,0.2.0
1,65533054,15,120,13129,31.200830018520353,0.6955336696664055,0.13971080453212067,False,1,False,0,rotator,0.2.0
1,65938838,15,120,13199,25.311775088310238,,0.007400791354431776,False,0,False,0,variable,0.2.0
1,66479201,15,120,13124,4.613877772457732,,0.08047932035242963,False,0,False,0,quiet,0.2.0
1,66586986,15,120,11987,24.29649392366409,,0.024231863969804007,False,0,False,0,variable,0.2.0
1,67005532,15,120,11847,6.862802267074585,,0.006011111656080428,False,0,False,0,variable,0.2.0
1,76621698,15,120,13197,0.8536527156829834,,0.005083413384425961,False,0,False,0,quiet,0.2.0
1,76623250,15,120,12556,2.4259290218353273,,0.01837697704931605,False,1,False,0,quiet,0.2.0
1,76625264,15,120,13194,1.1827862436409664,,0.007384943831760159,False,0,False,0,quiet,0.2.0
1,76626829,15,120,13103,2.2848023772239685,6.853783449767159,0.11855019438745402,False,0,False,0,rotator,0.2.0
1,76785364,15,120,13198,0.7807475924491881,,0.029885723591219424,False,0,False,0,quiet,0.2.0
1,76862713,15,120,12739,174.06297004222867,,0.005824868070385866,False,0,False,0,variable,0.2.0
1,76863095,15,120,13367,0.7490228176116943,,0.03898532467262697,False,0,False,0,quiet,0.2.0
1,77047580,15,120,12908,1.7310769200325011,,0.08096192331406842,False,0,False,0,quiet,0.2.0
1,84076436,15,120,12637,0.42391015291213985,,0.022961737590348662,False,0,False,0,quiet,0.2.0
1,84077307,15,120,11344,6.3169421027268235,6.85390125263708,0.7018604070844252,False,0,False,0,rotator,0.2.0
1,84077971,15,120,11317,2.689182794094086,,0.019309707497542603,False,0,False,0,quiet,0.2.0
1,84197499,15,120,13360,0.7186235904693603,4.490479356622966,0.11977502192472898,False,0,False,0,rotator,0.2.0
1,84198841,15,120,11232,90.88365646947453,,0.01525466603579777,False,0,False,0,variable,0.2.0
1,84232532,15,120,12000,14.57404212587695,5.008627875150182,0.1386965851033684,False,0,False,0,rotator,0.2.0
1,84235871,15,120,12634,0.32422896623611447,,0.008447742639226862,False,0,False,0,quiet,0.2.0
1,84306902,15,120,12169,1.324752366542816,,0.0059596227038418706,False,0,False,0,quiet,0.2.0
1,84312523,15,120,12084,8.871271606011891,,0.005703222723423758,False,0,False,0,variable,0.2.0
1,84315360,15,120,12499,1.1564078092575072,1.1731941715917038,0.4058028929050991,False,0,False,0,rotator,0.2.0
1,85606657,15,120,12769,3.040541303157806,,0.004950631763819663,False,0,False,0,quiet,0.2.0
1,85607480,15,120,12764,2.0080280184745787,3.4268700158156364,0.336732735706416,False,0,False,0,rotator,0.2.0
1,85882519,15,120,12914,1.7884731352329255,4.200684622528754,0.327191565007494,False,0,False,0,rotator,0.2.0
1,900521433,15,120,17745,2.2888673901557923,,0.0025286006799914904,False,0,False,0,quiet,0.2.0
1,900547984,15,120,17747,345.71061544418336,,0.0014081616101766033,False,0,False,0,variable,0.2.0
1,900548175,15,120,17740,0.37150683403015133,,0.011189586283970198,False,0,False,0,quiet,0.2.0
1,90336430,15,120,13203,1.0355178594589232,1.4029193427408768,0.23483495048285538,False,0,False,0,rotator,0.2.0
1,91573232,15,120,13212,146.66389481234862,,0.008907553767382382,False,0,False,0,variable,0.2.0
1,91704666,15,120,13212,27.12304845222975,,0.02143264145866521,False,0,False,1,variable,0.2.0
1,92776364,15,120,13212,136.1497391775328,0.4229397435135241,0.8441267351360336,False,0,False,3,rotator,0.2.0
1,950417061,15,120,15238,285.3495035290718,,0.0015662946078593885,False,0,False,0,variable,0.2.0
1,950440822,15,120,14337,226.01436553001403,,0.00670423587037357,False,0,False,0,variable,0.2.0
1,950500185,15,120,12955,109.73493572473525,12.637283870785343,0.11121058204546862,False,0,False,0,rotator,0.2.0
1,950555121,15,120,14375,218.79587463140487,,0.0016074731058944682,False,0,False,0,variable,0.2.0
1,950625562,15,120,17746,470.136538078292,,0.032275354872845594,False,9,False,1,flaring,0.2.0
1,950783725,15,120,17428,222.97364748716353,,0.0011250965939364878,False,0,False,0,variable,0.2.0
1,99318620,15,120,13156,17.2979550570859,,0.0017751042782680293,False,0,False,0,variable,0.2.0
1,99329955,15,120,13874,1.3298777383638776,,0.0025052232150690086,False,0,False,0,quiet,0.2.0
1,99330867,15,120,12906,0.8954957845511564,,0.008098803889696405,False,0,False,0,quiet,0.2.0
1,99381029,15,120,17744,0.8155652632972441,,0.009165636080786424,False,0,False,0,quiet,0.2.0
1,99381358,15,120,13579,1.1224737882614135,,0.008352554866000042,False,0,False,0,quiet,0.2.0
1,99381596,15,120,12969,10.482873022556305,2.0319900083497906,0.6918886568711046,False,3,False,0,flaring,0.2.0
1,99382774,15,120,13842,1.7579855382442473,,0.0067355376330323485,False,0,False,0,quiet,0.2.0
1,99389979,15,120,12953,2.3890787959098816,,0.05967188077137751,False,0,False,0,quiet,0.2.0
1,99390102,15,120,12864,3.0796007752418517,,0.0009455196413269485,False,0,False,0,quiet,0.2.0
1,99486292,15,120,13191,0.5829758763313293,,0.03157238740764489,False,0,False,0,quiet,0.2.0
1,99491887,15,120,13111,4.7924735069274895,,0.009188443696866604,False,0,False,0,quiet,0.2.0
1,99885915,15,120,13187,38.94688889980316,,0.0032849210919702393,False,0,False,0,variable,0.2.0
1,99896567,15,120,13209,0.4287704944610595,,0.01952938398969413,False,0,False,0,quiet,0.2.0
1,99905188,15,120,17746,10.10597562789917,7.660277412186763,0.9432449044188814,False,1,False,0,rotator,0.2.0
1,99905750,15,120,17747,1.116818118095398,,0.014523746163668767,False,0,False,0,quiet,0.2.0
1,99918971,15,120,17745,0.9975188255310057,,0.0013463251047879622,False,0,False,0,quiet,0.2.0
1,99919259,15,120,17744,0.6736433186041321,,0.04196289566594232,False,0,False,0,quiet,0.2.0
1,99937746,15,120,17737,0.36850225925445557,1.2285350921342046,0.1280998943962472,False,0,False,0,rotator,0.2.0
1,99954722,15,120,17745,0.7771244287490844,,0.000962281041030647,False,0,False,0,quiet,0.2.0
1,99954966,15,120,17747,78.53286852836608,,0.0010935171672427882,False,0,False,0,variable,0.2.0
1,99955146,15,120,17747,1.2292245626449585,,0.0009513299873035656,False,0,False,0,quiet,0.2.0
1,99956360,15,120,17742,0.42466132191785105,6.201184561849796,0.19635093774728032,False,0,False,0,rotator,0.2.0
1,99956602,15,120,17746,1.4939364373683928,,0.002327552856550676,False,0,False,0,quiet,0.2.0
1,99970926,15,120,17746,1.0966697931289673,,0.0008645115565745693,False,0,False,0,quiet,0.2.0
1,99971347,15,120,17746,3.1364224929683657,,0.003567670103206923,False,0,False,0,quiet,0.2.0
1,99971569,15,120,17746,1.2242317028114706,0.3875735898720478,0.3953522727662704,False,0,False,0,rotator,0.2.0
1,99974531,15,120,13209,0.5583206892013549,,0.0037066145430656294,False,0,False,0,quiet,0.2.0
1,99988190,15,120,17747,6.424134349822998,,0.0013449080895304982,False,0,False,0,variable,0.2.0
1,99988359,15,120,17747,0.7767709493637085,,0.001210671099860921,False,0,False,0,quiet,0.2.0
