schema_version,tic,sector,cadence_s,n_epochs,var_amplitude_ppt,rotation_period_d,rotation_power,rotation_systematic,n_flares,is_dipper,n_dips,var_class,subclass,tool_version
2,1102555267,17,120,11876,181.76855553388594,,0.0014937745425211515,False,0,False,0,variable,variable,0.3.2
2,113655022,17,120,12228,0.833283441266911,,0.04030668519027386,False,0,False,0,quiet,quiet,0.3.2
2,113670567,17,120,12715,3.0157093763351437,,0.0020062644766681618,False,0,False,0,quiet,quiet,0.3.2
2,113670793,17,120,12576,1.8432182550430296,6.0102676267086075,0.22678869429133175,False,0,False,0,rotator,pulsator,0.3.2
2,113709443,17,120,12194,2.081463360786438,,0.005259636096448128,False,0,False,1,quiet,quiet,0.3.2
2,113709969,17,120,11420,4.522857105731964,,0.11441223441600802,True,0,False,0,quiet,quiet,0.3.2
2,115417172,17,120,13098,2.441570630167164,2.241435464087457,0.4501441373574207,False,0,False,0,rotator,pulsator,0.3.2
2,115511182,17,120,12876,1.1179227411746977,,0.0020492490333724063,False,0,False,0,quiet,quiet,0.3.2
2,115514831,17,120,13097,0.616291308403015,,0.001505057404011497,False,0,False,0,quiet,quiet,0.3.2
2,115545804,17,120,13093,0.6482811927795409,,0.0021369055444934453,False,0,False,0,quiet,quiet,0.3.2
2,115547316,17,120,12687,1.3927087783813474,,0.011308186374771724,False,0,False,0,quiet,quiet,0.3.2
2,115592814,17,120,13094,0.7291837871074677,,0.009904953906551727,False,0,False,0,quiet,quiet,0.3.2
2,115593181,17,120,13094,1.103916186327707,11.652018655836628,0.11786634680594489,False,0,False,0,rotator,rotator,0.3.2
2,115616979,17,120,12699,6.828691506385803,,0.003910670813188089,False,0,False,0,variable,variable,0.3.2
2,115656691,17,120,12702,15.19090868857775,,0.007032534571577345,False,0,False,0,variable,variable,0.3.2
2,115718110,17,120,13087,2.7656227111816407,4.856463037976558,0.5310770431531527,False,0,False,0,rotator,pulsator,0.3.2
2,115718255,17,120,12832,1.8307138672258296,,0.0922930139599417,False,0,False,0,quiet,quiet,0.3.2
2,115718577,17,120,13096,0.9862074851989745,10.595913311513373,0.1608497751065344,False,1,False,0,rotator,rotator,0.3.2
2,115720764,17,120,13043,0.950506067276001,,0.0010781437573827773,False,0,False,0,quiet,quiet,0.3.2
2,115853789,17,120,13067,0.6714340925216674,,0.04265159464102398,False,0,False,0,quiet,quiet,0.3.2
2,115862380,17,120,12946,1.2316546967132478,,0.09241283786611898,False,0,False,0,quiet,quiet,0.3.2
2,115865933,17,120,13070,5.063813120126724,0.570924189082323,0.5030453566605626,False,0,False,0,rotator,pulsator,0.3.2
2,115913403,17,120,13072,0.9933654723574361,,0.003411974663392213,False,0,False,0,quiet,quiet,0.3.2
2,115914577,17,120,13032,0.7763291001319885,,0.0016909389982613411,False,0,False,0,quiet,quiet,0.3.2
2,117955537,17,120,12872,2.6314774412797357,,0.0037515805309213815,False,0,False,0,quiet,quiet,0.3.2
2,118182747,17,120,12711,0.9423760414123534,,0.029198478138833656,False,0,False,1,quiet,quiet,0.3.2
2,118184391,17,120,12610,0.9479433699829389,,0.07400255585100277,False,0,False,0,quiet,quiet,0.3.2
2,118244692,17,120,12564,4.2474523530169614,,0.0038810758924498457,False,0,False,0,quiet,quiet,0.3.2
2,118247681,17,120,12560,1.467381211079287,,0.03510646804810815,False,0,False,0,quiet,quiet,0.3.2
2,118251031,17,120,12606,0.9566920135433682,,0.008958960412272477,False,0,False,0,quiet,quiet,0.3.2
2,118251244,17,120,12611,0.6838058710098267,,0.004598396610669401,False,0,False,0,quiet,quiet,0.3.2
2,118267582,17,120,12604,3.1782656139652246,,0.004921605596928387,False,0,False,1,quiet,quiet,0.3.2
2,118267721,17,120,12556,2.8337115933385015,,0.010558565082331006,False,0,False,0,quiet,quiet,0.3.2
2,1201228154,17,120,12609,1.6141636133193968,,0.0011974374001729915,False,0,False,0,quiet,quiet,0.3.2
2,1201228157,17,120,12609,0.512368369102478,,0.0012850815348816197,False,0,False,0,quiet,quiet,0.3.2
2,1201246068,17,120,12611,182.08129642009735,,0.0012484681401227138,False,0,False,0,variable,variable,0.3.2
2,125282056,17,120,12911,1.4218708276748657,,0.0013174128295298441,False,0,False,0,quiet,quiet,0.3.2
2,125282514,17,120,13093,0.36814877986907957,,0.03197922356185026,False,0,False,0,quiet,quiet,0.3.2
2,125302830,17,120,13098,0.8168908596038817,,0.001519550999033329,False,0,False,0,quiet,quiet,0.3.2
2,125303617,17,120,12940,1.4697672843933105,3.854097579155754,0.14358767908939768,False,0,False,0,rotator,pulsator,0.3.2
2,125443704,17,120,12760,277.7853015129178,,0.009856816836526602,False,0,False,0,variable,variable,0.3.2
2,125486577,17,120,13098,0.4401260197162628,,0.001377430818896013,False,0,False,0,quiet,quiet,0.3.2
2,126982085,17,120,12714,0.904111897945404,,0.0026458758140564076,False,0,False,0,quiet,quiet,0.3.2
2,126984091,17,120,12716,1.115846049785614,,0.015634522580949786,False,0,False,0,quiet,quiet,0.3.2
2,126984241,17,120,12716,1.245263615532898,,0.015796562708452252,False,0,False,0,quiet,quiet,0.3.2
2,126997226,17,120,12709,0.5107777118682861,,0.016659423627680053,False,0,False,0,quiet,quiet,0.3.2
2,126999281,17,120,12592,1.8648688673973082,,0.009113494351015853,False,0,False,0,quiet,quiet,0.3.2
2,126999353,17,120,12559,2.7633250951766963,,0.01936432759466884,False,0,False,0,quiet,quiet,0.3.2
2,126999617,17,120,12410,1.0652985294252195,,0.002811404158549787,False,0,False,0,quiet,quiet,0.3.2
2,127000172,17,120,12707,0.8441971421241761,,0.05411951637285783,False,0,False,0,quiet,quiet,0.3.2
2,127001597,17,120,12704,0.5996777415467655,,0.04021557461794776,False,0,False,0,quiet,quiet,0.3.2
2,127019774,17,120,12620,5.595224857614943,5.757654178899713,0.7289616889234356,False,6,False,0,flaring,flaring,0.3.2
2,127020676,17,120,12366,12.262994841843996,1.8238217524397502,0.7383841176754739,False,0,False,0,rotator,pulsator,0.3.2
2,1271341297,17,120,10137,318.84733096361157,,0.01582850908735639,False,0,False,0,variable,variable,0.3.2
2,127365016,17,120,13127,16.382443964481354,1.491154818129679,0.10567695089263429,False,8,False,0,flaring,eclipsing,0.3.2
2,127420450,17,120,13023,6.150187826156616,8.965746920237228,0.8338978295517177,False,0,False,0,rotator,pulsator,0.3.2
2,127422245,17,120,13090,0.481350524345009,,0.041578858561525864,False,0,False,0,quiet,quiet,0.3.2
2,127425508,17,120,13096,1.2856928944587707,5.550236740063199,0.2637449492103468,False,0,False,0,rotator,rotator,0.3.2
2,127426994,17,120,13096,0.7275489449501037,,0.05627968213574512,False,0,False,0,quiet,quiet,0.3.2
2,127428682,17,120,12777,1.3458727598190308,,0.0034996386427225312,False,0,False,0,quiet,quiet,0.3.2
2,127500147,17,120,12747,69.02842644453048,,0.03924410272515925,False,0,False,0,variable,variable,0.3.2
2,127502401,17,120,12831,2.6312121748924255,,0.0010124042634039425,False,0,False,0,quiet,quiet,0.3.2
2,12788720,17,120,14787,9.029542529582976,,0.001379181732398513,False,0,False,0,variable,variable,0.3.2
2,12789316,17,120,14839,30.30378770828247,,0.05877187109733498,False,0,False,0,variable,variable,0.3.2
2,12794832,17,120,14597,0.5825340270996093,0.37208054902064763,0.10950582243390182,False,0,False,0,rotator,pulsator,0.3.2
2,12954962,17,120,15127,0.5346375703811646,,0.009076829209863822,False,0,False,0,quiet,quiet,0.3.2
2,12962163,17,120,14773,1.3944761753082275,,0.0033940241308781697,False,0,False,0,quiet,quiet,0.3.2
2,13029647,17,120,14603,19.16927543878555,1.3585304988670575,0.10622883548481712,False,1,False,0,rotator,pulsator,0.3.2
2,13113483,17,120,14760,3.9770849347114563,,0.03813939246556747,False,0,False,0,quiet,quiet,0.3.2
2,13211274,17,120,14601,7.5531475067138665,,0.00429407943766963,False,0,False,0,variable,variable,0.3.2
2,13279418,17,120,14602,7.286889159679412,,0.0019321227186537343,False,0,False,0,variable,variable,0.3.2
2,13468023,17,120,14582,4.840325634469818,,0.024805427530340592,False,0,False,0,quiet,quiet,0.3.2
2,13822888,17,120,13018,0.8197186702573696,,0.06036479918029448,False,0,False,0,quiet,quiet,0.3.2
2,13825759,17,120,13026,0.5470976861061044,,0.035508081711413675,False,0,False,0,quiet,quiet,0.3.2
2,13826039,17,120,12834,1.7224166750907897,,0.01640215790281423,False,0,False,0,quiet,quiet,0.3.2
2,13826274,17,120,13021,0.6666621208190917,,0.002861584451583548,False,0,False,0,quiet,quiet,0.3.2
2,13827618,17,120,13025,0.7956820964813232,,0.004172471794168713,False,0,False,0,quiet,quiet,0.3.2
2,13829713,17,120,12838,3.5455310014206765,0.7747159523801658,0.4388104863491931,False,8,False,0,flaring,flaring,0.3.2
2,13918846,17,120,13027,0.6654249429702759,,0.003006508201246716,False,0,False,0,quiet,quiet,0.3.2
2,13937166,17,120,13023,0.3557770013809204,,0.07320296705337394,False,0,False,0,quiet,quiet,0.3.2
2,13960534,17,120,13021,1.1835373520851133,10.677970294228876,0.2939522645420147,False,0,False,0,rotator,pulsator,0.3.2
2,13960713,17,120,13026,0.5159031629562377,,0.0033572557606915687,False,0,False,0,quiet,quiet,0.3.2
2,13960751,17,120,12852,4.271975366590939,,0.03570211736702301,False,2,False,0,quiet,quiet,0.3.2
2,13961601,17,120,12938,4.941156067917111,19.571596813222147,0.9327986025309501,False,4,False,0,flaring,flaring,0.3.2
2,13997060,17,120,13025,0.28835080862045287,,0.014153096962887409,False,0,False,0,quiet,quiet,0.3.2
2,1400695475,17,120,13521,224.75633239746094,,0.003221218448031062,False,0,False,0,variable,variable,0.3.2
2,14008663,17,120,12839,4.079505586624145,,0.009938647523589082,False,5,False,0,flaring,flaring,0.3.2
2,1401020353,17,120,12607,1.3463146090507507,,0.007810773605257945,False,0,False,0,quiet,quiet,0.3.2
2,150950803,17,120,12892,2.213708835840225,,0.0017607423181121523,False,0,False,0,quiet,quiet,0.3.2
2,150974582,17,120,12240,4.182986552030249,,0.002361303999578059,False,0,False,0,quiet,quiet,0.3.2
2,150976180,17,120,12679,1.0513360619544982,,0.0069352837427324255,False,0,False,0,quiet,quiet,0.3.2
2,150977490,17,120,12712,1.6318375825881957,3.8384462399488943,0.4818882229259923,False,0,False,0,rotator,pulsator,0.3.2
2,150989639,17,120,11982,40.74963255078695,0.5658164045462165,0.919100817486584,False,0,False,0,rotator,pulsator,0.3.2
2,154063097,17,120,13135,0.9326553583145142,,0.030626943869516893,False,0,False,0,quiet,quiet,0.3.2
2,154268512,17,120,13004,1.461504660203914,,0.0010619485610225867,False,0,False,0,quiet,quiet,0.3.2
2,154479074,17,120,13135,0.7688176631927489,,0.0951565192065356,False,0,False,0,quiet,quiet,0.3.2
2,154481559,17,120,13023,0.799040150642395,,0.0016238168632925298,False,0,False,0,quiet,quiet,0.3.2
2,154575024,17,120,13132,13.259188485145568,0.6390662487508058,0.36810788963817015,False,1,False,0,rotator,pulsator,0.3.2
2,154650388,17,120,13135,0.6405930161476134,,0.02916918893286477,False,0,False,0,quiet,quiet,0.3.2
2,154714788,17,120,13136,2.893670704772195,,0.008747443305081407,False,0,False,0,quiet,quiet,0.3.2
2,154877188,17,120,13133,0.4902759075164795,,0.008547081226402643,False,2,False,0,quiet,quiet,0.3.2
2,154878810,17,120,13134,0.6166448061658385,,0.04248714126784515,False,0,False,0,quiet,quiet,0.3.2
2,154881441,17,120,13136,0.9767518534212198,,0.025698427858095264,False,0,False,0,quiet,quiet,0.3.2
2,154888068,17,120,13132,0.8368624698180696,5.815509632019143,0.15649922293481552,False,0,False,0,rotator,pulsator,0.3.2
2,154889493,17,120,12899,1.1067439556121825,,0.002310443977109389,False,0,False,0,quiet,quiet,0.3.2
2,155028080,17,120,13133,0.30346205234527585,,0.03131737318899223,False,0,False,0,quiet,quiet,0.3.2
2,15518140,17,120,13033,0.9003119945526122,,0.0037137479371843855,False,0,False,0,quiet,quiet,0.3.2
2,15518194,17,120,13042,0.3347007730781571,,0.016770570642866953,False,0,False,0,quiet,quiet,0.3.2
2,155204892,17,120,13094,0.7741198770439588,5.067531656050842,0.6850989807868675,False,0,False,0,rotator,pulsator,0.3.2
2,155229537,17,120,12935,11.772454190254212,1.4255557820004687,0.5378652086519431,False,2,False,0,rotator,pulsator,0.3.2
2,155255873,17,120,13028,0.8986771256125831,,0.05739264887658785,False,0,False,0,quiet,quiet,0.3.2
2,155255926,17,120,12878,0.8351834426874948,,0.005866651934324352,False,0,False,0,quiet,quiet,0.3.2
2,155260498,17,120,12982,13.494650342901062,3.7344695392423257,0.5985413596812498,False,1,False,0,rotator,rotator,0.3.2
2,155261052,17,120,12761,4.729907655715942,,0.0014137043986133155,False,0,False,0,quiet,quiet,0.3.2
2,15531493,17,120,12843,1.3214826822280883,,0.003828603565546615,False,0,False,0,quiet,quiet,0.3.2
2,15531891,17,120,13028,0.714735295929453,,0.039931559767920434,False,0,False,0,quiet,quiet,0.3.2
2,15533522,17,120,13028,0.7495088741036914,,0.06777211322337795,False,0,False,0,quiet,quiet,0.3.2
2,15533794,17,120,12769,3.3979089617729183,7.228697962217581,0.3917391221920418,False,0,False,0,rotator,pulsator,0.3.2
2,15533803,17,120,13023,0.5247401475906371,,0.018384994542804255,False,0,False,0,quiet,quiet,0.3.2
2,15609634,17,120,12765,2.2124274730682374,,0.0017593595244215097,False,0,False,0,quiet,quiet,0.3.2
2,15616970,17,120,12881,0.9592546820640564,,0.005471763180962332,False,0,False,0,quiet,quiet,0.3.2
2,15649241,17,120,13019,0.6745270371437072,,0.0023023544732858965,False,0,False,0,quiet,quiet,0.3.2
2,15650111,17,120,12747,2.577218198776245,,0.0032121240218865475,False,0,False,0,quiet,quiet,0.3.2
2,15651925,17,120,12772,1.2351894904616627,,0.014604594999042769,False,0,False,0,quiet,quiet,0.3.2
2,15692495,17,120,13041,0.5608834147453309,,0.007516654171693479,False,0,False,0,quiet,quiet,0.3.2
2,160491524,17,120,12593,5.975657379627227,,0.0020538049839018673,False,0,False,0,variable,variable,0.3.2
2,160520966,17,120,11880,1.8111841317658381,,0.003280949646170069,False,0,False,0,quiet,quiet,0.3.2
2,160520980,17,120,11894,2.422217416101175,12.091273272247665,0.12741590462806393,False,0,False,0,rotator,rotator,0.3.2
2,160583413,17,120,11518,2.2787048578262326,,0.06704110808896281,False,0,False,0,quiet,quiet,0.3.2
2,160585671,17,120,12607,0.1852231979370117,,0.00944371414939768,False,0,False,0,quiet,quiet,0.3.2
2,160599509,17,120,12610,0.8609874129295348,,0.0026687323497491715,False,0,False,0,quiet,quiet,0.3.2
2,160600996,17,120,11876,1.7484416469467177,,0.01661474857444374,False,0,False,0,quiet,quiet,0.3.2
2,160601436,17,120,11255,2.0159813046455386,,0.011229019664051116,False,0,False,0,quiet,quiet,0.3.2
2,165304716,17,120,14078,2.277114200592041,7.699856756901606,0.5224375920920414,False,0,False,0,rotator,pulsator,0.3.2
2,165500708,17,120,13229,2.7102148175239558,,0.0011725438776131172,False,0,False,0,quiet,quiet,0.3.2
2,165502521,17,120,13396,1.2245851092164186,,0.0013510494096016985,False,0,False,0,quiet,quiet,0.3.2
2,165502934,17,120,13506,1.1796048939228057,,0.0017221614501770329,False,0,False,0,quiet,quiet,0.3.2
2,165527315,17,120,13501,1.2985065221786498,,0.001153143600837843,False,0,False,0,quiet,quiet,0.3.2
2,165527358,17,120,13522,1.6529137909412384,5.991495518960978,0.3880207348722468,False,0,False,0,rotator,rotator,0.3.2
2,165528645,17,120,13413,11.550027287006378,0.2604844875511311,0.2189018376508307,False,0,False,0,rotator,pulsator,0.3.2
2,165529165,17,120,13524,0.40632455348968505,,0.0025930176521599397,False,0,False,0,quiet,quiet,0.3.2
2,165531524,17,120,13250,1.8630129895798568,,0.003690805707981345,False,0,False,0,quiet,quiet,0.3.2
2,165531835,17,120,13528,0.9985350787639617,,0.00233171322998299,False,0,False,0,quiet,quiet,0.3.2
2,165550566,17,120,12948,2.790101158618927,,0.0011546831455709313,False,0,False,0,quiet,quiet,0.3.2
2,165551001,17,120,12988,2.0790330660919505,,0.0032227344208288007,False,0,False,0,quiet,quiet,0.3.2
2,165551886,17,120,12949,1.6776131629943847,,0.0012956287419303488,False,0,False,0,quiet,quiet,0.3.2
2,165553033,17,120,13529,1.7856894850730896,11.383826098466898,0.41813206810769155,False,0,False,0,rotator,rotator,0.3.2
2,165554484,17,120,12995,2.5830506086349487,,0.011175319396236505,False,0,False,0,quiet,quiet,0.3.2
2,165554574,17,120,13521,0.5155496835708618,,0.0015237298914120574,False,0,False,0,quiet,quiet,0.3.2
2,165554927,17,120,13525,2.7056195855140683,2.4747574310435496,0.7403755904555133,False,0,False,0,rotator,pulsator,0.3.2
2,165555303,17,120,13526,0.9039793970572589,,0.0024618660786384625,False,0,False,0,quiet,quiet,0.3.2
2,165555541,17,120,12941,5.63941011428833,,0.005567248404367974,False,0,False,0,variable,variable,0.3.2
2,16810132,17,120,12715,62.356414675712585,0.5707508137442625,0.16994354434989736,False,0,False,0,rotator,pulsator,0.3.2
2,16812467,17,120,12787,3.8686551332473753,14.46962557238038,0.2831132642970362,False,0,False,0,rotator,rotator,0.3.2
2,16872033,17,120,12782,1.3476401165831053,1.3154205687563996,0.47157670358020953,False,0,False,0,rotator,pulsator,0.3.2
2,16875646,17,120,12709,7.150534486770629,,0.0016052991403787847,False,0,False,0,variable,variable,0.3.2
2,16881444,17,120,12783,0.4943409204483032,,0.005002192075817913,False,0,False,0,quiet,quiet,0.3.2
2,16890550,17,120,12739,1.0019373178482054,,0.0017773337240220614,False,0,False,0,quiet,quiet,0.3.2
2,16920265,17,120,12703,1.6027639031410217,7.197057444733801,0.38076047244668354,False,18,False,0,flaring,flaring,0.3.2
2,16956412,17,120,12787,0.6124030351638794,,0.010316878247283001,False,0,False,0,quiet,quiet,0.3.2
2,16958263,17,120,12707,2.6965174913406367,,0.001815205571315309,False,0,False,0,quiet,quiet,0.3.2
2,16958908,17,120,12708,0.9184719706037053,3.9707916051810925,0.2635461009696707,False,0,False,0,rotator,rotator,0.3.2
2,16988154,17,120,12705,1.5599045276641845,5.7576453711492945,0.15571178818333065,False,0,False,0,rotator,rotator,0.3.2
2,16988395,17,120,12714,0.47834594974839983,,0.005428099964866016,False,0,False,0,quiet,quiet,0.3.2
2,16997209,17,120,12752,0.859043276309967,2.1046802907416433,0.2732831646182622,False,0,False,0,rotator,pulsator,0.3.2
2,16997732,17,120,12666,1.7650992582708818,,0.0023115523734762652,False,0,False,0,quiet,quiet,0.3.2
2,17003807,17,120,12701,1.1935231447219847,,0.002370108406484937,False,0,False,0,quiet,quiet,0.3.2
2,1717910345,17,120,12678,920.7404686766722,,0.04647308416710001,False,0,False,0,variable,variable,0.3.2
2,1718054365,17,120,13394,219.9542576519097,,0.0008987426726802093,False,0,False,0,variable,variable,0.3.2
2,1718128182,17,120,14183,1.2154388666152953,,0.0120494007926387,False,0,False,0,quiet,quiet,0.3.2
2,1718203434,17,120,12879,137.5664002418518,,0.004335112042654251,False,0,False,0,variable,variable,0.3.2
2,173300884,17,120,12891,3.6382749438285824,,0.016284083571255395,False,1,False,0,quiet,quiet,0.3.2
2,173337339,17,120,12772,4.4290522498457285,,0.043783710519689274,False,0,False,0,quiet,quiet,0.3.2
2,173389579,17,120,13130,0.6014009713709064,,0.02190408661401078,False,0,False,0,quiet,quiet,0.3.2
2,173394771,17,120,12751,1.808577275276184,,0.04381627088843003,False,0,False,0,quiet,quiet,0.3.2
2,173419202,17,120,13136,28.789615434098703,0.9379888515328063,0.5744733676640912,False,0,True,12,dipper,eclipsing,0.3.2
2,173421786,17,120,13129,0.5141357660293578,,0.017837288672973836,False,0,False,0,quiet,quiet,0.3.2
2,173464265,17,120,13129,0.22392919063568115,,0.006623332034483599,False,0,False,0,quiet,quiet,0.3.2
2,173467136,17,120,13133,1.0742238521575929,,0.026063226529243297,False,0,False,0,quiet,quiet,0.3.2
2,173470044,17,120,12879,2.1164578199386597,,0.03197406958712057,False,0,False,0,quiet,quiet,0.3.2
2,173470653,17,120,12877,1.2903764963150024,,0.0013478423414929536,False,0,False,0,quiet,quiet,0.3.2
2,173521768,17,120,12744,34.74105965319453,2.7821343189821053,0.2982149758276215,False,0,True,6,dipper,eclipsing,0.3.2
2,173613399,17,120,13136,5.065182852745056,14.538809566784892,0.5700534786149843,False,13,False,0,flaring,flaring,0.3.2
2,173710176,17,120,13124,2.8941124677658077,1.6154239047380277,0.7126153928012964,False,0,False,0,rotator,eclipsing,0.3.2
2,173712274,17,120,13128,2.336719592311394,0.1381356974559043,0.39693849049878366,False,0,False,0,rotator,pulsator,0.3.2
2,173762990,17,120,12854,0.9960165381431578,,0.0014770473283003927,False,0,False,0,quiet,quiet,0.3.2
2,173768910,17,120,13120,0.41003608703613276,,0.004064922437693941,False,0,False,0,quiet,quiet,0.3.2
2,173799317,17,120,13133,0.602859091758728,,0.001949948354469415,False,0,False,0,quiet,quiet,0.3.2
2,173849833,17,120,12733,9.51707897186279,,0.0033884646939977194,False,0,False,0,variable,variable,0.3.2
2,173855069,17,120,12736,2.3358358938742905,,0.00413476038659273,False,0,False,0,quiet,quiet,0.3.2
2,173857171,17,120,12725,2.343126475811004,,0.00764483467884727,False,0,False,0,quiet,quiet,0.3.2
2,173921281,17,120,12906,131.5557925879955,,0.001472770231725096,False,0,False,0,variable,variable,0.3.2
2,174199746,17,120,13136,3.120250904560089,5.815547721948292,0.7279153135147617,False,0,False,0,rotator,pulsator,0.3.2
2,174265185,17,120,13131,0.8528573870658874,1.5304074078201033,0.14895478831588907,False,0,False,0,rotator,pulsator,0.3.2
2,174266604,17,120,12674,19.657472897397916,1.6964928437811073,0.3074671496282455,False,0,True,9,dipper,eclipsing,0.3.2
2,174266678,17,120,13136,1.2036857487968056,6.841809915966304,0.41578365189595323,False,5,False,0,flaring,flaring,0.3.2
2,174272192,17,120,13131,0.6078078031539917,,0.0043990473894697365,False,0,False,0,quiet,quiet,0.3.2
2,174302697,17,120,13130,0.6216818875575627,,0.007263681213140789,False,0,False,0,quiet,quiet,0.3.2
2,174322776,17,120,12782,0.7624991964549065,,0.04050430302632039,False,0,False,0,quiet,quiet,0.3.2
2,174395343,17,120,12784,0.9600941669912884,1.484067450927977,0.19816330809495902,False,0,False,0,rotator,pulsator,0.3.2
2,174419848,17,120,12756,0.6720526814460753,1.7277177830168065,0.1286907102388528,False,0,False,0,rotator,pulsator,0.3.2
2,174437053,17,120,12741,2.1329829812049863,,0.007430018258804639,False,0,False,0,quiet,quiet,0.3.2
2,174442721,17,120,12780,1.4148453827248397,,0.005041078530836056,False,0,False,0,quiet,quiet,0.3.2
2,174500011,17,120,12780,0.8002331674168457,1.315424627100351,0.2132634104288719,False,0,False,0,rotator,pulsator,0.3.2
2,174500627,17,120,12779,0.47843434810638424,,0.008548269066314708,False,0,False,0,quiet,quiet,0.3.2
2,176594693,17,120,12785,2.143852472305298,,0.0025222166866493752,False,0,False,0,quiet,quiet,0.3.2
2,176595493,17,120,12869,9.544827103614807,,0.0013339661068325172,False,0,False,0,variable,variable,0.3.2
2,176595900,17,120,13130,1.6892779827117919,8.30794141564492,0.3466260681967732,False,2,False,0,rotator,rotator,0.3.2
2,176600962,17,120,13097,1.1062137365341187,8.965655187829237,0.4323132154803647,False,0,False,0,rotator,rotator,0.3.2
2,176642092,17,120,13130,0.3272335605164504,,0.047933139061945525,False,0,False,0,quiet,quiet,0.3.2
2,176648937,17,120,13126,0.2739465236663818,,0.03418734681238014,False,0,False,0,quiet,quiet,0.3.2
2,176677614,17,120,12737,24.00018982887268,,0.054964215305118184,False,0,False,0,variable,variable,0.3.2
2,176719372,17,120,13136,2.93317185243452,,0.005143887363737706,False,0,False,0,quiet,quiet,0.3.2
2,176752680,17,120,12736,2.940506549462481,0.7809060921103275,0.2842535180131362,False,0,True,12,dipper,eclipsing,0.3.2
2,176794745,17,120,12650,171.53620591353754,0.12128858375897517,0.2571487411583926,False,0,False,0,rotator,pulsator,0.3.2
2,176794799,17,120,13092,0.4716740548610687,,0.0936446231651987,False,0,False,0,quiet,quiet,0.3.2
2,176902922,17,120,13134,0.980065810086304,11.631109640861496,0.30506346326418926,False,2,False,0,rotator,rotator,0.3.2
2,176971085,17,120,13071,0.9082652807235718,,0.0028601904312564315,False,0,False,0,quiet,quiet,0.3.2
2,176973065,17,120,12927,1.3184781074523926,,0.007664716338923477,False,0,False,0,quiet,quiet,0.3.2
2,177024202,17,120,13128,0.617749410867691,,0.0022952391939307704,False,0,False,0,quiet,quiet,0.3.2
2,177057265,17,120,13090,0.8274952165038819,,0.030460865941210995,False,0,False,0,quiet,quiet,0.3.2
2,177082457,17,120,13062,1.3983202219510011,11.655386413592169,0.4550122761669244,False,1,False,0,rotator,eclipsing,0.3.2
2,177084427,17,120,12729,20.220876610279085,1.6069842607995066,0.1031536377611422,False,2,False,0,rotator,pulsator,0.3.2
2,177089809,17,120,13105,1.504761743545532,5.286881243565631,0.5655912804432378,False,17,False,0,flaring,flaring,0.3.2
2,177243564,17,120,12918,1.160296117076162,,0.0022057571699484885,False,0,False,0,quiet,quiet,0.3.2
2,177245718,17,120,13133,0.7440741062164307,,0.01032751655175678,False,0,False,0,quiet,quiet,0.3.2
2,177251931,17,120,13087,0.5372886657714843,,0.002445783586615358,False,0,False,0,quiet,quiet,0.3.2
2,177263276,17,120,12902,1.0202740609645844,,0.0013747706816477211,False,0,False,0,quiet,quiet,0.3.2
2,177363174,17,120,13134,9.754926122578198,0.10468471986616164,0.7664433395388588,False,0,False,0,rotator,pulsator,0.3.2
2,177363543,17,120,13091,1.2299315214157105,10.573792961487552,0.13947769067106688,False,0,False,0,rotator,pulsator,0.3.2
2,177500613,17,120,12868,5.395332598686218,,0.006448343108049374,False,0,False,0,variable,variable,0.3.2
2,177603173,17,120,12838,7.560261054031221,,0.0019792437100207617,False,0,False,0,variable,variable,0.3.2
2,177644944,17,120,12876,1.53869571868492,,0.0009107435757864089,False,0,False,0,quiet,quiet,0.3.2
2,177697268,17,120,12871,1.4313264012336728,,0.00714971263273196,False,0,False,0,quiet,quiet,0.3.2
2,18111321,17,120,12710,0.5124567694936256,,0.05112411403791983,False,0,False,0,quiet,quiet,0.3.2
2,18111605,17,120,12700,2.1095208498692766,,0.00989189466015648,False,0,False,1,quiet,quiet,0.3.2
2,18121356,17,120,12517,1.718263292312622,,0.002877124131269906,False,0,False,0,quiet,quiet,0.3.2
2,18152680,17,120,12695,0.7912636041641236,,0.003202273160180174,False,0,False,0,quiet,quiet,0.3.2
2,18152870,17,120,12710,0.5739621177934338,,0.013938017245197406,False,0,False,0,quiet,quiet,0.3.2
2,18154082,17,120,12714,8.47365175862158,,0.04308368672583401,False,9,False,0,flaring,flaring,0.3.2
2,18154308,17,120,12712,0.6103705105075088,0.615793108682442,0.11394529859021192,False,0,False,0,rotator,pulsator,0.3.2
2,18176852,17,120,12497,3.007579350471496,6.321025672255145,0.28005278093709224,False,0,False,0,rotator,pulsator,0.3.2
2,18186516,17,120,12708,0.5460372480131835,,0.05411979940994732,False,0,False,0,quiet,quiet,0.3.2
2,18189487,17,120,12687,0.7583900213241577,,0.007017846566130776,False,0,False,1,quiet,quiet,0.3.2
2,18251316,17,120,12512,1.0896002378940652,,0.05686293319608812,False,0,False,0,quiet,quiet,0.3.2
2,18252349,17,120,12351,2.13572244644165,,0.005967554852542385,False,0,False,0,quiet,quiet,0.3.2
2,18277378,17,120,12781,0.4726019382476806,,0.05867711296940559,False,0,False,0,quiet,quiet,0.3.2
2,18278446,17,120,12185,1.1974997878074645,,0.014832522747842289,False,0,False,0,quiet,quiet,0.3.2
2,186258696,17,120,12751,7.018333196640014,,0.004355353175519991,False,0,False,0,variable,variable,0.3.2
2,186259532,17,120,13070,0.7530878080997524,,0.001695834368463945,False,0,False,0,quiet,quiet,0.3.2
2,186291640,17,120,12750,22.026450623658334,2.6875184701218267,0.7542855878723924,False,0,False,0,rotator,rotator,0.3.2
2,186294315,17,120,12787,3.478944110870361,1.2058097142530027,0.6318315022837129,False,0,False,0,rotator,pulsator,0.3.2
2,186296599,17,120,13069,1.1864535570144652,0.6552689852330412,0.19543044096040987,False,0,False,0,rotator,pulsator,0.3.2
2,186297027,17,120,12785,0.5365817070007324,,0.003965461634582966,False,0,False,0,quiet,quiet,0.3.2
2,186298984,17,120,12774,1.6608228921890258,10.51773619648326,0.40810242645772765,False,0,False,0,rotator,rotator,0.3.2
2,186299892,17,120,12784,0.7666083713407295,,0.06963306804220261,False,0,False,0,quiet,quiet,0.3.2
2,186302615,17,120,13070,1.4244335532188415,,0.021223223588489156,False,0,False,1,quiet,quiet,0.3.2
2,186338500,17,120,12786,1.078774867094312,,0.026610917528380188,False,0,False,0,quiet,quiet,0.3.2
2,186380233,17,120,12748,0.9516990602016449,,0.004610489368284143,False,0,False,0,quiet,quiet,0.3.2
2,186381217,17,120,12735,5.248903763294219,,0.0041135173594235635,False,0,False,1,variable,variable,0.3.2
2,186381604,17,120,12786,2.713616894864029,9.646493628774618,0.5327788699043492,False,0,False,0,rotator,rotator,0.3.2
2,186382214,17,120,12781,0.6518159866333006,,0.07788074435393419,False,0,False,0,quiet,quiet,0.3.2
2,186450591,17,120,12647,1.2876370310783385,,0.0046204638971454005,False,2,False,0,quiet,quiet,0.3.2
2,186452098,17,120,12787,0.5942872166633605,,0.003939150009869419,False,0,False,0,quiet,quiet,0.3.2
2,186485314,17,120,12789,0.8223697900772095,,0.03706418324335502,False,0,False,0,quiet,quiet,0.3.2
2,186486694,17,120,12982,1.2336872766520761,,0.08839622870607489,False,0,False,0,quiet,quiet,0.3.2
2,186487236,17,120,12786,0.7964332164396876,,0.07450990449007046,False,0,False,0,quiet,quiet,0.3.2
2,186527820,17,120,12731,1.3835183143615721,,0.002015712793510538,False,0,False,0,quiet,quiet,0.3.2
2,186528967,17,120,13064,0.5566416952992496,,0.03339331568847182,False,0,False,0,quiet,quiet,0.3.2
2,186529627,17,120,12784,0.738153326511383,,0.03358208877632836,False,0,False,0,quiet,quiet,0.3.2
2,186530056,17,120,12784,1.0514244004659534,,0.03480072555707993,False,0,False,0,quiet,quiet,0.3.2
2,186535721,17,120,12694,1.0531476438045502,,0.0037489328389610304,False,0,False,0,quiet,quiet,0.3.2
2,186536483,17,120,12702,1.2424358176459127,,0.0015605441644519942,False,0,False,0,quiet,quiet,0.3.2
2,188633484,17,120,13462,10.22483368067942,,0.007073852203945895,False,0,False,0,variable,variable,0.3.2
2,188664960,17,120,13528,0.8046074030037281,,0.0026509465180454645,False,0,False,0,quiet,quiet,0.3.2
2,188665139,17,120,13491,2.8541692972183226,,0.001959939153801275,False,0,False,0,quiet,quiet,0.3.2
2,188694104,17,120,13475,1.4236382246017454,,0.0010944341340633184,False,0,False,0,quiet,quiet,0.3.2
2,188776869,17,120,13529,4.779924988746643,,0.002747857357338468,False,0,False,0,quiet,quiet,0.3.2
2,188780222,17,120,13528,0.9821424722671508,,0.005115659434545109,False,0,False,0,quiet,quiet,0.3.2
2,188780426,17,120,13518,0.31274089553180023,,0.018029882669631927,False,0,False,0,quiet,quiet,0.3.2
2,188830425,17,120,13436,2.1266644738118505,,0.0014094635661976397,False,0,False,0,quiet,quiet,0.3.2
2,189358516,17,120,12779,0.27986730337142945,,0.01664197324014972,False,0,False,0,quiet,quiet,0.3.2
2,189359797,17,120,12503,1.4845250487327575,,0.02996672175358006,False,5,False,0,flaring,flaring,0.3.2
2,189384944,17,120,12418,1.8094167348916312,,0.004246055737141691,False,0,False,0,quiet,quiet,0.3.2
2,189385545,17,120,12789,0.9597849011421203,,0.057329551184682734,False,2,False,0,quiet,quiet,0.3.2
2,189394957,17,120,12780,0.5606624734204271,,0.019624920873596224,False,0,False,0,quiet,quiet,0.3.2
2,189398116,17,120,12597,2.9883147239685055,,0.0032532331179544534,False,0,False,0,quiet,quiet,0.3.2
2,189413658,17,120,12445,1.0848282337188722,,0.01754662802183094,False,0,False,0,quiet,quiet,0.3.2
2,189413871,17,120,12778,0.7673154215404642,2.8233740444676276,0.112829900077805,False,0,False,0,rotator,pulsator,0.3.2
2,189434151,17,120,13013,1.2571494340896607,,0.004904046216514169,False,0,False,0,quiet,quiet,0.3.2
2,189522452,17,120,12549,3.1908584117889403,,0.0013514867978438186,False,0,False,0,quiet,quiet,0.3.2
2,189526507,17,120,12722,1.047624590851342,5.512309402026858,0.17128141390396995,False,0,False,0,rotator,pulsator,0.3.2
2,189541673,17,120,12785,1.5169567823410033,2.8233812592078187,0.21049346141664887,False,3,False,0,flaring,flaring,0.3.2
2,189542303,17,120,12605,3.213657832145691,,0.0024151295420019913,False,0,False,0,quiet,quiet,0.3.2
2,189571727,17,120,12524,40.69488985821276,0.43589655777975495,0.9520090598201129,False,0,False,0,rotator,pulsator,0.3.2
2,189571843,17,120,12784,0.7402300399610411,,0.0019216705959173512,False,0,False,0,quiet,quiet,0.3.2
2,189573522,17,120,12594,1.9663616945255307,,0.08644185614308049,False,0,False,0,quiet,quiet,0.3.2
2,189578234,17,120,12780,0.719993344545166,,0.0031671147150022583,False,0,False,0,quiet,quiet,0.3.2
2,189581684,17,120,12587,7.177840769290924,,0.07189492863907362,False,11,False,0,flaring,flaring,0.3.2
2,189626051,17,120,12686,1.2005043268053435,0.31889512271617254,0.3666031825199962,False,0,False,0,rotator,pulsator,0.3.2
2,189627178,17,120,12592,5.074064022302627,,0.0019728909689141275,False,0,False,0,variable,variable,0.3.2
2,189627190,17,120,12785,0.8264348030090332,,0.08809179754481518,False,0,False,0,quiet,quiet,0.3.2
2,189628230,17,120,12779,0.44918392896652215,,0.0036847272756056356,False,0,False,0,quiet,quiet,0.3.2
2,189629672,17,120,12780,0.5305725258247539,,0.03407296767972925,False,0,False,0,quiet,quiet,0.3.2
2,189629857,17,120,12614,1.884575343132019,,0.0037316629856174325,False,0,False,0,quiet,quiet,0.3.2
2,189635606,17,120,12574,4.487995468854634,,0.0076570476141556085,False,0,False,0,quiet,quiet,0.3.2
2,189637395,17,120,12252,3.8815571308135985,,0.0640294615670127,False,10,False,0,flaring,flaring,0.3.2
2,189670720,17,120,12562,2.8580575704574582,,0.02524040220525475,False,0,False,1,quiet,quiet,0.3.2
2,189672250,17,120,12684,0.8788823068141938,,0.0020949698606364197,False,0,False,0,quiet,quiet,0.3.2
2,189674221,17,120,12288,1.3540027856826782,5.9467506085642485,0.15634110314040012,False,0,False,0,rotator,rotator,0.3.2
2,189679711,17,120,12597,5.611838722229003,,0.24769440998903403,True,7,False,0,flaring,flaring,0.3.2
2,189680682,17,120,12781,0.5217355728149413,,0.0032748032061264104,False,0,False,0,quiet,quiet,0.3.2
2,189683328,17,120,12424,2.914614445842173,5.996823379408326,0.5068682618388608,False,0,False,0,rotator,pulsator,0.3.2
2,189715530,17,120,12589,6.465491437911988,,0.0017129257679337172,False,1,False,0,variable,variable,0.3.2
2,190949102,17,120,12830,7.224765157699585,,0.0021622563444055544,False,0,False,0,variable,variable,0.3.2
2,191034775,17,120,13062,0.49849430322647087,,0.003062287054409289,False,0,False,0,quiet,quiet,0.3.2
2,191203327,17,120,12745,1.8132608771324157,,0.0010100472510109135,False,0,False,0,quiet,quiet,0.3.2
2,191230261,17,120,12673,2.847099709510803,,0.06311175523535399,False,0,False,0,quiet,quiet,0.3.2
2,191252449,17,120,13064,1.5605231165885924,5.014201636628484,0.3303586991257525,False,0,False,0,rotator,rotator,0.3.2
2,191332792,17,120,13070,0.6941451016578017,,0.0027916629485364793,False,0,False,0,quiet,quiet,0.3.2
2,191338444,17,120,12882,1.4238149218614422,,0.027316026748471833,False,0,False,0,quiet,quiet,0.3.2
2,191411930,17,120,12637,1.8638967990875244,,0.0015608914500111653,False,0,False,0,quiet,quiet,0.3.2
2,191443340,17,120,12780,234.6811568343984,,0.008388174854339304,False,0,False,0,variable,variable,0.3.2
2,191461113,17,120,12591,7.8067689657211305,0.831551281883094,0.20227638431703696,False,0,False,0,rotator,pulsator,0.3.2
2,191463346,17,120,13071,0.4791413068771362,,0.02726986271604877,False,0,False,0,quiet,quiet,0.3.2
2,191495843,17,120,12624,1.789135802439701,,0.03622364049833324,False,0,False,0,quiet,quiet,0.3.2
2,191499872,17,120,12912,0.9967234375045635,,0.0019861222534460887,False,0,False,0,quiet,quiet,0.3.2
2,191507701,17,120,13028,0.7167678236961365,,0.0013803937302696117,False,0,False,0,quiet,quiet,0.3.2
2,191509497,17,120,13069,0.5846549034118652,,0.005712641053200488,False,0,False,0,quiet,quiet,0.3.2
2,191545850,17,120,13068,2.314803871071223,,0.09892463821076065,False,0,False,0,quiet,quiet,0.3.2
2,191547213,17,120,13065,0.6369698524475097,,0.030129972312127374,False,0,False,1,quiet,quiet,0.3.2
2,191553189,17,120,13062,0.5088777601718902,,0.031648818343790776,False,0,False,0,quiet,quiet,0.3.2
2,191554163,17,120,12500,1.544042094229397,,0.0011448661004524944,False,0,False,0,quiet,quiet,0.3.2
2,191555487,17,120,12646,1.2641306896248663,,0.002047108065891027,False,0,False,0,quiet,quiet,0.3.2
2,191634916,17,120,12529,4.225669312477112,,0.0031757448652579463,False,0,False,0,quiet,quiet,0.3.2
2,191658831,17,120,12779,1.1777049422264099,,0.0597217916414679,False,0,False,0,quiet,quiet,0.3.2
2,191659678,17,120,13062,5.295032980890064,8.237659078224217,0.3550013548344881,False,0,False,0,rotator,pulsator,0.3.2
2,191665794,17,120,13068,0.6354233801364899,,0.006112062507347937,False,0,False,0,quiet,quiet,0.3.2
2,191703823,17,120,12791,1.5026408672332763,9.490898591129167,0.13463265501906285,False,0,False,0,rotator,pulsator,0.3.2
2,191705523,17,120,13070,1.3995132565498352,,0.06050466343691252,False,1,False,0,quiet,quiet,0.3.2
2,191724535,17,120,13069,3.5355008125305174,0.5414477519782672,0.4386460070342514,False,0,False,0,rotator,pulsator,0.3.2
2,191771636,17,120,13068,3.120781123638153,4.435698754315223,0.49917029106735805,False,0,False,0,rotator,rotator,0.3.2
2,194142330,17,120,12842,1.8437927139935706,,0.0015326139487072633,False,0,False,0,quiet,quiet,0.3.2
2,194205862,17,120,13087,0.6841593503952026,,0.007694323608363398,False,0,False,0,quiet,quiet,0.3.2
2,194234633,17,120,12829,1.942722702026367,,0.009165856771666463,False,0,False,0,quiet,quiet,0.3.2
2,194254438,17,120,12815,1.8470181584358214,,0.0020845990285154182,False,0,False,0,quiet,quiet,0.3.2
2,194256199,17,120,12867,1.6592322349548339,,0.0019466359278300601,False,0,False,0,quiet,quiet,0.3.2
2,194256645,17,120,13092,0.2748302221298217,,0.017589948201352033,False,0,False,0,quiet,quiet,0.3.2
2,194258827,17,120,12865,3.2636751651763913,,0.0011634787523215999,False,0,False,0,quiet,quiet,0.3.2
2,194301879,17,120,12870,1.9886307779362566,,0.04350712000756904,False,0,False,0,quiet,quiet,0.3.2
2,194323286,17,120,13093,0.5876594781875609,,0.043067981486633926,False,0,False,0,quiet,quiet,0.3.2
2,194328058,17,120,13097,0.6180587053298949,,0.08506112440210804,False,0,False,0,quiet,quiet,0.3.2
2,194328586,17,120,12847,1.8643386483192443,,0.0013273290375288818,False,0,False,0,quiet,quiet,0.3.2
2,194355774,17,120,13092,0.5208076583857739,,0.0015382154543871894,False,0,False,0,quiet,quiet,0.3.2
2,194358840,17,120,12855,1.6182286262512207,,0.002419244893276171,False,0,False,0,quiet,quiet,0.3.2
2,194362684,17,120,13061,0.9229346752166747,,0.0033937781497035756,False,0,False,0,quiet,quiet,0.3.2
2,194381614,17,120,13089,2.939181089401245,7.770312537225133,0.567166069471388,False,0,False,0,rotator,pulsator,0.3.2
2,194387619,17,120,12876,1.6898082521500661,7.675404743051406,0.12895307780211984,False,0,False,0,rotator,rotator,0.3.2
2,194387851,17,120,13097,0.9776356101036071,,0.09343292752397687,False,0,False,0,quiet,quiet,0.3.2
2,194433243,17,120,12842,1.2406684947213082,,0.0025514463956710794,False,0,False,0,quiet,quiet,0.3.2
2,194462054,17,120,13092,0.36973943710327145,1.6188093936983072,0.13935352635335263,False,0,False,0,rotator,pulsator,0.3.2
2,194508677,17,120,12822,1.1967043878612287,,0.002206422241639686,False,0,False,0,quiet,quiet,0.3.2
2,194530566,17,120,13093,0.7040425658226014,,0.0023827935891607703,False,0,False,0,quiet,quiet,0.3.2
2,194530655,17,120,12733,1.8608038544654846,,0.0058332992254523505,False,0,False,0,quiet,quiet,0.3.2
2,196232934,17,120,13068,0.6678992986679076,,0.0012938895660649142,False,0,False,0,quiet,quiet,0.3.2
2,196257076,17,120,13062,0.5715319982627629,0.6101970180336762,0.16949831321116754,False,0,False,0,rotator,pulsator,0.3.2
2,196257879,17,120,12338,10.87196545600891,,0.003618036699035792,False,0,False,0,variable,variable,0.3.2
2,196258810,17,120,12054,1.255867996462107,,0.0038255075378300354,False,0,False,0,quiet,quiet,0.3.2
2,196258873,17,120,12108,1.5511559128761292,12.24163301818559,0.16306536977630207,False,0,False,0,rotator,rotator,0.3.2
2,196291394,17,120,13026,0.6610947810951006,1.7699961387498273,0.11651102658434072,False,0,False,0,rotator,pulsator,0.3.2
2,196293610,17,120,13072,4.064527018801183,,0.05649501007629477,False,0,False,0,quiet,quiet,0.3.2
2,196294060,17,120,13068,11.486046833631585,6.407068130560055,0.7520401061850638,False,4,False,0,flaring,flaring,0.3.2
2,196383672,17,120,13039,2.257761204242706,10.484288432042439,0.4922417426054445,False,2,False,0,rotator,rotator,0.3.2
2,196433128,17,120,12428,109.19675685186641,5.89149568229082,0.41599367406179416,False,0,False,0,rotator,eclipsing,0.3.2
2,196504245,17,120,13025,18.608745503425595,14.415926838467925,0.4543298242843268,False,0,False,0,rotator,pulsator,0.3.2
2,196506423,17,120,13067,0.5805898904800414,,0.007875223373961772,False,0,False,0,quiet,quiet,0.3.2
2,196507758,17,120,13063,0.46438354253768915,,0.06934564222185757,False,0,False,0,quiet,quiet,0.3.2
2,196522649,17,120,11743,1.8173258900642393,,0.026568696976351332,False,0,False,0,quiet,quiet,0.3.2
2,196523308,17,120,11206,2.1977138936519625,,0.0743300386131706,False,0,False,0,quiet,quiet,0.3.2
2,196526804,17,120,13068,0.7970518528536514,,0.0020568396525225373,False,0,False,0,quiet,quiet,0.3.2
2,196528902,17,120,13067,0.44838860034942624,,0.01084397737002229,False,0,False,0,quiet,quiet,0.3.2
2,196566812,17,120,11887,1.058052170276642,,0.002843492795396839,False,0,False,0,quiet,quiet,0.3.2
2,196590160,17,120,12590,2.4608350378026054,5.652134931349337,0.13948475378940842,False,5,False,0,flaring,flaring,0.3.2
2,196676177,17,120,13068,0.6034776447130653,,0.0026501016052812377,False,0,False,0,quiet,quiet,0.3.2
2,196695337,17,120,12896,1.0812050700187683,,0.02150296243845787,False,0,False,0,quiet,quiet,0.3.2
2,196738135,17,120,12921,1.0588474988937377,5.4428616025756495,0.14395200627911967,False,0,False,0,rotator,rotator,0.3.2
2,196740021,17,120,11920,1.263865504745677,,0.007359798793032865,False,0,False,0,quiet,quiet,0.3.2
2,196751453,17,120,13069,4.060064220428466,,0.8418140498945963,True,0,False,0,quiet,quiet,0.3.2
2,196781811,17,120,12605,2.2322223186492915,,0.002664504978164168,False,0,False,0,quiet,quiet,0.3.2
2,196781886,17,120,13068,0.8881611142110492,1.2673374586584807,0.259099124205237,False,0,False,0,rotator,pulsator,0.3.2
2,196787438,17,120,13067,0.3331543207168579,,0.005529902473128825,False,0,False,0,quiet,quiet,0.3.2
2,196789308,17,120,12129,1.2464566826820374,,0.0013702331715101373,False,0,False,0,quiet,quiet,0.3.2
2,196812925,17,120,13032,1.1481893451100977,,0.02967614705169133,False,0,False,0,quiet,quiet,0.3.2
2,196813020,17,120,13071,0.9853237867355346,5.491802852755892,0.38777825318817155,False,0,False,0,rotator,pulsator,0.3.2
2,196817037,17,120,12363,1.386169409751892,,0.08653152601170425,False,1,False,0,quiet,quiet,0.3.2
2,196843568,17,120,13072,0.8772474646568298,,0.005046484189863228,False,0,False,0,quiet,quiet,0.3.2
2,196845144,17,120,12360,2.5609579944039584,,0.001989225687238501,False,0,False,0,quiet,quiet,0.3.2
2,196884552,17,120,12923,0.9323902487754822,,0.007249399685499553,False,0,False,0,quiet,quiet,0.3.2
2,196884779,17,120,12410,2.8604434710608877,,0.002211860746966255,False,0,False,0,quiet,quiet,0.3.2
2,196885867,17,120,13070,1.7491043686866758,4.271404371889958,0.49806693464324164,False,0,False,0,rotator,pulsator,0.3.2
2,196886156,17,120,12612,1.582438838481903,,0.0063139644304361425,False,0,False,0,quiet,quiet,0.3.2
2,196886300,17,120,12626,177.18265710369687,,0.005119452386190304,False,0,False,0,variable,variable,0.3.2
2,196897590,17,120,12724,2.3073366880416866,,0.01203901316007634,False,0,False,0,quiet,quiet,0.3.2
2,196922154,17,120,12527,153.59881124496457,,0.0017028123669709859,False,0,False,0,variable,variable,0.3.2
2,196972915,17,120,12669,1.9261975407600402,,0.018246843003240507,False,0,False,0,quiet,quiet,0.3.2
2,196974264,17,120,12993,0.3639070272445678,,0.06663790793011821,False,0,False,0,quiet,quiet,0.3.2
2,197698651,17,120,14842,28.97161227464676,,0.00241894286959207,False,0,False,0,variable,variable,0.3.2
2,197701951,17,120,15128,1.581510907962593,10.754189249221325,0.41432970607410663,False,7,False,0,flaring,flaring,0.3.2
2,197755658,17,120,15099,9.425881290435791,1.5762713699049529,0.2231673146488347,False,0,True,12,dipper,eclipsing,0.3.2
2,197774545,17,120,14750,4.9209190785884855,,0.046719828992176145,False,0,False,0,quiet,quiet,0.3.2
2,1979114112,17,120,14230,370.19152620460017,,0.0018033857745626764,False,0,False,0,variable,variable,0.3.2
2,1980148542,17,120,14472,448.89120385050774,,0.0019134164525343403,False,0,False,0,variable,variable,0.3.2
2,1981019656,17,120,14136,342.4055933953998,,0.0040550466881903524,False,0,False,0,variable,variable,0.3.2
2,1981140374,17,120,14045,297.0619545936584,,0.0017029334144095147,False,0,False,0,variable,variable,0.3.2
2,1981257454,17,120,14481,7.487046861648559,8.33579961637562,0.5518691654694526,False,0,False,0,rotator,pulsator,0.3.2
2,1981434198,17,120,14096,97.13374622065585,0.15306418734202795,0.9763852580242781,False,0,False,0,rotator,pulsator,0.3.2
2,198157501,17,120,12603,5.63057312965393,,0.003819797814707099,False,0,False,0,variable,variable,0.3.2
2,198159787,17,120,12610,1.8498901233109795,,0.018222015441985064,False,0,False,0,quiet,quiet,0.3.2
2,198161846,17,120,12199,1.4515630960464476,,0.003038350100806245,False,0,False,0,quiet,quiet,0.3.2
2,198161860,17,120,12609,0.5620322227478027,,0.004416175419128676,False,0,False,0,quiet,quiet,0.3.2
2,198162429,17,120,12611,5.443140685558318,,0.0027088314748601543,False,0,False,0,variable,variable,0.3.2
2,198177457,17,120,12610,0.8600595039111523,,0.0008058121337547378,False,0,False,0,quiet,quiet,0.3.2
2,198177771,17,120,12608,0.8618269264698027,,0.0022977446499219305,False,0,False,0,quiet,quiet,0.3.2
2,198179262,17,120,12610,1.3006716221771129,,0.0014905928274483165,False,0,False,0,quiet,quiet,0.3.2
2,198180690,17,120,12610,0.8864379286766051,,0.05554753508113858,False,0,False,0,quiet,quiet,0.3.2
2,198181100,17,120,12611,1.7052729249000549,,0.0016325736025626415,False,0,False,0,quiet,quiet,0.3.2
2,198182246,17,120,12610,1.0995859652881037,,0.0014072111968213689,False,0,False,0,quiet,quiet,0.3.2
2,198182825,17,120,12605,1.056196403503418,0.2375797047323549,0.4634132137337245,False,0,False,0,rotator,pulsator,0.3.2
2,198183479,17,120,12208,1.7987683295469479,,0.00902700092060997,False,0,False,0,quiet,quiet,0.3.2
2,198183610,17,120,12513,2.362567842006683,,0.0013006117880159558,False,0,False,0,quiet,quiet,0.3.2
2,198184195,17,120,12611,16.991047096252437,,0.0010819843373426623,False,0,False,0,variable,variable,0.3.2
2,198185267,17,120,12611,15.045850038528442,0.2494041719764798,0.22035837920468276,False,0,False,0,rotator,pulsator,0.3.2
2,198185441,17,120,12610,1.083060836791992,,0.0017848408706909052,False,0,False,0,quiet,quiet,0.3.2
2,198185495,17,120,12611,1.2866649627685547,,0.002235303269823082,False,0,False,0,quiet,quiet,0.3.2
2,198187049,17,120,12609,5.360868358612061,10.021502265891305,0.8525237357756783,False,9,False,0,flaring,flaring,0.3.2
2,198187274,17,120,12609,2.2087159395217895,,0.0010932457442265429,False,0,False,0,quiet,quiet,0.3.2
2,198187666,17,120,12611,1.6596740841865538,,0.0016083346630161794,False,0,False,0,quiet,quiet,0.3.2
2,198187737,17,120,12611,0.9520967245101928,,0.0063277907257986475,False,0,False,0,quiet,quiet,0.3.2
2,198187775,17,120,12610,1.0979069709777831,2.5053730635698654,0.16065476138761234,False,0,False,0,rotator,rotator,0.3.2
2,198189383,17,120,12609,0.5535487174987793,,0.006563178298400858,False,0,False,0,quiet,quiet,0.3.2
2,198190057,17,120,12611,3.13288779258728,,0.009040914845183774,False,0,False,0,quiet,quiet,0.3.2
2,198204292,17,120,11858,2.6237891077995297,,0.03327134082157714,False,0,False,0,quiet,quiet,0.3.2
2,198206084,17,120,12611,2.3414474487304684,,0.0009386245623948433,False,0,False,0,quiet,quiet,0.3.2
2,198206300,17,120,12611,8.732177996635436,,0.0013010313133786243,False,0,False,0,variable,variable,0.3.2
2,198206331,17,120,12610,0.46977410316467283,,0.021230944696968613,False,0,False,0,quiet,quiet,0.3.2
2,198206376,17,120,12611,0.9738357067108153,,0.03942265510514648,False,0,False,0,quiet,quiet,0.3.2
2,198206792,17,120,12611,1.1682493686676023,,0.002653500944789551,False,0,False,0,quiet,quiet,0.3.2
2,198208146,17,120,12611,3.092060923576355,8.479722328335829,0.10748173643433917,False,0,False,0,rotator,rotator,0.3.2
2,198209677,17,120,12611,4.374660873413085,,0.0018194470725688865,False,0,False,0,quiet,quiet,0.3.2
2,198210588,17,120,12605,4.671318447589874,,0.0028974154814601326,False,0,False,0,quiet,quiet,0.3.2
2,198210974,17,120,12188,15.704956069440959,,0.004625116153881165,False,0,False,0,variable,variable,0.3.2
2,198211736,17,120,11904,3.767604101669666,8.380926411940226,0.3136019112540957,False,0,False,0,rotator,rotator,0.3.2
2,198211976,17,120,12228,2.0828330313315084,,0.011824923935317455,False,0,False,0,quiet,quiet,0.3.2
2,198212148,17,120,12607,0.27014662027359004,,0.005083086369194594,False,0,False,0,quiet,quiet,0.3.2
2,198236180,17,120,12611,1.1240644454956055,,0.011133519159505063,False,0,False,0,quiet,quiet,0.3.2
2,198238305,17,120,12609,0.7401858329772949,,0.0073392283610605995,False,0,False,0,quiet,quiet,0.3.2
2,198239119,17,120,12577,1.3483471155166626,,0.000982896157693891,False,0,False,0,quiet,quiet,0.3.2
2,198240267,17,120,12609,1.9102025985717772,,0.022120106107492626,False,0,False,0,quiet,quiet,0.3.2
2,198240887,17,120,12610,0.9637615442276001,,0.0013539779869139413,False,0,False,0,quiet,quiet,0.3.2
2,198241412,17,120,11637,13.160479366779327,,0.0020116419489366374,False,0,False,0,variable,variable,0.3.2
2,198278424,17,120,12159,6.769660449028015,,0.001333962670774031,False,0,False,0,variable,variable,0.3.2
2,198278947,17,120,11697,1.6599391937255858,,0.0026434134063508742,False,0,False,0,quiet,quiet,0.3.2
2,198279826,17,120,12521,1.8909379720687864,,0.002495421315490764,False,0,False,0,quiet,quiet,0.3.2
2,198281577,17,120,12603,0.3624931097030639,,0.0032067184548146333,False,0,False,0,quiet,quiet,0.3.2
2,198282047,17,120,11631,2.275965392589569,,0.0016852527586407272,False,0,False,0,quiet,quiet,0.3.2
2,198314134,17,120,12608,0.2955971184016991,,0.005376115926631834,False,0,False,0,quiet,quiet,0.3.2
2,198353919,17,120,12950,2.7770224213600154,,0.08991710030861015,False,0,False,0,quiet,quiet,0.3.2
2,198354443,17,120,13429,8.395135402679443,0.15346250086133087,0.840100099606629,False,0,False,2,rotator,pulsator,0.3.2
2,198356145,17,120,13528,2.3833790118509235,,0.0024228800434084098,False,0,False,0,quiet,quiet,0.3.2
2,198359767,17,120,13529,20.803675746917722,,0.0013864117783677888,False,0,False,0,variable,variable,0.3.2
2,198360146,17,120,13529,1.2011229515075683,,0.0009393119599397801,False,0,False,0,quiet,quiet,0.3.2
2,198361505,17,120,12866,2.493664583374994,,0.0024098110036190855,False,0,False,0,quiet,quiet,0.3.2
2,198361896,17,120,13528,0.8443297220566786,,0.047097168480078874,False,0,False,0,quiet,quiet,0.3.2
2,198364255,17,120,13495,2.0243764400482176,,0.016547506900192382,False,0,False,0,quiet,quiet,0.3.2
2,198386704,17,120,13518,0.361255931854248,4.065691367417799,0.23704457799297843,False,0,False,0,rotator,rotator,0.3.2
2,198388593,17,120,13487,4.551047086715698,,0.002426016911293154,False,0,False,0,quiet,quiet,0.3.2
2,198389350,17,120,13529,3.085521554946899,,0.004948633317681689,False,0,False,0,quiet,quiet,0.3.2
2,198390460,17,120,13529,0.7060750722885132,,0.20470138505196872,True,2,False,0,quiet,quiet,0.3.2
2,198392089,17,120,13527,1.2068669915199277,,0.006536608499234496,False,0,False,0,quiet,quiet,0.3.2
2,198407749,17,120,13014,83.48948653669696,0.41847070560037597,0.6204399124165388,False,0,False,0,rotator,pulsator,0.3.2
2,198411502,17,120,13526,0.7049262642860412,,0.002193783124110608,False,0,False,0,quiet,quiet,0.3.2
2,198413262,17,120,13496,2.708094102626687,10.343323865248623,0.12674950736748397,False,0,False,0,rotator,rotator,0.3.2
2,198415849,17,120,13153,1.205011224746704,,0.0013869514794855168,False,0,False,0,quiet,quiet,0.3.2
2,198417690,17,120,13459,1.57130423784256,,0.006325928192625402,False,0,False,0,quiet,quiet,0.3.2
2,198417895,17,120,13525,1.5834109067916868,,0.0014698068616454014,False,0,False,0,quiet,quiet,0.3.2
2,198420126,17,120,13510,2.0262764521323575,,0.0456839360172967,False,0,False,0,quiet,quiet,0.3.2
2,198420284,17,120,13526,0.6264096744778654,,0.00502202586424641,False,0,False,0,quiet,quiet,0.3.2
2,198456240,17,120,13131,1.2712886095046998,,0.001067632954457367,False,0,False,0,quiet,quiet,0.3.2
2,198456524,17,120,13529,3.9921961784362785,2.9957731911045022,0.41662625751934246,False,0,False,0,rotator,pulsator,0.3.2
2,198456745,17,120,12919,2.3607120752334594,,0.009026285778768604,False,0,False,0,quiet,quiet,0.3.2
2,198457170,17,120,13528,0.7519389777219905,,0.006651101328392184,False,0,False,0,quiet,quiet,0.3.2
2,198459133,17,120,13438,2.0427132440421953,,0.0017075203896559812,False,0,False,0,quiet,quiet,0.3.2
2,198478619,17,120,13528,2.0253041423585287,,0.037714868179700545,False,0,False,0,quiet,quiet,0.3.2
2,198478966,17,120,12912,2.2239597380161285,,0.0036346196604837002,False,0,False,0,quiet,quiet,0.3.2
2,198536913,17,120,12610,0.8362438061092015,,0.002021695155180999,False,0,False,0,quiet,quiet,0.3.2
2,199521808,17,120,12611,1.2245409607887268,,0.02835238243403154,False,0,False,0,quiet,quiet,0.3.2
2,199526564,17,120,12611,8.283259177207945,,0.0009578638019033037,False,0,False,0,variable,variable,0.3.2
2,199549679,17,120,12611,1.4201034307479856,,0.004861400381045291,False,0,False,0,quiet,quiet,0.3.2
2,199550090,17,120,12609,0.5637996196746826,,0.015884120639394105,False,0,False,0,quiet,quiet,0.3.2
2,199614253,17,120,13512,1.3534726472778704,,0.001440482469138073,False,0,False,0,quiet,quiet,0.3.2
2,199661054,17,120,13527,0.755031967163086,5.692005747618282,0.3609539141743263,False,0,False,0,rotator,pulsator,0.3.2
2,199666114,17,120,13527,0.7291396021842956,,0.033660548003824405,False,0,False,0,quiet,quiet,0.3.2
2,199682561,17,120,13529,1.0738703727722168,,0.001287282827979629,False,0,False,0,quiet,quiet,0.3.2
2,199686461,17,120,13529,1.9192163228988646,11.383964379511099,0.2946517598523706,False,0,False,0,rotator,pulsator,0.3.2
2,199688577,17,120,13526,7.515325660426953,4.553589971836573,0.8386767119621971,False,0,False,0,rotator,pulsator,0.3.2
2,199709857,17,120,12920,3.771669339289347,7.9855860801365,0.24599802790676478,False,0,False,0,rotator,rotator,0.3.2
2,199710426,17,120,13193,2.4190361738204955,,0.001618049555930363,False,0,False,0,quiet,quiet,0.3.2
2,199710577,17,120,13408,1.7467626198161426,,0.001519158854227511,False,0,False,0,quiet,quiet,0.3.2
2,199710818,17,120,13525,0.5608834147453309,,0.0009786718984998223,False,0,False,0,quiet,quiet,0.3.2
2,199712635,17,120,13380,11.407310325125167,,0.0011273400293570666,False,0,False,0,variable,variable,0.3.2
2,199712878,17,120,12934,2.3548795951938746,,0.0015137442924658831,False,0,False,0,quiet,quiet,0.3.2
2,199713038,17,120,12975,1.7885173201560973,,0.001636551518042159,False,0,False,0,quiet,quiet,0.3.2
2,199715780,17,120,13529,0.708019208908081,,0.005986603588928968,False,0,False,0,quiet,quiet,0.3.2
2,199715818,17,120,13379,2.098783850669861,,0.002172257840947679,False,0,False,0,quiet,quiet,0.3.2
2,199715916,17,120,13452,1.8439252138137818,,0.0014931259366179719,False,0,False,0,quiet,quiet,0.3.2
2,201385935,17,120,12873,4.095147049427032,,0.004242922577636879,False,0,False,0,quiet,quiet,0.3.2
2,201413661,17,120,12884,3.13023660390864,,0.0023812705302984445,False,0,False,0,quiet,quiet,0.3.2
2,201420961,17,120,12872,3.569744127988815,,0.01648011925084086,False,0,False,0,quiet,quiet,0.3.2
2,2014338992,17,120,14787,315.1692895889282,,0.0018565378271574082,False,0,False,0,variable,variable,0.3.2
2,201519968,17,120,12828,2.7984962106199203,,0.0036258914345921717,False,0,False,0,quiet,quiet,0.3.2
2,201521810,17,120,13127,0.2467286109924316,,0.006735396247963501,False,0,False,0,quiet,quiet,0.3.2
2,201523301,17,120,13135,2.2201156497001646,1.7104744778237426,0.42602875971639187,False,0,False,0,rotator,pulsator,0.3.2
2,201624884,17,120,12821,2.850811243057251,,0.0011159438187048499,False,0,False,0,quiet,quiet,0.3.2
2,201693184,17,120,12871,1.9445784687995908,1.5346312172100627,0.22516422769776773,False,0,True,11,dipper,eclipsing,0.3.2
2,201693582,17,120,12872,4.1708358228206635,0.6975597177608754,0.34355346655991814,False,0,False,0,rotator,pulsator,0.3.2
2,201698545,17,120,12867,21.25365500450134,,0.002166951784635633,False,0,False,0,variable,variable,0.3.2
2,201701766,17,120,12843,1.5779319763183595,,0.0013166317270798557,False,0,False,0,quiet,quiet,0.3.2
2,201701877,17,120,12851,2.4909692287445067,,0.0017120409909834274,False,0,False,0,quiet,quiet,0.3.2
2,201780411,17,120,12869,1.9110862970352172,,0.001468094143312593,False,0,False,0,quiet,quiet,0.3.2
2,201788076,17,120,12864,1.1515474677085875,,0.0009908679050392708,False,0,False,0,quiet,quiet,0.3.2
2,201804394,17,120,12872,0.8970864951610564,,0.026069257520404256,False,0,False,0,quiet,quiet,0.3.2
2,201863737,17,120,12837,2.346838009357452,,0.0017103293873917368,False,0,False,0,quiet,quiet,0.3.2
2,201892746,17,120,12873,19.628180050849913,,0.007735015437482248,False,0,False,0,variable,variable,0.3.2
2,201929047,17,120,12823,10.284659457206725,,0.012555029819445845,False,3,False,0,flaring,flaring,0.3.2
2,202043224,17,120,12844,2.1159274747414902,3.107551558736784,0.12499907799606137,False,0,False,0,rotator,rotator,0.3.2
2,202043963,17,120,12872,0.8735800899988385,,0.001365871881065969,False,0,False,0,quiet,quiet,0.3.2
2,202045270,17,120,12796,5.027316223760955,,0.005287639667848624,False,0,False,0,variable,variable,0.3.2
2,202083843,17,120,12834,14.286973983049391,,0.007223092719826139,False,0,False,1,variable,variable,0.3.2
2,202084063,17,120,12790,1.7375720519551023,,0.0017516747069832625,False,0,False,0,quiet,quiet,0.3.2
2,202085804,17,120,12843,1.5261472463607786,,0.0022730436661209993,False,0,False,1,quiet,quiet,0.3.2
2,202136169,17,120,12868,0.9477223888718369,,0.0012605687176380964,False,0,False,0,quiet,quiet,0.3.2
2,202148559,17,120,12872,1.9542990354121308,,0.03892030479349075,False,6,False,0,flaring,flaring,0.3.2
2,202158825,17,120,12721,11.679135632514955,,0.014966148563171976,False,0,False,0,variable,variable,0.3.2
2,202217931,17,120,12873,5.938453674316406,19.182914633239534,0.5197140199149436,False,0,False,0,rotator,pulsator,0.3.2
2,202300163,17,120,12611,1.1271573901176453,,0.0015761020854430864,False,0,False,0,quiet,quiet,0.3.2
2,202326100,17,120,12829,1.1682493686676023,,0.009962644212992226,False,0,False,0,quiet,quiet,0.3.2
2,202366954,17,120,12870,3.1674845874309536,0.24488858932130964,0.8771257614432029,False,0,False,0,rotator,pulsator,0.3.2
2,202369569,17,120,12793,1.506440770626068,,0.0013594957236298705,False,0,False,0,quiet,quiet,0.3.2
2,202371935,17,120,12674,18.115024251641287,,0.021448124229977508,False,6,False,0,flaring,flaring,0.3.2
2,202376043,17,120,12691,17.82667236328125,,0.009466348914291992,False,0,False,0,variable,variable,0.3.2
2,202414513,17,120,13068,8.041214168071747,12.81407180997614,0.6897447357357859,False,2,False,0,rotator,rotator,0.3.2
2,202417179,17,120,12741,2.3170573711395264,,0.0029079743753238946,False,0,False,0,quiet,quiet,0.3.2
2,202418751,17,120,12818,7.525222859538283,1.06572031614841,0.5330617882865489,False,0,False,0,rotator,pulsator,0.3.2
2,202438769,17,120,13069,0.376455545425415,,0.020709341012742497,False,0,False,0,quiet,quiet,0.3.2
2,202495863,17,120,12671,4.3175739526748655,,0.006260444686582761,False,0,False,0,quiet,quiet,0.3.2
2,202509348,17,120,11871,1.6744318485260008,,0.0840489556535118,False,0,False,0,quiet,quiet,0.3.2
2,202512021,17,120,12671,10.923219966888427,8.76340140332139,0.719282065732492,False,0,False,0,rotator,pulsator,0.3.2
2,202519196,17,120,12741,2.1062069177627563,,0.000996845671650865,False,0,False,0,quiet,quiet,0.3.2
2,202521146,17,120,12674,1.399336600264108,,0.0016716515025870385,False,0,False,0,quiet,quiet,0.3.2
2,202546603,17,120,12868,0.7959029973774254,,0.007908548684626959,False,0,False,0,quiet,quiet,0.3.2
2,202549120,17,120,12673,2.259263491630554,,0.06957140134251533,False,0,False,0,quiet,quiet,0.3.2
2,202550762,17,120,12707,13.203957331180572,,0.003129343734745442,False,2,False,0,variable,variable,0.3.2
2,202550899,17,120,12952,1.1135925855161968,,0.005046603427537242,False,0,False,0,quiet,quiet,0.3.2
2,202590609,17,120,12839,1.3377427339553833,,0.012535406038371659,False,0,False,0,quiet,quiet,0.3.2
2,202593501,17,120,12666,1.4823158025741576,,0.001755488116381281,False,0,False,0,quiet,quiet,0.3.2
2,202594711,17,120,12872,1.15274039192555,,0.019901126907782646,False,4,False,0,flaring,flaring,0.3.2
2,202595384,17,120,12665,1.057433581352234,,0.007550317937922791,False,0,False,0,quiet,quiet,0.3.2
2,202596345,17,120,12639,1.417805814743042,,0.000934839976042261,False,0,False,0,quiet,quiet,0.3.2
2,202600302,17,120,12867,0.6878708839416504,,0.05292233271401998,False,0,False,0,quiet,quiet,0.3.2
2,202642473,17,120,12868,0.7824266195297241,,0.002082042016661741,False,0,False,0,quiet,quiet,0.3.2
2,202649731,17,120,12640,1.4371588110923768,,0.007958934363477143,False,0,False,0,quiet,quiet,0.3.2
2,202662010,17,120,12744,1.2321849892194565,,0.003149835562830127,False,0,False,0,quiet,quiet,0.3.2
2,202758857,17,120,12733,1.0908373832702638,,0.0058414551020946354,False,0,False,0,quiet,quiet,0.3.2
2,202765067,17,120,12834,1.246633496679872,,0.0068283691010739105,False,0,False,0,quiet,quiet,0.3.2
2,202795069,17,120,12867,1.1442127704620362,5.7549054083687,0.18792003842656585,False,0,False,0,rotator,rotator,0.3.2
2,202796892,17,120,12514,3.358319270610809,,0.001123534799991668,False,0,False,0,quiet,quiet,0.3.2
2,202797607,17,120,12873,0.7849009752273559,11.509793919984759,0.24279131694705275,False,0,False,0,rotator,rotator,0.3.2
2,2040956339,17,120,13096,1.6149588938069674,,0.011516026286162693,False,0,False,0,quiet,quiet,0.3.2
2,2041188914,17,120,12701,361.50778591632843,,0.002357888743564437,False,0,False,0,variable,variable,0.3.2
2,2054350776,17,120,12853,445.5877180695533,,0.0018623313056253929,False,0,False,0,variable,variable,0.3.2
2,207504899,17,120,12609,0.5643298387527466,,0.03461251684706854,False,0,False,0,quiet,quiet,0.3.2
2,20885502,17,120,11917,62.99630073308944,0.24213050585298665,0.28323134224451835,False,0,False,0,rotator,pulsator,0.3.2
2,20885607,17,120,12786,0.6104147318129162,,0.07658941200172929,False,0,False,0,quiet,quiet,0.3.2
2,20886177,17,120,12342,2.9212420105934145,,0.0038973695371623458,False,0,False,0,quiet,quiet,0.3.2
2,20905280,17,120,12449,13.312828981876372,2.535845856779487,0.5910931969766061,False,1,False,0,rotator,pulsator,0.3.2
2,20905500,17,120,12780,0.7721315094193366,1.1024652174672027,0.20955362654363885,False,0,False,0,rotator,pulsator,0.3.2
2,20931752,17,120,12253,4.799277985095977,4.903161903618797,0.5743705712070325,False,2,False,0,rotator,pulsator,0.3.2
2,20933486,17,120,12330,0.8532992362976074,,0.0027463514296962865,False,0,False,0,quiet,quiet,0.3.2
2,20935073,17,120,12780,0.32944278717041015,,0.005727870863847458,False,0,False,0,quiet,quiet,0.3.2
2,219100948,17,120,13517,1.3483471155166626,,0.0009975053105127315,False,0,False,0,quiet,quiet,0.3.2
2,219104773,17,120,13523,1.253614640235901,,0.001964231664999809,False,0,False,0,quiet,quiet,0.3.2
2,219105944,17,120,13523,1.0134253978729248,,0.0009604197398420738,False,0,False,0,quiet,quiet,0.3.2
2,219106510,17,120,12679,6.741735577583312,,0.0018787165220697617,False,0,False,0,variable,variable,0.3.2
2,219110549,17,120,12894,2.2969974160194395,10.145844553957101,0.21376263634786025,False,0,False,0,rotator,pulsator,0.3.2
2,219112871,17,120,12747,15.093216276168821,,0.0026741427971612923,False,1,False,0,variable,variable,0.3.2
2,219112937,17,120,12907,2.9594177842140192,,0.006782814843755813,False,0,False,0,quiet,quiet,0.3.2
2,219113617,17,120,13520,0.8205140233039855,,0.07619092049715644,False,0,False,0,quiet,quiet,0.3.2
2,219429730,17,120,12835,16.72797006368637,,0.002061246869681222,False,0,False,0,variable,variable,0.3.2
2,219740029,17,120,12608,7.68751385807991,,0.03577311439199291,False,1,False,0,variable,variable,0.3.2
2,219740926,17,120,12605,0.511838150024414,2.345465259979339,0.30098461088260725,False,0,False,0,rotator,pulsator,0.3.2
2,219742132,17,120,12611,1.9768334627151487,,0.045158945757244544,False,0,False,0,quiet,quiet,0.3.2
2,219743359,17,120,12611,1.4959247589111329,,0.0012745027078279738,False,0,False,0,quiet,quiet,0.3.2
2,219751163,17,120,13527,1.0744005918502806,,0.0012448864349542627,False,0,False,0,quiet,quiet,0.3.2
2,219754045,17,120,12611,0.9665893793106078,0.36745388536159,0.10105355069231407,False,0,False,0,rotator,pulsator,0.3.2
2,219757770,17,120,12610,1.3800276231749282,,0.0012317977213129774,False,0,False,0,quiet,quiet,0.3.2
2,219758529,17,120,13529,1.1503986597061155,,0.0020249095542280086,False,0,False,0,quiet,quiet,0.3.2
2,219759861,17,120,13474,3.640705006101578,2.4740179750703755,0.41585475248748216,False,0,False,0,rotator,pulsator,0.3.2
2,219762107,17,120,12848,1.9491294577977223,,0.024938291552800498,False,0,False,0,quiet,quiet,0.3.2
2,219763205,17,120,12895,1.7069519519805907,,0.003023999719326894,False,0,False,0,quiet,quiet,0.3.2
2,219771660,17,120,13119,1.8729988932609558,,0.026363426319996372,False,0,False,1,quiet,eclipsing,0.3.2
2,219771875,17,120,13524,0.6506671786308288,,0.05276261880094629,False,0,False,0,quiet,quiet,0.3.2
2,219773944,17,120,13526,1.131443293945691,,0.0023019076583012514,False,0,False,0,quiet,quiet,0.3.2
2,219776325,17,120,13528,3.2333202193176813,9.486628712284261,0.3863750680812317,False,0,False,0,rotator,rotator,0.3.2
2,219776784,17,120,13064,1.368186146020889,,0.006007397668849733,False,0,False,0,quiet,quiet,0.3.2
2,219777120,17,120,13510,1.29563450217247,,0.007866445787378246,False,0,False,0,quiet,quiet,0.3.2
2,219777235,17,120,13526,1.6659925282001495,10.349048895061102,0.2937132364195419,False,0,False,0,rotator,rotator,0.3.2
2,219778756,17,120,12610,1.238635914366367,,0.0043625017887863405,False,0,False,0,quiet,quiet,0.3.2
2,219778840,17,120,12610,2.202088332300683,,0.04756943560055746,False,0,False,0,quiet,quiet,0.3.2
2,219779655,17,120,12952,2.5213683807442075,,0.0038226660952162153,False,0,False,0,quiet,quiet,0.3.2
2,219779729,17,120,12909,7.725645446777343,,0.0030098772360863456,False,0,False,0,variable,variable,0.3.2
2,219785744,17,120,13171,1.2361174106597899,,0.00099472011558608,False,0,False,0,quiet,quiet,0.3.2
2,219788712,17,120,13522,0.7879497114434925,,0.047688461546207955,False,0,False,0,quiet,quiet,0.3.2
2,219792610,17,120,13517,0.30522944927215573,,0.004839461154123113,False,0,False,0,quiet,quiet,0.3.2
2,219794282,17,120,13196,1.972945071879323,,0.010596251521609165,False,0,False,0,quiet,quiet,0.3.2
2,219797808,17,120,13148,2.511161813472563,6.271176209993048,0.33555011888816116,False,0,False,0,rotator,pulsator,0.3.2
2,219798506,17,120,13528,1.2221549020913303,,0.08823444494820831,False,0,False,0,quiet,quiet,0.3.2
2,219800245,17,120,13528,1.6785852313041685,,0.001602942106218511,False,0,False,0,quiet,quiet,0.3.2
2,219805525,17,120,13520,1.0049419525231096,,0.005071801214284829,False,0,False,0,quiet,quiet,0.3.2
2,219807052,17,120,13141,2.9470460057258605,,0.011759847531724146,False,0,False,0,quiet,quiet,0.3.2
2,219807735,17,120,13518,1.7111937046051025,10.349036812341307,0.4577997148072745,False,0,False,0,rotator,pulsator,0.3.2
2,219807827,17,120,13142,3.925521012380093,,0.012501961168955075,False,0,False,0,quiet,quiet,0.3.2
2,219808429,17,120,13525,0.46650441884994504,,0.0027724044423143345,False,0,False,0,quiet,quiet,0.3.2
2,219811619,17,120,13155,1.3402170896530152,,0.002008332630390241,False,0,False,0,quiet,quiet,0.3.2
2,219815508,17,120,13174,3.2364129711266463,,0.0125892415092648,False,0,False,0,quiet,quiet,0.3.2
2,219817815,17,120,13526,1.4202359855175017,,0.021150402672451225,False,0,False,0,quiet,quiet,0.3.2
2,219819948,17,120,13178,2.2085834505731894,,0.0012868223975052754,False,0,False,0,quiet,quiet,0.3.2
2,219821233,17,120,13143,1.6655064940452573,,0.0010830823386732507,False,0,False,0,quiet,quiet,0.3.2
2,219822742,17,120,12953,3.316873812675476,,0.003783966031637602,False,0,False,0,quiet,quiet,0.3.2
2,219845915,17,120,12610,1.181195586359369,,0.016956882135593345,False,0,False,0,quiet,quiet,0.3.2
2,219846064,17,120,12609,1.8767987966537474,,0.04484506803453154,False,1,False,0,quiet,quiet,0.3.2
2,219846123,17,120,11205,6.7590560674667355,,0.0017483153930175055,False,0,False,0,variable,variable,0.3.2
2,219846750,17,120,12602,1.3465354534068434,1.9006424580264585,0.36764992482746917,False,1,False,0,rotator,pulsator,0.3.2
2,219846818,17,120,9749,1.9047236680984496,,0.00467467540791636,False,0,False,0,quiet,quiet,0.3.2
2,219848613,17,120,12610,0.7011705249199115,,0.028063200639064558,False,0,False,0,quiet,quiet,0.3.2
2,219851336,17,120,12605,0.6701085448265076,,0.021529523119929332,False,0,False,0,quiet,quiet,0.3.2
2,219853425,17,120,12610,0.47728554010391233,,0.0030867559435253404,False,0,False,0,quiet,quiet,0.3.2
2,219854987,17,120,12610,0.6564995884895325,,0.0015478524177093794,False,0,False,0,quiet,quiet,0.3.2
2,219855102,17,120,12605,1.3012459874153137,,0.0024886245119634144,False,0,False,0,quiet,quiet,0.3.2
2,219856298,17,120,12605,0.9830261707305908,,0.003185771540038049,False,0,False,0,quiet,quiet,0.3.2
2,219858225,17,120,11909,1.3906762719154357,,0.007307046565336855,False,0,False,0,quiet,quiet,0.3.2
2,219859796,17,120,12611,0.9517432451248168,,0.0020365183149118555,False,0,False,0,quiet,quiet,0.3.2
2,219860549,17,120,12611,1.4807251453399657,0.7021477738088657,0.5837341447873706,False,0,False,0,rotator,pulsator,0.3.2
2,219860722,17,120,10018,2.6195030141172992,,0.08787462376029762,False,0,False,0,quiet,quiet,0.3.2
2,219861041,17,120,12608,0.4426445603370666,,0.016293727174939928,False,0,False,0,quiet,quiet,0.3.2
2,219861516,17,120,12605,0.6572949171066284,,0.044556986449440235,False,0,False,0,quiet,quiet,0.3.2
2,219863063,17,120,11426,1.4860273361206053,,0.0023033903736207296,False,0,False,0,quiet,quiet,0.3.2
2,219864415,17,120,10562,1.7441115243468142,,0.0061518355139326695,False,0,False,0,quiet,quiet,0.3.2
2,219865181,17,120,12182,3.0318367829371455,,0.007121022335640278,False,0,False,0,quiet,quiet,0.3.2
2,219865662,17,120,12536,5.283456373214721,,0.05979020917907334,False,2,False,0,variable,variable,0.3.2
2,219867620,17,120,11524,0.9701683291742703,,0.02930773725871133,False,0,False,0,quiet,quiet,0.3.2
2,219867818,17,120,12609,0.6987403750419616,,0.006697604795019701,False,0,False,0,quiet,quiet,0.3.2
2,219868206,17,120,12607,0.7044844150543212,,0.0021672444017690785,False,0,False,0,quiet,quiet,0.3.2
2,219869064,17,120,12549,2.8815639495849608,,0.018520387455814347,False,0,False,0,quiet,quiet,0.3.2
2,219869487,17,120,12588,1.8013750791139875,,0.0037804827904784027,False,0,False,0,quiet,quiet,0.3.2
2,219869988,17,120,12603,0.6658667922019958,,0.0018505693930771989,False,0,False,0,quiet,quiet,0.3.2
2,219872904,17,120,12593,1.6453581690788268,,0.0026553127016007007,False,0,False,0,quiet,quiet,0.3.2
2,219873138,17,120,12607,0.5353445291519165,,0.07647351748401202,False,0,False,0,quiet,quiet,0.3.2
2,219874540,17,120,10005,2.2692492842674254,,0.010980918947955266,False,0,False,0,quiet,quiet,0.3.2
2,219875104,17,120,10454,2.670625046771018,,0.0454239392513418,False,0,False,0,quiet,quiet,0.3.2
2,219875919,17,120,12561,1.9510294675827025,,0.017432762442623737,False,0,False,0,quiet,quiet,0.3.2
2,219876978,17,120,12611,0.9873562932014464,,0.001351236007418197,False,0,False,0,quiet,quiet,0.3.2
2,219878526,17,120,10462,1.9621198832988738,,0.015883892813278334,False,0,False,0,quiet,quiet,0.3.2
2,219878686,17,120,11193,6.834877395629882,,0.005016912177762311,False,0,False,0,variable,variable,0.3.2
2,219879207,17,120,12419,1.6079777240753172,,0.0015922436105193724,False,0,False,0,quiet,quiet,0.3.2
2,219879365,17,120,12605,0.7074889898300171,,0.0016105895593727668,False,0,False,0,quiet,quiet,0.3.2
2,219879444,17,120,12608,1.1312665205439019,2.0414172573476383,0.3115129004266361,False,0,False,0,rotator,pulsator,0.3.2
2,219880902,17,120,12604,0.7742082238197325,,0.031498829305713766,False,0,False,0,quiet,quiet,0.3.2
2,219882087,17,120,12607,0.8529457569122314,,0.024933247394809285,False,0,False,0,quiet,quiet,0.3.2
2,219882575,17,120,11982,2.2369942903518676,,0.003648866218279972,False,0,False,0,quiet,quiet,0.3.2
2,219892254,17,120,12607,1.3724720835685729,6.484485713733848,0.23499071889444204,False,0,False,0,rotator,pulsator,0.3.2
2,219892705,17,120,12609,1.3336777210235595,,0.003847165754498095,False,0,False,0,quiet,quiet,0.3.2
2,219895046,17,120,12597,0.5227960109710693,,0.09648864100242419,False,0,False,0,quiet,quiet,0.3.2
2,219896037,17,120,12608,0.4908061265945434,,0.04301292534990233,False,0,False,0,quiet,quiet,0.3.2
2,219896790,17,120,11919,2.705707955360413,5.735047902302612,0.1648610092031148,False,0,False,0,rotator,pulsator,0.3.2
2,224596075,17,120,13529,1.2386801362037658,0.7392172160980083,0.26071748328840694,False,0,False,0,rotator,pulsator,0.3.2
2,224597223,17,120,12899,2.2536078214645383,,0.0011111445622973449,False,0,False,0,quiet,quiet,0.3.2
2,224597955,17,120,13431,2.786477994918823,,0.0014184941565635685,False,0,False,0,quiet,quiet,0.3.2
2,224601357,17,120,13527,0.7870218515396118,,0.08638106090184608,False,0,False,0,quiet,quiet,0.3.2
2,224602141,17,120,13507,2.303094935417175,,0.004715585222551778,False,0,False,0,quiet,quiet,0.3.2
2,224602405,17,120,13527,0.5326934337615966,,0.0035382759097087545,False,0,False,0,quiet,quiet,0.3.2
2,224602439,17,120,13529,2.2505148768424985,,0.0007875419932730385,False,0,False,0,quiet,quiet,0.3.2
2,224607604,17,120,13463,2.4149711608886717,,0.015482026371757992,False,0,False,0,quiet,quiet,0.3.2
2,224607994,17,120,13083,1.4708277225494384,,0.004399685299189378,False,0,False,0,quiet,quiet,0.3.2
2,22468142,17,120,12955,0.9126837730407714,,0.0035614259976717156,False,1,False,0,quiet,quiet,0.3.2
2,22468706,17,120,12902,1.3597469067422692,,0.003603531281413688,False,0,False,0,quiet,quiet,0.3.2
2,22502783,17,120,13030,1.2315663635730743,2.5534008731108813,0.38522645722985877,False,0,False,0,rotator,pulsator,0.3.2
2,22503801,17,120,13029,0.8418995261192321,,0.014542665262301326,False,0,False,0,quiet,quiet,0.3.2
2,22524130,17,120,12900,5.273956457556591,,0.0011553750324315212,False,0,False,0,variable,variable,0.3.2
2,22527127,17,120,12723,1.4489120006561278,,0.0023356459227343368,False,0,False,0,quiet,quiet,0.3.2
2,22528010,17,120,13032,0.738330066204071,,0.012918655398274937,False,0,False,0,quiet,quiet,0.3.2
2,22528024,17,120,13029,0.9171022653579711,,0.01042529682514395,False,0,False,0,quiet,quiet,0.3.2
2,22569764,17,120,12728,2.4310101431006106,,0.0015356594659320351,False,0,False,0,quiet,quiet,0.3.2
2,22605365,17,120,13097,0.5706924676895141,,0.0019952313656521133,False,0,False,0,quiet,quiet,0.3.2
2,22606570,17,120,12408,1.4079966778757167,,0.004361690086506718,False,0,False,0,quiet,quiet,0.3.2
2,22658082,17,120,12782,0.4641626179218292,,0.012224394912463084,False,0,False,0,quiet,quiet,0.3.2
2,22659313,17,120,12621,1.1430639624595642,1.6680022670290118,0.38696868883206226,False,0,False,0,rotator,pulsator,0.3.2
2,22661085,17,120,12779,0.39094820022583004,,0.0052407106232978135,False,0,False,0,quiet,quiet,0.3.2
2,22661772,17,120,12622,147.99850037698445,,0.0008066250048521172,False,0,False,0,variable,variable,0.3.2
2,229400643,17,120,14185,1.7527275323867797,0.1796243544799783,0.6033019439355888,False,0,False,1,rotator,pulsator,0.3.2
2,229408344,17,120,13404,2.117783241404102,,0.003664301139046978,False,0,False,0,quiet,quiet,0.3.2
2,229411011,17,120,13431,21.675886130332945,1.9888828241610417,0.8868019413969818,False,0,False,0,rotator,pulsator,0.3.2
2,229436215,17,120,13395,3.4429775834083554,3.775189501541376,0.21286195190441415,False,0,False,0,rotator,pulsator,0.3.2
2,229439761,17,120,14182,0.8960260303012719,,0.004999019383171586,False,0,False,0,quiet,quiet,0.3.2
2,229440959,17,120,13475,14.421251964569091,,0.003611473342303017,False,0,False,0,variable,variable,0.3.2
2,229448844,17,120,13508,2.258026246487312,9.47961715095592,0.25049579370159325,False,0,False,0,rotator,pulsator,0.3.2
2,229450059,17,120,14186,1.0168718521854834,,0.0009582787115018436,False,0,False,0,quiet,quiet,0.3.2
2,229452839,17,120,14175,0.5428559660911559,2.309977863271047,0.26920881774731764,False,0,False,0,rotator,rotator,0.3.2
2,229454007,17,120,13523,70.83152478933334,,0.0012010890894883551,False,0,False,0,variable,variable,0.3.2
2,229455419,17,120,13415,4.830649280548095,,0.0012918443904626376,False,0,False,0,quiet,quiet,0.3.2
2,229458022,17,120,13479,6.375177454948425,,0.00435569284446979,False,0,False,0,variable,variable,0.3.2
2,229459070,17,120,14114,1.1515916526317596,,0.0018637210934876408,False,1,False,0,quiet,quiet,0.3.2
2,229462659,17,120,14175,0.3225499391555786,,0.07356634954650892,False,0,False,0,quiet,quiet,0.3.2
2,229463907,17,120,14117,1.3986295580863952,,0.009433867512444459,False,0,False,0,quiet,quiet,0.3.2
2,229472230,17,120,14186,2.0206650269427913,1.1666557344798631,0.4331867732046093,False,0,False,0,rotator,pulsator,0.3.2
2,229473197,17,120,14184,3.823498141765594,,0.0018175689817496446,False,0,False,0,quiet,quiet,0.3.2
2,229473211,17,120,13498,3.1645242918886027,10.336368709004297,0.2307205070588263,False,0,False,0,rotator,rotator,0.3.2
2,229476369,17,120,14173,0.452100133895874,,0.013834694905207218,False,0,False,0,quiet,quiet,0.3.2
2,229479255,17,120,14185,1.0471826791763303,11.549888884949153,0.4526389925792093,False,0,False,0,rotator,pulsator,0.3.2
2,229483903,17,120,13549,3.791066408157348,,0.002804472673281588,False,0,False,0,quiet,quiet,0.3.2
2,229484800,17,120,14107,1.3337660908699036,,0.0024640835466507665,False,0,False,0,quiet,quiet,0.3.2
2,229491119,17,120,13524,1.9099374890327452,,0.012679594616132071,False,0,False,0,quiet,quiet,0.3.2
2,229491669,17,120,14186,1.0686123669147491,,0.001724625320976503,False,0,False,0,quiet,quiet,0.3.2
2,229493117,17,120,14185,1.5865922212600707,,0.001596900414500651,False,0,False,0,quiet,quiet,0.3.2
2,229501076,17,120,14054,2.9605222308324435,6.396929131018143,0.23325329618056162,False,6,False,0,flaring,flaring,0.3.2
2,229502230,17,120,14184,0.65649954935911,2.6860141262723705,0.16035967290566155,False,0,False,0,rotator,rotator,0.3.2
2,229506841,17,120,14038,1.4133431796235794,,0.0019472594272805844,False,0,False,0,quiet,quiet,0.3.2
2,229508978,17,120,14183,0.784370756149292,,0.015580943707704586,False,0,False,0,quiet,quiet,0.3.2
2,229509769,17,120,14185,0.6726712703704834,,0.013434089734847632,False,0,False,0,quiet,quiet,0.3.2
2,229552665,17,120,12610,0.9362784662080725,10.021573922220611,0.11665422687716241,False,0,False,0,rotator,rotator,0.3.2
2,229580016,17,120,13524,0.8534317401986277,,0.002883328245265445,False,0,False,0,quiet,quiet,0.3.2
2,229581336,17,120,11755,63.18841677904129,,0.0016171767384093607,False,0,False,0,variable,variable,0.3.2
2,229581547,17,120,12518,1.2373103667107115,,0.019154668732994037,False,0,False,0,quiet,quiet,0.3.2
2,229586554,17,120,10132,5.489446321444323,,0.001413416183521378,False,0,False,0,variable,variable,0.3.2
2,229586700,17,120,10473,1.4295590043067932,,0.0015058001627326941,False,0,False,0,quiet,quiet,0.3.2
2,229587231,17,120,12684,1.3876274708620469,,0.08440788413619131,False,0,False,0,quiet,quiet,0.3.2
2,229591534,17,120,11961,1.6111590385437011,,0.0020304314578412385,False,0,False,0,quiet,quiet,0.3.2
2,229593279,17,120,12969,1.1819466948509214,,0.0014622453533285247,False,0,False,0,quiet,quiet,0.3.2
2,229593785,17,120,11836,3.347803258895874,,0.037400528586202256,False,0,False,0,quiet,quiet,0.3.2
2,229596329,17,120,13518,0.5077289370379168,,0.001635160283755546,False,0,False,0,quiet,quiet,0.3.2
2,229607373,17,120,11966,5.398823207616806,,0.016293052686835213,False,0,False,0,variable,variable,0.3.2
2,229608897,17,120,13522,0.8348299384117126,,0.009110586863429549,False,0,False,0,quiet,quiet,0.3.2
2,229609853,17,120,11812,1.7802988183320272,,0.008767923638735698,False,0,False,0,quiet,quiet,0.3.2
2,229610772,17,120,11432,2.503561931848526,,0.010174864922902021,False,0,False,0,quiet,quiet,0.3.2
2,229612809,17,120,13522,0.44335151910781856,,0.004871696569608976,False,0,False,0,quiet,quiet,0.3.2
2,229614485,17,120,12492,1.4947759509086609,,0.003365765007807375,False,0,False,0,quiet,quiet,0.3.2
2,229615354,17,120,12290,11.765118441124102,10.000726617398124,0.8481296311385376,False,0,False,0,rotator,pulsator,0.3.2
2,229618154,17,120,12638,2.9503596991086187,11.026544870332371,0.4033805211722779,False,0,False,0,rotator,rotator,0.3.2
2,229619266,17,120,12299,1.6148705720901488,,0.005652712165083887,False,0,False,0,quiet,quiet,0.3.2
2,229619445,17,120,12965,1.4571303963661193,,0.036099946802151714,False,0,False,0,quiet,quiet,0.3.2
2,229640059,17,120,12986,23.30622073095379,3.607995407576804,0.914081535143851,False,0,False,0,rotator,pulsator,0.3.2
2,229640204,17,120,13493,2.410110819339752,3.5579650224805803,0.4334096469475029,False,0,False,0,rotator,pulsator,0.3.2
2,229641819,17,120,13516,0.6298118573539342,,0.07250503715392355,False,0,False,0,quiet,quiet,0.3.2
2,229641974,17,120,12640,1.9185977911531267,,0.06755082073854542,False,0,False,0,quiet,quiet,0.3.2
2,229642722,17,120,13522,0.8301021763712816,,0.0014424440849413905,False,0,False,0,quiet,quiet,0.3.2
2,229643697,17,120,12684,1.9134280409387336,,0.0023903276206232063,False,0,False,0,quiet,quiet,0.3.2
2,229644238,17,120,12652,3.5043946266174317,,0.004911828545707943,False,0,False,0,quiet,quiet,0.3.2
2,229644709,17,120,13523,0.6224771976470947,,0.004702138855067514,False,0,False,0,quiet,quiet,0.3.2
2,229647445,17,120,13519,0.5433861851692199,,0.023928360660127122,False,0,False,0,quiet,quiet,0.3.2
2,229647826,17,120,13521,2.317764329910278,0.8371722862258183,0.7870130887171386,False,0,False,0,rotator,pulsator,0.3.2
2,229648779,17,120,13244,1.2136272485963329,,0.0018364181578598582,False,0,False,0,quiet,quiet,0.3.2
2,229650272,17,120,12280,1.8061912894248962,12.221569944002162,0.17175290153300662,False,0,False,0,rotator,pulsator,0.3.2
2,229651097,17,120,12908,3.1163183535242567,,0.0019140952114298294,False,0,False,0,quiet,quiet,0.3.2
2,229671813,17,120,10109,1.3639002084732055,,0.003525580767857332,False,0,False,0,quiet,quiet,0.3.2
2,229672151,17,120,11774,1.3348707139492035,5.698174473883335,0.3099956087261315,False,0,False,0,rotator,rotator,0.3.2
2,229675164,17,120,12607,0.5311027765274048,,0.007476639998116016,False,0,False,0,quiet,quiet,0.3.2
2,229675855,17,120,10542,1.4696347296237944,,0.007501416472537795,False,0,False,0,quiet,quiet,0.3.2
2,229675893,17,120,13491,2.791515076160431,0.5082552152455629,0.2320222787352919,False,0,False,0,rotator,pulsator,0.3.2
2,229682791,17,120,12890,6.266217247658454,,0.0017204182977689508,False,0,False,0,variable,variable,0.3.2
2,229684154,17,120,13478,3.6927989189148587,,0.0028713326112911326,False,0,False,0,quiet,quiet,0.3.2
2,229685063,17,120,13149,3.0328531265258785,,0.013930864768405266,False,0,False,0,quiet,quiet,0.3.2
2,229685186,17,120,13197,1.370969796180725,,0.0023413862135064525,False,0,False,0,quiet,quiet,0.3.2
2,229686437,17,120,13490,9.844444774256802,12.64794010088748,0.7873938632460776,False,0,False,1,rotator,rotator,0.3.2
2,229689348,17,120,13251,6.11068650484085,,0.003046895027621484,False,0,False,0,variable,variable,0.3.2
2,229690324,17,120,13529,1.1589705348014832,,0.0022773748574362704,False,0,False,0,quiet,quiet,0.3.2
2,229701938,17,120,13193,1.507943058013916,,0.0024835151044901287,False,0,False,0,quiet,quiet,0.3.2
2,229703987,17,120,13244,12.53742813877547,,0.0011648172234160052,False,0,False,0,variable,variable,0.3.2
2,229705038,17,120,13500,1.5590208292007444,,0.019697336050195732,False,0,False,0,quiet,quiet,0.3.2
2,229706848,17,120,13198,20.979355001449584,,0.008457857678527322,False,0,False,0,variable,variable,0.3.2
2,229706853,17,120,13524,0.7235281169414519,,0.002517593747750832,False,0,False,0,quiet,quiet,0.3.2
2,229707441,17,120,13515,0.3889156937599182,,0.0799102411043797,False,0,False,0,quiet,quiet,0.3.2
2,229708864,17,120,14181,0.33006137609481806,,0.005837082054234891,False,0,False,0,quiet,quiet,0.3.2
2,229710150,17,120,13519,0.5746691107749938,,0.21541137360572563,True,0,False,0,quiet,quiet,0.3.2
2,229712134,17,120,13186,1.619465755836196,,0.002171604271215262,False,0,False,0,quiet,quiet,0.3.2
2,229713285,17,120,13553,6.852728104591369,6.326375679927247,0.7192132485631684,False,0,False,0,rotator,pulsator,0.3.2
2,229713446,17,120,14181,1.159058904647827,,0.0024224618763427725,False,0,False,0,quiet,quiet,0.3.2
2,229714508,17,120,14184,1.1595449733598524,,0.0015667901454138515,False,0,False,0,quiet,quiet,0.3.2
2,229715183,17,120,13207,17.683336472511293,,0.001805142888688365,False,0,False,0,variable,variable,0.3.2
2,229715383,17,120,13215,2.7645622730255126,,0.02476223796991763,False,0,False,0,quiet,quiet,0.3.2
2,229736675,17,120,13171,6.5027835130691525,6.276652204032049,0.43914577090383883,False,0,False,0,rotator,rotator,0.3.2
2,229736854,17,120,13005,2.518540620803833,,0.0016296184029334203,False,0,False,0,quiet,quiet,0.3.2
2,229736951,17,120,13134,1.7571460247039794,,0.001405492555509127,False,0,False,0,quiet,quiet,0.3.2
2,229737780,17,120,13523,1.082618987560272,,0.0007388019465838185,False,0,False,0,quiet,quiet,0.3.2
2,229738522,17,120,14180,0.7117749485902473,,0.05383553326758382,False,0,False,0,quiet,quiet,0.3.2
2,229738761,17,120,13412,13.927131553675784,,0.0050694380376142675,False,0,False,0,variable,variable,0.3.2
2,229739694,17,120,14180,0.295818043004391,,0.03960828411117544,False,0,False,0,quiet,quiet,0.3.2
2,229742120,17,120,13151,2.187949025630951,5.375352082739072,0.22566981468213942,False,0,False,0,rotator,pulsator,0.3.2
2,229745033,17,120,13400,1.7990774631775182,,0.002197637189075032,False,0,False,0,quiet,quiet,0.3.2
2,229746640,17,120,13520,1.5790366464566183,9.487879838362025,0.6229273989860812,False,0,False,0,rotator,rotator,0.3.2
2,229747353,17,120,13519,0.6081612825393676,,0.0017362354237190293,False,0,False,0,quiet,quiet,0.3.2
2,229747669,17,120,13521,0.5692785501480102,,0.02956357650943177,False,0,False,0,quiet,quiet,0.3.2
2,229747772,17,120,13151,2.1219367504119875,,0.0018832021135922943,False,0,False,0,quiet,quiet,0.3.2
2,229747807,17,120,13525,0.8380996227264405,5.692725261044245,0.22902514733061582,False,0,False,0,rotator,pulsator,0.3.2
2,229748103,17,120,13521,1.1825652837753295,,0.000979762341250536,False,0,False,0,quiet,quiet,0.3.2
2,229769498,17,120,12925,1.9678197383880616,,0.0054203221463670565,False,0,False,0,quiet,quiet,0.3.2
2,229774022,17,120,13525,1.2598005294799803,,0.03311735203368237,False,0,False,0,quiet,quiet,0.3.2
2,229774285,17,120,13521,0.7795987844467163,,0.02064520065787144,False,0,False,0,quiet,quiet,0.3.2
2,229775183,17,120,13517,0.8833449840545654,2.070086627197291,0.12887418247152405,False,0,False,0,rotator,rotator,0.3.2
2,229775402,17,120,12979,2.325894355773926,,0.002972854781899106,False,0,False,0,quiet,quiet,0.3.2
2,229777671,17,120,13429,2.0426689982414246,,0.003772674531034634,False,0,False,0,quiet,quiet,0.3.2
2,229780751,17,120,12877,1.8651339769363402,,0.003720900673869477,False,0,False,0,quiet,quiet,0.3.2
2,229781039,17,120,12951,6.300328195095061,,0.0018267105987277684,False,0,False,0,variable,variable,0.3.2
2,229784122,17,120,13268,1.8163538758860192,,0.0021926619199834603,False,0,False,0,quiet,quiet,0.3.2
2,229784568,17,120,13195,2.3925252199172973,,0.012325169417965305,False,0,False,0,quiet,quiet,0.3.2
2,229787083,17,120,13161,2.5873807311058044,3.1379310310780144,0.17888354231978004,False,0,False,0,rotator,pulsator,0.3.2
2,229795026,17,120,14185,0.8999585151672364,,0.006247585621290174,False,0,False,0,quiet,quiet,0.3.2
2,229796100,17,120,14184,0.8226790845394134,,0.0017911214752268712,False,0,False,0,quiet,quiet,0.3.2
2,229797200,17,120,12950,2.4658721923828124,,0.002698023017547101,False,0,False,0,quiet,quiet,0.3.2
2,229797408,17,120,12914,7.798241507954642,,0.0020330050352404105,False,0,False,0,variable,variable,0.3.2
2,229798667,17,120,13523,1.0596428275108336,,0.0010985707868242831,False,0,False,0,quiet,quiet,0.3.2
2,229914874,17,120,14179,1.086065411567688,1.6985099911421158,0.24388601009839378,False,0,False,0,rotator,pulsator,0.3.2
2,229935987,17,120,14184,8.370082052345154,0.5372013359024994,0.2503916495491976,False,0,False,0,rotator,pulsator,0.3.2
2,229936380,17,120,13139,2.0750123620033265,,0.007510822286739705,False,0,False,0,quiet,quiet,0.3.2
2,229937189,17,120,14180,0.4657974600791931,,0.00810985299237617,False,0,False,0,quiet,quiet,0.3.2
2,229940491,17,120,13272,1.753743837885375,,0.0012699694774017491,False,0,False,0,quiet,quiet,0.3.2
2,229941198,17,120,13204,4.6429515885427115,,0.01394105402656963,False,0,False,0,quiet,quiet,0.3.2
2,229942445,17,120,13162,2.3420660376548765,11.290807645600694,0.14910142309259877,False,0,False,0,rotator,pulsator,0.3.2
2,229945408,17,120,14033,1.3911181211471557,0.6933497852778243,0.16224454511065287,False,0,False,0,rotator,pulsator,0.3.2
2,229946229,17,120,13395,1.9379507303237913,10.299794243214096,0.19119995080166208,False,0,False,0,rotator,rotator,0.3.2
2,229947473,17,120,14007,1.2329360961914062,10.455729151076618,0.16473827685600043,False,0,False,0,rotator,pulsator,0.3.2
2,229947575,17,120,13208,2.4690535068511963,,0.07245744065585309,False,0,False,0,quiet,quiet,0.3.2
2,229953079,17,120,13207,2.1816747665405276,,0.0016795874914095684,False,0,False,0,quiet,quiet,0.3.2
2,229954300,17,120,14183,5.193849349021912,1.3124909265399574,0.90648657262701,False,0,False,0,rotator,pulsator,0.3.2
2,229957149,17,120,14184,0.7894078138647134,,0.0021398093623670607,False,0,False,0,quiet,quiet,0.3.2
2,229962476,17,120,14178,0.6895057260990143,,0.007900865700200583,False,0,False,0,quiet,quiet,0.3.2
2,229963163,17,120,13197,4.725931012630463,,0.0012279990391705722,False,0,False,0,quiet,quiet,0.3.2
2,229968620,17,120,14183,0.6757642149925231,,0.005049563244061888,False,0,False,0,quiet,quiet,0.3.2
2,229969744,17,120,14186,1.9348578433650088,,0.0994942333256711,False,0,False,0,quiet,quiet,0.3.2
2,229972683,17,120,14027,1.1712539434432983,,0.0018281376393343028,False,0,False,0,quiet,quiet,0.3.2
2,229977510,17,120,13264,4.925027982888938,,0.03386455112562676,False,0,False,0,quiet,quiet,0.3.2
2,229979857,17,120,14183,0.13679652214050292,,0.009958603619428498,False,0,False,0,quiet,quiet,0.3.2
2,229999227,17,120,13229,1.624944734573364,,0.006388613422409,False,0,False,0,quiet,quiet,0.3.2
2,230001168,17,120,13817,2.9952075719833373,,0.006079581152548641,False,0,False,0,quiet,quiet,0.3.2
2,230007753,17,120,14185,0.9315949201583862,,0.0024584812658475755,False,0,False,0,quiet,quiet,0.3.2
2,230010430,17,120,13442,2.7268726148269358,,0.022724227136830158,False,0,False,0,quiet,quiet,0.3.2
2,230011190,17,120,14186,0.9350855290889739,,0.0011827083205911775,False,0,False,0,quiet,quiet,0.3.2
2,230015742,17,120,14184,1.9941981969534812,,0.014331096677246745,False,0,False,0,quiet,quiet,0.3.2
2,230016910,17,120,14183,2.483899641036987,0.2199972994549755,0.14228929273867214,False,0,False,0,rotator,pulsator,0.3.2
2,230019644,17,120,14183,0.7719989776611328,,0.002212371708548608,False,0,False,0,quiet,quiet,0.3.2
2,230020171,17,120,13391,2.1677123308181763,,0.012367239594513298,False,0,False,0,quiet,quiet,0.3.2
2,230022194,17,120,14185,0.8488807439804077,,0.007735282924211056,False,0,False,0,quiet,quiet,0.3.2
2,230064587,17,120,11508,0.9893888586395299,,0.005455122063776973,False,0,False,0,quiet,quiet,0.3.2
2,230064711,17,120,12564,0.6620669085403356,,0.059301124755421396,False,0,False,0,quiet,quiet,0.3.2
2,230066686,17,120,11695,1.1431523323059083,,0.003835118217689594,False,0,False,0,quiet,quiet,0.3.2
2,230067474,17,120,12607,0.5929616689682007,,0.009374438528643404,False,0,False,0,quiet,quiet,0.3.2
2,230069843,17,120,12606,0.64076971764745,,0.001167202841094998,False,0,False,0,quiet,quiet,0.3.2
2,230070765,17,120,12608,6.664721256494522,10.020940559183643,0.9092293368077367,False,0,False,0,rotator,rotator,0.3.2
2,230072155,17,120,12602,0.29758545756340027,,0.004855471856490259,False,0,False,0,quiet,quiet,0.3.2
2,230072906,17,120,12491,1.1327246904373167,,0.0010217062483929339,False,0,False,0,quiet,quiet,0.3.2
2,230073581,17,120,12605,0.3927155971527099,,0.09780594476663242,False,0,False,0,quiet,quiet,0.3.2
2,230074344,17,120,10792,1.3354008932292196,,0.09936200668448665,False,0,False,0,quiet,quiet,0.3.2
2,230075000,17,120,10711,1.4096757888793945,,0.008656827111887602,False,0,False,0,quiet,quiet,0.3.2
2,230075780,17,120,11856,2.408829384779054,,0.040899700423225105,False,0,False,0,quiet,quiet,0.3.2
2,230076586,17,120,12609,0.768110704421997,0.7448477057941831,0.15855713637574007,False,0,False,0,rotator,pulsator,0.3.2
2,230077015,17,120,10754,1.3635908733728266,,0.05606393532642277,False,0,False,0,quiet,quiet,0.3.2
2,230077234,17,120,10771,2.3166155219078064,,0.009215787008075044,False,0,False,0,quiet,quiet,0.3.2
2,230078093,17,120,11185,1.626712131500244,5.263950602930834,0.11946694580686937,False,0,False,0,rotator,rotator,0.3.2
2,230080910,17,120,12539,1.0991441488265992,,0.021676568901258974,False,0,False,0,quiet,quiet,0.3.2
2,230081330,17,120,11843,1.3920018196105957,,0.00241443782839871,False,0,False,0,quiet,quiet,0.3.2
2,230084273,17,120,11613,21.569135355949403,,0.0012583542602470396,False,0,False,0,variable,variable,0.3.2
2,230084969,17,120,10402,1.9550502373263168,,0.046352562033653504,False,0,False,0,quiet,quiet,0.3.2
2,230085095,17,120,11919,1.5046733736991882,,0.018890081256408293,False,0,False,0,quiet,quiet,0.3.2
2,230085232,17,120,10457,2.0871190309524534,,0.005628730865469932,False,0,False,0,quiet,quiet,0.3.2
2,230086096,17,120,12607,0.7278140544891356,,0.003946435249610689,False,0,False,0,quiet,quiet,0.3.2
2,230086683,17,120,11697,12.452548527717589,0.9314615853669013,0.8430893377197749,False,0,False,0,rotator,pulsator,0.3.2
2,230087050,17,120,11434,4.727565713895388,,0.006046508208139811,False,0,False,0,quiet,quiet,0.3.2
2,230087102,17,120,12520,1.598478013231695,5.24938724076324,0.3133558010706713,False,0,False,0,rotator,rotator,0.3.2
2,230088445,17,120,11431,1.0457687616348268,,0.04160849870075557,False,0,False,0,quiet,quiet,0.3.2
2,230088977,17,120,12608,4.563065385818481,,0.04783582311270513,False,0,False,0,quiet,quiet,0.3.2
2,230090756,17,120,10093,8.664575064182282,0.721640223232998,0.2530778836580041,False,0,False,0,rotator,pulsator,0.3.2
2,230091645,17,120,10103,15.77949650287628,6.362488494772265,0.6736953025602527,False,7,False,0,flaring,flaring,0.3.2
2,230092338,17,120,12479,0.9839982390403748,,0.0019512533389954843,False,0,False,0,quiet,quiet,0.3.2
2,230111524,17,120,12607,0.3649674654006958,,0.005263904947539914,False,0,False,0,quiet,quiet,0.3.2
2,230114598,17,120,10028,5.041278809309006,,0.0015508455775614285,False,0,False,0,variable,variable,0.3.2
2,230115586,17,120,10132,2.1887886044022022,,0.09796941737661123,False,0,False,0,quiet,quiet,0.3.2
2,230117380,17,120,12604,1.8011984467863573,,0.047823379936843206,False,0,False,0,quiet,quiet,0.3.2
2,230118279,17,120,9999,2.6441141724586483,,0.009572306863575913,False,0,False,0,quiet,quiet,0.3.2
2,230118803,17,120,11503,0.963231325149536,,0.003590448311378545,False,0,False,0,quiet,quiet,0.3.2
2,230121536,17,120,10827,1.2005043625831604,1.3997393269821714,0.14267506888441023,False,0,False,0,rotator,pulsator,0.3.2
2,230122702,17,120,11384,2.123306483030319,,0.002945586707758897,False,0,False,0,quiet,quiet,0.3.2
2,230122955,17,120,11594,1.6297166577065987,,0.002117748835803517,False,0,False,0,quiet,quiet,0.3.2
2,230123572,17,120,12607,0.28066263198852537,,0.0035714707539230934,False,0,False,0,quiet,quiet,0.3.2
2,230125089,17,120,10000,11.569512493326886,,0.08723741090085084,False,0,False,0,variable,variable,0.3.2
2,230126339,17,120,12609,2.8108680725097654,6.124270947400735,0.2766867861746708,False,0,False,0,rotator,rotator,0.3.2
2,230126830,17,120,10457,4.016939735412598,5.767027336062382,0.5041479541057469,False,0,False,0,rotator,pulsator,0.3.2
2,230127637,17,120,10555,1.2726141571998595,,0.001591376971443968,False,0,False,0,quiet,quiet,0.3.2
2,230129085,17,120,11388,12.316591152054334,,0.009573896603442551,False,0,False,0,variable,variable,0.3.2
2,230129250,17,120,12606,0.601533508209377,,0.025423478932552143,False,0,False,0,quiet,quiet,0.3.2
2,230130277,17,120,12607,0.8027516841888427,0.13796892212707426,0.15096605523500603,False,0,False,0,rotator,pulsator,0.3.2
2,230130613,17,120,9789,9.040588760375977,3.1371872111552785,0.5484235718491672,False,0,False,0,rotator,pulsator,0.3.2
2,230131532,17,120,11196,0.9536431684004316,,0.005420367378946235,False,0,False,0,quiet,quiet,0.3.2
2,230133178,17,120,10842,3.11083933050398,,0.01011901052455443,False,0,False,0,quiet,quiet,0.3.2
2,230133460,17,120,12606,0.5165217518806456,,0.007915099906981688,False,0,False,0,quiet,quiet,0.3.2
2,230134426,17,120,9801,3.2315085411071776,5.906933429378181,0.24985588988193944,False,0,False,0,rotator,pulsator,0.3.2
2,230134622,17,120,10146,1.1510614678580007,,0.004480681192906302,False,0,False,0,quiet,quiet,0.3.2
2,230135944,17,120,11640,1.4081735014915466,,0.0010963074713260554,False,0,False,0,quiet,quiet,0.3.2
2,230136419,17,120,12582,2.787449897083646,3.937032687222889,0.7111696216083296,False,0,False,0,rotator,rotator,0.3.2
2,230157136,17,120,9978,4.38111213333083,7.810460562410263,0.28696584802604935,False,7,False,0,flaring,flaring,0.3.2
2,230376065,17,120,13221,1.6180518865585327,,0.0017509558601438587,False,0,False,0,quiet,quiet,0.3.2
2,230385952,17,120,14181,0.4540442705154419,,0.007320189248102462,False,0,False,0,quiet,quiet,0.3.2
2,230390599,17,120,14022,1.3191850662231444,,0.001970717224578306,False,0,False,0,quiet,quiet,0.3.2
2,230390765,17,120,13476,1.3228082299232482,,0.005177282401079279,False,0,False,0,quiet,quiet,0.3.2
2,230391389,17,120,14186,0.9371622763372824,,0.0010418732279096725,False,0,False,0,quiet,quiet,0.3.2
2,230392936,17,120,13393,1.6781433820724485,,0.001450848336346576,False,0,False,0,quiet,quiet,0.3.2
2,230395127,17,120,13258,3.4721395292240516,,0.025533732256929526,False,0,False,0,quiet,quiet,0.3.2
2,230395228,17,120,13383,5.831791269779205,0.78083571176636,0.4167249992326428,False,3,False,0,flaring,flaring,0.3.2
2,230396445,17,120,13409,1.279330265522003,,0.0025523602433731862,False,0,False,0,quiet,quiet,0.3.2
2,230396780,17,120,14183,616.8270947813987,,0.012464211811257063,False,0,False,0,variable,variable,0.3.2
2,232602308,17,120,12611,1.039229393005371,,0.006147072669994108,False,0,False,0,quiet,quiet,0.3.2
2,232602795,17,120,13524,0.9357924878597259,,0.010420952453932854,False,0,False,0,quiet,quiet,0.3.2
2,232607684,17,120,12559,9.72722246646881,,0.0015095597517434077,False,0,False,0,variable,variable,0.3.2
2,232611139,17,120,12750,2.8774988508969885,5.5760132447217075,0.10158659754519787,False,0,False,0,rotator,rotator,0.3.2
2,232611241,17,120,12770,5.284207674390306,,0.052615104296548455,False,0,False,0,variable,variable,0.3.2
2,232613219,17,120,12609,0.8027516841888427,,0.003077582711783422,False,0,False,0,quiet,quiet,0.3.2
2,232614146,17,120,12274,10.400732940413565,,0.0013476101606124768,False,0,False,0,variable,variable,0.3.2
2,232614280,17,120,13187,1.3168874502182006,11.302753056732172,0.11348992950437331,False,0,False,0,rotator,rotator,0.3.2
2,232614537,17,120,13211,1.236470890045166,,0.0013582488039678906,False,0,False,0,quiet,quiet,0.3.2
2,232615191,17,120,12773,2.04788281917572,,0.09651418425605113,False,0,False,0,quiet,quiet,0.3.2
2,232615300,17,120,12596,1.8439251588605297,,0.0061404224930184555,False,0,False,0,quiet,quiet,0.3.2
2,232615325,17,120,13525,1.2518472433090209,3.34822392391295,0.10644790573456282,False,0,False,0,rotator,rotator,0.3.2
2,232616272,17,120,13529,1.142445373535156,,0.06850642400431518,False,0,False,0,quiet,quiet,0.3.2
2,232619085,17,120,13433,3.8573437929153442,,0.0021639461193367756,False,0,False,0,quiet,quiet,0.3.2
2,232620739,17,120,13527,1.9635779857635496,0.4743269784644421,0.34143132093245987,False,0,False,0,rotator,pulsator,0.3.2
2,232620952,17,120,13521,0.6267189502716064,,0.01977790316170605,False,0,False,0,quiet,quiet,0.3.2
2,232622805,17,120,12945,3.0320577979087826,5.880408107046953,0.6106276637480242,False,0,False,0,rotator,rotator,0.3.2
2,232624733,17,120,13513,3.4708140850067135,,0.0014666367026471452,False,0,False,0,quiet,quiet,0.3.2
2,232626905,17,120,13529,1.6309538841247557,,0.0032412144265275794,False,0,False,0,quiet,quiet,0.3.2
2,232627400,17,120,13524,0.7881264276429158,,0.04109159183523926,False,0,False,0,quiet,quiet,0.3.2
2,232627499,17,120,12709,11.192041039466856,,0.002190349771088167,False,0,False,0,variable,variable,0.3.2
2,232628419,17,120,13529,1.4683533668518065,,0.0021506943203760775,False,0,False,0,quiet,quiet,0.3.2
2,232628664,17,120,12951,1.5500071048736572,,0.03857744597956069,False,0,False,0,quiet,quiet,0.3.2
2,232628890,17,120,13022,1.8330115924183008,,0.0017773184695720212,False,0,False,0,quiet,quiet,0.3.2
2,232631790,17,120,12630,2.216713344552715,,0.0026313578421083687,False,0,False,0,quiet,quiet,0.3.2
2,232633119,17,120,12633,25.558061850070953,3.2432187729303643,0.9574453252937365,False,0,False,0,rotator,pulsator,0.3.2
2,232633580,17,120,12630,3.6019105373674307,,0.007671612714333635,False,0,False,0,quiet,quiet,0.3.2
2,232636705,17,120,13402,11.347350706239023,,0.007756985544992347,False,0,False,0,variable,variable,0.3.2
2,232640967,17,120,13242,10.443416197401767,,0.0027249617333970043,False,0,False,0,variable,variable,0.3.2
2,232644908,17,120,14185,1.131045663356781,,0.009711891298506088,False,0,False,0,quiet,quiet,0.3.2
2,232681393,17,120,14176,3.323545637025069,0.9390072481732838,0.9216256202747263,False,0,False,0,rotator,pulsator,0.3.2
2,232681995,17,120,12969,93.92238889932632,,0.05682157518029269,False,0,False,0,variable,variable,0.3.2
2,232983096,17,120,11227,4.312448501586913,,0.0023405795679279848,False,0,False,0,quiet,quiet,0.3.2
2,233006012,17,120,12575,1.4378657698631285,11.023778936785789,0.27912774710597726,False,3,False,0,flaring,eclipsing,0.3.2
2,233008815,17,120,12544,1.113857761438422,1.8304667985745477,0.35249542711677256,False,0,False,0,rotator,pulsator,0.3.2
2,233045207,17,120,13528,1.2522006480574221,,0.002996096187197247,False,0,False,0,quiet,quiet,0.3.2
2,233045481,17,120,13139,6.470970368385315,,0.001644535338164657,False,0,False,0,variable,variable,0.3.2
2,233047376,17,120,13526,1.1208389461040495,,0.043605201154580775,False,0,False,0,quiet,quiet,0.3.2
2,233047389,17,120,13239,1.3778626441955566,,0.01100199209412549,False,0,False,0,quiet,quiet,0.3.2
2,233048546,17,120,13033,34.598827350139615,,0.0017272070612357855,False,0,False,0,variable,variable,0.3.2
2,233049247,17,120,13528,0.7826917290687561,,0.0033375342420285123,False,0,False,0,quiet,quiet,0.3.2
2,233049393,17,120,13525,1.3854624509811402,,0.0018884341279616491,False,0,False,0,quiet,quiet,0.3.2
2,233051164,17,120,13115,3.5427471399307247,10.245490612662604,0.5029983529316429,False,0,False,0,rotator,rotator,0.3.2
2,233053168,17,120,13129,12.778633260726927,,0.0029096912334612302,False,0,False,0,variable,variable,0.3.2
2,233060064,17,120,13529,1.5869457006454466,,0.0015247435228713845,False,0,False,0,quiet,quiet,0.3.2
2,233061961,17,120,12943,2.139787459373474,11.174892111669578,0.1982301910521979,False,0,False,0,rotator,pulsator,0.3.2
2,233062474,17,120,13526,1.0169601917266846,,0.0021379615966674865,False,0,False,0,quiet,quiet,0.3.2
2,233063141,17,120,13525,1.0424107074737547,,0.0014501634177415022,False,0,False,0,quiet,quiet,0.3.2
2,233063693,17,120,13528,1.4034015297889708,,0.002094187670800126,False,0,False,0,quiet,quiet,0.3.2
2,233068660,17,120,12943,2.1231739282608033,,0.0022968639661437563,False,0,False,0,quiet,quiet,0.3.2
2,233070776,17,120,13525,0.7094331264495849,,0.0025493868087669556,False,0,False,0,quiet,quiet,0.3.2
2,233071509,17,120,13526,2.975987041712193,4.065687885966928,0.2823599798373127,False,0,False,0,rotator,pulsator,0.3.2
2,233071926,17,120,13218,3.2856794527578024,5.6544544430717,0.3856994918956518,False,0,False,0,rotator,pulsator,0.3.2
2,233072220,17,120,13525,0.8197186946868896,,0.08644692819515669,False,0,False,0,quiet,quiet,0.3.2
2,233072899,17,120,13124,4.533108143005018,,0.004650043940326467,False,0,False,0,quiet,quiet,0.3.2
2,233078804,17,120,13176,2.116148462410317,,0.0026729497825997957,False,0,False,0,quiet,quiet,0.3.2
2,233080272,17,120,14180,0.4670788089311478,,0.0026772583004787587,False,0,False,0,quiet,quiet,0.3.2
2,233081226,17,120,13525,1.1871605157852174,,0.07826841969749314,False,0,False,0,quiet,quiet,0.3.2
2,233082611,17,120,12893,2.133778309822082,,0.0010808833315900392,False,0,False,0,quiet,quiet,0.3.2
2,233088316,17,120,13526,0.7230420827865601,,0.01123033192469062,False,0,False,0,quiet,quiet,0.3.2
2,233088505,17,120,13528,0.9836447596549988,,0.0019130295060139487,False,0,False,0,quiet,quiet,0.3.2
2,233089202,17,120,13528,0.3050527095794678,,0.005059236250105936,False,0,False,0,quiet,quiet,0.3.2
2,233092824,17,120,13517,0.6663970112800598,,0.03276863287404809,False,0,False,0,quiet,quiet,0.3.2
2,233093016,17,120,12914,12.162252857550808,,0.0014916055152316078,False,0,False,0,variable,variable,0.3.2
2,233093714,17,120,12635,5.245634078979492,,0.006983602114968968,False,0,False,0,variable,variable,0.3.2
2,233094467,17,120,13129,5.682004380226135,,0.03210538687925606,False,0,False,0,variable,variable,0.3.2
2,233094762,17,120,13526,1.5294168850953314,,0.0018889770759801295,False,0,False,0,quiet,quiet,0.3.2
2,233097772,17,120,13525,1.459516382217407,,0.000923003801399435,False,0,False,0,quiet,quiet,0.3.2
2,233097877,17,120,13525,1.073605263233185,,0.0201407911899852,False,0,False,0,quiet,quiet,0.3.2
2,233098914,17,120,13134,1.115669310092926,,0.0015624020218174674,False,0,False,0,quiet,quiet,0.3.2
2,233120677,17,120,13516,0.5278331079433294,,0.030330147973419153,False,0,False,0,quiet,quiet,0.3.2
2,233129352,17,120,13229,1.2880788803100587,,0.0018206864415745549,False,0,False,0,quiet,quiet,0.3.2
2,233157471,17,120,14182,0.6692248463630676,,0.08705624584626183,False,0,False,0,quiet,quiet,0.3.2
2,233193894,17,120,12592,91.75635559558867,,0.7022867190508257,True,0,False,0,variable,variable,0.3.2
2,233193944,17,120,12605,1.5321563959121702,1.252687979515705,0.15579246478274286,False,0,True,6,dipper,eclipsing,0.3.2
2,233194878,17,120,12609,1.489031910896301,,0.0014758871347212625,False,0,False,0,quiet,quiet,0.3.2
2,233195405,17,120,12609,1.171784162521362,,0.001976423037161052,False,0,False,0,quiet,quiet,0.3.2
2,233199288,17,120,12558,1.8306696277457695,,0.001217247250173417,False,0,False,0,quiet,quiet,0.3.2
2,233201705,17,120,12611,1.4092339396476745,,0.003239641882574105,False,0,False,0,quiet,quiet,0.3.2
2,233203518,17,120,11980,1.4501491785049438,,0.0037056467314532716,False,0,False,0,quiet,quiet,0.3.2
2,233204484,17,120,13524,1.034722469167562,,0.045959789213516386,False,0,False,0,quiet,quiet,0.3.2
2,233205718,17,120,12605,0.7431904077529907,,0.09159129844130097,False,0,False,0,quiet,quiet,0.3.2
2,233207585,17,120,12191,144.18795282840728,0.15403868394033765,0.9264912112563319,False,0,False,0,rotator,pulsator,0.3.2
2,233208532,17,120,12691,1.309552752971649,,0.09106731088540705,False,0,False,0,quiet,quiet,0.3.2
2,233209638,17,120,12607,1.0341923117637635,,0.0016603264932175338,False,0,False,0,quiet,quiet,0.3.2
2,233211762,17,120,11853,18.408676171302794,1.9074202214051983,0.8917123471337318,False,0,False,0,rotator,pulsator,0.3.2
2,233232493,17,120,12608,1.1958207250886939,,0.0011135183142695036,False,0,False,0,quiet,quiet,0.3.2
2,233234922,17,120,13255,2.909312081336975,3.3290672104771395,0.4201248730829959,False,0,False,0,rotator,rotator,0.3.2
2,233238668,17,120,13521,0.7592737197875977,,0.0011446130884134134,False,0,False,0,quiet,quiet,0.3.2
2,233239037,17,120,12898,1.1899441659450531,,0.0520286220961875,False,0,False,0,quiet,quiet,0.3.2
2,233239606,17,120,14183,0.9127721428871154,10.499820738764251,0.3594516781211645,False,0,False,0,rotator,rotator,0.3.2
2,233240043,17,120,14185,0.7631619930267334,,0.01026492603921982,False,0,False,0,quiet,quiet,0.3.2
2,233275816,17,120,14186,0.797979712486267,,0.0034679512951498433,False,0,False,0,quiet,quiet,0.3.2
2,233312991,17,120,14789,0.6361745238304138,,0.02508673921399062,False,0,False,0,quiet,quiet,0.3.2
2,233372205,17,120,14787,0.7279907941818237,,0.02260859036710532,False,0,False,0,quiet,quiet,0.3.2
2,233389782,17,120,14793,1.7149052381515502,,0.0017148525855097104,False,0,False,0,quiet,quiet,0.3.2
2,233496110,17,120,12610,0.8092468920125631,,0.002148790944405516,False,0,False,0,quiet,quiet,0.3.2
2,233496652,17,120,11814,1.1096159094801001,,0.00515523281735805,False,0,False,0,quiet,quiet,0.3.2
2,233496705,17,120,12604,0.3928039669990539,,0.03539004969226502,False,0,False,0,quiet,quiet,0.3.2
2,233497034,17,120,12605,1.1703702449798583,5.249429460125752,0.23356326452358045,False,0,False,0,rotator,rotator,0.3.2
2,233498447,17,120,11180,1.4523141964580357,,0.0030619744605528024,False,0,False,0,quiet,quiet,0.3.2
2,233499348,17,120,12109,0.93477623462677,,0.0314351603331782,False,0,False,0,quiet,quiet,0.3.2
2,233500935,17,120,11838,2.54491886824853,,0.013978945205545896,False,0,False,0,quiet,quiet,0.3.2
2,233501704,17,120,10437,5.8513210058212275,,0.00882122165660724,False,0,False,0,variable,variable,0.3.2
2,233504374,17,120,10557,2.0148324966430664,5.214321179298622,0.17857258285714106,False,0,False,0,rotator,pulsator,0.3.2
2,233504752,17,120,10115,11.646792268753051,,0.010119535185304734,False,0,False,0,variable,variable,0.3.2
2,233513447,17,120,13517,1.9957446098327636,,0.024764411004607526,False,0,False,0,quiet,quiet,0.3.2
2,233525119,17,120,14181,0.8525922775268554,,0.007491014586564123,False,0,False,0,quiet,quiet,0.3.2
2,233525703,17,120,14184,1.1990462243841224,,0.0015545216849861187,False,0,False,0,quiet,quiet,0.3.2
2,233528306,17,120,12900,1.4855854426149888,,0.0016836238282599788,False,0,False,0,quiet,quiet,0.3.2
2,233529335,17,120,14184,0.8358019818126565,,0.0010243489943248386,False,0,False,0,quiet,quiet,0.3.2
2,233529655,17,120,14182,1.1477033451883987,,0.0028229269378455156,False,0,False,0,quiet,quiet,0.3.2
2,233530909,17,120,13389,3.5478725910186766,,0.006151603960899339,False,0,False,0,quiet,quiet,0.3.2
2,233531272,17,120,14182,0.6375884413719176,0.93901929594,0.10113029878966938,False,0,False,0,rotator,pulsator,0.3.2
2,233536069,17,120,14181,0.5068894386291503,,0.003287632657709141,False,0,False,0,quiet,quiet,0.3.2
2,233537786,17,120,14034,4.929712319050341,5.231024113859917,0.8104741129617571,False,0,False,0,rotator,rotator,0.3.2
2,233539336,17,120,14181,0.8311184048652649,,0.0076966243800389396,False,0,False,0,quiet,quiet,0.3.2
2,233540482,17,120,12653,6.473444724082946,,0.0024983130747656813,False,0,False,0,variable,variable,0.3.2
2,233542195,17,120,14183,1.3760952472686765,2.4062285704126176,0.2787465650280413,False,0,False,0,rotator,pulsator,0.3.2
2,233542607,17,120,14000,1.2802580725992876,,0.005775746379384898,False,0,False,0,quiet,quiet,0.3.2
2,233570669,17,120,13427,1.5190776586532593,,0.06806874955081864,False,0,False,0,quiet,quiet,0.3.2
2,233570789,17,120,13242,1.6327654173146062,,0.007387474659550868,False,0,False,0,quiet,quiet,0.3.2
2,233571327,17,120,14181,0.8570107698440551,,0.005393370142825293,False,0,False,0,quiet,quiet,0.3.2
2,233573077,17,120,12980,1.3382287681102751,,0.005281242421726417,False,0,False,0,quiet,quiet,0.3.2
2,233573215,17,120,14179,0.5136939167976379,,0.02227027206740779,False,0,False,0,quiet,quiet,0.3.2
2,233576098,17,120,13842,5.017242360628914,3.680761064487042,0.5798173014537604,False,0,False,0,rotator,pulsator,0.3.2
2,233576389,17,120,14174,1.693254524871437,0.5689623562627752,0.7139471913341168,False,0,False,0,rotator,pulsator,0.3.2
2,233576406,17,120,14183,1.11575767993927,,0.008563948112592517,False,0,False,0,quiet,quiet,0.3.2
2,233578510,17,120,13144,1.5360888082954642,5.3746040891611475,0.11063282314148812,False,0,False,0,rotator,rotator,0.3.2
2,233578579,17,120,13822,1.0911024602919084,,0.0022116793181066,False,0,False,0,quiet,quiet,0.3.2
2,233580483,17,120,12941,14.676464080810545,,0.03484857850751545,False,0,False,0,variable,variable,0.3.2
2,233602077,17,120,13248,1.3859925874476082,,0.002253126738106682,False,0,False,0,quiet,quiet,0.3.2
2,233603545,17,120,13429,1.6148705720901488,,0.002721953477839358,False,0,False,0,quiet,quiet,0.3.2
2,233605660,17,120,12993,4.280458617210388,3.857714120354182,0.37869540907515664,False,0,False,0,rotator,pulsator,0.3.2
2,233606339,17,120,14180,0.5875269409277124,,0.04559323681313338,False,0,False,0,quiet,quiet,0.3.2
2,233606536,17,120,14185,0.7258699178695679,,0.0019000596040200902,False,0,False,0,quiet,quiet,0.3.2
2,233608839,17,120,14180,0.6523462057113648,,0.06813659980802914,False,0,False,0,quiet,quiet,0.3.2
2,233611169,17,120,14176,1.3078737258911133,,0.00723260497548592,False,0,False,0,quiet,quiet,0.3.2
2,233611973,17,120,14134,1.0884513974189758,,0.0011949835419983441,False,0,False,0,quiet,quiet,0.3.2
2,233614513,17,120,12726,6.266394360852074,,0.0010482705975305385,False,0,False,0,variable,variable,0.3.2
2,233614577,17,120,12904,1.7489718660405835,,0.0010684227843741974,False,0,False,0,quiet,quiet,0.3.2
2,233620182,17,120,12920,1.5482838467274949,,0.0014417040970885057,False,0,False,0,quiet,quiet,0.3.2
2,233621662,17,120,12943,1.4801949262619019,,0.001410574482557917,False,0,False,0,quiet,quiet,0.3.2
2,233622256,17,120,14186,1.3650047908721925,,0.015019958053743405,False,0,False,0,quiet,quiet,0.3.2
2,233622416,17,120,13230,1.9204093730571676,,0.0008504740850611098,False,0,False,0,quiet,quiet,0.3.2
2,233622541,17,120,13520,1.2686816234182343,,0.0031573461708461086,False,0,False,0,quiet,quiet,0.3.2
2,233625035,17,120,14176,0.5600880861282348,,0.012226249208234966,False,0,False,0,quiet,quiet,0.3.2
2,233626709,17,120,12678,1.5479303673526534,,0.002182881467306625,False,0,False,0,quiet,quiet,0.3.2
2,233628132,17,120,12898,19.855688812008164,2.106628678478835,0.8574708361385094,False,0,False,0,rotator,pulsator,0.3.2
2,233628522,17,120,14185,0.8999585151672364,,0.0029890031664139343,False,0,False,0,quiet,quiet,0.3.2
2,233631824,17,120,14181,2.360977184772491,3.9827233199855523,0.3541556651869689,False,0,False,0,rotator,rotator,0.3.2
2,233632072,17,120,14186,0.7143376954995212,,0.0531384816251572,False,0,False,0,quiet,quiet,0.3.2
2,233632283,17,120,14179,0.407208251953125,,0.003536082839348908,False,0,False,0,quiet,quiet,0.3.2
2,233633993,17,120,12931,2.7698644638061523,,0.0015132756987854634,False,0,False,0,quiet,quiet,0.3.2
2,233658805,17,120,13529,1.0775819063186645,,0.0026180411134240915,False,0,False,0,quiet,quiet,0.3.2
2,233660180,17,120,12596,1.4498398840427398,,0.005291799017004608,False,0,False,0,quiet,quiet,0.3.2
2,233660303,17,120,12606,0.39320163130760194,,0.09157697635827736,False,0,False,0,quiet,quiet,0.3.2
2,233660596,17,120,12607,0.858601427078247,,0.004214279119415496,False,0,False,0,quiet,quiet,0.3.2
2,233682224,17,120,13528,1.0570359170436858,,0.0011661089639271407,False,0,False,0,quiet,quiet,0.3.2
2,233683095,17,120,13527,0.8593083858489989,,0.0018120858875852964,False,0,False,0,quiet,quiet,0.3.2
2,233683183,17,120,12845,1.310524821281433,,0.0018666198863414097,False,0,False,0,quiet,quiet,0.3.2
2,233684293,17,120,13525,0.6703736543655395,,0.001548091546372121,False,0,False,0,quiet,quiet,0.3.2
2,233689243,17,120,14181,0.8050493001937865,,0.028555986639581053,False,0,False,0,quiet,quiet,0.3.2
2,233689439,17,120,14185,2.0595476388931275,5.249966264366683,0.5501254585604244,False,0,False,0,rotator,pulsator,0.3.2
2,233715668,17,120,14184,0.8962469816207885,,0.0011171716284441712,False,0,False,0,quiet,quiet,0.3.2
2,233719861,17,120,13134,2.1645310163497924,,0.0024652129256131938,False,0,False,0,quiet,quiet,0.3.2
2,233721859,17,120,13405,2.5839343070983882,,0.015027800509634945,False,0,False,0,quiet,quiet,0.3.2
2,233721941,17,120,13243,21.37374962568283,,0.011617887091500046,False,0,False,0,variable,variable,0.3.2
2,233722299,17,120,13395,1.5188125491142273,,0.011876235886891021,False,0,False,0,quiet,quiet,0.3.2
2,233722923,17,120,14040,1.4022527217864988,,0.0017690784140056686,False,0,False,0,quiet,quiet,0.3.2
2,233724023,17,120,14180,1.2628051042556763,0.4246271954736363,0.3923838385734067,False,0,False,0,rotator,pulsator,0.3.2
2,233728338,17,120,14179,1.1183204054832458,10.499913935112978,0.20459826367128325,False,0,False,0,rotator,pulsator,0.3.2
2,233730201,17,120,12610,1.4801065564155578,,0.0012043004430593472,False,0,False,0,quiet,quiet,0.3.2
2,233731818,17,120,14099,1.0929582595825196,,0.0021802317949412347,False,0,False,0,quiet,quiet,0.3.2
2,233734641,17,120,14180,0.8493225425885592,,0.002567660573731075,False,0,False,0,quiet,quiet,0.3.2
2,233741918,17,120,13269,1.2265734672546384,,0.015571498763348379,False,0,False,0,quiet,quiet,0.3.2
2,233742062,17,120,12601,2.4989225149154666,,0.0008375003842930794,False,0,False,0,quiet,quiet,0.3.2
2,233743475,17,120,13210,43.408814996480935,,0.0009323841611752635,False,0,False,0,variable,variable,0.3.2
2,233745314,17,120,13266,1.8064563989639282,,0.012816264119882311,False,0,False,0,quiet,quiet,0.3.2
2,233755577,17,120,14626,1.0731192610597389,,0.005764597981602595,False,0,False,0,quiet,quiet,0.3.2
2,233792209,17,120,14418,2.2276272194163336,,0.007345474227902819,False,0,False,0,quiet,quiet,0.3.2
2,233848691,17,120,14792,0.8984120428562165,,0.0027332125904491003,False,1,False,0,quiet,quiet,0.3.2
2,233852735,17,120,14256,1.3987178862476979,,0.00243498952944778,False,0,False,0,quiet,quiet,0.3.2
2,233853640,17,120,14783,0.7320558071136474,,0.0643250450414262,False,0,False,0,quiet,quiet,0.3.2
2,233888955,17,120,14787,0.5113079309463501,,0.017628993119370474,False,0,False,0,quiet,quiet,0.3.2
2,235673903,17,120,12431,1.3891739845275877,,0.09054515999591026,False,0,False,0,quiet,quiet,0.3.2
2,235674701,17,120,13518,0.8396902549359125,,0.0024993066378443574,False,0,False,0,quiet,quiet,0.3.2
2,235675660,17,120,12701,2.3112249612808227,,0.01115864796596157,False,0,False,0,quiet,quiet,0.3.2
2,235676133,17,120,12500,1.159058904647827,,0.0014835802947325354,False,0,False,0,quiet,quiet,0.3.2
2,235676786,17,120,13524,1.3151200532913208,,0.0012769583828812381,False,0,False,0,quiet,quiet,0.3.2
2,235676989,17,120,13521,0.7276373147964478,0.7206059788563907,0.2388774980253771,False,0,False,0,rotator,pulsator,0.3.2
2,235677166,17,120,12986,2.5686463236808774,3.106720309487135,0.3569133744367879,False,0,False,0,rotator,pulsator,0.3.2
2,235681622,17,120,12931,2.5201312780380247,,0.00145744953181156,False,0,False,0,quiet,quiet,0.3.2
2,235683377,17,120,12653,4.076235902309417,,0.0020345876077826346,False,0,False,0,quiet,quiet,0.3.2
2,235683964,17,120,12623,2.287453472614288,,0.0014203628635007747,False,0,False,0,quiet,quiet,0.3.2
2,235684720,17,120,13516,0.39496901646348787,,0.0014529455452296515,False,0,False,0,quiet,quiet,0.3.2
2,235685589,17,120,12712,3.000598132610321,,0.006295993102077333,False,0,False,0,quiet,quiet,0.3.2
2,235685961,17,120,12928,2.5161545599652957,,0.004007351181968537,False,0,False,0,quiet,quiet,0.3.2
2,235901648,17,120,13523,0.7569761037826537,,0.0014974612099780539,False,0,False,0,quiet,quiet,0.3.2
2,235902851,17,120,13514,0.32878000352442255,,0.05651322823390088,False,0,False,0,quiet,quiet,0.3.2
2,235928358,17,120,13525,1.1420918941497802,,0.004550025143556702,False,0,False,0,quiet,quiet,0.3.2
2,235932523,17,120,13523,1.0010536193847654,7.116008642420084,0.1646972196021702,False,0,False,0,rotator,pulsator,0.3.2
2,235934357,17,120,13518,1.6361235201358795,5.992422090919442,0.3172483327774096,False,0,False,0,rotator,rotator,0.3.2
2,235939172,17,120,13525,6.326750779151917,,0.0045248360149673,False,0,False,0,variable,variable,0.3.2
2,235940812,17,120,13243,3.7649089336395263,,0.06873661787028994,False,2,False,0,quiet,quiet,0.3.2
2,235945141,17,120,13522,0.6549088922197287,,0.03876933849532773,False,0,False,0,quiet,quiet,0.3.2
2,235950123,17,120,13500,2.4359589993953703,,0.009970000465084195,False,0,False,0,quiet,quiet,0.3.2
2,235955519,17,120,13524,1.7676619310580532,10.35057359546427,0.6152073862084926,False,0,False,0,rotator,rotator,0.3.2
2,235980310,17,120,13524,0.8227674543857574,2.1084437861862346,0.12667432341805504,False,0,False,0,rotator,pulsator,0.3.2
2,235980762,17,120,13524,1.0007885694973808,,0.019162582967906832,False,0,False,0,quiet,quiet,0.3.2
2,235983031,17,120,13521,0.3526840567588806,,0.08137669497538222,False,0,False,0,quiet,quiet,0.3.2
2,235985051,17,120,13415,1.356830620765686,,0.0018172907267748383,False,0,False,0,quiet,quiet,0.3.2
2,235985080,17,120,13242,1.4138291716575622,,0.0020258894826948853,False,0,False,0,quiet,quiet,0.3.2
2,236713820,17,120,12608,0.8375252187252044,,0.0009425621990969265,False,0,False,0,quiet,quiet,0.3.2
2,236714324,17,120,12610,0.959873328201373,,0.0016599857403936191,False,0,False,0,quiet,quiet,0.3.2
2,236757526,17,120,13520,0.9719357550144195,,0.02226686439280635,False,0,False,0,quiet,quiet,0.3.2
2,236758288,17,120,13519,0.8485272645950317,,0.0015515592000302921,False,0,False,0,quiet,quiet,0.3.2
2,236759909,17,120,14186,1.4824924539034094,,0.01657211261739081,False,0,False,0,quiet,quiet,0.3.2
2,236762352,17,120,12714,2.7780387573849787,,0.003035105408394607,False,0,False,0,quiet,quiet,0.3.2
2,236765333,17,120,13513,0.7214514255523681,,0.0069769244047097985,False,0,False,0,quiet,quiet,0.3.2
2,236766707,17,120,13520,0.8841403126716613,,0.00870915341015729,False,0,False,0,quiet,quiet,0.3.2
2,236767930,17,120,13520,0.817818694244701,,0.001205113656842024,False,0,False,0,quiet,quiet,0.3.2
2,236769137,17,120,14182,3.108806916808876,10.499971430305509,0.5473005990609469,False,0,False,0,rotator,rotator,0.3.2
2,236777181,17,120,12963,8.732443106174468,6.209390401311654,0.8064421157701881,False,0,False,0,rotator,rotator,0.3.2
2,236783912,17,120,13425,2.9256605029106137,,0.0022603760166685933,False,0,False,0,quiet,quiet,0.3.2
2,236787571,17,120,14063,1.2670468568801878,,0.0016340499306495017,False,0,False,0,quiet,quiet,0.3.2
2,236863896,17,120,14556,1.1460685372352601,,0.0017142681630839896,False,0,False,0,quiet,quiet,0.3.2
2,236865474,17,120,14236,35.99705817112152,,0.0293462955491464,False,0,False,0,variable,variable,0.3.2
2,236866556,17,120,14790,0.5085684657096863,,0.01704888318004818,False,0,False,0,quiet,quiet,0.3.2
2,236871076,17,120,14221,2.0461154222488402,,0.010978394820391351,False,0,False,0,quiet,quiet,0.3.2
2,236874149,17,120,14097,6.48457932472229,,0.0010809606714641115,False,0,False,0,variable,variable,0.3.2
2,236874403,17,120,14132,3.127011384189807,,0.01843665511810199,False,0,False,0,quiet,quiet,0.3.2
2,236878202,17,120,14790,0.8384531270996668,,0.0030853030959447914,False,0,False,0,quiet,quiet,0.3.2
2,236887394,17,120,14117,3.0736799955368044,,0.05717567593997468,False,0,True,12,dipper,eclipsing,0.3.2
2,236893300,17,120,14781,0.48462023735046383,,0.006840699295223797,False,0,False,0,quiet,quiet,0.3.2
2,236896147,17,120,14771,4.573316287994384,3.466859580043801,0.5547593106855855,False,0,False,0,rotator,pulsator,0.3.2
2,236899387,17,120,14790,0.8393368005752563,,0.025877688774906354,False,0,False,0,quiet,quiet,0.3.2
2,236904794,17,120,14789,0.7452229142189025,,0.09415905460349763,False,0,False,0,quiet,quiet,0.3.2
2,236906222,17,120,14791,0.5678646326065063,6.20386084698315,0.19055266261560563,False,0,False,0,rotator,rotator,0.3.2
2,236933024,17,120,14248,2.3434799551963805,,0.07033319010308563,False,0,False,0,quiet,quiet,0.3.2
2,236933731,17,120,14598,1.1009556978656143,,0.0016211088311946314,False,0,False,0,quiet,quiet,0.3.2
2,236936072,17,120,14743,1.6090381622314451,6.203897122610143,0.4271112927286119,False,0,False,0,rotator,rotator,0.3.2
2,236936941,17,120,14222,1.7900196075439452,,0.0009505411863462126,False,0,False,0,quiet,quiet,0.3.2
2,236957934,17,120,14169,1.2951484680175782,,0.0033102378444716126,False,0,False,0,quiet,quiet,0.3.2
2,236962061,17,120,14350,1.225557250546135,,0.009920275556427802,False,0,False,0,quiet,quiet,0.3.2
2,236970015,17,120,14122,1.327624426115287,,0.009872477199189844,False,0,False,0,quiet,quiet,0.3.2
2,236982983,17,120,14791,0.556553292274475,,0.07274239373395883,False,0,False,0,quiet,quiet,0.3.2
2,236989127,17,120,14792,1.0103766381740569,,0.0009030155521919268,False,0,False,0,quiet,quiet,0.3.2
2,236993971,17,120,14242,6.069550341367721,,0.0020305954422641407,False,0,False,0,variable,variable,0.3.2
2,236994728,17,120,14286,2.235138456966327,,0.0036197817681749493,False,0,False,0,quiet,quiet,0.3.2
2,237016123,17,120,14233,1.807340097427368,,0.003281163801283236,False,0,False,0,quiet,quiet,0.3.2
2,237016920,17,120,14786,0.5227960109710693,,0.020165282478926665,False,0,False,0,quiet,quiet,0.3.2
2,237017738,17,120,14788,0.3164966141133491,,0.018689878448733946,False,0,False,0,quiet,quiet,0.3.2
2,237044578,17,120,14791,0.6856616377830504,,0.005214839351418111,False,0,False,0,quiet,quiet,0.3.2
2,237068792,17,120,14417,1.2969158649444579,,0.011566363665037813,False,0,False,0,quiet,quiet,0.3.2
2,237081964,17,120,14067,4.027367377281188,,0.035765214945289975,False,0,False,0,quiet,quiet,0.3.2
2,237082299,17,120,14789,2.260323929786682,,0.034836570865879324,False,0,False,0,quiet,quiet,0.3.2
2,237088261,17,120,14781,0.36001875400543215,,0.00132141241447788,False,0,False,0,quiet,quiet,0.3.2
2,237096607,17,120,12602,0.26290029287338257,,0.00724448695046214,False,0,False,0,quiet,quiet,0.3.2
2,237097359,17,120,12603,2.53064728975296,,0.0009375106975312953,False,0,False,0,quiet,quiet,0.3.2
2,237097569,17,120,12607,0.9285903453826904,,0.012250113764618,False,0,False,0,quiet,quiet,0.3.2
2,237097887,17,120,12539,1.6291864871978758,,0.0011895135676171745,False,0,False,0,quiet,quiet,0.3.2
2,237098012,17,120,12137,1.881217288970947,,0.002087961754424341,False,0,False,0,quiet,quiet,0.3.2
2,237098204,17,120,12608,0.8026633143424987,,0.0014132629734427817,False,0,False,0,quiet,quiet,0.3.2
2,237098754,17,120,12608,0.7043518602848052,,0.0042288716962573655,False,0,False,0,quiet,quiet,0.3.2
2,237099061,17,120,11801,6.739968180656432,,0.001834929059980599,False,0,False,0,variable,variable,0.3.2
2,237101851,17,120,12611,0.6210632801055908,,0.001308187327007773,False,0,False,0,quiet,quiet,0.3.2
2,237102498,17,120,12604,1.4651277801318299,,0.005808784502288376,False,0,False,0,quiet,quiet,0.3.2
2,237102559,17,120,12610,0.5339306116104126,,0.0013864321971260053,False,0,False,0,quiet,quiet,0.3.2
2,237103455,17,120,11469,1.7548484086990357,,0.0013986481504351309,False,0,False,0,quiet,quiet,0.3.2
2,237108118,17,120,13524,0.9233765244483947,,0.007488875018111178,False,0,False,0,quiet,quiet,0.3.2
2,237113682,17,120,13454,2.646279312559346,,0.001756265808578422,False,0,False,0,quiet,quiet,0.3.2
2,237113874,17,120,13384,3.1573219610058674,,0.08013799787208271,False,0,False,0,quiet,quiet,0.3.2
2,237116143,17,120,12611,3.813865828514099,5.00908729345135,0.10986928564651507,False,0,False,0,rotator,pulsator,0.3.2
2,237197475,17,120,13524,0.8633291623992226,,0.012269739901530777,False,0,False,0,quiet,quiet,0.3.2
2,237197651,17,120,13523,0.662155258655548,,0.06154798179066849,False,0,False,0,quiet,quiet,0.3.2
2,237201297,17,120,13525,1.5883596181869506,10.350453704351345,0.38974785652725114,False,0,False,0,rotator,rotator,0.3.2
2,237202918,17,120,13525,1.0718378663063048,,0.014202759658783294,False,0,False,0,quiet,quiet,0.3.2
2,237203352,17,120,13525,1.010420823097229,,0.013571443792515943,False,0,False,0,quiet,quiet,0.3.2
2,237206809,17,120,13522,6.215846621990204,0.6543383667416945,0.5136845750874045,False,1,False,0,rotator,pulsator,0.3.2
2,237211184,17,120,13521,0.49769897460937496,,0.0009643064241297217,False,0,False,0,quiet,quiet,0.3.2
2,237211748,17,120,13408,1.9184211086285774,,0.001932560083361935,False,0,False,0,quiet,quiet,0.3.2
2,237212584,17,120,13450,1.4170104016655443,,0.0012719113959692304,False,0,False,0,quiet,quiet,0.3.2
2,237214784,17,120,13524,2.081154066324234,,0.001565138648676186,False,0,False,0,quiet,quiet,0.3.2
2,237215017,17,120,13520,0.38047637343406676,10.350501815443687,0.13655008126712426,False,0,False,0,rotator,pulsator,0.3.2
2,237215472,17,120,13523,1.2088994979858396,,0.000978532054655781,False,0,False,0,quiet,quiet,0.3.2
2,237218794,17,120,13522,0.6684736827470754,5.42165576825098,0.24465410084977512,False,0,False,0,rotator,pulsator,0.3.2
2,237220715,17,120,13523,1.1269806504249573,,0.0010139727677732505,False,0,False,0,quiet,quiet,0.3.2
2,237222476,17,120,13437,3.49617623090744,,0.0018838889640116494,False,0,False,0,quiet,quiet,0.3.2
2,237223329,17,120,13523,1.0781121253967283,,0.0014622996049685438,False,0,False,0,quiet,quiet,0.3.2
2,237226677,17,120,13525,0.9628778457641601,,0.0015528304795583345,False,0,False,0,quiet,quiet,0.3.2
2,237231118,17,120,13523,1.2456613540649413,,0.0015562206730326599,False,0,False,0,quiet,quiet,0.3.2
2,237234109,17,120,13512,2.301371654827247,,0.005901025740698548,False,0,False,0,quiet,quiet,0.3.2
2,237235044,17,120,13523,0.6709038734436035,,0.0014358425086130485,False,0,False,0,quiet,quiet,0.3.2
2,237237147,17,120,13513,7.265768766403197,,0.0032485822724275574,False,0,False,0,variable,variable,0.3.2
2,237255586,17,120,13525,2.6549836635589594,,0.0016173625445751612,False,0,False,0,quiet,quiet,0.3.2
2,237256907,17,120,13520,0.987179524088516,,0.001416503929928416,False,0,False,0,quiet,quiet,0.3.2
2,237276618,17,120,13517,1.0429409265518188,10.350488607913762,0.28412245365304417,False,0,False,0,rotator,rotator,0.3.2
2,237278258,17,120,13525,1.6224703788757324,,0.0019767618971397315,False,0,False,0,quiet,quiet,0.3.2
2,237282368,17,120,13518,0.7939146758939423,1.8072321095921928,0.10540015985035929,False,0,False,0,rotator,pulsator,0.3.2
2,237285061,17,120,13523,0.9160418272018432,,0.0010776833461715572,False,0,False,0,quiet,quiet,0.3.2
2,237285903,17,120,13524,1.0194787019646554,,0.0015922810702578096,False,0,False,0,quiet,quiet,0.3.2
2,237289187,17,120,13523,6.855555939674376,11.385544290904932,0.7806197438960238,False,1,False,0,rotator,rotator,0.3.2
2,237291761,17,120,13521,0.5323399543762207,,0.0019448504542980347,False,0,False,0,quiet,quiet,0.3.2
2,237292927,17,120,13519,0.5259773254394531,3.6727454074948507,0.11988961642390397,False,0,False,0,rotator,pulsator,0.3.2
2,237298173,17,120,14089,0.7749151825904845,,0.04437886230134328,False,0,False,0,quiet,quiet,0.3.2
2,237305238,17,120,13873,2.507229280471802,,0.003733641363191641,False,0,False,0,quiet,quiet,0.3.2
2,237307527,17,120,14095,1.2415963411331177,,0.07634589794811254,False,0,False,0,quiet,quiet,0.3.2
2,237308271,17,120,13947,1.2551169276237488,,0.00799776240150593,False,0,False,0,quiet,quiet,0.3.2
2,238305546,17,120,12861,6.374205386638641,,0.0010847587368903757,False,0,False,0,variable,variable,0.3.2
2,238407299,17,120,13027,1.042852556705475,2.9363954622828032,0.21512536111373723,False,0,False,0,rotator,rotator,0.3.2
2,238431883,17,120,13024,0.32515683993229744,,0.06380294861410181,False,0,False,0,quiet,quiet,0.3.2
2,238431974,17,120,13026,0.5083917563195083,,0.0016310568866612705,False,0,False,0,quiet,quiet,0.3.2
2,238436149,17,120,12846,1.3324405431747435,,0.0034676724546317808,False,0,False,0,quiet,quiet,0.3.2
2,238438061,17,120,12725,1.687775695323944,,0.0014320764782104123,False,0,False,0,quiet,quiet,0.3.2
2,238439085,17,120,12776,2.069710171222687,,0.0022045561151264547,False,0,False,0,quiet,quiet,0.3.2
2,238603039,17,120,10567,0.9911561965942383,,0.007986097743518085,False,0,False,0,quiet,quiet,0.3.2
2,238603481,17,120,11384,8.579696082463743,11.858943191445205,0.22749330777490231,False,0,False,0,rotator,rotator,0.3.2
2,238604033,17,120,10888,0.8931982485413029,,0.004819975676718821,False,0,False,0,quiet,quiet,0.3.2
2,238630665,17,120,12577,181.55240288972854,,0.00638121656083111,False,0,False,1,variable,variable,0.3.2
2,238648064,17,120,13069,0.8025749444961547,,0.01957493785074727,False,0,False,0,quiet,quiet,0.3.2
2,238652414,17,120,12993,7.659898281097412,7.6519716851388075,0.7731179260916136,False,0,False,0,rotator,pulsator,0.3.2
2,238655060,17,120,12410,11.916584699357466,2.485844156095027,0.7469103748678176,False,0,False,0,rotator,pulsator,0.3.2
2,238655385,17,120,12432,1.7904173252110873,,0.010727978203378516,False,0,False,0,quiet,quiet,0.3.2
2,238657349,17,120,12718,1.4661883056163787,,0.003180267485094612,False,0,False,0,quiet,quiet,0.3.2
2,238659021,17,120,13069,0.44273293018341064,4.805334743985317,0.11832967119191472,False,1,False,0,rotator,eclipsing,0.3.2
2,238696187,17,120,12418,1.1806652968923657,,0.004101941085744492,False,0,False,0,quiet,quiet,0.3.2
2,239553428,17,120,13024,0.8040329990367293,,0.067240125805043,False,0,False,0,quiet,quiet,0.3.2
2,239554448,17,120,12845,513.1043131828308,,0.00134432778840456,False,0,False,0,variable,variable,0.3.2
2,240640738,17,120,12864,0.42771006905168496,,0.016690734635856262,False,0,False,0,quiet,quiet,0.3.2
2,240661123,17,120,13072,2.8475414738791742,,0.049273669874278156,False,0,False,0,quiet,quiet,0.3.2
2,240667114,17,120,12354,1.2108878195285797,,0.08347610799568239,False,0,False,0,quiet,quiet,0.3.2
2,240672433,17,120,12864,0.6794315433671609,,0.07887143386338819,False,0,False,0,quiet,quiet,0.3.2
2,240673402,17,120,12712,1.2302408892059855,5.182174247804493,0.1606492342582199,False,2,False,0,rotator,rotator,0.3.2
2,240681314,17,120,12507,1.6505719900131224,,0.02388079166480968,False,0,True,6,dipper,eclipsing,0.3.2
2,240681562,17,120,12869,8.464947581291199,1.5144488760158106,0.9190447071447602,False,0,False,0,rotator,pulsator,0.3.2
2,240713632,17,120,12869,0.5040616035461425,,0.018574270041023848,False,0,False,0,quiet,quiet,0.3.2
2,240718579,17,120,12008,4.949064579661811,0.6243753939069889,0.1611078160191492,False,1,False,0,rotator,pulsator,0.3.2
2,240723131,17,120,12108,1.4715347690304976,,0.022515107929152896,False,0,False,0,quiet,quiet,0.3.2
2,240723163,17,120,12699,0.7414230108261108,,0.0015454711175947602,False,0,False,0,quiet,quiet,0.3.2
2,240726027,17,120,13060,0.421965991141439,2.4026506467003843,0.14868575296062478,False,0,False,0,rotator,rotator,0.3.2
2,240729824,17,120,12505,1.7100448966026305,,0.0013785530138230144,False,0,False,0,quiet,quiet,0.3.2
2,240737061,17,120,11963,1.506175661087036,,0.08117715501308505,False,0,False,0,quiet,quiet,0.3.2
2,240757326,17,120,12990,3.677731970616222,1.2535562957484845,0.6763111919137627,False,0,False,0,rotator,pulsator,0.3.2
2,240757439,17,120,13063,0.5505441427230835,,0.004482065573612014,False,0,False,0,quiet,quiet,0.3.2
2,240762265,17,120,12734,0.6132425487041473,,0.007822081613442703,False,0,False,0,quiet,quiet,0.3.2
2,240777759,17,120,13056,0.45713720151373144,,0.00925006235217806,False,0,False,0,quiet,quiet,0.3.2
2,240783347,17,120,11669,7.306242156028747,,0.003242322714745345,False,0,False,0,variable,variable,0.3.2
2,240784953,17,120,11841,1.023853039741516,,0.00579607980452746,False,0,False,0,quiet,quiet,0.3.2
2,240790065,17,120,13068,0.6800060081485514,,0.005190963783794483,False,0,False,0,quiet,quiet,0.3.2
2,240794597,17,120,11678,2.903965792178088,,0.008874650745189637,False,0,False,0,quiet,quiet,0.3.2
2,240798881,17,120,12404,0.7095656600723964,,0.028698066499353025,False,0,False,0,quiet,quiet,0.3.2
2,240808690,17,120,11615,3.1368644356727597,,0.01991228593577236,False,0,False,0,quiet,quiet,0.3.2
2,240816615,17,120,13067,0.5455954313278197,3.8442637099417807,0.27243456612898054,False,0,False,0,rotator,pulsator,0.3.2
2,240856131,17,120,11376,1.249063630374182,,0.005967330046025585,False,0,False,0,quiet,quiet,0.3.2
2,240861752,17,120,12166,1.0083883166313172,,0.003898426922367865,False,0,False,0,quiet,quiet,0.3.2
2,240861779,17,120,12645,0.8395135402679442,,0.006452312248714597,False,0,False,0,quiet,quiet,0.3.2
2,240887306,17,120,11392,1.6845060110092163,,0.0944905369084479,False,0,False,0,quiet,quiet,0.3.2
2,240913987,17,120,12073,2.442012333869934,,0.004188741850085693,False,0,False,0,quiet,quiet,0.3.2
2,240917844,17,120,12010,1.5629533805223335,,0.027046374903036168,False,0,False,0,quiet,quiet,0.3.2
2,240921565,17,120,12696,0.7131446599960326,,0.012375778031115097,False,0,False,1,quiet,quiet,0.3.2
2,240926234,17,120,11930,1.9153722916654434,9.117633745822596,0.12275671905993153,False,0,False,0,rotator,pulsator,0.3.2
2,240930748,17,120,12860,0.7248978495597839,,0.006803323027048664,False,0,False,0,quiet,quiet,0.3.2
2,240949997,17,120,13070,0.7746058650432268,,0.06062111111252871,False,0,False,0,quiet,quiet,0.3.2
2,240964689,17,120,13064,0.43310059111710836,,0.028656223347404086,False,0,False,0,quiet,quiet,0.3.2
2,240968162,17,120,11936,2.0803587997066617,,0.05570474182292393,False,0,False,0,quiet,quiet,0.3.2
2,240978992,17,120,13068,0.5550068034229635,,0.006347856176939635,False,0,False,0,quiet,quiet,0.3.2
2,240988322,17,120,12355,16.650646448135372,,0.0376465045046724,False,0,False,0,variable,variable,0.3.2
2,240990875,17,120,13069,0.5941988468170165,,0.007324851467159819,False,0,False,0,quiet,quiet,0.3.2
2,240995722,17,120,13026,1.204304301867017,5.751483195367882,0.3167747093001999,False,0,False,0,rotator,rotator,0.3.2
2,241006176,17,120,13067,0.452188503742218,,0.023570000262232514,False,0,False,0,quiet,quiet,0.3.2
2,241041130,17,120,12341,3.042927289009094,,0.01937233588840988,False,0,False,0,quiet,quiet,0.3.2
2,241068180,17,120,13027,1.0264157652854917,,0.005035806715378677,False,0,False,0,quiet,quiet,0.3.2
2,242657905,17,120,13026,1.433535732837661,,0.0032259031281055475,False,0,False,0,quiet,quiet,0.3.2
2,242658241,17,120,12886,2.724795842170715,8.32126755459488,0.374085944265142,False,0,False,0,rotator,rotator,0.3.2
2,242658250,17,120,13045,2.546465492248535,9.785690346028845,0.7321146149898493,False,0,False,0,rotator,pulsator,0.3.2
2,242700878,17,120,13047,0.7891427278518676,,0.0020873829346318784,False,0,False,0,quiet,quiet,0.3.2
2,242700897,17,120,13030,5.352428878771398,7.828541050350321,0.36888580279867933,False,1,False,0,rotator,rotator,0.3.2
2,242743194,17,120,12929,1.4200150609016418,,0.010960754348311527,False,0,False,0,quiet,quiet,0.3.2
2,242801176,17,120,12728,1.0655636389721523,,0.0033221786089447512,False,0,False,0,quiet,quiet,0.3.2
2,242841439,17,120,12953,0.9317716598510741,,0.005175155217677462,False,0,False,0,quiet,quiet,0.3.2
2,242841582,17,120,12898,1.7963380515575407,,0.0022784812609159687,False,0,False,0,quiet,quiet,0.3.2
2,242841683,17,120,12812,1.5218612634580952,10.544012193388737,0.1260566145003022,False,0,False,0,rotator,rotator,0.3.2
2,242843385,17,120,12904,1.1709445791873585,,0.0052980581664887234,False,0,False,0,quiet,quiet,0.3.2
2,242883197,17,120,12903,1.553100049495697,,0.036614210128535066,False,0,False,0,quiet,quiet,0.3.2
2,243151019,17,120,13047,0.9312414407730102,,0.0882049802306295,False,0,False,0,quiet,quiet,0.3.2
2,243152898,17,120,12857,1.1413849353790282,,0.03280191569878572,False,0,False,0,quiet,quiet,0.3.2
2,243153024,17,120,12878,1.0763447284698486,,0.0031438620051294497,False,0,False,0,quiet,quiet,0.3.2
2,243153079,17,120,12874,1.673283040523529,,0.00198386614065442,False,0,False,0,quiet,quiet,0.3.2
2,243172380,17,120,13036,0.5206309187036205,,0.004309948323430402,False,0,False,0,quiet,quiet,0.3.2
2,243172434,17,120,13047,1.92929048538208,0.26995348433638616,0.3249775049761679,False,0,False,0,rotator,pulsator,0.3.2
2,243173252,17,120,12888,1.416745461031524,,0.0016147075812834204,False,0,False,0,quiet,quiet,0.3.2
2,243183955,17,120,12843,1.4416656732559203,,0.0038488030761256345,False,0,False,0,quiet,quiet,0.3.2
2,243185438,17,120,13037,0.3457028388977051,,0.0037392235767194242,False,0,False,0,quiet,quiet,0.3.2
2,243186061,17,120,12863,1.0012303590774536,,0.002868970313073071,False,0,False,1,quiet,quiet,0.3.2
2,243186979,17,120,12804,3.139957193138766,,0.004949343796916311,False,0,False,0,quiet,quiet,0.3.2
2,243225277,17,120,13044,6.588236958139033,0.10646405729652669,0.1260295310496489,False,0,False,0,rotator,pulsator,0.3.2
2,243228957,17,120,13040,0.42121484749228666,,0.008990871324418786,False,0,False,0,quiet,quiet,0.3.2
2,243229296,17,120,13047,1.3075202465057372,2.2156564074661658,0.2921772570098529,False,0,False,0,rotator,pulsator,0.3.2
2,243229867,17,120,12972,0.39439462423324584,2.4985102314408953,0.160959075205971,False,0,False,0,rotator,pulsator,0.3.2
2,243241914,17,120,13039,0.7646642804145812,,0.059451532165434785,False,0,False,0,quiet,quiet,0.3.2
2,243242576,17,120,12752,50.34412472248077,3.724226628498194,0.32542117575231067,False,2,False,0,rotator,pulsator,0.3.2
2,243278844,17,120,14186,1.4734345891048135,2.138850497060987,0.16708691030209583,False,0,False,0,rotator,rotator,0.3.2
2,243315463,17,120,13496,1.8052192211151121,,0.013812532910764362,False,0,False,0,quiet,quiet,0.3.2
2,243334392,17,120,13482,9.380724298954009,,0.012640744735837935,False,0,False,0,variable,variable,0.3.2
2,243337272,17,120,14182,0.5903989434242248,,0.003002953045457013,False,0,False,0,quiet,quiet,0.3.2
2,243338220,17,120,14178,0.3900645017623901,,0.0024112231255032906,False,0,False,0,quiet,quiet,0.3.2
2,243353954,17,120,14184,1.9405134558677672,,0.00289280152504283,False,0,False,0,quiet,quiet,0.3.2
2,243354243,17,120,14185,1.2848975658416746,,0.002257914908218585,False,0,False,0,quiet,quiet,0.3.2
2,243366657,17,120,13146,3.8050288438796995,,0.013129896710117757,False,0,False,0,quiet,quiet,0.3.2
2,245763891,17,120,12935,5.8663438796997065,,0.047668450118509675,False,4,False,0,flaring,flaring,0.3.2
2,24707028,17,120,13130,1.3949180245399475,0.2545098639311926,0.21022887160389486,False,0,False,0,rotator,pulsator,0.3.2
2,24931538,17,120,12914,6.608739352747163,,0.0010200229835341252,False,0,False,0,variable,variable,0.3.2
2,24936615,17,120,13134,0.6915824174880981,,0.004063929575460848,False,0,False,0,quiet,quiet,0.3.2
2,249722255,17,120,14655,16.931662559509277,,0.015430356439645746,False,1,False,0,variable,variable,0.3.2
2,249780248,17,120,14658,6.974324805309628,,0.0028020414437470807,False,0,False,0,variable,variable,0.3.2
2,25034454,17,120,13135,1.3027482748031616,1.971382398670951,0.2234314095426907,False,0,False,0,rotator,pulsator,0.3.2
2,251888591,17,120,13132,0.2795580005777478,,0.020581093603154296,False,0,False,0,quiet,quiet,0.3.2
2,251919909,17,120,14590,4.653777171783959,7.7888971693615385,0.7339956688455309,False,12,False,0,flaring,flaring,0.3.2
2,251952997,17,120,12873,19.88957805633545,,0.011072433564388922,False,1,False,0,variable,variable,0.3.2
2,251954107,17,120,12873,0.6947637319564819,,0.0067846342050882,False,0,False,0,quiet,quiet,0.3.2
2,252105810,17,120,12866,0.36518837913309393,,0.06727383899361516,False,0,False,0,quiet,quiet,0.3.2
2,252110114,17,120,11895,3.954904103279114,,0.033490259369972054,False,3,False,0,flaring,flaring,0.3.2
2,252126621,17,120,12825,1.8018611669540405,7.193711533841879,0.4642770973545904,False,3,False,0,flaring,flaring,0.3.2
2,252140076,17,120,12841,96.61864128112792,1.689468882452044,0.4343715349114884,False,0,False,0,rotator,eclipsing,0.3.2
2,252145751,17,120,12681,3.68201801776886,,0.0060344661228026895,False,0,False,0,quiet,quiet,0.3.2
2,252146853,17,120,12714,2.7471534951673,,0.008526696475809956,False,0,False,0,quiet,quiet,0.3.2
2,252152918,17,120,12704,11.194427358938078,,0.001638857831805043,False,0,False,0,variable,variable,0.3.2
2,252164466,17,120,12060,1.2752653286019162,,0.06984799285480787,False,0,False,0,quiet,quiet,0.3.2
2,252183048,17,120,12868,0.5245634078979492,0.2997378244771376,0.1051456307518391,False,1,False,0,rotator,pulsator,0.3.2
2,252188288,17,120,12037,25.72552270889282,,0.005276830689411966,False,0,False,0,variable,variable,0.3.2
2,25241697,17,120,13030,2.1595821762334007,10.573792875975206,0.41183634571218486,False,6,False,0,flaring,flaring,0.3.2
2,252494350,17,120,13132,0.4202869892120361,,0.0016189479410534458,False,0,False,0,quiet,quiet,0.3.2
2,252581411,17,120,12934,1.278490751981735,,0.004972209049224821,False,0,False,0,quiet,quiet,0.3.2
2,252643506,17,120,12992,2.544521507294268,,0.03432124851936313,False,1,False,0,quiet,quiet,0.3.2
2,252697436,17,120,12947,2.8092774152755737,,0.02554536726355658,False,1,False,0,quiet,quiet,0.3.2
2,252724461,17,120,13129,0.2788952350616455,,0.041051056829214776,False,0,False,0,quiet,quiet,0.3.2
2,252725489,17,120,12972,2.3665001591145898,,0.01036616142953888,False,0,False,0,quiet,quiet,0.3.2
2,252737692,17,120,13132,6.610860229185834,2.153915087075457,0.1573344589053689,False,0,False,0,rotator,rotator,0.3.2
2,252748546,17,120,12931,6.1883635997772215,,0.0024042174120302113,False,0,False,0,variable,variable,0.3.2
2,252750841,17,120,13127,0.528716790676117,,0.02790291535790007,False,0,False,0,quiet,quiet,0.3.2
2,252775900,17,120,12924,1.3244872570037842,,0.0018885807593336237,False,0,False,0,quiet,quiet,0.3.2
2,252778384,17,120,12893,1.0918094515800474,,0.0014380010977235978,False,0,False,0,quiet,quiet,0.3.2
2,252790979,17,120,13130,1.7185726379922819,0.5964696523935274,0.5278049177282332,False,0,False,0,rotator,pulsator,0.3.2
2,25311207,17,120,13129,0.6809780359268188,,0.002449747010670568,False,0,False,0,quiet,quiet,0.3.2
2,25315342,17,120,12930,7.226179075241089,,0.0013540968273889663,False,0,False,0,variable,variable,0.3.2
2,25472945,17,120,12913,1.205187964439392,,0.00990419449924445,False,0,False,0,quiet,quiet,0.3.2
2,255802743,17,120,12865,1.0540755271911622,1.1865910243961677,0.23243035789745053,False,0,False,0,rotator,pulsator,0.3.2
2,255803218,17,120,12865,87.45698583126067,3.712882134622848,0.7366587795148164,False,0,False,0,rotator,pulsator,0.3.2
2,255867751,17,120,14789,0.7476089000701903,,0.0008672006731840723,False,0,False,0,quiet,quiet,0.3.2
2,255869172,17,120,13975,1.5151893854141234,,0.009802687995820639,False,0,False,0,quiet,quiet,0.3.2
2,255869354,17,120,14787,0.5440931439399719,,0.0062971251872119965,False,0,False,0,quiet,quiet,0.3.2
2,255869565,17,120,14302,6.534154613788288,0.6277759129860823,0.6391503341868909,False,0,False,0,rotator,pulsator,0.3.2
2,255924401,17,120,14005,1.2935578107833863,,0.0008160755028548151,False,0,False,0,quiet,quiet,0.3.2
2,255993777,17,120,14787,1.4384843587875367,0.308572173018829,0.6228712394838893,False,0,False,1,rotator,pulsator,0.3.2
2,255993797,17,120,14788,0.3687673468132408,,0.03664299467058866,False,0,False,0,quiet,quiet,0.3.2
2,255995475,17,120,14060,1.0642380278039565,,0.0020178437459603487,False,0,False,0,quiet,quiet,0.3.2
2,256106349,17,120,12873,0.860192084312439,12.788825137032138,0.14893209310406702,False,1,False,0,rotator,eclipsing,0.3.2
2,256298875,17,120,13144,3.3396290481090545,,0.005411050326155265,False,0,False,0,quiet,quiet,0.3.2
2,256321781,17,120,14184,1.3188756931498233,,0.0012968520423923629,False,0,False,0,quiet,quiet,0.3.2
2,256323002,17,120,14186,1.099055778980255,,0.2880814621071997,True,0,False,0,quiet,quiet,0.3.2
2,256352285,17,120,14089,0.4858574151992798,,0.007327166092787112,False,0,False,0,quiet,quiet,0.3.2
2,256379705,17,120,14183,0.44450032711029047,,0.07123675121928102,False,0,False,0,quiet,quiet,0.3.2
2,256433588,17,120,14790,1.1122228529386862,5.893738268412676,0.3608639516895596,False,0,False,0,rotator,rotator,0.3.2
2,256456982,17,120,14179,0.4176358938217163,,0.0014444188981494572,False,0,False,0,quiet,quiet,0.3.2
2,256458460,17,120,14184,2.0595035767259344,,0.00037239961465169557,False,0,False,0,quiet,quiet,0.3.2
2,256517649,17,120,14186,1.4099849992999436,,0.03486580601814288,False,0,False,0,quiet,quiet,0.3.2
2,256557677,17,120,14170,1.2394755017601102,,0.0019502366371227562,False,0,False,0,quiet,quiet,0.3.2
2,256584162,17,120,14092,0.7203026604832804,,0.046698900234484336,False,0,False,0,quiet,quiet,0.3.2
2,256584281,17,120,14088,0.5570393098283019,,0.008868503712706192,False,0,False,0,quiet,quiet,0.3.2
2,256641367,17,120,14093,0.5903105735778809,,0.0026760218033668806,False,0,False,0,quiet,quiet,0.3.2
2,256722421,17,120,14089,0.7149120569229125,0.5677718934994017,0.1566749246492723,False,0,False,0,rotator,pulsator,0.3.2
2,256744810,17,120,14297,14.36946723461151,,0.0203276993444441,False,0,False,0,variable,variable,0.3.2
2,256749121,17,120,14791,1.1866302967071534,0.508077411931773,0.4597611008034793,False,0,False,0,rotator,pulsator,0.3.2
2,256750557,17,120,14786,1.836723126075361,,0.022164698952926477,False,0,False,0,quiet,quiet,0.3.2
2,256750841,17,120,14270,4.706887451019509,,0.002027934291004567,False,0,False,0,quiet,quiet,0.3.2
2,256751218,17,120,14266,4.328619925462013,10.530802406316505,0.44520807932609396,False,0,False,0,rotator,rotator,0.3.2
2,256804319,17,120,14765,1.0714843869209287,,0.001721450070927239,False,0,False,0,quiet,quiet,0.3.2
2,256863355,17,120,14211,1.3826346158981322,,0.000868599960690886,False,0,False,0,quiet,quiet,0.3.2
2,256863859,17,120,14246,3.302381354712328,,0.09125009107386324,False,0,False,0,quiet,quiet,0.3.2
2,256864161,17,120,14540,1.0669775247573852,,0.012302327900139931,False,0,False,0,quiet,quiet,0.3.2
2,256865620,17,120,14784,0.4054408550262451,,0.014271319752812364,False,0,False,0,quiet,quiet,0.3.2
2,256869889,17,120,14252,3.669027869047395,5.511818488023923,0.30822883243634147,False,1,False,0,rotator,pulsator,0.3.2
2,25687138,17,120,13136,0.8848472978129177,,0.19632632766442565,True,2,False,0,quiet,eclipsing,0.3.2
2,256926860,17,120,14786,0.3689882824126397,,0.05453320770325012,False,0,False,0,quiet,quiet,0.3.2
2,256927890,17,120,14105,2.303978633880615,,0.061169159524544464,False,0,False,0,quiet,quiet,0.3.2
2,256929294,17,120,14792,0.980684369802475,,0.01431704152812967,False,0,False,0,quiet,quiet,0.3.2
2,25695799,17,120,12812,2.3703443884849547,,0.003287493977784257,False,0,False,0,quiet,quiet,0.3.2
2,25696517,17,120,12925,5.531068682670593,3.3559098987114857,0.5038204552679828,False,0,False,0,rotator,pulsator,0.3.2
2,25696827,17,120,13028,0.4864318047037182,,0.03661279929809367,False,0,False,0,quiet,quiet,0.3.2
2,25697043,17,120,12711,1.355770182609558,,0.03020608574033473,False,0,False,0,quiet,quiet,0.3.2
2,256976379,17,120,14245,1.9372437715530395,,0.007306087810725945,False,0,False,0,quiet,quiet,0.3.2
2,256978304,17,120,14788,0.5434745226219581,,0.0010850705612117605,False,0,False,0,quiet,quiet,0.3.2
2,25756430,17,120,13033,0.9061444044113158,9.788085962938641,0.2156816862815727,False,0,False,0,rotator,rotator,0.3.2
2,25760945,17,120,12834,2.2012485563010835,,0.023593737136697563,False,0,False,0,quiet,quiet,0.3.2
2,25761375,17,120,13027,0.5691018104553223,,0.003228234932701183,False,0,False,0,quiet,quiet,0.3.2
2,25763120,17,120,12770,5.125848599498015,,0.0025382878917450595,False,0,False,0,variable,variable,0.3.2
2,25769850,17,120,12933,54.26120653152466,,0.004008014477819264,False,0,False,0,variable,variable,0.3.2
2,25792074,17,120,12813,1.2830417990684508,,0.09037224834537966,False,0,False,0,quiet,quiet,0.3.2
2,25792858,17,120,12747,6.3343505859375,,0.0034869736709979737,False,0,False,0,variable,variable,0.3.2
2,25794165,17,120,12818,2.3264245748519894,,0.017316879136224785,False,0,False,0,quiet,quiet,0.3.2
2,25798051,17,120,13029,1.2698746919631958,3.7889334633428007,0.41292339848046467,False,0,False,0,rotator,rotator,0.3.2
2,25801158,17,120,13027,1.7757036924362182,,0.005432607225110327,False,0,False,0,quiet,quiet,0.3.2
2,25801256,17,120,13026,0.36178615093231203,,0.008348671412387512,False,0,False,0,quiet,quiet,0.3.2
2,25803180,17,120,12758,1.2538797497749328,,0.004789682681332002,False,0,False,0,quiet,quiet,0.3.2
2,25803577,17,120,12831,13.523591065406798,,0.001136250689597181,False,0,False,0,variable,variable,0.3.2
2,25804120,17,120,13026,1.192727851650949,1.6313519337405245,0.21240359819379973,False,0,False,0,rotator,pulsator,0.3.2
2,25821794,17,120,13046,0.855199213480926,,0.0014323116210362957,False,0,False,0,quiet,quiet,0.3.2
2,258351429,17,120,13521,3.8104194045066833,3.672716224276656,0.39252879462387674,False,0,False,0,rotator,rotator,0.3.2
2,258354571,17,120,14183,0.6440394401550293,,0.02275433422978143,False,0,False,0,quiet,quiet,0.3.2
2,258355042,17,120,14183,0.5602648258209229,,0.014549603963595935,False,0,False,0,quiet,quiet,0.3.2
2,258389400,17,120,13525,2.158875346183777,,0.0010809633962820336,False,0,False,0,quiet,quiet,0.3.2
2,258509294,17,120,14047,1.3198920249938966,,0.007124364846137268,False,0,False,0,quiet,quiet,0.3.2
2,258509599,17,120,14719,4.225139093399047,6.180170497831161,0.4540657238423884,False,0,False,0,rotator,pulsator,0.3.2
2,258511302,17,120,14167,2.0782820463180545,8.255905454345793,0.13605886888257246,False,0,False,0,rotator,pulsator,0.3.2
2,258512444,17,120,14792,1.024206519126892,2.224049220634019,0.2583213046615993,False,0,False,0,rotator,rotator,0.3.2
2,258544056,17,120,13853,1.2532611608505249,,0.0012809592807990948,False,0,False,0,quiet,quiet,0.3.2
2,258547037,17,120,14103,2.291606855392456,,0.002799310288228354,False,0,False,0,quiet,quiet,0.3.2
2,258551207,17,120,13976,1.3571840192565905,,0.0008561078217817717,False,0,False,0,quiet,quiet,0.3.2
2,258700593,17,120,13127,5.7369704246521,,0.0031145313047908707,False,0,False,0,variable,variable,0.3.2
2,258750582,17,120,13037,0.3667348623275757,,0.006154532374342788,False,0,False,0,quiet,quiet,0.3.2
2,258770138,17,120,13044,0.5013221383094787,,0.0038252438697900302,False,0,False,0,quiet,quiet,0.3.2
2,258770317,17,120,12978,1.5834109067916868,,0.02099136435370645,False,0,False,0,quiet,quiet,0.3.2
2,258770622,17,120,13044,0.7643550087319317,,0.0037668359708267793,False,0,False,0,quiet,quiet,0.3.2
2,258770842,17,120,12955,3.1271437525749204,,0.008978646733878354,False,0,False,1,quiet,quiet,0.3.2
2,258771013,17,120,13029,3.884384965896606,9.785668260878142,0.7275512583894257,False,0,False,0,rotator,pulsator,0.3.2
2,258771803,17,120,13283,23.99868754148483,2.269448199698877,0.9499754641862269,False,0,False,0,rotator,pulsator,0.3.2
2,258772290,17,120,13524,0.8866588004434823,,0.001243925299265014,False,0,False,0,quiet,quiet,0.3.2
2,258777185,17,120,13525,1.6574648380279542,,0.0011773458425275623,False,0,False,0,quiet,quiet,0.3.2
2,258779266,17,120,13049,0.859131646156311,,0.03258917103402527,False,1,False,0,quiet,quiet,0.3.2
2,258796066,17,120,13048,0.7972727774760954,,0.0019005605016972746,False,0,False,0,quiet,quiet,0.3.2
2,258799793,17,120,12946,63.57203028202056,0.12743590221120857,0.9659803623195714,False,0,False,0,rotator,pulsator,0.3.2
2,258800513,17,120,14027,6.360684800148009,2.6763460078072066,0.7839930749598851,False,0,False,0,rotator,pulsator,0.3.2
2,258801436,17,120,14180,0.5711784848219608,,0.0229963174237341,False,0,False,0,quiet,quiet,0.3.2
2,258803329,17,120,13519,0.7071355104446411,,0.04843375329751297,False,0,False,0,quiet,quiet,0.3.2
2,258803822,17,120,13521,0.5763481378555299,,0.0014434654222318971,False,0,False,0,quiet,quiet,0.3.2
2,258804335,17,120,12843,2.772427189350128,,0.002554824898151657,False,0,False,0,quiet,quiet,0.3.2
2,258831993,17,120,13525,1.1634773969650267,,0.0020520325464911406,False,0,False,0,quiet,quiet,0.3.2
2,258844594,17,120,13040,0.5692785331821878,,0.00905739795985183,False,0,False,0,quiet,quiet,0.3.2
2,258870043,17,120,13519,0.5013221383094787,,0.0035961227965344515,False,0,False,0,quiet,quiet,0.3.2
2,258872498,17,120,12956,5.680458077205958,5.889228211615677,0.7867779863112221,False,0,False,0,rotator,rotator,0.3.2
2,258873063,17,120,14174,0.4095058679580688,,0.09275587251327672,False,0,False,0,quiet,quiet,0.3.2
2,258874897,17,120,13521,1.505203592777252,2.277091345818303,0.3762041448155409,False,0,False,0,rotator,rotator,0.3.2
2,258874967,17,120,12885,2.8610621452331544,,0.002652766970098357,False,0,False,0,quiet,quiet,0.3.2
2,258875115,17,120,13522,0.7851219232416726,,0.0016446145687790672,False,0,False,0,quiet,quiet,0.3.2
2,258919618,17,120,14185,2.410199189186096,3.208325651530275,0.39390079264498024,False,0,False,0,rotator,rotator,0.3.2
2,258919620,17,120,14181,4.467714321613312,3.208325635515084,0.3107509733439742,False,0,False,0,rotator,rotator,0.3.2
2,258921839,17,120,12916,1.704831024860411,,0.0019464228163722382,False,0,False,0,quiet,quiet,0.3.2
2,258923893,17,120,12946,3.2613773547782086,,0.007914860650116037,False,0,False,0,quiet,quiet,0.3.2
2,258924365,17,120,12926,31.879599758374678,,0.0010710197991971523,False,0,False,0,variable,variable,0.3.2
2,258951678,17,120,12724,4.519189757108688,,0.003540074511412329,False,0,False,0,quiet,quiet,0.3.2
2,258955275,17,120,14182,0.3855134431864785,,0.007989887516205506,False,0,False,0,quiet,quiet,0.3.2
2,258955379,17,120,13113,11.101373577117919,,0.016098591864094677,False,1,False,0,variable,variable,0.3.2
2,258955905,17,120,13552,1.3104363733269946,,0.006486633412460606,False,0,False,0,quiet,quiet,0.3.2
2,259001401,17,120,12915,1.6176984071731566,,0.001244148722962157,False,0,False,0,quiet,quiet,0.3.2
2,259009729,17,120,12789,1.1678958892822267,,0.05745627005445949,False,0,False,0,quiet,quiet,0.3.2
2,259036807,17,120,12932,6.915249976970255,,0.0027454514717767486,False,0,False,0,variable,variable,0.3.2
2,259038627,17,120,13516,8.6775209880614,12.649695215536667,0.8513506313536169,False,0,False,0,rotator,pulsator,0.3.2
2,259039631,17,120,13149,22.349617838859558,,0.0010132185409404808,False,0,False,0,variable,variable,0.3.2
2,259100107,17,120,12971,12.391573333740233,0.48466731229450205,0.257110514890698,False,4,False,0,flaring,flaring,0.3.2
2,259101570,17,120,13525,1.3794533014297485,,0.002295393824545337,False,0,False,0,quiet,quiet,0.3.2
2,259126333,17,120,13159,5.413183307647705,,0.0011621646639661577,False,0,False,0,variable,variable,0.3.2
2,259132288,17,120,13524,0.8039004921913147,,0.006002348593292611,False,0,False,0,quiet,quiet,0.3.2
2,259165951,17,120,13210,2.662627496562749,,0.001980382027787328,False,0,False,0,quiet,quiet,0.3.2
2,259169317,17,120,13185,4.150466573238373,5.65344886494654,0.6563868870950678,False,0,False,0,rotator,rotator,0.3.2
2,259169579,17,120,14183,1.011304521560669,,0.0013626367682185703,False,0,False,0,quiet,quiet,0.3.2
2,259171045,17,120,13234,16.692710992476673,,0.001241155877635443,False,0,False,0,variable,variable,0.3.2
2,25919423,17,120,13133,2.1341317892074585,11.631195874114155,0.6112354415742078,False,2,False,0,rotator,rotator,0.3.2
2,259232212,17,120,13207,5.516576027870178,,0.0009717981409397802,False,0,False,0,variable,variable,0.3.2
2,259232873,17,120,13521,0.5957895040512085,,0.08708374913082162,False,0,False,0,quiet,quiet,0.3.2
2,259235315,17,120,14184,1.6182286262512207,,0.05980044457698658,False,0,False,0,quiet,quiet,0.3.2
2,259237827,17,120,13523,0.0783840537071228,,0.03302676513536991,False,0,False,0,quiet,quiet,0.3.2
2,259238498,17,120,13525,1.4309729218482972,,0.013722299147124153,False,0,False,0,quiet,quiet,0.3.2
2,259264244,17,120,13523,1.1067439556121825,,0.0028940749516121194,False,0,False,0,quiet,quiet,0.3.2
2,259268027,17,120,14186,1.1449639482785448,,0.007593976403429951,False,0,False,0,quiet,quiet,0.3.2
2,259272586,17,120,13524,0.7100517153739928,,0.007319322977356997,False,0,False,0,quiet,quiet,0.3.2
2,26009215,17,120,12906,1.2081040973601282,,0.002776997821073279,False,0,False,0,quiet,quiet,0.3.2
2,260292186,17,120,14761,10.269990062713623,,0.09666023479688568,False,0,False,0,variable,variable,0.3.2
2,26137588,17,120,13125,0.4627045154571533,4.010751228553984,0.11466730752547091,False,0,False,0,rotator,pulsator,0.3.2
2,26277990,17,120,12939,1.277651238441467,,0.002745828952727734,False,0,False,0,quiet,quiet,0.3.2
2,26367955,17,120,12946,1.6950662581642346,,0.0018505353434766472,False,0,False,0,quiet,quiet,0.3.2
2,264006212,17,120,14094,0.8312951941070076,4.2688396159239455,0.15305960494074952,False,0,False,0,rotator,rotator,0.3.2
2,264051593,17,120,14095,1.0110394120216368,,0.0016315994435393418,False,0,False,0,quiet,quiet,0.3.2
2,264102061,17,120,14019,1.053191828727722,,0.01610323128763841,False,0,False,0,quiet,quiet,0.3.2
2,264156689,17,120,14092,0.6187656825413014,,0.0031152202417991087,False,0,False,0,quiet,quiet,0.3.2
2,264176979,17,120,14094,0.5831525812654148,,0.0028269217888203975,False,0,False,0,quiet,quiet,0.3.2
2,264216967,17,120,14186,1.5306540629072765,,0.0016038969711155218,False,0,False,0,quiet,quiet,0.3.2
2,264225827,17,120,14094,0.6868546307086945,,0.006195825397445884,False,0,False,0,quiet,quiet,0.3.2
2,264248349,17,120,14184,0.8934191465377808,,0.00492457368997015,False,0,False,0,quiet,quiet,0.3.2
2,264251239,17,120,14037,1.3153851628303528,,0.005091867294642052,False,0,False,0,quiet,quiet,0.3.2
2,264303176,17,120,14185,1.1571147680282592,,0.0012819551861920605,False,0,False,0,quiet,quiet,0.3.2
2,264304187,17,120,14182,0.8238279170938705,,0.0015690215157501304,False,0,False,0,quiet,quiet,0.3.2
2,264309356,17,120,13758,1.384755574748252,,0.0013398452245069197,False,0,False,0,quiet,quiet,0.3.2
2,264331582,17,120,14096,0.9139208691786942,,0.0011442333146827023,False,0,False,0,quiet,quiet,0.3.2
2,264392040,17,120,13517,2.639518940448761,,0.004517133680350706,False,0,False,0,quiet,quiet,0.3.2
2,264392298,17,120,13494,2.9790800750255584,,0.0028355165404255283,False,0,False,0,quiet,quiet,0.3.2
2,264392845,17,120,13473,2.0439061760902404,,0.015578700011986408,False,0,False,0,quiet,quiet,0.3.2
2,264402512,17,120,14094,0.6112100422382354,,0.004086558880041588,False,0,False,0,quiet,quiet,0.3.2
2,264453987,17,120,13410,1.972812693500897,,0.017870205170620154,False,0,False,0,quiet,quiet,0.3.2
2,264466057,17,120,13841,1.0818236589431762,,0.0009591579284135746,False,0,False,0,quiet,quiet,0.3.2
2,264987460,17,120,11539,3.119013726711273,,0.016995911596178814,False,0,False,0,quiet,quiet,0.3.2
2,264992033,17,120,13399,1.2096948266029357,,0.0025162999297905888,False,0,False,0,quiet,quiet,0.3.2
2,265060690,17,120,13387,1.9483783721923829,5.960197365441577,0.19097167902822884,False,0,False,0,rotator,pulsator,0.3.2
2,26514294,17,120,13131,2.162851989269256,,0.005435323383355925,False,0,False,0,quiet,quiet,0.3.2
2,265253749,17,120,13828,1.1325921019139258,,0.0012560007651543524,False,0,False,0,quiet,quiet,0.3.2
2,265274908,17,120,13440,2.0692240137324323,,0.03081706625957717,False,0,False,0,quiet,quiet,0.3.2
2,265312435,17,120,14784,0.7748268358357797,,0.0018120764922822522,False,0,False,0,quiet,quiet,0.3.2
2,265348271,17,120,14597,0.7773895382881164,,0.07748767932090002,False,0,False,0,quiet,quiet,0.3.2
2,265349567,17,120,13206,3.281172394752502,,0.003129776459222369,False,0,False,0,quiet,quiet,0.3.2
2,265350216,17,120,14597,0.860633933544159,2.3367116274764843,0.24087582628659662,False,0,False,0,rotator,pulsator,0.3.2
2,265395440,17,120,14787,4.059003782272338,8.419557505616888,0.13840305825502275,False,0,False,0,rotator,pulsator,0.3.2
2,265399387,17,120,14789,0.6466021656990051,,0.005802066957340352,False,0,False,0,quiet,quiet,0.3.2
2,265461709,17,120,14115,14.941661989688873,1.2949628195211476,0.7754459853337193,False,0,False,0,rotator,pulsator,0.3.2
2,26627013,17,120,13129,10.050921213626863,0.7652073365199678,0.5431273788935644,False,0,False,0,rotator,pulsator,0.3.2
2,26628846,17,120,12965,0.9374273300170899,,0.001979511600501593,False,0,False,0,quiet,quiet,0.3.2
2,266523365,17,120,14185,0.4909828662872315,,0.0033325702604482476,False,0,False,0,quiet,quiet,0.3.2
2,26726774,17,120,13132,0.37336260080337524,,0.009364200899574147,False,0,False,0,quiet,quiet,0.3.2
2,267484343,17,120,14186,1.5519070103196202,,0.01284360012532003,False,0,False,0,quiet,quiet,0.3.2
2,267542008,17,120,13525,0.7619248151779174,,0.006109309010239099,False,0,False,0,quiet,quiet,0.3.2
2,267542032,17,120,13523,0.8329741716384886,,0.001165570213938071,False,0,False,0,quiet,quiet,0.3.2
2,267542728,17,120,13524,1.1284387865197296,,0.0019725376638861565,False,0,False,0,quiet,quiet,0.3.2
2,267550847,17,120,13032,0.8349183082580566,,0.0022192112299924682,False,0,False,0,quiet,quiet,0.3.2
2,267565870,17,120,13027,0.6286630868911742,,0.006503604915992171,False,0,False,0,quiet,quiet,0.3.2
2,267567633,17,120,12881,12.50477510690689,3.880528426026407,0.8611221530815888,False,0,False,0,rotator,pulsator,0.3.2
2,267569100,17,120,12852,1.237575513124466,,0.0018766420408262677,False,0,False,0,quiet,quiet,0.3.2
2,267569132,17,120,13031,2.995384311676025,7.830471662573169,0.6194095528887896,False,0,False,0,rotator,pulsator,0.3.2
2,26761835,17,120,12710,0.32462662087003524,,0.029525237375273093,False,0,False,0,quiet,quiet,0.3.2
2,26762285,17,120,10855,5.044415938854217,,0.004197378842921342,False,0,False,0,variable,variable,0.3.2
2,267627021,17,120,12755,1.943076181411743,,0.037155741325102166,False,0,False,0,quiet,quiet,0.3.2
2,26762830,17,120,12711,0.738064956665039,,0.0649452423085366,False,0,False,0,quiet,quiet,0.3.2
2,267653518,17,120,12763,0.9907143473625183,,0.0037163192486813824,False,0,False,0,quiet,quiet,0.3.2
2,26765629,17,120,11700,0.734795316147525,,0.0049804807040921455,False,0,False,0,quiet,quiet,0.3.2
2,267687050,17,120,12778,2.4022459746076454,,0.09024652930786542,False,0,False,0,quiet,quiet,0.3.2
2,267687143,17,120,13023,6.72220584154129,0.9396599432175936,0.2966473380944335,False,5,False,0,flaring,flaring,0.3.2
2,267687195,17,120,12935,0.9362785220146178,,0.005975799080141413,False,0,False,0,quiet,quiet,0.3.2
2,267738889,17,120,12765,29.674682772159574,,0.02684818992570159,False,0,False,0,variable,variable,0.3.2
2,267739471,17,120,13020,0.5603973972915828,,0.08916064898722292,False,0,False,0,quiet,quiet,0.3.2
2,267740186,17,120,12757,0.9755147337913512,,0.002178143235503137,False,0,False,0,quiet,quiet,0.3.2
2,267740517,17,120,13032,2.133557321621259,,0.03356338383845411,False,0,False,0,quiet,quiet,0.3.2
2,267740924,17,120,12782,2.8580575704574582,,0.0012793402218265095,False,0,False,0,quiet,quiet,0.3.2
2,267742748,17,120,12751,1.203243827819824,,0.0014721905099208167,False,0,False,0,quiet,quiet,0.3.2
2,26777265,17,120,11896,0.6228306955942718,,0.0020491430235518816,False,0,False,0,quiet,quiet,0.3.2
2,26777504,17,120,10863,1.0209368348121644,,0.07906995977485476,False,0,False,0,quiet,quiet,0.3.2
2,26777512,17,120,11770,0.930225215262926,,0.08311952654674212,False,0,False,0,quiet,quiet,0.3.2
2,26777785,17,120,12710,0.5162124728027723,,0.013937291297713136,False,0,False,0,quiet,quiet,0.3.2
2,267803715,17,120,12750,1.777205979824066,,0.00309340574719756,False,0,False,0,quiet,quiet,0.3.2
2,267803738,17,120,13030,0.8061538752225712,,0.002871822408455263,False,0,False,0,quiet,quiet,0.3.2
2,267803839,17,120,12747,1.8460460901260376,,0.08141036941836469,False,0,False,0,quiet,quiet,0.3.2
2,267814635,17,120,13151,3.7138311624526974,,0.0026139533305458767,False,0,False,0,quiet,quiet,0.3.2
2,267863657,17,120,14788,1.0098906642133394,,0.19847070073222872,True,1,False,0,quiet,quiet,0.3.2
2,267942318,17,120,13030,28.84997118115425,,0.26022788253191464,True,0,False,0,variable,variable,0.3.2
2,268053147,17,120,14179,0.512545108795166,,0.0009754831568496184,False,0,False,0,quiet,quiet,0.3.2
2,26832496,17,120,12672,5.987277835986679,6.0607493463050774,0.6679350759786334,False,0,False,0,rotator,pulsator,0.3.2
2,26832597,17,120,11602,37.97225786447525,1.2029485169188092,0.8349730745229127,False,0,False,0,rotator,pulsator,0.3.2
2,26833275,17,120,10623,3.392695140838623,,0.053122098026406384,False,0,False,0,quiet,quiet,0.3.2
2,26834564,17,120,11904,0.7039100530093939,,0.0051497343764132985,False,0,False,0,quiet,quiet,0.3.2
2,268518697,17,120,14602,40.30288000702858,,0.006063828816927818,False,0,False,0,variable,variable,0.3.2
2,26854114,17,120,10629,6.117225873470306,,0.017689031748337435,False,0,False,0,variable,variable,0.3.2
2,26854131,17,120,10612,0.8689406991004943,,0.030844871015382233,False,0,False,0,quiet,quiet,0.3.2
2,26856092,17,120,12711,0.4858574151992798,,0.006842044325237701,False,0,False,0,quiet,quiet,0.3.2
2,26856628,17,120,11708,0.9654406288528817,,0.006491860042545589,False,0,False,1,quiet,quiet,0.3.2
2,268631337,17,120,14600,22.974659131447023,,0.022548034160518395,False,2,False,0,variable,variable,0.3.2
2,26867035,17,120,13131,0.36841388940811154,,0.04954356349351768,False,0,False,0,quiet,quiet,0.3.2
2,26875797,17,120,13134,14.31949494001239,3.4209369017311446,0.9530498475597855,False,0,False,0,rotator,pulsator,0.3.2
2,26893421,17,120,11664,0.8932865917682646,,0.01590675600126822,False,0,False,0,quiet,quiet,0.3.2
2,268944966,17,120,14599,10.790223348140715,1.1921796869902854,0.5829003758578558,False,0,True,7,dipper,eclipsing,0.3.2
2,26895056,17,120,11911,4.385088515281677,,0.0032719586318433374,False,0,False,0,quiet,quiet,0.3.2
2,269230379,17,120,14599,0.21191089153289794,,0.005768852788974209,False,0,False,0,quiet,quiet,0.3.2
2,269597554,17,120,14183,0.7810127019882201,,0.002341596636926075,False,0,False,0,quiet,quiet,0.3.2
2,269598225,17,120,14185,2.8981774806976315,,0.007693178499726538,False,0,False,0,quiet,quiet,0.3.2
2,269661428,17,120,13525,1.5553092956542969,,0.0015611687430068767,False,0,False,0,quiet,quiet,0.3.2
2,269664165,17,120,14021,13.400580239295959,,0.982894683976036,True,0,False,0,variable,eclipsing,0.3.2
2,269665301,17,120,14792,0.5498813688755035,,0.011087526563579869,False,0,False,0,quiet,quiet,0.3.2
2,269665934,17,120,14784,0.2773045778274536,1.4374917418713653,0.10839309259248346,False,0,False,0,rotator,pulsator,0.3.2
2,269666569,17,120,14792,0.7161050498485565,,0.0010020876662667725,False,0,False,0,quiet,quiet,0.3.2
2,269666591,17,120,14629,1.0795260429382323,,0.002536760566316209,False,0,False,0,quiet,quiet,0.3.2
2,269666601,17,120,14249,3.3730770349502563,,0.008292671453699583,False,0,False,0,quiet,quiet,0.3.2
2,269696525,17,120,14791,1.26598641872406,2.8749940511164187,0.3669479078645583,False,0,False,0,rotator,pulsator,0.3.2
2,269697418,17,120,14096,1.5542488574981688,,0.001253193399648441,False,0,False,0,quiet,quiet,0.3.2
2,269697721,17,120,14092,6.775006622820895,0.13720263494449067,0.5839734990381149,False,0,False,0,rotator,pulsator,0.3.2
2,269700406,17,120,14789,0.6119611859321594,,0.02221663244312078,False,0,False,0,quiet,quiet,0.3.2
2,269700886,17,120,14792,0.6686945874277003,,0.0008633747960808549,False,0,False,0,quiet,quiet,0.3.2
2,269821456,17,120,14601,3.927862930297852,,0.0024104184117687013,False,0,False,0,quiet,quiet,0.3.2
2,26991656,17,120,13127,0.49275026321411136,,0.005549432203225225,False,0,False,0,quiet,quiet,0.3.2
2,269927799,17,120,14507,0.7594504594802856,6.149147287510161,0.3060010084588492,False,4,False,0,flaring,flaring,0.3.2
2,26996089,17,120,13131,0.7659898281097411,1.057381920097193,0.12860872399809875,False,0,False,0,rotator,pulsator,0.3.2
2,270492569,17,120,12599,1.3539144158363343,,0.003456834859028159,False,0,False,0,quiet,quiet,0.3.2
2,270730826,17,120,14601,0.28941124677658076,,0.00532131040798145,False,0,False,0,quiet,quiet,0.3.2
2,271022160,17,120,14525,6.440836250782012,,0.00995865083681915,False,0,False,0,variable,variable,0.3.2
2,271344642,17,120,14585,4.137652945518494,11.683390059967566,0.45372774967140633,False,0,False,0,rotator,rotator,0.3.2
2,271652995,17,120,14599,0.34552609920501703,10.621275331459296,0.27982505051321405,False,0,False,0,rotator,pulsator,0.3.2
2,271746067,17,120,14603,10.64052482843399,,0.01811081233221433,False,0,False,0,variable,variable,0.3.2
2,271763731,17,120,14601,6.426608705520629,0.9422103222829863,0.3891344966796707,False,0,False,0,rotator,pulsator,0.3.2
2,271764130,17,120,14602,4.1623967505929915,,0.002744129765888938,False,0,False,0,quiet,quiet,0.3.2
2,271910708,17,120,14601,23.405018913745877,1.7702148267530866,0.364444050849527,False,0,False,0,rotator,pulsator,0.3.2
2,272628152,17,120,14603,7.313665223121642,,0.004704220914634152,False,0,False,0,variable,variable,0.3.2
2,272669772,17,120,12611,0.6291933059692383,,0.003524891550593531,False,0,False,0,quiet,quiet,0.3.2
2,272669792,17,120,12611,1.1857465982437134,,0.0013204333964137985,False,0,False,0,quiet,quiet,0.3.2
2,272670197,17,120,12609,0.8059329986572266,,0.0012227736030245553,False,0,False,0,quiet,quiet,0.3.2
2,272701896,17,120,12607,0.8987213373184204,,0.08656156385938989,False,0,False,0,quiet,quiet,0.3.2
2,272702570,17,120,12610,1.5894200563430785,,0.0004998452149814038,False,0,False,0,quiet,quiet,0.3.2
2,272705262,17,120,12608,0.9505060106214278,1.377978605245076,0.12984411363359705,False,0,False,0,rotator,pulsator,0.3.2
2,272745660,17,120,12554,1.499724572913374,,0.004742499240114281,False,0,False,0,quiet,quiet,0.3.2
2,272745733,17,120,12604,1.3247966304300207,,0.0019276362818177884,False,0,False,0,quiet,quiet,0.3.2
2,272747233,17,120,12609,0.7508785843849182,,0.0542672793675151,False,0,False,0,quiet,quiet,0.3.2
2,272747359,17,120,12608,0.6003847360610961,,0.025525302394513075,False,0,False,0,quiet,quiet,0.3.2
2,272749282,17,120,12214,1.6924592971801757,,0.010513034973580993,False,0,False,0,quiet,quiet,0.3.2
2,272750036,17,120,12361,1.7253328800201415,,0.004803897896393057,False,0,False,0,quiet,quiet,0.3.2
2,272751211,17,120,12610,1.3546654787859036,,0.0014468745071469084,False,0,False,0,quiet,quiet,0.3.2
2,272757740,17,120,12162,1.7196772098541258,,0.08439610711969868,False,0,False,0,quiet,quiet,0.3.2
2,272759659,17,120,12611,7.812336266040802,2.4497246983705483,0.6326503896798207,False,0,False,0,rotator,rotator,0.3.2
2,272781325,17,120,12135,8.637799000740051,0.7051205592801961,0.10240427087750928,False,1,False,0,rotator,pulsator,0.3.2
2,272781944,17,120,12610,0.6389139890670775,,0.0037195595907727336,False,0,False,0,quiet,quiet,0.3.2
2,272782368,17,120,12595,1.7062449932098387,10.012132835964124,0.216217830651661,False,0,False,0,rotator,pulsator,0.3.2
2,272784026,17,120,12610,0.8695150771881618,,0.002591124024342034,False,0,False,0,quiet,quiet,0.3.2
2,272786763,17,120,11915,6.282477486133575,,0.0022553268405975475,False,0,False,0,variable,variable,0.3.2
2,272786845,17,120,12606,0.5157705928155604,,0.022714529896002266,False,0,False,0,quiet,quiet,0.3.2
2,272787059,17,120,12608,1.1434615926903011,,0.001434921917031265,False,0,False,0,quiet,quiet,0.3.2
2,272787101,17,120,12191,30.276746535301207,,0.0022558041578045634,False,0,False,0,variable,variable,0.3.2
2,272822330,17,120,14590,3.1770286255189366,1.497873763735053,0.17471290030702277,False,21,False,0,flaring,eclipsing,0.3.2
2,272926817,17,120,14603,4.6620396137237545,6.149167243424628,0.285911328723922,False,0,False,0,rotator,rotator,0.3.2
2,272954647,17,120,14230,25.823833393340305,,0.006847653375172738,False,0,False,0,variable,variable,0.3.2
2,275415829,17,120,14786,1.0728099346160889,0.6974777654155336,0.12895589263024543,False,0,False,0,rotator,pulsator,0.3.2
2,275421792,17,120,14792,0.8004098594066542,,0.010355802461098549,False,0,False,0,quiet,quiet,0.3.2
2,275502466,17,120,14778,0.466946268081665,2.5624683231344236,0.11109274771006519,False,3,False,0,flaring,flaring,0.3.2
2,275504377,17,120,14387,1.2343500137329102,,0.00233547317067801,False,0,False,0,quiet,quiet,0.3.2
2,275625661,17,120,14179,1.1509288787841796,1.519707255330915,0.2361561562427771,False,0,False,0,rotator,pulsator,0.3.2
2,275688978,17,120,13388,1.4859831511974335,,0.0032696393831808373,False,0,False,0,quiet,quiet,0.3.2
2,275689198,17,120,13518,1.2861347053606895,,0.004453954098038082,False,0,False,0,quiet,quiet,0.3.2
2,275690748,17,120,12973,4.879606175422668,,0.035807796902981325,False,1,False,0,quiet,quiet,0.3.2
2,276385056,17,120,14791,0.7932077407836913,,0.0034617511695264457,False,0,False,0,quiet,quiet,0.3.2
2,276479485,17,120,14791,1.2458380937576292,0.8018539335740587,0.22874875123304317,False,0,False,0,rotator,pulsator,0.3.2
2,276812762,17,120,14791,1.2901997566223145,,0.011493364306205794,False,0,False,0,quiet,quiet,0.3.2
2,277164182,17,120,14783,0.4146313190460205,,0.0014733827318958645,False,0,False,0,quiet,quiet,0.3.2
2,277322096,17,120,14440,3.0130581013525664,5.302313928602872,0.37532159065154014,False,0,False,0,rotator,pulsator,0.3.2
2,277425957,17,120,14514,1.2521124274797693,,0.004992397005201278,False,0,False,0,quiet,quiet,0.3.2
2,277505772,17,120,14791,0.905260705947876,2.224017668732118,0.10359345874248814,False,0,False,0,rotator,pulsator,0.3.2
2,277511298,17,120,14788,0.767845594882965,10.715696176954763,0.252760916615766,False,0,False,0,rotator,pulsator,0.3.2
2,279286259,17,120,14602,278.03451275825495,11.683535662007557,0.4440343017516924,False,0,False,0,rotator,rotator,0.3.2
2,279373920,17,120,13730,23.534393070173056,0.4684247932960088,0.8983812719084947,False,0,False,0,rotator,pulsator,0.3.2
2,279566937,17,120,14204,3.7985778450965877,9.628028119081856,0.17759820820909275,False,0,False,1,rotator,rotator,0.3.2
2,279608372,17,120,14374,0.5556254088878632,,0.010818111819395043,False,0,False,0,quiet,quiet,0.3.2
2,279701076,17,120,13859,714.2416832685469,,0.0027710274377075552,False,0,False,0,variable,variable,0.3.2
2,279757949,17,120,11891,11.577421939373016,,0.0055612693601268,False,0,False,0,variable,variable,0.3.2
2,279868193,17,120,14182,1.7585157049144595,,0.002122407420441888,False,0,False,0,quiet,quiet,0.3.2
2,279878817,17,120,14593,2.2816210627555846,2.8496367139896335,0.6262982154769234,False,0,False,0,rotator,pulsator,0.3.2
2,279983256,17,120,14179,0.4010223627090454,,0.016636985353460178,False,0,False,0,quiet,quiet,0.3.2
2,280034330,17,120,13525,0.784017276763916,,0.0015653110412612863,False,0,False,0,quiet,quiet,0.3.2
2,280034976,17,120,14184,0.717165466631488,,0.0009996287994453925,False,0,False,0,quiet,quiet,0.3.2
2,280072704,17,120,13525,0.7506134748458861,,0.001783337646900947,False,0,False,0,quiet,quiet,0.3.2
2,280074241,17,120,14185,1.0052070021629333,,0.0021990143745036867,False,0,False,0,quiet,quiet,0.3.2
2,28224552,17,120,12698,3.0633408148092274,,0.06032856289575682,False,0,True,4,dipper,eclipsing,0.3.2
2,28247138,17,120,11901,1.1335200190544128,,0.03642452229963408,False,0,False,0,quiet,quiet,0.3.2
2,28284439,17,120,12097,1.7291327834129333,,0.0015898031875268785,False,0,False,0,quiet,quiet,0.3.2
2,28284665,17,120,12705,1.474715995788574,2.257932520786702,0.37946690594980625,False,0,False,0,rotator,pulsator,0.3.2
2,282877280,17,120,14590,10.529709354928412,8.987281851716226,0.4369041094051536,False,0,False,0,rotator,rotator,0.3.2
2,28292981,17,120,12334,0.9660149177303958,,0.037770067634087925,False,0,False,0,quiet,quiet,0.3.2
2,28294709,17,120,12140,0.9623476266860962,,0.024085445989410648,False,0,False,0,quiet,quiet,0.3.2
2,28296478,17,120,12234,1.0916327118873594,,0.004459644247564378,False,0,False,0,quiet,quiet,0.3.2
2,28331588,17,120,12305,0.9399016857147215,,0.0012191272726877448,False,0,False,0,quiet,quiet,0.3.2
2,283345712,17,120,12863,0.41365925073623655,,0.014932863837883665,False,0,False,0,quiet,quiet,0.3.2
2,283427156,17,120,13070,13.250749559722827,2.306535129398048,0.7643396844094884,False,0,False,0,rotator,pulsator,0.3.2
2,283476365,17,120,13071,5.583737111091613,1.3410071723845032,0.6437846911458969,False,0,False,0,rotator,pulsator,0.3.2
2,283479348,17,120,13072,0.8875867102269318,,0.0010858412008395934,False,0,False,0,quiet,quiet,0.3.2
2,28351918,17,120,12327,33.9640667438507,0.25754967290252356,0.3820220924178962,False,0,True,12,dipper,eclipsing,0.3.2
2,28353048,17,120,12275,1.4994595527648926,7.051341308567344,0.24786409767500583,False,0,False,0,rotator,rotator,0.3.2
2,283546449,17,120,13068,0.21796423250330185,,0.005244816739371864,False,0,False,0,quiet,quiet,0.3.2
2,283547556,17,120,12854,1.4495747313030143,,0.0014568867909501974,False,0,False,0,quiet,quiet,0.3.2
2,28355230,17,120,12457,1.960750150680542,,0.01455997894758031,False,0,False,0,quiet,quiet,0.3.2
2,283567763,17,120,12737,22.704687881469724,,0.0012916126260912584,False,0,False,0,variable,variable,0.3.2
2,283568885,17,120,12786,2.3821418339652367,,0.001489468836728175,False,0,False,0,quiet,quiet,0.3.2
2,283571026,17,120,12575,62.57309753894806,,0.0034835846746212877,False,0,False,0,variable,variable,0.3.2
2,28360673,17,120,12710,0.8084073543548583,0.49635619741109815,0.25828199477331376,False,0,False,0,rotator,pulsator,0.3.2
2,283723793,17,120,15125,0.48232262134552,,0.014660821802142997,False,0,False,0,quiet,quiet,0.3.2
2,283859521,17,120,12877,2.788952350616455,,0.003401270593993602,False,0,False,0,quiet,quiet,0.3.2
2,283859631,17,120,12930,1.364032681940038,,0.03668579020745633,False,0,False,0,quiet,quiet,0.3.2
2,283862928,17,120,12702,1.5120080709457397,,0.010766267750654108,False,0,False,0,quiet,quiet,0.3.2
2,283885050,17,120,13089,0.24734719991683957,,0.036380173253114115,False,0,False,0,quiet,quiet,0.3.2
2,283886800,17,120,12744,1.5631741188064743,,0.0012508702980897554,False,0,False,0,quiet,quiet,0.3.2
2,283905637,17,120,12680,3.424331545829773,,0.0030182601583936754,False,0,False,0,quiet,quiet,0.3.2
2,28391317,17,120,12702,0.880119510892615,,0.015040257562366106,False,0,False,0,quiet,quiet,0.3.2
2,28391714,17,120,12599,59.275488352775575,0.4858853188176731,0.4736080379452155,False,0,True,12,dipper,eclipsing,0.3.2
2,283941117,17,120,12871,0.5010570287704467,5.75495478453047,0.3370682470500655,False,0,False,0,rotator,pulsator,0.3.2
2,283942773,17,120,12783,4.742279434204101,,0.008595577498069405,False,0,False,0,quiet,quiet,0.3.2
2,283985717,17,120,12775,0.49681527614593507,,0.015321063766489442,False,0,False,0,quiet,quiet,0.3.2
2,284049050,17,120,14603,60.09335128068924,,0.0489431089767205,False,0,False,0,variable,variable,0.3.2
2,284050592,17,120,14602,0.7097423997598171,6.872671480177213,0.21343378297200855,False,0,False,0,rotator,rotator,0.3.2
2,284136822,17,120,12859,0.4733972668647766,9.59159076360019,0.2095415112714244,False,2,False,0,rotator,eclipsing,0.3.2
2,284316352,17,120,12847,10.191517639160155,,0.0011270133088409611,False,0,False,0,variable,variable,0.3.2
2,284456027,17,120,14181,0.6157610893249511,,0.07633217891372751,False,0,False,0,quiet,quiet,0.3.2
2,284480690,17,120,13507,2.524196290969848,,0.01582668369661869,False,0,False,0,quiet,quiet,0.3.2
2,284531640,17,120,12871,0.45510470867156977,2.9512617890803154,0.20921825327810453,False,0,False,0,rotator,rotator,0.3.2
2,284715921,17,120,12829,11.43726736307144,,0.048879583927215975,False,0,False,0,variable,variable,0.3.2
2,284804420,17,120,12690,2.991717052212865,,0.009171004636583404,False,0,False,0,quiet,quiet,0.3.2
2,284890035,17,120,13526,0.813179326057434,,0.0026981689509114736,False,0,False,0,quiet,quiet,0.3.2
2,284890571,17,120,13527,1.175849175453186,,0.002032845286838935,False,0,False,0,quiet,quiet,0.3.2
2,284900652,17,120,13429,121.50774339437484,0.33267764073133604,0.41513831312831895,False,0,False,0,rotator,pulsator,0.3.2
2,284901341,17,120,13524,0.5308818519115448,,0.03280578429148646,False,0,False,0,quiet,quiet,0.3.2
2,284904049,17,120,13529,1.2398289442062378,,0.0015436537966498109,False,0,False,0,quiet,quiet,0.3.2
2,285036664,17,120,12837,3.509608447551727,,0.0011463240479934285,False,0,False,0,quiet,quiet,0.3.2
2,285544488,17,120,12864,0.20753658413887022,5.754965621283532,0.35617127287714617,False,0,False,0,rotator,pulsator,0.3.2
2,286305130,17,120,14461,3.782582902908325,,0.006632619066635454,False,0,False,0,quiet,quiet,0.3.2
2,28675171,17,120,12786,0.5671134889125824,,0.008637846385077502,False,0,False,0,quiet,quiet,0.3.2
2,28696063,17,120,12603,1.3833415746688842,,0.00891939976797215,False,0,False,0,quiet,quiet,0.3.2
2,287080092,17,120,12607,0.5560230731964111,,0.00260102263633439,False,0,False,1,quiet,quiet,0.3.2
2,287080243,17,120,12610,1.4823158025741576,,0.0020181541529332293,False,0,False,0,quiet,quiet,0.3.2
2,287086201,17,120,11210,1.1031649439583735,,0.004557029749255561,False,0,False,0,quiet,quiet,0.3.2
2,287086774,17,120,11399,1.685478079319,,0.0027570791561491725,False,0,False,0,quiet,quiet,0.3.2
2,287132123,17,120,13526,1.5311401883107478,,0.003278367679552011,False,0,False,0,quiet,quiet,0.3.2
2,287137315,17,120,11903,2.081993579864502,,0.08368916102260035,False,0,False,0,quiet,quiet,0.3.2
2,287138506,17,120,11930,5.102165329327264,,0.001226128430267383,False,0,False,0,variable,variable,0.3.2
2,287139872,17,120,12808,5.046669369935989,,0.0016971874148861258,False,0,False,0,variable,variable,0.3.2
2,287194951,17,120,14169,0.4459142446517944,2.2646635370667094,0.10745484221315035,False,0,False,0,rotator,pulsator,0.3.2
2,28762553,17,120,12574,157.6888328433037,,0.0029783595618202985,False,0,False,0,variable,variable,0.3.2
2,28763463,17,120,12778,0.36580696803906654,,0.06285893927847841,False,0,False,0,quiet,quiet,0.3.2
2,28763622,17,120,12551,2.1998789548873896,,0.006973525773359166,False,0,False,0,quiet,quiet,0.3.2
2,288247931,17,120,12935,4.3583124518394465,,0.008128546795287163,False,0,False,0,quiet,quiet,0.3.2
2,288294358,17,120,13094,0.3110176742076874,3.8851522245771166,0.32761052697547965,False,0,False,0,rotator,rotator,0.3.2
2,288296062,17,120,13095,0.49690364599227904,,0.03482978329747204,False,0,False,0,quiet,quiet,0.3.2
2,288296589,17,120,12761,137.25816621780396,,0.0028706755409012965,False,0,False,0,variable,variable,0.3.2
2,288296883,17,120,12826,1.922397580075336,,0.0021043049761343287,False,0,False,0,quiet,quiet,0.3.2
2,288299155,17,120,12574,4.540133410692214,5.238526079875945,0.46415309652467757,False,0,False,0,rotator,rotator,0.3.2
2,288347688,17,120,13524,1.0920745611190796,,0.0013994416984205494,False,0,False,0,quiet,quiet,0.3.2
2,288347732,17,120,13520,0.48316212048643464,2.23247822651887,0.14449277464435176,False,0,False,0,rotator,rotator,0.3.2
2,288350652,17,120,12780,0.2048413038253784,,0.020425863572855387,False,0,False,0,quiet,quiet,0.3.2
2,288391801,17,120,12423,131.572096824646,0.1953869955458474,0.9342789636592517,False,0,False,0,rotator,pulsator,0.3.2
2,288391863,17,120,13489,1.158882164955139,7.589949991131107,0.22892541728296667,False,9,False,0,flaring,flaring,0.3.2
2,288406133,17,120,12936,1.5746622920036315,,0.0019098655760726923,False,0,False,0,quiet,quiet,0.3.2
2,288428717,17,120,12621,1.5814667701721192,,0.009237382263744974,False,0,False,0,quiet,quiet,0.3.2
2,288469869,17,120,12976,2.124322736263275,,0.030788540228067672,False,0,False,0,quiet,quiet,0.3.2
2,288471108,17,120,12603,4.209497630596161,1.5736380755906305,0.4229907777130552,False,0,False,0,rotator,eclipsing,0.3.2
2,288634241,17,120,13525,1.3976574897766112,,0.03728489985927737,False,0,False,0,quiet,quiet,0.3.2
2,288634843,17,120,13524,1.4192638326130012,,0.009520780774092802,False,2,False,0,quiet,quiet,0.3.2
2,288672206,17,120,13525,2.202176570892334,,0.012178418811966992,False,0,False,0,quiet,quiet,0.3.2
2,288673056,17,120,12677,2.5935666203498835,11.034231499314956,0.4033736714109288,False,0,False,0,rotator,pulsator,0.3.2
2,288677359,17,120,13525,0.6847779393196106,,0.0028491074564373515,False,0,False,0,quiet,quiet,0.3.2
2,289538241,17,120,11988,1.7916545030967743,9.111719807681594,0.11009337216258194,False,0,False,0,rotator,rotator,0.3.2
2,289538721,17,120,11738,123.65487292139963,,0.010210621341968543,False,0,False,0,variable,variable,0.3.2
2,289539285,17,120,11669,2.457035207748413,,0.059861186202917645,False,0,False,0,quiet,quiet,0.3.2
2,289540757,17,120,12608,0.6975915670394897,,0.0012216531696376597,False,0,False,0,quiet,quiet,0.3.2
2,289569715,17,120,13528,0.7191537666825195,,0.005042212976469751,False,0,False,0,quiet,quiet,0.3.2
2,289570571,17,120,12600,1.9725474663809692,3.5560125651553305,0.3960106735143513,False,0,False,0,rotator,pulsator,0.3.2
2,289571333,17,120,12606,0.8597502863258293,,0.0012950521213064916,False,0,False,0,quiet,quiet,0.3.2
2,289571725,17,120,11960,3.4769116044044495,,0.0034723918121036513,False,0,False,0,quiet,quiet,0.3.2
2,289572233,17,120,12581,2.2681888461112973,,0.0011190768463763387,False,0,False,0,quiet,quiet,0.3.2
2,289582325,17,120,11911,1.6988219261169433,,0.001368337633303839,False,0,False,0,quiet,quiet,0.3.2
2,289582691,17,120,12606,0.5179798389083194,,0.003081092702627073,False,0,False,0,quiet,quiet,0.3.2
2,289590465,17,120,11769,2.1463268280029295,,0.002529793901092483,False,0,False,0,quiet,quiet,0.3.2
2,289590632,17,120,12866,2.2499845907096683,,0.001287358390202689,False,0,False,0,quiet,quiet,0.3.2
2,289590826,17,120,13401,1.1097485303878785,,0.003530041518482353,False,0,False,0,quiet,quiet,0.3.2
2,289621610,17,120,12258,3.102665305137634,,0.0011349580507626466,False,0,False,0,quiet,quiet,0.3.2
2,289623768,17,120,13525,0.6926428556442261,,0.0033428665820634178,False,0,False,0,quiet,quiet,0.3.2
2,289624036,17,120,13527,0.6620668888092041,,0.00453783941143942,False,0,False,0,quiet,quiet,0.3.2
2,291689873,17,120,12841,25.890067362785338,4.792172451409346,0.9080134877914344,False,2,False,0,rotator,pulsator,0.3.2
2,291690096,17,120,12969,2.9179723262786865,6.092740697158122,0.1703782058289752,False,0,False,0,rotator,pulsator,0.3.2
2,291728578,17,120,13094,0.4853713521140008,,0.005536584911512248,False,0,False,0,quiet,quiet,0.3.2
2,291729431,17,120,12856,258.63384087681766,,0.000889430262590952,False,0,False,0,variable,variable,0.3.2
2,291730360,17,120,12864,2.180614328384399,2.1310111538120626,0.3600398784896548,False,0,False,0,rotator,rotator,0.3.2
2,291755526,17,120,13095,2.350019323825836,3.885133877755228,0.4145892599970341,False,0,False,0,rotator,pulsator,0.3.2
2,291836643,17,120,13051,13.417458879947661,2.2831913283059126,0.4572290973234651,False,2,False,0,rotator,pulsator,0.3.2
2,293880381,17,120,14182,0.5174054195043194,,0.02222781759465518,False,0,False,0,quiet,quiet,0.3.2
2,293952198,17,120,14142,2.7957566621448597,3.9774136738590027,0.19335437023644894,False,0,False,0,rotator,pulsator,0.3.2
2,298289469,17,120,13527,0.9957514286041259,0.23185342042094764,0.214639007155406,False,0,False,0,rotator,pulsator,0.3.2
2,298356280,17,120,13021,76.08661444187163,,0.03707873774443396,False,0,False,0,variable,variable,0.3.2
2,298552506,17,120,13525,0.37999033927917475,,0.0024223065312714486,False,0,False,0,quiet,quiet,0.3.2
2,298663388,17,120,13433,1.6836223125457763,,0.001961207860742918,False,0,False,0,quiet,quiet,0.3.2
2,298663845,17,120,13014,2.890533488988876,,0.0011216336867838845,False,0,False,0,quiet,quiet,0.3.2
2,298730971,17,120,13520,0.5786015344499627,,0.0019854329689158626,False,0,False,0,quiet,quiet,0.3.2
2,299325833,17,120,11216,3.8879198756194073,,0.014474396833081098,False,0,False,0,quiet,quiet,0.3.2
2,301800038,17,120,13022,0.6211074650287628,,0.04042212505086949,False,0,False,0,quiet,quiet,0.3.2
2,301869934,17,120,12584,2.692099159485051,,0.008668885100583158,False,0,False,0,quiet,quiet,0.3.2
2,301870895,17,120,12476,553.9325242499269,,0.00116420024378952,False,0,False,0,variable,variable,0.3.2
2,301871404,17,120,12650,0.8566573159890567,,0.002058924263473226,False,0,False,0,quiet,quiet,0.3.2
2,301881019,17,120,12610,2.878471090748044,,0.0037068995647255003,False,0,False,0,quiet,quiet,0.3.2
2,301882535,17,120,12591,3.2186065435409548,,0.003437175941561297,False,0,False,0,quiet,quiet,0.3.2
2,301942738,17,120,12878,1.1545520080759522,,0.0022653500389901446,False,0,False,0,quiet,quiet,0.3.2
2,301942813,17,120,12993,0.9798448562622069,,0.04884017838376454,False,0,False,0,quiet,quiet,0.3.2
2,301945612,17,120,12784,0.4116267197354603,,0.003678117395155275,False,0,False,0,quiet,quiet,0.3.2
2,301946066,17,120,12786,0.5163450429645206,,0.0098287816222587,False,0,False,0,quiet,quiet,0.3.2
2,301946115,17,120,12681,1.3520586490631104,,0.0014334816657636338,False,0,False,0,quiet,quiet,0.3.2
2,302172000,17,120,13045,0.7138516187667846,,0.006866256220289062,False,0,False,0,quiet,quiet,0.3.2
2,302189312,17,120,13033,12.176039278507233,,0.0016321057515532671,False,0,False,0,variable,variable,0.3.2
2,302189795,17,120,12971,2.668150770664215,,0.0014085499157759508,False,0,False,0,quiet,quiet,0.3.2
2,302189840,17,120,13039,0.6559693694114684,,0.004116254963380682,False,0,False,0,quiet,quiet,0.3.2
2,303290629,17,120,13029,0.9427295207977295,,0.0015150614940806033,False,0,False,0,quiet,quiet,0.3.2
2,303291181,17,120,13023,1.7884289503097532,,0.03051243882426435,False,0,False,0,quiet,quiet,0.3.2
2,303321231,17,120,13040,0.528186571598053,,0.003103868705199587,False,0,False,0,quiet,quiet,0.3.2
2,303337811,17,120,12998,1.41665700674057,,0.029757077539084454,False,0,False,0,quiet,quiet,0.3.2
2,305044153,17,120,11439,7.001896405220032,,0.005487455263019364,False,0,False,0,variable,variable,0.3.2
2,305255272,17,120,14786,0.5162566423416137,,0.0019151061559976497,False,0,False,0,quiet,quiet,0.3.2
2,305256299,17,120,14370,2.3600492310509313,8.324824128605671,0.28978195586661315,False,0,False,0,rotator,rotator,0.3.2
2,305293943,17,120,14790,0.6871197402477265,0.7187436314172246,0.18706237014794797,False,0,False,0,rotator,pulsator,0.3.2
2,305399324,17,120,14785,3.2322154998779293,3.022397325349245,0.23183967913860792,False,0,True,6,dipper,eclipsing,0.3.2
2,305429820,17,120,12064,1.0787749313943067,,0.005714720507935621,False,0,False,0,quiet,quiet,0.3.2
2,305544030,17,120,14786,0.5747575148795553,,0.02791867278865237,False,0,False,0,quiet,quiet,0.3.2
2,305633328,17,120,14438,43.24966219215579,1.2530432502301552,0.6609583284460707,False,0,True,12,dipper,eclipsing,0.3.2
2,305681089,17,120,14782,0.4279309809207916,,0.0024861958190867156,False,0,False,0,quiet,quiet,0.3.2
2,305725166,17,120,14785,0.4594348311424255,,0.009384094806879406,False,0,False,0,quiet,quiet,0.3.2
2,305794603,17,120,14218,1.7612994074821473,,0.005521257645476789,False,0,False,0,quiet,quiet,0.3.2
2,305795749,17,120,14790,0.8452576306615848,,0.07326408007226115,False,0,False,0,quiet,quiet,0.3.2
2,305825640,17,120,13068,0.5925198020780145,,0.017545429611431504,False,0,False,0,quiet,quiet,0.3.2
2,305831236,17,120,13070,2.4501865446567535,0.4785375232263287,0.2269387305596708,False,0,False,0,rotator,pulsator,0.3.2
2,306117648,17,120,13027,1.0794376730918884,1.9575981385427594,0.1694939017078624,False,0,False,0,rotator,pulsator,0.3.2
2,306179078,17,120,12709,0.6008265852928161,,0.0015553648076024728,False,1,False,0,quiet,quiet,0.3.2
2,306179633,17,120,12714,0.4867852840785597,,0.07821502541158412,False,0,False,0,quiet,quiet,0.3.2
2,306181869,17,120,12634,0.5756411790847779,,0.01255806339897976,False,1,False,0,quiet,quiet,0.3.2
2,306183402,17,120,11647,1.9649919033050538,,0.002537041216518768,False,1,False,0,quiet,quiet,0.3.2
2,306188116,17,120,12366,0.7408927917480468,,0.012503785321247794,False,0,False,0,quiet,quiet,0.3.2
2,306188960,17,120,12699,0.5551393747329711,,0.00904124942778859,False,0,False,0,quiet,quiet,0.3.2
2,306206458,17,120,12678,2.905467993021011,5.7473084636257,0.46689210929226116,False,0,False,0,rotator,pulsator,0.3.2
2,306216222,17,120,12713,0.4612905979156494,,0.012532229866216282,False,0,False,0,quiet,quiet,0.3.2
2,306261602,17,120,12541,9.548538637161254,,0.09228568989961057,False,5,False,1,flaring,flaring,0.3.2
2,306306057,17,120,12637,3.465158414840698,,0.007768723483572914,False,0,False,0,quiet,quiet,0.3.2
2,306306488,17,120,12696,1.270183948570968,,0.020217666196168566,False,0,False,0,quiet,quiet,0.3.2
2,306342390,17,120,12475,4.37695848941803,8.148952275349837,0.5532300818282612,False,0,False,0,rotator,pulsator,0.3.2
2,306347565,17,120,11937,1.8798917412757874,,0.004949086107891164,False,0,False,0,quiet,quiet,0.3.2
2,306372616,17,120,12465,5.1674267649650565,2.1114075321484638,0.3634491712720008,False,0,False,0,rotator,pulsator,0.3.2
2,306401751,17,120,12457,1.218708550930023,,0.07274118623416498,False,9,False,0,flaring,flaring,0.3.2
2,306423024,17,120,11865,1.3319103240966796,,0.0033926030854829073,False,0,False,0,quiet,quiet,0.3.2
2,306424472,17,120,11924,1.562025497080415,,0.027298556996999068,False,0,False,0,quiet,quiet,0.3.2
2,306552957,17,120,11379,3.631293725967407,5.613739943585546,0.34874460896431325,False,3,False,0,flaring,flaring,0.3.2
2,306554613,17,120,12866,0.21615264415740965,,0.02083990433078587,False,0,False,0,quiet,quiet,0.3.2
2,306950319,17,120,13065,1.1111624479293822,5.766377106564903,0.3197819771154711,False,0,False,0,rotator,pulsator,0.3.2
2,307042507,17,120,10901,1.4434330701828002,,0.0013355281520541777,False,0,False,0,quiet,quiet,0.3.2
2,307043831,17,120,11445,5.5861230969429005,,0.021017554818340684,False,1,False,0,variable,variable,0.3.2
2,307204193,17,120,11936,1.0889816164970398,9.104291335277802,0.18434245444856454,False,0,False,0,rotator,rotator,0.3.2
2,307955457,17,120,12594,1.5659137238834415,,0.0014789325675631762,False,0,False,0,quiet,quiet,0.3.2
2,307956674,17,120,12586,1.2866208161896708,,0.0013327591079853932,False,0,False,0,quiet,quiet,0.3.2
2,307986093,17,120,12593,0.06839826107025146,1.4896813702054525,0.18769127904740707,False,0,False,0,rotator,pulsator,0.3.2
2,308124318,17,120,13073,1.203243827819824,3.8442875428745156,0.2696203728163625,False,0,False,0,rotator,rotator,0.3.2
2,311233561,17,120,10482,1.6210564613342284,10.388302792629702,0.2671878307946116,False,0,False,0,rotator,rotator,0.3.2
2,311234001,17,120,12607,1.146333646774292,3.801277665638932,0.42792255655214334,False,0,False,0,rotator,rotator,0.3.2
2,311234051,17,120,10574,5.429355313143451,,0.0013564316886654165,False,0,False,0,variable,variable,0.3.2
2,311234256,17,120,11183,1.4570420265197752,,0.006731932628064592,False,0,False,0,quiet,quiet,0.3.2
2,311236539,17,120,12603,0.7165910840034484,,0.04833114071693413,False,0,False,0,quiet,quiet,0.3.2
2,311704796,17,120,12291,35.16669198274612,,0.010837370892605662,False,0,False,0,variable,variable,0.3.2
2,312144701,17,120,12076,15.104660621424337,,0.001618611728055352,False,0,False,0,variable,variable,0.3.2
2,312150094,17,120,12284,2.6161009311676025,,0.001247757107544512,False,0,False,0,quiet,quiet,0.3.2
2,312339776,17,120,12017,6.539368629455566,,0.003005950633786432,False,0,False,0,variable,variable,0.3.2
2,312545623,17,120,12871,0.6519927263259887,,0.006018165316974716,False,0,False,0,quiet,quiet,0.3.2
2,312550817,17,120,12619,0.6198261022567748,,0.0016962444855350251,False,0,False,0,quiet,quiet,0.3.2
2,312757288,17,120,12858,0.7254722319402624,11.509905796738847,0.4298288078867899,False,7,False,0,flaring,flaring,0.3.2
2,312855416,17,120,12271,53.089245629310604,,0.0014402928599505638,False,0,False,0,variable,variable,0.3.2
2,313442218,17,120,14836,9.148179320936778,,0.004781301749105278,False,1,False,0,variable,variable,0.3.2
2,313508531,17,120,12889,6.119876968860626,,0.0022201626564415365,False,0,False,0,variable,variable,0.3.2
2,313564144,17,120,13127,2.2654493808746334,16.615906927598385,0.3102460005459886,False,0,False,0,rotator,eclipsing,0.3.2
2,314042667,17,120,15129,11.685675001144409,,0.018322090635736,False,0,False,0,variable,variable,0.3.2
2,314090086,17,120,14785,1.010951042175293,0.361572075321175,0.3264463051783142,False,0,False,0,rotator,pulsator,0.3.2
2,314149423,17,120,15129,4.733972668647766,6.958714268531929,0.39373954149968754,False,1,False,0,rotator,rotator,0.3.2
2,314152555,17,120,15125,0.5615020036697388,,0.02597418732053534,False,0,False,0,quiet,quiet,0.3.2
2,314488393,17,120,15126,0.4848853468894958,,0.0029736677893709585,False,0,False,0,quiet,quiet,0.3.2
2,314923605,17,120,14412,2.0170418029141963,,0.04081164387603279,False,0,False,0,quiet,quiet,0.3.2
2,314962421,17,120,14821,13.567245769500731,,0.0017375707706224087,False,0,False,0,variable,variable,0.3.2
2,314964666,17,120,14852,13.670770637072007,,0.0016921049460797413,False,0,False,0,variable,variable,0.3.2
2,315361189,17,120,14501,22.918896389007568,0.1991458224185886,0.3029239374554732,False,0,False,0,rotator,pulsator,0.3.2
2,315413226,17,120,15097,28.156930661201475,,0.0015554824343362245,False,0,False,0,variable,variable,0.3.2
2,315512300,17,120,15128,0.587924587726593,,0.011305482426450976,False,0,False,0,quiet,quiet,0.3.2
2,315756675,17,120,14089,0.2666118264198303,,0.018093527668960437,False,0,False,0,quiet,quiet,0.3.2
2,315775101,17,120,14026,0.8988097071647644,,0.0015996745204552329,False,0,False,0,quiet,quiet,0.3.2
2,315810728,17,120,14088,0.4687136929460581,,0.05061459837005667,False,0,False,0,quiet,quiet,0.3.2
2,315910511,17,120,14447,1.4903574585914612,,0.00577943488197018,False,0,False,0,quiet,quiet,0.3.2
2,315927778,17,120,14503,1.20227175951004,,0.05419651743387407,False,0,False,0,quiet,quiet,0.3.2
2,316185121,17,120,15112,0.34428892135620115,,0.0384221824224601,False,0,False,0,quiet,quiet,0.3.2
2,316305906,17,120,14769,14.399689722061156,,0.001350008507747436,False,0,False,0,variable,variable,0.3.2
2,316388358,17,120,14787,0.8785730123519897,,0.09504253726838251,False,0,False,0,quiet,quiet,0.3.2
2,316551983,17,120,14026,18.74010783851468,6.765566334899283,0.9412499299271854,False,2,False,0,rotator,pulsator,0.3.2
2,316552072,17,120,14093,0.32944278717041015,,0.0020532275791877845,False,0,False,0,quiet,quiet,0.3.2
2,316561312,17,120,15128,43.29393419623374,,0.0012570195838677702,False,0,False,0,variable,variable,0.3.2
2,316722134,17,120,14679,15.095513892173766,0.3595062859944024,0.2683513994779885,False,1,False,0,rotator,pulsator,0.3.2
2,316722215,17,120,14607,16.88924503326416,0.3028149219501372,0.5283751268959708,False,1,False,0,rotator,pulsator,0.3.2
2,317161311,17,120,15129,6.500309157371521,,0.013532629710048873,False,0,False,0,variable,variable,0.3.2
2,317163179,17,120,15128,25.826219379120484,,0.001963176524319934,False,0,False,0,variable,variable,0.3.2
2,317268650,17,120,14593,18.833911871910093,,0.07210986762101132,False,0,False,0,variable,variable,0.3.2
2,317648147,17,120,12575,1.972414970397949,,0.0026434976547603114,False,0,False,0,quiet,quiet,0.3.2
2,317649577,17,120,12507,2.3056576609611508,,0.0033107303128015295,False,0,False,0,quiet,quiet,0.3.2
2,317652619,17,120,12152,9.851558546675486,,0.004886015802463066,False,0,False,0,variable,variable,0.3.2
2,317653193,17,120,12551,10.339978981018065,,0.006384209181643899,False,0,False,0,variable,variable,0.3.2
2,317714263,17,120,14593,0.3793717503547668,,0.015428446697009986,False,0,False,0,quiet,quiet,0.3.2
2,317839688,17,120,12510,2.732572470085992,,0.006645551597126201,False,0,False,0,quiet,quiet,0.3.2
2,317840209,17,120,12168,5.915654253959656,,0.004699303314021238,False,0,False,0,variable,variable,0.3.2
2,317841814,17,120,12486,22.157104788932347,,0.002964105039829358,False,0,False,0,variable,variable,0.3.2
2,318526664,17,120,14868,9.198550134854022,,0.0012593206405010953,False,0,False,0,variable,variable,0.3.2
2,319716652,17,120,12870,0.5931384263377912,,0.0019878042473588328,False,0,False,0,quiet,quiet,0.3.2
2,319723943,17,120,12864,0.6073217870986994,,0.0758455539748852,False,0,False,0,quiet,quiet,0.3.2
2,319724814,17,120,12530,15.424691569805145,1.8862411965669896,0.14199634617147622,False,0,False,0,rotator,pulsator,0.3.2
2,320184852,17,120,12862,0.610679841359849,,0.05608552715612152,False,0,False,0,quiet,quiet,0.3.2
2,320504102,17,120,12979,4.409125113487244,,0.0010398146295762828,False,0,False,0,quiet,quiet,0.3.2
2,320525520,17,120,13226,2.8122819900512694,5.951674746634186,0.13169691341411943,False,6,False,0,flaring,flaring,0.3.2
2,320525700,17,120,13526,1.840920748765513,5.17449198209523,0.23253149809559334,False,0,False,0,rotator,pulsator,0.3.2
2,320603498,17,120,12869,0.6261887311935425,,0.002790163687445489,False,0,False,0,quiet,quiet,0.3.2
2,321551546,17,120,14090,0.5478488460824237,,0.005435490225103002,False,0,False,0,quiet,quiet,0.3.2
2,321595810,17,120,14790,0.47830179333686823,,0.0013396065034161403,False,0,False,0,quiet,quiet,0.3.2
2,321688498,17,120,14089,3.208002161979675,,0.01066577024844054,False,0,False,0,quiet,quiet,0.3.2
2,321822708,17,120,14395,1.3480820059776306,,0.0009300143581587653,False,0,False,0,quiet,quiet,0.3.2
2,321855513,17,120,14092,0.4707461714744568,,0.0016907021612735005,False,0,False,0,quiet,quiet,0.3.2
2,321865692,17,120,14087,0.5087452054023742,,0.0064401633033599305,False,0,False,0,quiet,quiet,0.3.2
2,321912808,17,120,14091,1.5629091024398802,,0.0032807225281133398,False,0,False,0,quiet,quiet,0.3.2
2,321914704,17,120,14095,4.40506010055542,5.011170079421301,0.13030204899309875,False,0,False,0,rotator,pulsator,0.3.2
2,321983920,17,120,14791,0.5381723642349243,,0.04518351386198097,False,0,False,0,quiet,quiet,0.3.2
2,321988387,17,120,13902,1.2259549148665343,,0.00416012381684356,False,0,False,0,quiet,quiet,0.3.2
2,321990146,17,120,14009,2.138903760910034,,0.0014900280938297667,False,0,False,0,quiet,quiet,0.3.2
2,322129367,17,120,14016,3.4893716487475737,0.9054067132216296,0.2462713057211138,False,0,True,9,dipper,eclipsing,0.3.2
2,322132157,17,120,14088,0.4264728657462339,,0.0072375978914635975,False,0,False,0,quiet,quiet,0.3.2
2,322200746,17,120,14090,0.6150541305541991,5.488452412189038,0.3606266558409945,False,1,False,0,rotator,pulsator,0.3.2
2,322202923,17,120,14092,0.6687829772000616,,0.0036026409901076858,False,0,False,0,quiet,quiet,0.3.2
2,322312868,17,120,14785,27.297622275352477,1.9645790744119722,0.9469037346386765,False,0,False,0,rotator,pulsator,0.3.2
2,322384339,17,120,14073,2.422305858135223,5.238955877283047,0.6674260962077246,False,0,False,0,rotator,pulsator,0.3.2
2,322392629,17,120,14091,1.0659170866012573,,0.0035437496013661423,False,0,False,0,quiet,quiet,0.3.2
2,323141960,17,120,13545,1.3011576175689699,,0.0015634995295560304,False,0,False,0,quiet,quiet,0.3.2
2,323144698,17,120,13454,2.2814885079860683,5.153773155973547,0.1959519546261906,False,0,False,0,rotator,pulsator,0.3.2
2,323194664,17,120,14093,0.8879402160644531,,0.0050220625764995684,False,0,False,0,quiet,quiet,0.3.2
2,323308158,17,120,14091,0.4777273893356323,,0.0034682236256752337,False,0,False,0,quiet,quiet,0.3.2
2,323631053,17,120,13136,33.82921435832977,,0.02197746692770233,False,0,False,0,variable,variable,0.3.2
2,323824698,17,120,14845,8.439938914775848,,0.0020937483890814796,False,0,False,0,variable,variable,0.3.2
2,325052944,17,120,15129,46.8020845413208,,0.0029302951419584587,False,0,False,0,variable,variable,0.3.2
2,326109161,17,120,15129,5.083563780784607,,0.012896859813256107,False,0,False,0,variable,variable,0.3.2
2,326148829,17,120,12680,0.8950539886951445,,0.011881504968566688,False,0,False,0,quiet,quiet,0.3.2
2,326209200,17,120,10792,9.133464924486582,,0.015531577254365016,False,0,False,0,variable,variable,0.3.2
2,326259882,17,120,13525,1.71755633354187,,0.0009990818249470852,False,0,False,0,quiet,quiet,0.3.2
2,326630342,17,120,14603,109.36546139717102,0.7348080170073178,0.8129498875790532,False,0,False,0,rotator,pulsator,0.3.2
2,326637109,17,120,14594,68.81373395364683,5.079769052855849,0.8303582942439295,False,0,False,0,rotator,pulsator,0.3.2
2,326810084,17,120,12763,2.0511525034904476,5.418084668275198,0.15007848364962945,False,0,False,0,rotator,pulsator,0.3.2
2,326859144,17,120,13069,0.4748995542526245,,0.07370972195736729,False,0,False,0,quiet,quiet,0.3.2
2,326859770,17,120,12898,1.3214384579229812,,0.002934383395878402,False,0,False,0,quiet,quiet,0.3.2
2,326860987,17,120,13068,0.8654059052467346,2.745914341549186,0.1881384276082987,False,0,False,0,rotator,pulsator,0.3.2
2,326894790,17,120,12858,8.733989318192322,,0.0042341259569158626,False,0,False,1,variable,variable,0.3.2
2,326961949,17,120,13066,0.7623666871299352,,0.08347121480995505,False,0,False,0,quiet,quiet,0.3.2
2,326965152,17,120,13071,0.9896539092063904,,0.0018361891672719476,False,0,False,0,quiet,quiet,0.3.2
2,327089906,17,120,13055,1.011923110485077,7.208028754568474,0.3720018193947966,False,0,False,0,rotator,rotator,0.3.2
2,327094410,17,120,12918,2.0711682736873627,9.556896719540381,0.25422728676775447,False,0,False,0,rotator,pulsator,0.3.2
2,327121928,17,120,12709,6.541489505767822,,0.09358429625924425,False,0,True,4,dipper,eclipsing,0.3.2
2,327138902,17,120,13005,4.33736879825592,6.0465331737883545,0.7733581200453482,False,0,False,0,rotator,pulsator,0.3.2
2,327188003,17,120,12223,9.49710738658905,,0.0018668166862391509,False,0,False,0,variable,variable,0.3.2
2,327255949,17,120,13068,0.7316139578819274,,0.004787415707033897,False,0,False,0,quiet,quiet,0.3.2
2,327290876,17,120,13068,0.5960545958264292,,0.0062542249068780805,False,0,False,0,quiet,quiet,0.3.2
2,327344089,17,120,12238,1.6646669805049894,,0.004533109088904862,False,0,False,0,quiet,quiet,0.3.2
2,327397900,17,120,12633,0.7057215929031372,,0.018720839135279135,False,0,False,0,quiet,quiet,0.3.2
2,327398497,17,120,12642,1.1075392182147967,,0.016331238462904414,False,0,False,0,quiet,quiet,0.3.2
2,327894821,17,120,15113,0.37663228511810304,,0.046001219775689085,False,0,False,0,quiet,quiet,0.3.2
2,327900552,17,120,14795,20.81622426509857,0.45856975399826816,0.6502489331520457,False,0,False,0,rotator,pulsator,0.3.2
2,328165300,17,120,15124,10.726243259720706,0.13753005209441577,0.4190156453694736,False,0,False,0,rotator,pulsator,0.3.2
2,329148988,17,120,14873,2.351168131828308,,0.0015201562964894822,False,0,False,0,quiet,quiet,0.3.2
2,329153865,17,120,13200,1.0665357073109063,,0.0018294289366158744,False,0,False,0,quiet,quiet,0.3.2
2,329172170,17,120,13470,14.179738019689202,,0.001154419324850666,False,0,False,0,variable,variable,0.3.2
2,329247947,17,120,13527,1.2822464704513548,,0.001314089870067977,False,0,False,0,quiet,quiet,0.3.2
2,329248002,17,120,13526,4.319076240062714,1.559431742243791,0.3411677925447456,False,0,True,11,dipper,eclipsing,0.3.2
2,329248278,17,120,13527,0.8488807439804077,,0.052807619289543854,False,0,False,0,quiet,quiet,0.3.2
2,329343910,17,120,13529,2.2065950632095337,,0.06855229341622261,False,0,False,0,quiet,quiet,0.3.2
2,329765136,17,120,15128,17.35040359349261,,0.0036574441437572055,False,2,False,0,variable,variable,0.3.2
2,329992556,17,120,15124,1.0031303107738494,5.377141690954867,0.109522430966853,False,0,False,0,rotator,rotator,0.3.2
2,330386745,17,120,15129,23.35880148410797,,0.004495271357268042,False,0,False,0,variable,variable,0.3.2
2,330836582,17,120,15128,3.689750489287093,,0.0007759120247219591,False,0,False,0,quiet,quiet,0.3.2
2,330843058,17,120,15117,0.7276373147964478,14.787159477110377,0.37888812556354373,False,6,False,0,flaring,flaring,0.3.2
2,330945694,17,120,15092,55.354737545408675,,0.002917634634825576,False,0,False,0,variable,variable,0.3.2
2,330954055,17,120,15125,0.49186656475067136,,0.013314753482338588,False,0,False,0,quiet,quiet,0.3.2
2,331067476,17,120,15128,84.15575097335126,,0.001173965072527164,False,0,False,0,variable,variable,0.3.2
2,331212009,17,120,12869,0.8335043907165527,3.3852718212076254,0.28256667391846574,False,0,False,0,rotator,rotator,0.3.2
2,331513438,17,120,12556,8.645619474481954,,0.0011969891183867538,False,0,False,0,variable,variable,0.3.2
2,331711355,17,120,12868,0.8199396193027496,,0.011126005437836905,False,0,False,0,quiet,quiet,0.3.2
2,331719022,17,120,12594,2.113762539625168,,0.0012131686236307592,False,0,False,0,quiet,quiet,0.3.2
2,331720554,17,120,12706,1.7667782326472856,,0.0032134132695113135,False,0,False,0,quiet,quiet,0.3.2
2,331741014,17,120,13031,0.8577177286148071,,0.0014101809889600046,False,0,False,0,quiet,quiet,0.3.2
2,331805342,17,120,12857,8.191354537010193,,0.07997700367488572,False,1,False,0,variable,variable,0.3.2
2,331806876,17,120,13090,0.9754263639450074,1.2399448753002944,0.13500637131394674,False,0,False,0,rotator,pulsator,0.3.2
2,332370382,17,120,12868,0.4573581261230073,,0.06682979263272956,False,0,False,0,quiet,quiet,0.3.2
2,332474962,17,120,13473,3.128292560577392,10.326845667075615,0.32602095091834465,False,1,False,0,rotator,rotator,0.3.2
2,332502511,17,120,13497,2.0745705127716065,,0.002638912077254558,False,0,False,0,quiet,quiet,0.3.2
2,333137706,17,120,13004,1.0283157782742847,,0.003096043915485403,False,0,False,0,quiet,quiet,0.3.2
2,333277764,17,120,13095,4.964971446990966,8.325237020055413,0.7447423828816937,False,0,False,0,rotator,pulsator,0.3.2
2,333277884,17,120,12906,0.9528919963304998,,0.01074197077987943,False,0,False,0,quiet,quiet,0.3.2
2,333319451,17,120,12885,1.1357292652130127,,0.0014855699113988758,False,0,False,0,quiet,quiet,0.3.2
2,333320090,17,120,12891,0.9838214993476866,,0.0012031074499084398,False,0,False,0,quiet,quiet,0.3.2
2,333374848,17,120,12837,0.9444969177246093,,0.0012886559600226836,False,0,False,0,quiet,quiet,0.3.2
2,333420332,17,120,13096,0.592033803225571,,0.019102017770442927,False,0,False,0,quiet,quiet,0.3.2
2,333537295,17,120,13091,0.8006308078765869,,0.050938975904200545,False,0,False,0,quiet,quiet,0.3.2
2,333783830,17,120,13872,1.1821234697736345,,0.004291092367818217,False,0,False,0,quiet,quiet,0.3.2
2,333784916,17,120,14055,9.485000717639922,10.478004175578855,0.7214928517037699,False,5,False,0,flaring,eclipsing,0.3.2
2,333801796,17,120,13736,1.3474634170532227,,0.0018274613904147444,False,0,False,0,quiet,quiet,0.3.2
2,333804746,17,120,14093,0.6038311600685119,,0.022849146356802845,False,0,False,0,quiet,quiet,0.3.2
2,333806882,17,120,13787,3.345682382583618,6.000068445837434,0.23582102544601483,False,0,False,0,rotator,rotator,0.3.2
2,333807379,17,120,13717,2.0282647132873532,9.482763376318529,0.10385538874621435,False,0,False,0,rotator,rotator,0.3.2
2,333866622,17,120,13553,2.0880910992622375,,0.0018390071811696903,False,0,False,0,quiet,quiet,0.3.2
2,333870888,17,120,14095,0.7816312909126282,,0.0010977876469763137,False,0,False,0,quiet,quiet,0.3.2
2,334071119,17,120,15101,11.153865265846251,,0.00484753793795515,False,0,False,0,variable,variable,0.3.2
2,334169689,17,120,14644,17.54777817414869,,0.0012770926248909895,False,0,False,0,variable,variable,0.3.2
2,334387369,17,120,15104,50.69578950430217,,0.007293684865897261,False,2,False,0,variable,variable,0.3.2
2,334600211,17,120,15129,4.8412536621093745,,0.20498985460520278,True,2,False,0,quiet,quiet,0.3.2
2,334678024,17,120,11197,1.4333589076995847,,0.0014435605083962066,False,0,False,0,quiet,quiet,0.3.2
2,334704868,17,120,15104,11.514104601320485,,0.0015361842816296655,False,0,False,0,variable,variable,0.3.2
2,334779551,17,120,12607,0.6893731713294983,,0.005186575336457709,False,0,False,0,quiet,quiet,0.3.2
2,334779692,17,120,12611,1.5312726974487305,,0.0010706014408204845,False,0,False,0,quiet,quiet,0.3.2
2,334832268,17,120,12609,0.920018470287323,,0.003559256677319413,False,0,False,0,quiet,quiet,0.3.2
2,335163609,17,120,15093,6.655928456783294,,0.0015704056194893632,False,0,False,0,variable,variable,0.3.2
2,335624186,17,120,15125,0.6428022623062134,1.7396720602697675,0.16781541863948263,False,0,False,0,rotator,pulsator,0.3.2
2,335689554,17,120,14781,16.226913034915924,5.607779959448721,0.20921460889065688,False,0,False,0,rotator,rotator,0.3.2
2,335811769,17,120,15128,236.21678980538874,,0.004884825156658478,False,0,False,0,variable,variable,0.3.2
2,335963892,17,120,13527,1.6450930595397948,2.1891905672048586,0.24561503420563888,False,0,False,0,rotator,pulsator,0.3.2
2,335964858,17,120,12932,1.746365007541478,,0.0067796485803303976,False,0,False,0,quiet,quiet,0.3.2
2,336007427,17,120,12610,2.1644426465034483,,0.06995337168776537,False,0,False,0,quiet,quiet,0.3.2
2,336008372,17,120,12655,1.4892970204353333,,0.0013524912794570714,False,0,False,0,quiet,quiet,0.3.2
2,336009034,17,120,12966,1.725067821892137,,0.0019103868902125805,False,0,False,0,quiet,quiet,0.3.2
2,336106225,17,120,13546,2.6298865488205387,7.586179451651181,0.2152004771329797,False,0,False,0,rotator,rotator,0.3.2
2,336118727,17,120,14092,0.4737949452935143,,0.06952927642104888,False,0,False,0,quiet,quiet,0.3.2
2,336119914,17,120,13961,53.8051297545433,3.955753590978161,0.4214291622837587,False,0,False,0,rotator,pulsator,0.3.2
2,336120317,17,120,13760,1.8678733865060393,,0.005905842701742731,False,0,False,0,quiet,quiet,0.3.2
2,336122550,17,120,13262,6.370626407861709,5.388260268050598,0.22267251847981395,False,0,False,0,rotator,pulsator,0.3.2
2,336167178,17,120,14092,0.4081803324276308,,0.005577439474771778,False,0,False,0,quiet,quiet,0.3.2
2,336168427,17,120,14058,3.229917883872986,8.232754766169219,0.6227740555567567,False,0,False,0,rotator,pulsator,0.3.2
2,336197099,17,120,14889,184.25492953062056,14.768986807287236,0.5269730987953608,False,0,False,0,rotator,rotator,0.3.2
2,336291798,17,120,14646,4.683292701342484,,0.001819825884988248,False,0,False,0,quiet,quiet,0.3.2
2,336295380,17,120,14380,7.2655032238064265,,0.01672048493784557,False,0,False,0,variable,variable,0.3.2
2,336296266,17,120,14601,0.9139209508895874,,0.014419640804284378,False,0,False,0,quiet,quiet,0.3.2
2,336396883,17,120,14851,31.966377997398375,,0.0671378881571485,False,0,False,0,variable,variable,0.3.2
2,336400335,17,120,15112,6.707094597816467,,0.0017208195762734837,False,0,False,0,variable,variable,0.3.2
2,336432833,17,120,14626,3.5665184160161956,,0.007547442835438201,False,0,False,0,quiet,quiet,0.3.2
2,336538915,17,120,14773,14.454125547409058,,0.011836101307686536,False,0,False,0,variable,variable,0.3.2
2,336543347,17,120,14599,1.0354294896125793,1.4978635810361032,0.40707490925998435,False,0,False,0,rotator,pulsator,0.3.2
2,336768388,17,120,13045,0.6003847360610961,,0.039156805310676286,False,0,False,0,quiet,quiet,0.3.2
2,336769254,17,120,13041,0.35860483646392816,,0.03697910935843056,False,0,False,0,quiet,quiet,0.3.2
2,336776797,17,120,13044,0.4281518927767308,,0.01702355269941006,False,0,False,0,quiet,quiet,0.3.2
2,336776923,17,120,13039,0.40756173133850093,,0.002376954844278561,False,0,False,0,quiet,quiet,0.3.2
2,336777433,17,120,13041,0.5042383432388305,,0.01623501429029714,False,0,False,0,quiet,quiet,0.3.2
2,336827999,17,120,15112,0.3873250365257263,,0.006175779612440105,False,0,False,0,quiet,quiet,0.3.2
2,337364158,17,120,15126,0.6318444013595581,,0.011124393480647043,False,0,False,0,quiet,quiet,0.3.2
2,337373439,17,120,14598,0.542900151014328,,0.009068636767028437,False,0,False,0,quiet,quiet,0.3.2
2,337377490,17,120,14598,1.261700518777982,,0.07514280980319539,False,0,False,0,quiet,quiet,0.3.2
2,337465539,17,120,15005,2.0417852997779846,11.829137690611446,0.5555273345214646,False,5,False,0,flaring,eclipsing,0.3.2
2,337546639,17,120,15117,0.3117688179016113,,0.03855403827407682,False,0,False,0,quiet,quiet,0.3.2
2,337747509,17,120,15129,6.81313841342926,,0.001446059570620223,False,0,False,0,variable,variable,0.3.2
2,337834654,17,120,14601,2.3967669725418093,,0.005912015106877851,False,0,False,0,quiet,quiet,0.3.2
2,337990922,17,120,15127,10.418274664878844,,0.03045825489300687,False,0,False,0,variable,variable,0.3.2
2,338076177,17,120,14602,27.3450752529457,,0.003334599716275145,False,0,False,0,variable,variable,0.3.2
2,338428073,17,120,14598,0.6801385223865508,,0.00376477526677916,False,0,False,0,quiet,quiet,0.3.2
2,338998906,17,120,15128,0.8885588049888611,8.449877244826212,0.37017914644777866,False,0,False,0,rotator,pulsator,0.3.2
2,340907227,17,120,14781,1.1242411851882932,,0.0524780636918189,False,0,False,0,quiet,quiet,0.3.2
2,340911048,17,120,14390,634.9218875991173,,0.002306365883725259,False,0,False,0,variable,variable,0.3.2
2,340924965,17,120,13746,2.3850578968209653,3.1620889547981315,0.24107927455363842,False,0,False,0,rotator,pulsator,0.3.2
2,340925332,17,120,14092,0.9516106903553009,,0.0019138669447161772,False,0,False,0,quiet,quiet,0.3.2
2,341815814,17,120,13518,0.4711438357830047,,0.06667821417972658,False,0,False,0,quiet,quiet,0.3.2
2,341839271,17,120,12680,1.424212586158139,,0.001935889326064538,False,0,False,0,quiet,quiet,0.3.2
2,341839461,17,120,13520,0.5395862817764281,,0.003912457215100449,False,0,False,0,quiet,quiet,0.3.2
2,341839537,17,120,12705,4.669285941123962,,0.003551761577194909,False,0,False,0,quiet,quiet,0.3.2
2,341839700,17,120,13529,5.0816196441650385,,0.022215684606316285,False,0,False,0,variable,variable,0.3.2
2,341840536,17,120,13524,0.5956127643585205,,0.015622419250260021,False,0,False,0,quiet,quiet,0.3.2
2,341841100,17,120,13528,0.850515611485112,,0.04247746640202122,False,0,False,0,quiet,quiet,0.3.2
2,341870349,17,120,12906,5.597566658403476,3.987372462611022,0.18912176209780224,False,2,False,0,rotator,rotator,0.3.2
2,341873045,17,120,13513,0.26175148487091066,11.385504761034667,0.18208757576217194,False,0,False,0,rotator,rotator,0.3.2
2,342206740,17,120,14810,9.016993742674774,,0.004265043305928058,False,0,False,0,variable,variable,0.3.2
2,342329393,17,120,14800,12.677846695313054,,0.003200915159628212,False,0,False,0,variable,variable,0.3.2
2,342332827,17,120,15123,125.88779482841491,2.112316886239865,0.8397977890080516,False,0,False,0,rotator,rotator,0.3.2
2,342436608,17,120,14620,18.26525191068649,,0.001387272236666889,False,0,False,0,variable,variable,0.3.2
2,342520546,17,120,14810,10.879830372333526,,0.00828377796981996,False,0,False,0,variable,variable,0.3.2
2,343177324,17,120,14792,0.9618174076080321,,0.008050667641474904,False,0,False,0,quiet,quiet,0.3.2
2,343177482,17,120,14793,0.7751802921295166,,0.0037555123977794603,False,0,False,0,quiet,quiet,0.3.2
2,343177602,17,120,14784,0.3557770013809204,1.2953120167119547,0.17565261148905445,False,0,False,0,rotator,pulsator,0.3.2
2,343271303,17,120,14791,0.4545744895935058,,0.001968505015158835,False,0,False,0,quiet,quiet,0.3.2
2,343320735,17,120,14823,35.56002616882324,,0.004164894422468973,False,0,False,2,variable,variable,0.3.2
2,343464512,17,120,14791,0.7997471094131469,,0.0018021794902902163,False,0,False,0,quiet,quiet,0.3.2
2,343556970,17,120,15098,27.75617340803146,,0.001806931944272717,False,0,False,0,variable,variable,0.3.2
2,343564663,17,120,14119,2.16912624835968,,0.009123485900998155,False,0,False,0,quiet,quiet,0.3.2
2,343880384,17,120,15125,0.42064046859741205,1.5773046832823638,0.32359383469429964,False,0,False,0,rotator,pulsator,0.3.2
2,343940601,17,120,15126,0.6747037768363953,0.2920939461842066,0.3188731734256358,False,0,False,0,rotator,pulsator,0.3.2
2,345142168,17,120,12873,6.856086158752441,,0.0011924233798549667,False,0,False,0,variable,variable,0.3.2
2,345147683,17,120,12872,6.4655358155231415,2.256808001367,0.30789179669567707,False,1,False,0,rotator,pulsator,0.3.2
2,345322070,17,120,12873,4.60618987083435,,0.002133145486380248,False,0,False,0,quiet,quiet,0.3.2
2,345520632,17,120,12871,6.46602165699005,0.5963606334481304,0.5159594323025216,False,0,False,0,rotator,pulsator,0.3.2
2,345706942,17,120,12871,21.966622924804685,,0.1515748349574654,True,2,False,0,variable,variable,0.3.2
2,346000187,17,120,12873,1.0469175696372985,,0.05441836482488821,False,0,False,0,quiet,quiet,0.3.2
2,346000914,17,120,12868,1.1887069526700091,6.770441577473187,0.3791495187560493,False,0,False,0,rotator,pulsator,0.3.2
2,346211997,17,120,12873,12.446362638473511,,0.006729929775868279,False,1,False,0,variable,variable,0.3.2
2,346302587,17,120,12868,0.20501804351806638,,0.0894317335571988,False,0,False,0,quiet,quiet,0.3.2
2,346452012,17,120,12873,58.929608774185176,,0.0010619001344909086,False,0,False,0,variable,variable,0.3.2
2,346557703,17,120,12732,19.298251804657333,,0.0009180689320259732,False,0,False,0,variable,variable,0.3.2
2,346648258,17,120,12872,14.434331132004592,,0.000929848669695293,False,0,False,0,variable,variable,0.3.2
2,346651529,17,120,12774,18.530271975381854,,0.001309044423685504,False,0,False,0,variable,variable,0.3.2
2,346732826,17,120,12842,6.21133975982666,,0.0013652083051951223,False,0,False,0,variable,variable,0.3.2
2,346841344,17,120,12847,20.139134502410887,,0.003084960701959979,False,0,False,0,variable,variable,0.3.2
2,347201858,17,120,12866,0.42656122287742954,2.0553164350415285,0.11858095068760627,False,0,False,0,rotator,rotator,0.3.2
2,347308021,17,120,12856,13.356837961485265,,0.09193807842143266,False,0,False,0,variable,variable,0.3.2
2,349919795,17,120,14793,1.1371431827545166,,0.021027355036344373,False,0,False,0,quiet,quiet,0.3.2
2,349976732,17,120,14790,0.527126102022761,,0.02158790862765525,False,0,False,0,quiet,quiet,0.3.2
2,350132120,17,120,14096,2.5184965109377058,,0.055718807786782065,False,0,False,0,quiet,quiet,0.3.2
2,350132371,17,120,14091,3.401885604858398,2.058166827934116,0.7139316458861622,False,0,False,0,rotator,pulsator,0.3.2
2,350132391,17,120,14094,1.5371050156888357,,0.0008941370412616166,False,0,False,0,quiet,quiet,0.3.2
2,350733693,17,120,13462,1.4695905009034127,,0.00103297882885447,False,0,False,0,quiet,quiet,0.3.2
2,351392179,17,120,14601,11.858349680900572,,0.0041160166369759174,False,0,False,0,variable,variable,0.3.2
2,352148876,17,120,12851,1.8619526624679563,,0.05351089749831143,False,0,False,0,quiet,quiet,0.3.2
2,352176774,17,120,12864,0.96464524269104,,0.0013041464461196529,False,0,False,0,quiet,quiet,0.3.2
2,352177522,17,120,13085,0.512368369102478,5.297919599595595,0.1473598151207133,False,0,False,0,rotator,rotator,0.3.2
2,352181255,17,120,13094,0.4856806755065918,,0.006931839792569049,False,0,False,0,quiet,quiet,0.3.2
2,352218949,17,120,12786,0.6356443047523499,,0.017609376428624257,False,0,False,0,quiet,quiet,0.3.2
2,352221769,17,120,13064,0.42660543322563166,,0.035692331471681334,False,0,False,0,quiet,quiet,0.3.2
2,352223400,17,120,12789,9.845991539955138,3.1285710705161804,0.8306662655083961,False,0,False,0,rotator,pulsator,0.3.2
2,352239584,17,120,13532,14.697849583625793,0.2735996302274657,0.19671489856655253,False,4,False,0,flaring,flaring,0.3.2
2,352239833,17,120,14186,1.3186548471450805,,0.003985274597387595,False,0,False,0,quiet,quiet,0.3.2
2,352262775,17,120,12789,1.7519322037696838,,0.00202051091782787,False,0,False,0,quiet,quiet,0.3.2
2,352300400,17,120,14185,1.5586673498153687,4.442229552193628,0.3072631081654767,False,0,False,0,rotator,rotator,0.3.2
2,352317587,17,120,12784,1.688703528383269,,0.002180038586860075,False,0,False,0,quiet,quiet,0.3.2
2,352347192,17,120,14095,0.9174557447433471,,0.0016721933864077608,False,0,False,0,quiet,quiet,0.3.2
2,352371331,17,120,14027,112.22475614547729,,0.008374199108251353,False,0,False,0,variable,variable,0.3.2
2,352378445,17,120,12696,6.160305989971579,,0.06744616259819704,False,1,False,0,variable,variable,0.3.2
2,352406930,17,120,14093,0.5481581568717956,,0.004123209939111706,False,0,False,0,quiet,quiet,0.3.2
2,352409254,17,120,13067,0.5452419519424438,0.4576474951417437,0.3758950009638548,False,0,False,0,rotator,pulsator,0.3.2
2,352501812,17,120,13095,0.6113425970077515,4.316782651057009,0.1797605347541018,False,0,False,0,rotator,pulsator,0.3.2
2,352561704,17,120,13095,1.007946467399597,,0.0025621376309062894,False,0,False,0,quiet,quiet,0.3.2
2,352562368,17,120,12788,15.733366974193842,,0.0010282041872680951,False,0,False,0,variable,variable,0.3.2
2,352619386,17,120,14447,65.82413581609725,0.1300764358243726,0.5392345650537689,False,0,False,0,rotator,pulsator,0.3.2
2,352726480,17,120,12832,1.3837834651405652,8.201242051301278,0.1007918216327487,False,0,False,0,rotator,rotator,0.3.2
2,352726924,17,120,13096,0.7488902628421783,,0.0018324998619618468,False,0,False,0,quiet,quiet,0.3.2
2,352729670,17,120,13094,1.47241837978363,8.325268090473271,0.17443884266956727,False,0,False,0,rotator,pulsator,0.3.2
2,352759622,17,120,14073,2.1334248304367063,,0.035989677868764926,False,1,False,0,quiet,quiet,0.3.2
2,352761012,17,120,14134,5.130708940902085,5.503600777289129,0.41861726461091064,False,0,False,0,rotator,rotator,0.3.2
2,352762746,17,120,14642,60.505156567846434,1.5715612996027786,0.7230822515589158,False,0,False,0,rotator,eclipsing,0.3.2
2,352786602,17,120,13094,0.4963292567828076,,0.012644726889151511,False,0,False,0,quiet,quiet,0.3.2
2,352915304,17,120,14430,1.7542298197746278,,0.011204680659190861,False,0,False,3,quiet,quiet,0.3.2
2,353505274,17,120,14093,0.964291763305664,0.5677761141627009,0.5067135643188725,False,0,False,0,rotator,pulsator,0.3.2
2,353506047,17,120,13409,1.4574838757514952,,0.002384093080678966,False,0,False,0,quiet,quiet,0.3.2
2,353735438,17,120,12932,1.8415392279624938,,0.03533245177645807,False,0,False,0,quiet,quiet,0.3.2
2,353735596,17,120,12702,74.05397321420986,,0.003943980744104879,False,0,False,0,variable,variable,0.3.2
2,353740475,17,120,15128,12.877695474693311,,0.0041562838883334036,False,0,False,0,variable,variable,0.3.2
2,353775699,17,120,11634,0.8458761692047119,,0.010579665688291953,False,0,False,0,quiet,quiet,0.3.2
2,353779445,17,120,13524,0.5725040154156675,,0.010470446122518096,False,0,False,0,quiet,quiet,0.3.2
2,353780788,17,120,12726,1.6026313006093709,,0.09434685126734785,False,0,False,0,quiet,quiet,0.3.2
2,353782112,17,120,13520,0.6595042025747421,,0.05589357958175385,False,0,False,0,quiet,quiet,0.3.2
2,353782854,17,120,13151,1.9381274700164792,,0.0010545031426821509,False,0,False,0,quiet,quiet,0.3.2
2,353804318,17,120,12703,1.4478515625,4.112637344939369,0.2672045535484125,False,0,False,0,rotator,pulsator,0.3.2
2,353806219,17,120,11747,1.7053612947463987,,0.03570542722792437,False,0,False,0,quiet,quiet,0.3.2
2,353808489,17,120,13398,1.5067942051054772,,0.0013951485046359722,False,0,False,0,quiet,quiet,0.3.2
2,353818791,17,120,13525,0.7575946927070617,,0.05799508091135872,False,0,False,0,quiet,quiet,0.3.2
2,353818806,17,120,12964,5.480167977819918,,0.00588515098226707,False,0,False,0,variable,variable,0.3.2
2,353851179,17,120,12534,0.6714341125319634,,0.07645700097491588,False,0,False,0,quiet,quiet,0.3.2
2,353853721,17,120,12605,3.0045747756958003,,0.021915236441936957,False,1,False,0,quiet,quiet,0.3.2
2,353855388,17,120,13525,0.3196337342262268,,0.0015555207282080426,False,0,False,0,quiet,quiet,0.3.2
2,353855490,17,120,13527,1.2955019474029539,,0.002125024333332197,False,0,False,0,quiet,quiet,0.3.2
2,353863850,17,120,15114,45.2143462070433,1.0657427245465843,0.9449629960841496,False,0,False,0,rotator,pulsator,0.3.2
2,353870001,17,120,13529,1.7461881637573242,,0.0011899263211114708,False,0,False,0,quiet,quiet,0.3.2
2,353879461,17,120,13472,1.5899944603443146,,0.0007818205818962851,False,0,False,0,quiet,quiet,0.3.2
2,353893969,17,120,13490,3.3082135677337643,,0.0016894632853617026,False,0,False,0,quiet,quiet,0.3.2
2,353895848,17,120,12569,3.936346435546875,,0.004661429432469612,False,0,False,0,quiet,quiet,0.3.2
2,353897394,17,120,13526,0.9619499623775482,,0.0016749925315164371,False,0,False,0,quiet,quiet,0.3.2
2,353898370,17,120,13522,1.4227546109410887,,0.0046226791534682045,False,0,False,0,quiet,quiet,0.3.2
2,353934100,17,120,13528,1.8175467063458737,,0.004738666761825641,False,0,False,1,quiet,quiet,0.3.2
2,353935499,17,120,13526,1.0546057148395265,,0.001255705234504142,False,0,False,0,quiet,quiet,0.3.2
2,353937438,17,120,12613,1.9767450928688048,,0.002075716553358299,False,0,False,0,quiet,quiet,0.3.2
2,353939279,17,120,13522,48.33357960383832,2.2767717937684666,0.8988862853627403,False,0,False,0,rotator,pulsator,0.3.2
2,353990599,17,120,12744,1.3739742890611713,,0.0010147300475120845,False,0,False,0,quiet,quiet,0.3.2
2,354103297,17,120,13072,1.3235594130623165,10.484325747598033,0.3351286461296477,False,1,False,0,rotator,rotator,0.3.2
2,354108641,17,120,12866,2.426989315331619,7.6718614504026545,0.42595686553548684,False,7,False,0,flaring,flaring,0.3.2
2,354151848,17,120,13057,0.30823402404785155,,0.003982014184452804,False,0,False,0,quiet,quiet,0.3.2
2,354246759,17,120,13165,1.5519512414932248,,0.007289679906068315,False,0,True,5,dipper,dipper,0.3.2
2,354247331,17,120,13483,1.05690336227417,,0.02925086930499817,False,0,False,0,quiet,quiet,0.3.2
2,354412336,17,120,14084,8.671865318063933,10.478086608633248,0.6711787119724004,False,12,False,0,flaring,flaring,0.3.2
2,354413770,17,120,14096,0.7441182911396027,,0.002689777506013647,False,0,False,0,quiet,quiet,0.3.2
2,354481030,17,120,12830,1.430707897586101,,0.021827668351520155,False,0,False,0,quiet,quiet,0.3.2
2,354481473,17,120,13059,23.76503766775131,,0.8465435084189766,True,0,False,0,variable,variable,0.3.2
2,354527972,17,120,13095,0.1975066065788269,,0.004618026567667165,False,0,False,0,quiet,quiet,0.3.2
2,354594140,17,120,12856,3.1887818154329604,,0.011531194113720979,False,0,False,0,quiet,quiet,0.3.2
2,354594372,17,120,13029,0.44847697019577026,,0.00883888938071731,False,0,False,0,quiet,quiet,0.3.2
2,356015617,17,120,12602,0.5679972043036582,,0.0017443951370521218,False,0,False,0,quiet,quiet,0.3.2
2,356015867,17,120,10122,1.5746622450750396,,0.0033461354322173505,False,0,False,0,quiet,quiet,0.3.2
2,356087112,17,120,13529,0.9607569694519043,,0.003973354281004869,False,0,False,0,quiet,quiet,0.3.2
2,356111025,17,120,13526,0.9089280545711517,,0.0008297336237401647,False,0,False,0,quiet,quiet,0.3.2
2,356150790,17,120,13527,0.7863148927688598,1.26486776866702,0.12373563487364236,False,0,False,0,rotator,pulsator,0.3.2
2,356194731,17,120,13523,0.3107083797454834,,0.0037436294871819485,False,0,False,0,quiet,quiet,0.3.2
2,356194746,17,120,13493,3.133859860897064,10.335029215443063,0.10804510495719687,False,0,False,0,rotator,rotator,0.3.2
2,356241935,17,120,13450,7.217828339869628,,0.006483184937486147,False,0,False,0,variable,variable,0.3.2
2,356340699,17,120,13481,9.380812668800354,,0.0011643306860696016,False,0,False,0,variable,variable,0.3.2
2,356701213,17,120,9756,3.5323194980621335,,0.007516712900086311,False,0,False,0,quiet,quiet,0.3.2
2,356735146,17,120,11872,1.100646436214447,,0.010555050392287922,False,0,False,0,quiet,quiet,0.3.2
2,356785359,17,120,10438,5.132299903997776,,0.0048674785465037404,False,0,False,0,variable,variable,0.3.2
2,356820646,17,120,10695,34.68869948387146,0.3964922737331374,0.5349212326594683,False,0,True,9,dipper,eclipsing,0.3.2
2,356820932,17,120,10423,1.3462262392044066,,0.003930574693613593,False,0,False,0,quiet,quiet,0.3.2
2,356821294,17,120,10097,4.990775442123413,,0.008877237100202369,False,0,False,0,quiet,quiet,0.3.2
2,356821497,17,120,11229,2.7364606618881226,2.5079705353700668,0.5990912231318127,False,0,False,0,rotator,pulsator,0.3.2
2,356821881,17,120,11228,1.3554167032241822,,0.008151199644177244,False,0,False,0,quiet,quiet,0.3.2
2,356861941,17,120,14184,1.142754702054104,1.143561237997452,0.2043435465501484,False,0,False,0,rotator,pulsator,0.3.2
2,356871721,17,120,14183,1.0890699863433837,,0.0011702329398120901,False,0,False,0,quiet,quiet,0.3.2
2,356893022,17,120,13529,1.807958686351776,,0.005142314463762457,False,0,False,0,quiet,quiet,0.3.2
2,356894735,17,120,13525,0.9595197916030883,,0.0017396004807262385,False,0,False,0,quiet,quiet,0.3.2
2,356896261,17,120,13417,1.4784275293350218,,0.005436686431396966,False,0,False,0,quiet,quiet,0.3.2
2,356896297,17,120,13528,1.0318505415871901,,0.001319666827052207,False,0,False,0,quiet,quiet,0.3.2
2,356918927,17,120,12565,1.5648532390594483,,0.0017482972417322594,False,0,False,0,quiet,quiet,0.3.2
2,356920655,17,120,13528,1.2666492303207288,,0.016150581183744496,False,0,False,0,quiet,quiet,0.3.2
2,356975793,17,120,13498,1.6738132596015929,,0.012783297148355077,False,0,False,0,quiet,quiet,0.3.2
2,356975864,17,120,13423,12.704402589797972,,0.024700522686371993,False,1,False,0,variable,variable,0.3.2
2,356979237,17,120,13528,1.6635623574256897,11.383176249056191,0.4424665865438337,False,9,False,0,flaring,flaring,0.3.2
2,356979621,17,120,13525,0.6604762315750122,,0.022589087252772016,False,0,False,0,quiet,quiet,0.3.2
2,357031563,17,120,13525,1.2076623201370238,,0.001132214307050702,False,0,False,0,quiet,quiet,0.3.2
2,357031816,17,120,13524,0.6776641666889189,,0.001589269531449864,False,0,False,0,quiet,quiet,0.3.2
2,357034263,17,120,13175,2.0273810148239133,5.133115886928036,0.16758091890345797,False,0,False,0,rotator,pulsator,0.3.2
2,357034990,17,120,13528,1.1132832578847849,,0.002591410426053262,False,0,False,0,quiet,quiet,0.3.2
2,357036237,17,120,12585,2.6594021558761596,,0.0030251151932761747,False,0,False,0,quiet,quiet,0.3.2
2,357036318,17,120,13522,0.6258352518081665,,0.0015536590365755724,False,0,False,0,quiet,quiet,0.3.2
2,357045188,17,120,13181,10.135491156578063,,0.04994812431795843,False,6,False,0,flaring,flaring,0.3.2
2,357046661,17,120,13527,2.457918906211853,0.8432432672539106,0.4438831218171,False,0,False,0,rotator,pulsator,0.3.2
2,357046804,17,120,13520,0.5174054503440857,,0.002773181702459508,False,0,False,0,quiet,quiet,0.3.2
2,357050334,17,120,13529,0.8686755895614623,,0.0023111613036254594,False,0,False,0,quiet,quiet,0.3.2
2,357097293,17,120,13392,2.119285591862035,5.958583304285293,0.12824747052091476,False,0,False,0,rotator,rotator,0.3.2
2,357097676,17,120,13454,3.127541510091469,,0.00641412053405202,False,0,False,0,quiet,quiet,0.3.2
2,357099586,17,120,13527,0.768464183807373,,0.0028259912676114073,False,0,False,0,quiet,quiet,0.3.2
2,357100232,17,120,13524,0.662994772195816,,0.0010635831072081557,False,0,False,0,quiet,quiet,0.3.2
2,357100797,17,120,13431,1.7550251483917234,,0.037284284118574436,False,0,False,0,quiet,quiet,0.3.2
2,357101046,17,120,12610,2.580841208646225,12.244423424652572,0.24275246120287688,False,0,False,0,rotator,rotator,0.3.2
2,357101915,17,120,13527,1.9109095573425292,,0.007408187683563321,False,0,False,0,quiet,quiet,0.3.2
2,357129220,17,120,13440,1.100602284091779,,0.002373927954667322,False,0,False,0,quiet,quiet,0.3.2
2,357498244,17,120,12933,0.7721757173538207,,0.002050245309649763,False,0,False,0,quiet,quiet,0.3.2
2,357595938,17,120,12637,14.672664177417754,,0.0008532855718018485,False,0,False,0,variable,variable,0.3.2
2,357596668,17,120,12607,1.6044429302215575,,0.0009638811317591242,False,0,False,0,quiet,quiet,0.3.2
2,357686299,17,120,12656,13.379901695251464,,0.0033950958830181784,False,0,False,0,variable,variable,0.3.2
2,358827592,17,120,14596,0.4434398889541626,,0.0036272303968321565,False,0,False,0,quiet,quiet,0.3.2
2,358899721,17,120,14156,17.026086247744743,2.218632887480287,0.7055980410142674,False,2,False,0,rotator,pulsator,0.3.2
2,359042174,17,120,14602,0.8903703868389129,,0.016024464493006534,False,0,True,6,dipper,dipper,0.3.2
2,359125320,17,120,14375,13.422761070728301,,0.0041851451343519535,False,0,False,0,variable,variable,0.3.2
2,359132040,17,120,14602,34.92592937725571,5.563226760308399,0.5768792001256229,False,2,False,0,rotator,eclipsing,0.3.2
2,359134297,17,120,14602,10.961439598755849,,0.05427902399220963,False,0,False,0,variable,variable,0.3.2
2,359250253,17,120,12868,9.526225250959397,,0.000987823872692909,False,0,False,0,variable,variable,0.3.2
2,359313470,17,120,13526,1.8722478053643645,,0.0021012644861958564,False,0,False,0,quiet,quiet,0.3.2
2,359388503,17,120,13525,0.8380996227264405,,0.018009773685443896,False,0,False,0,quiet,quiet,0.3.2
2,359388612,17,120,12699,16.110529947280884,,0.0021958133598431076,False,0,False,0,variable,variable,0.3.2
2,359388713,17,120,12710,7.534059395371097,,0.009671524586424814,False,0,False,0,variable,variable,0.3.2
2,359389007,17,120,13524,0.9569570660591126,,0.021429956378293917,False,0,False,0,quiet,quiet,0.3.2
2,359433514,17,120,14595,1.749722957611084,,0.011970833787804698,False,0,False,0,quiet,quiet,0.3.2
2,359482728,17,120,14180,1.8117585897445678,6.794009780722677,0.300235521977437,False,0,False,0,rotator,pulsator,0.3.2
2,359483351,17,120,14184,1.0348992088497158,,0.012537922363417353,False,0,False,0,quiet,quiet,0.3.2
2,359497943,17,120,14083,1.1831838726997375,,0.0009022409635899086,False,0,False,0,quiet,quiet,0.3.2
2,359498326,17,120,12716,2.0584430771602116,,0.0012386819569887078,False,0,False,0,quiet,quiet,0.3.2
2,359498749,17,120,12624,18.443935190321945,,0.004508969108415697,False,0,False,0,variable,variable,0.3.2
2,359589748,17,120,14186,0.7809243321418762,,0.0072769220238938365,False,0,False,0,quiet,quiet,0.3.2
2,359591305,17,120,14603,18.09814453125,,0.0036437887512213102,False,0,False,0,variable,variable,0.3.2
2,359632304,17,120,14182,1.177042203457421,,0.007782375425263165,False,0,False,0,quiet,quiet,0.3.2
2,359674840,17,120,14185,1.869905948638916,,0.0009521471457299162,False,0,False,0,quiet,quiet,0.3.2
2,359676790,17,120,14181,0.7025402784347534,,0.03130330404859344,False,0,False,0,quiet,quiet,0.3.2
2,359679221,17,120,13564,5.442213126552887,,0.006630414168327388,False,0,False,0,variable,variable,0.3.2
2,359679256,17,120,14026,1.3331475019454957,,0.010262011113788664,False,0,False,0,quiet,quiet,0.3.2
2,359981627,17,120,14183,0.9047304868698121,,0.0011583973118714677,False,0,False,0,quiet,quiet,0.3.2
2,360020620,17,120,13521,5.847079253196716,0.5692716900037625,0.6107796768114669,False,2,False,0,rotator,pulsator,0.3.2
2,362080052,17,120,13529,1.194230103492737,,0.0015432853322481267,False,0,False,0,quiet,quiet,0.3.2
2,362220352,17,120,13525,1.5458537220954893,,0.0011069404932206235,False,0,False,0,quiet,quiet,0.3.2
2,362226923,17,120,13524,0.9439666986465454,,0.001507256327430639,False,0,False,0,quiet,quiet,0.3.2
2,362256785,17,120,13148,1.2841905305272023,,0.0013408561226243509,False,0,False,0,quiet,quiet,0.3.2
2,362259204,17,120,12644,11.329190703356543,,0.03673662895812358,False,1,False,0,variable,variable,0.3.2
2,362962370,17,120,14603,1.0447083234786985,,0.09996895324247466,False,3,False,0,flaring,flaring,0.3.2
2,364118050,17,120,13741,2.756520617008209,,0.004673352734944726,False,0,False,0,quiet,quiet,0.3.2
2,364119315,17,120,14094,1.6412932050613522,,0.08979334731566663,False,0,False,0,quiet,quiet,0.3.2
2,364120312,17,120,14095,1.069275140762329,,0.0009749753307125811,False,0,False,0,quiet,quiet,0.3.2
2,364121968,17,120,13796,1.144168517341106,,0.0032428792027878613,False,0,False,0,quiet,quiet,0.3.2
2,364131928,17,120,14095,0.8555968523025512,,0.012010867074496962,False,0,False,0,quiet,quiet,0.3.2
2,364132387,17,120,13751,1.040378201007843,,0.013088908535341108,False,0,False,0,quiet,quiet,0.3.2
2,364180215,17,120,13500,2.435428707735875,4.946583863447862,0.15303885482891721,False,0,False,0,rotator,pulsator,0.3.2
2,364181030,17,120,13742,2.0398852872882696,,0.14182408877310407,True,0,False,0,quiet,quiet,0.3.2
2,364181900,17,120,14091,0.5501906633377075,,0.008429769236802484,False,0,False,0,quiet,quiet,0.3.2
2,364181927,17,120,14088,0.25530048608779904,,0.018389624679302823,False,0,False,0,quiet,quiet,0.3.2
2,365050133,17,120,14186,1.2347034931182859,,0.04814049660379144,False,0,False,0,quiet,quiet,0.3.2
2,365193246,17,120,14791,0.7293163418769836,,0.003379574540561883,False,0,False,0,quiet,quiet,0.3.2
2,365592164,17,120,14584,0.9699474912850554,,0.0016866348425884365,False,0,False,0,quiet,quiet,0.3.2
2,365592511,17,120,14791,1.7794152259826659,3.8023853843545172,0.3966202868906545,False,0,False,0,rotator,pulsator,0.3.2
2,365663903,17,120,14395,1.4305310726165772,,0.008481253188169082,False,0,False,0,quiet,quiet,0.3.2
2,365886427,17,120,13891,63.26883333921432,,0.002744164506343556,False,1,False,0,variable,variable,0.3.2
2,365890061,17,120,14598,1.0202740913711217,2.3366995877340515,0.25190538707443455,False,0,False,0,rotator,pulsator,0.3.2
2,365934388,17,120,13026,0.7522041320800781,,0.027479890855036385,False,0,False,0,quiet,quiet,0.3.2
2,365935012,17,120,12971,7.2021424770355225,5.0289198171611575,0.8196659499263665,False,0,False,0,rotator,pulsator,0.3.2
2,365940651,17,120,12622,28.043375408649442,,0.008863937225882728,False,1,False,0,variable,variable,0.3.2
2,365962203,17,120,12827,1.1473940849304198,,0.006570622133252848,False,0,False,0,quiet,quiet,0.3.2
2,365963199,17,120,13032,1.3743720352649689,10.67785220485472,0.3366753139567386,False,4,False,0,flaring,flaring,0.3.2
2,365964328,17,120,13029,0.481792402267456,,0.030628422031253752,False,0,False,0,quiet,quiet,0.3.2
2,365964357,17,120,12776,2.1564892960640996,,0.002656819356242681,False,0,False,0,quiet,quiet,0.3.2
2,365988110,17,120,12907,4.1494945049285885,5.551832583959086,0.43209984847793337,False,0,False,0,rotator,rotator,0.3.2
2,366027959,17,120,14064,5.87482738494873,,0.005892241964327597,False,0,False,0,variable,variable,0.3.2
2,366032175,17,120,14599,0.5483348965644836,,0.003931165006319593,False,0,False,0,quiet,quiet,0.3.2
2,366108295,17,120,12856,3.4231386549216105,0.387538446036125,0.10087398004556276,False,0,False,0,rotator,pulsator,0.3.2
2,366200270,17,120,12872,31.428957713513306,,0.012017015879853758,False,0,False,0,variable,variable,0.3.2
2,366328894,17,120,13226,2.1503918409347533,,0.007457676086452083,False,0,False,0,quiet,quiet,0.3.2
2,366378020,17,120,14088,0.4934572219848632,,0.007419954192953147,False,0,False,0,quiet,quiet,0.3.2
2,366380761,17,120,12882,1.7275862596158305,,0.012329467114974622,False,0,False,0,quiet,quiet,0.3.2
2,366436021,17,120,14186,0.9668544600351315,,0.003358029708822399,False,0,False,0,quiet,quiet,0.3.2
2,366513725,17,120,14793,0.587305998802185,,0.032122565268565856,False,0,False,0,quiet,quiet,0.3.2
2,366513806,17,120,14153,2.4925598859786984,,0.0010227484382291934,False,0,False,0,quiet,quiet,0.3.2
2,366514222,17,120,14189,1.5206683158874512,,0.006196925942840062,False,0,False,0,quiet,quiet,0.3.2
2,366514723,17,120,14790,0.7431904077529907,1.9012063352361919,0.13084526734461221,False,0,False,0,rotator,pulsator,0.3.2
2,366514762,17,120,14163,1.6917523384094237,,0.0017471219108096852,False,0,False,0,quiet,quiet,0.3.2
2,366517606,17,120,13821,6.257115340232849,,0.007399669224076248,False,0,False,0,variable,variable,0.3.2
2,366552532,17,120,13039,1.897477340698242,,0.005131682256350508,False,0,False,0,quiet,quiet,0.3.2
2,366554138,17,120,14095,0.632462990283966,,0.004652222154051407,False,0,False,0,quiet,quiet,0.3.2
2,366554450,17,120,12657,2.0672358155250548,10.028557902316544,0.17508167207632117,False,0,False,0,rotator,rotator,0.3.2
2,366555552,17,120,13813,0.7940914392471313,,0.04397830928504931,False,0,False,0,quiet,quiet,0.3.2
2,366558089,17,120,13995,1.3324405431747435,,0.021484379981636874,False,0,False,0,quiet,quiet,0.3.2
2,366558961,17,120,14084,17.457021296024323,,0.6705017033227604,True,8,False,3,flaring,flaring,0.3.2
2,366559758,17,120,14032,2.4215988271952025,,0.0010750249183112705,False,0,False,0,quiet,quiet,0.3.2
2,366560229,17,120,14086,4.991570919500915,8.232682461818563,0.5304025747220511,False,5,False,0,flaring,flaring,0.3.2
2,366560963,17,120,14095,1.5023757576942445,0.811672767660477,0.16086243185740198,False,0,False,0,rotator,pulsator,0.3.2
2,366562545,17,120,14096,0.8113235592842102,,0.001310618250216543,False,0,False,0,quiet,quiet,0.3.2
2,366577838,17,120,13886,1.3980993390083312,,0.004457048664897636,False,0,False,0,quiet,quiet,0.3.2
2,366579153,17,120,14006,2.4917645573616025,,0.001697661658676687,False,0,False,0,quiet,quiet,0.3.2
2,366580994,17,120,13945,2.092421221733093,,0.002142254155292919,False,0,False,0,quiet,quiet,0.3.2
2,366583273,17,120,13798,1.7797245734847953,,0.004564924740901604,False,0,False,0,quiet,quiet,0.3.2
2,366639432,17,120,12544,1.823600203502184,9.991308486470519,0.12294981194912637,False,0,False,0,rotator,pulsator,0.3.2
2,366640811,17,120,13775,1.4554513692855835,,0.0009095583848313728,False,0,False,0,quiet,quiet,0.3.2
2,366679666,17,120,12564,7.621103691425809,,0.018911971157502944,False,0,False,0,variable,variable,0.3.2
2,366714257,17,120,12146,2.651934982893913,4.369784804437904,0.3040670389760935,False,0,False,0,rotator,rotator,0.3.2
2,366717829,17,120,12582,1.382678759614266,,0.004693935829816352,False,0,False,0,quiet,quiet,0.3.2
2,366720619,17,120,13867,0.6802710771560669,,0.032405799554190366,False,6,False,0,flaring,flaring,0.3.2
2,366760231,17,120,11820,4.210160404443741,,0.002401235141635357,False,0,False,0,quiet,quiet,0.3.2
2,366821178,17,120,14012,0.8263464331626892,,0.03250083926448801,False,0,False,0,quiet,quiet,0.3.2
2,366833458,17,120,12105,8.198247385025024,,0.00167692292018227,False,0,False,0,variable,variable,0.3.2
2,366866512,17,120,13766,0.7144702502769381,,0.028663731836425142,False,0,False,0,quiet,quiet,0.3.2
2,366869206,17,120,11878,1.1263178430104896,,0.02002817156363203,False,0,False,0,quiet,quiet,0.3.2
2,366870119,17,120,12426,0.9370738506317138,,0.001337975202462022,False,0,False,0,quiet,quiet,0.3.2
2,366872321,17,120,14086,3.027241551064207,9.604919486370418,0.6395850110515442,False,0,False,0,rotator,pulsator,0.3.2
2,366975763,17,120,12175,15.085616469383238,12.149075520359245,0.847775272768254,False,0,False,0,rotator,rotator,0.3.2
2,367007687,17,120,13210,0.7448252499103545,,0.0030482696920861594,False,0,False,0,quiet,quiet,0.3.2
2,367069074,17,120,14087,0.49575483798980713,,0.01316874425973234,False,0,False,0,quiet,quiet,0.3.2
2,367069156,17,120,11793,1.7744665145874021,,0.05363293524290242,False,0,False,0,quiet,quiet,0.3.2
2,367074040,17,120,14091,0.5484232664108276,,0.02529717347134481,False,0,False,0,quiet,quiet,0.3.2
2,367078490,17,120,14094,0.566141437475128,,0.0020899259897720554,False,0,False,0,quiet,quiet,0.3.2
2,367089503,17,120,12443,56.62527666091919,3.529401387336366,0.14498212318872725,False,0,False,0,rotator,rotator,0.3.2
2,367096507,17,120,12167,8.591139721870423,,0.002214956942105857,False,0,False,0,variable,variable,0.3.2
2,367096729,17,120,12126,1.162063479423523,,0.0799902886231515,False,0,False,0,quiet,quiet,0.3.2
2,367096949,17,120,12561,3.3310129880905146,,0.0012899563834485126,False,0,False,0,quiet,quiet,0.3.2
2,367098931,17,120,14096,1.7994309425523594,,0.06362783217849113,False,0,False,0,quiet,quiet,0.3.2
2,367099873,17,120,14092,0.7312604784965515,,0.0012705296457256074,False,0,False,0,quiet,quiet,0.3.2
2,367101681,17,120,13432,5.793217831850051,,0.0027616036886090522,False,0,False,0,variable,variable,0.3.2
2,367142176,17,120,14095,1.7214446067810059,9.604929798342615,0.39652174354088593,False,0,False,0,rotator,pulsator,0.3.2
2,367143562,17,120,12131,11.025728988647462,,0.05610454978808572,False,0,False,0,variable,variable,0.3.2
2,367183127,17,120,11925,34.47537467479705,,0.025758270376686595,False,0,False,0,variable,variable,0.3.2
2,367185450,17,120,14095,0.7698781013488769,,0.0008605004754387203,False,0,False,0,quiet,quiet,0.3.2
2,367279806,17,120,14367,1.3057528495788575,,0.0035504400884090654,False,0,False,0,quiet,quiet,0.3.2
2,367281569,17,120,13342,0.9456457820919623,,0.05435399403702911,False,0,False,0,quiet,quiet,0.3.2
2,367335436,17,120,14052,0.9914213061332702,,0.003989062058884489,False,0,False,0,quiet,quiet,0.3.2
2,367337817,17,120,13755,1.1654215335845948,,0.0037426077582497735,False,0,False,0,quiet,quiet,0.3.2
2,367351128,17,120,12946,2.5336517135112455,,0.037832148893863396,False,0,False,0,quiet,quiet,0.3.2
2,367351999,17,120,12582,1.4593839144339509,,0.0028850159399260293,False,0,False,0,quiet,quiet,0.3.2
2,367357558,17,120,11811,1.567150855064392,,0.01774717476124916,False,0,False,0,quiet,quiet,0.3.2
2,367610911,17,120,13135,3.4587957859039307,11.631015400679418,0.3948973963800358,False,0,False,0,rotator,rotator,0.3.2
2,367611540,17,120,12848,1.2430102216300303,,0.0015549319125929514,False,0,False,0,quiet,quiet,0.3.2
2,367681716,17,120,10542,7.25675504207611,,0.003388931936126268,False,0,False,0,variable,variable,0.3.2
2,367682091,17,120,11749,2.274463105201721,,0.003155415373633989,False,0,False,0,quiet,quiet,0.3.2
2,367682106,17,120,12608,0.8917401460331721,,0.004041541064547956,False,0,False,0,quiet,quiet,0.3.2
2,367682182,17,120,11218,1.9178023482023967,,0.0022543114287586394,False,0,False,0,quiet,quiet,0.3.2
2,367763581,17,120,14821,39.76165888309478,,0.0018053847925450204,False,0,False,0,variable,variable,0.3.2
2,367836782,17,120,11770,1.7565717254025772,,0.00572961675680994,False,0,False,0,quiet,quiet,0.3.2
2,367837463,17,120,12463,3.445186829566955,,0.0038804525575508427,False,0,False,0,quiet,quiet,0.3.2
2,367839104,17,120,13525,0.7107586741447448,,0.0010553437278535852,False,0,False,0,quiet,quiet,0.3.2
2,367853801,17,120,13522,0.7406718450584456,,0.0013810291060547856,False,0,False,0,quiet,quiet,0.3.2
2,367854872,17,120,12497,2.370256018638611,,0.08798808250384062,False,0,False,0,quiet,quiet,0.3.2
2,367857342,17,120,12436,1.9193930625915525,,0.0034350535201045944,False,0,False,0,quiet,quiet,0.3.2
2,367861085,17,120,12595,13.958017230033873,0.9409003822292045,0.18936319155294545,False,0,False,0,rotator,pulsator,0.3.2
2,367865950,17,120,14600,0.2994412243366242,,0.05111488692541366,False,0,False,0,quiet,quiet,0.3.2
2,367916080,17,120,13187,13.38043191432953,,0.019321428075483864,False,0,False,0,variable,variable,0.3.2
2,368028810,17,120,13913,12.498058998584748,,0.02410712792375429,False,0,False,0,variable,variable,0.3.2
2,368105690,17,120,14010,6.579929996733069,,0.004323589928039457,False,0,False,0,variable,variable,0.3.2
2,368319105,17,120,13974,26.736517935991287,1.3872163262521868,0.2949367612473061,False,0,True,7,dipper,eclipsing,0.3.2
2,368373135,17,120,14593,1.1896348714828489,2.717092771401075,0.6580743923453484,False,0,False,0,rotator,pulsator,0.3.2
2,368375137,17,120,14224,9.426588530140773,,0.018560660020697447,False,1,False,0,variable,variable,0.3.2
2,368447751,17,120,13198,4.740777005530088,,0.023038737883015505,False,0,False,0,quiet,quiet,0.3.2
2,368512362,17,120,14226,6.405532878967099,,0.00818732372000564,False,0,False,0,variable,variable,0.3.2
2,369821689,17,120,12872,0.33819140195846553,,0.06903447628914045,False,0,False,0,quiet,quiet,0.3.2
2,369825629,17,120,12746,13.726885896921157,,0.0013428738687786372,False,0,False,0,variable,variable,0.3.2
2,369826081,17,120,12774,3.1099557247771106,,0.0016007424384301054,False,0,False,0,quiet,quiet,0.3.2
2,370337899,17,120,14616,27.533082910386234,,0.014489215041285097,False,0,False,0,variable,variable,0.3.2
2,370711339,17,120,15117,0.43751910924911497,,0.03379474799013909,False,0,False,0,quiet,quiet,0.3.2
2,371213793,17,120,15129,14.400396680831907,10.754198125360457,0.1278854943886172,False,0,False,0,rotator,rotator,0.3.2
2,371307096,17,120,14635,27.319714736938472,1.0731916955716911,0.8192144366935405,False,0,False,0,rotator,pulsator,0.3.2
2,371587195,17,120,15126,0.9534664002974986,8.449831097127408,0.40103676651472864,False,0,False,0,rotator,pulsator,0.3.2
2,371881341,17,120,14764,21.78025156796728,,0.001629812020807764,False,0,False,0,variable,variable,0.3.2
2,372340122,17,120,14092,0.8591758566849188,,0.0016464607728255796,False,0,False,0,quiet,quiet,0.3.2
2,372504071,17,120,12867,0.14669394493103027,,0.019343123399722932,False,0,False,0,quiet,quiet,0.3.2
2,372685796,17,120,14095,0.9080885410308838,,0.09765484691409324,False,0,False,0,quiet,quiet,0.3.2
2,372687282,17,120,14096,0.7462391674518585,,0.01697649626125117,False,0,False,0,quiet,quiet,0.3.2
2,372689007,17,120,13726,5.277712490490451,,0.00702717519785518,False,0,False,1,variable,variable,0.3.2
2,375544372,17,120,14778,0.4585069614203859,,0.0036827518123745662,False,0,False,0,quiet,quiet,0.3.2
2,375653478,17,120,13456,57.466336673498155,,0.0009380997696786461,False,0,False,0,variable,variable,0.3.2
2,376020246,17,120,14581,1.0669775247573852,,0.001309768008459353,False,0,False,0,quiet,quiet,0.3.2
2,376020501,17,120,14379,75.53872139453888,,0.0011888552875330628,False,0,False,0,variable,variable,0.3.2
2,376023519,17,120,14792,109.74474150703126,0.18217453470261066,0.970350764570623,False,0,False,0,rotator,pulsator,0.3.2
2,376367840,17,120,13147,0.9310647010803221,,0.05797070397857354,False,0,False,0,quiet,quiet,0.3.2
2,376370692,17,120,14601,3.7199286818504333,,0.01523657380227337,False,0,False,0,quiet,quiet,0.3.2
2,376372953,17,120,14594,0.4919549052742181,,0.0026421953233852122,False,0,False,0,quiet,quiet,0.3.2
2,376402464,17,120,14438,10.205966413198901,,0.0011160622838837255,False,0,False,0,variable,variable,0.3.2
2,376405406,17,120,14469,2.6765459060668944,,0.001428426196012446,False,0,False,0,quiet,quiet,0.3.2
2,376408460,17,120,14603,1.7576762437820432,,0.08249448352572528,False,8,False,0,flaring,flaring,0.3.2
2,376841954,17,120,11779,2.9416554450988768,,0.006943526976301316,False,1,False,0,quiet,quiet,0.3.2
2,376846937,17,120,13519,0.7567993640899658,,0.0013969232823991952,False,0,False,0,quiet,quiet,0.3.2
2,376867523,17,120,13515,0.602505612373352,,0.019288737203579143,False,0,False,0,quiet,quiet,0.3.2
2,376870006,17,120,12949,1.8382695436477658,11.17650709527436,0.16067695603409815,False,0,False,0,rotator,pulsator,0.3.2
2,376872090,17,120,13525,1.6822083950042723,,0.0010365079682562357,False,0,False,0,quiet,quiet,0.3.2
2,376879869,17,120,12426,4.158596846973708,,0.009803058430973975,False,0,False,0,quiet,quiet,0.3.2
2,376880060,17,120,12273,1.4820506930351256,,0.001400907344218462,False,0,False,0,quiet,quiet,0.3.2
2,376882962,17,120,13520,0.8503388464450836,,0.007921748608368116,False,0,False,0,quiet,quiet,0.3.2
2,376925533,17,120,13521,0.9128605127334595,1.2511589481509697,0.15273753169134677,False,0,False,0,rotator,pulsator,0.3.2
2,376975154,17,120,14053,1.432828688621521,,0.01739058604177191,False,0,False,0,quiet,quiet,0.3.2
2,376975340,17,120,14177,0.38935754299163816,2.749948510407794,0.1159624694839308,False,0,False,0,rotator,pulsator,0.3.2
2,376993033,17,120,14174,0.41909400877636693,,0.04518497637529452,False,0,False,0,quiet,quiet,0.3.2
2,376996709,17,120,13251,3.8637064218521115,,0.0018717286977796932,False,0,False,0,quiet,quiet,0.3.2
2,377027830,17,120,14141,2.306806468963623,,0.0027740046184405965,False,0,False,0,quiet,quiet,0.3.2
2,377029876,17,120,14599,0.6072775840759277,,0.012594473158837586,False,0,False,0,quiet,quiet,0.3.2
2,377074377,17,120,13352,3.0442087425055724,,0.005254003826959333,False,0,False,0,quiet,quiet,0.3.2
2,377104904,17,120,14184,33.18826786279678,,0.7779320458204824,True,41,False,0,flaring,flaring,0.3.2
2,377105049,17,120,14180,0.6910521984100341,,0.003294917163471812,False,0,False,0,quiet,quiet,0.3.2
2,377151600,17,120,14602,0.8807380210913406,1.4423942160899628,0.23437645064546175,False,0,False,0,rotator,pulsator,0.3.2
2,377190097,17,120,13242,1.923104538825019,3.427127808857181,0.15932439381606656,False,0,False,0,rotator,rotator,0.3.2
2,377192387,17,120,13527,2.271812009811401,,0.0015936464292133224,False,0,False,0,quiet,quiet,0.3.2
2,377197786,17,120,13790,2.3827160249521713,5.693978134597614,0.1270457486562423,False,0,False,0,rotator,pulsator,0.3.2
2,377255272,17,120,13502,2.3569563567638396,,0.0010856792319272658,False,0,False,0,quiet,quiet,0.3.2
2,377255486,17,120,13495,2.3405637502670285,,0.0012237069654212327,False,0,False,0,quiet,quiet,0.3.2
2,377292202,17,120,13525,12.664371049404142,,0.052599832159723824,False,0,False,0,variable,variable,0.3.2
2,377506471,17,120,14603,67.25016002655029,0.8851032756673287,0.5311229195434389,False,0,False,0,rotator,pulsator,0.3.2
2,377739624,17,120,14405,17.823667788505553,,0.00990791192619306,False,0,False,1,variable,variable,0.3.2
2,377784111,17,120,14178,0.4247054815292358,3.121592176780201,0.10952676727930863,False,0,False,0,rotator,rotator,0.3.2
2,377817495,17,120,14603,2.9983888864517207,,0.013121349332173068,False,0,False,0,quiet,quiet,0.3.2
2,377905218,17,120,14601,6.474151682853698,,0.0014577731154039415,False,0,False,0,variable,variable,0.3.2
2,378201264,17,120,14601,0.7127911806106567,,0.0068992903140514044,False,0,False,0,quiet,quiet,0.3.2
2,378292562,17,120,14601,0.32378711700439455,,0.07007213203136439,False,12,False,0,flaring,flaring,0.3.2
2,378292678,17,120,14603,52.46853582859039,,0.008396632547607162,False,0,False,0,variable,variable,0.3.2
2,378382790,17,120,14602,0.8453459501266479,11.683441818801725,0.3189319248416316,False,2,False,0,rotator,pulsator,0.3.2
2,378527649,17,120,14600,1.5600371289264299,2.7817925496754285,0.3807630744625959,False,0,False,0,rotator,pulsator,0.3.2
2,378648084,17,120,14600,0.5453303217887878,,0.016607758266216598,False,0,False,0,quiet,quiet,0.3.2
2,378655706,17,120,14188,8.559017282724382,,0.008381792239430976,False,0,False,0,variable,variable,0.3.2
2,380783671,17,120,13026,0.6531415343284607,3.0909824448851975,0.4118425083222997,False,0,False,0,rotator,pulsator,0.3.2
2,381243167,17,120,12963,1.8015960574150085,,0.011711103308333477,False,2,False,0,quiet,quiet,0.3.2
2,381249103,17,120,13046,0.45740232467651365,,0.003053256524683625,False,0,False,0,quiet,quiet,0.3.2
2,381272026,17,120,12683,0.9985792636871337,,0.007731403550179603,False,0,False,0,quiet,quiet,0.3.2
2,381272570,17,120,12710,0.9629661869118753,,0.08279199561260774,False,0,False,0,quiet,quiet,0.3.2
2,381317976,17,120,12706,1.6359909653663633,,0.0015471910400650607,False,0,False,0,quiet,quiet,0.3.2
2,381318924,17,120,12381,3.7323888301849366,,0.003544692865545366,False,0,False,0,quiet,quiet,0.3.2
2,381318939,17,120,12709,0.7755337715148926,,0.0016933187027197533,False,0,False,0,quiet,quiet,0.3.2
2,381319899,17,120,12426,1.1135484669670004,,0.0057807638311389905,False,0,False,1,quiet,quiet,0.3.2
2,381321587,17,120,12448,1.205276298365703,,0.007355120195453314,False,0,False,0,quiet,quiet,0.3.2
2,381344208,17,120,12714,3.3143110871315002,,0.0030836613151660527,False,0,False,0,quiet,quiet,0.3.2
2,381344833,17,120,12713,0.5012337684631347,,0.03402284996438967,False,0,False,0,quiet,quiet,0.3.2
2,381475329,17,120,12783,0.5705157279968261,,0.013284665350575703,False,0,False,0,quiet,quiet,0.3.2
2,381481171,17,120,12787,0.7879939198493957,,0.013270350540098133,False,0,False,0,quiet,quiet,0.3.2
2,381481731,17,120,12764,0.980375075340271,1.1575722325358357,0.2445053926859064,False,1,False,0,rotator,pulsator,0.3.2
2,381483290,17,120,12788,1.0690984010696412,9.64644403099688,0.22027826395212077,False,1,False,0,rotator,pulsator,0.3.2
2,381483567,17,120,12686,1.4523584246635437,,0.08413938827007317,False,0,False,0,quiet,quiet,0.3.2
2,381542196,17,120,12778,0.9002678096294403,,0.007407907756428856,False,0,False,0,quiet,quiet,0.3.2
2,383622424,17,120,13528,0.8944353731144853,,0.08280884497359553,False,0,False,0,quiet,quiet,0.3.2
2,383623314,17,120,13523,0.7423067092895508,,0.050079363126422846,False,0,False,0,quiet,quiet,0.3.2
2,383623351,17,120,12661,3.0499085068702696,,0.09387865498281582,False,0,False,0,quiet,quiet,0.3.2
2,383646199,17,120,13410,1.2690793633460997,,0.05292037660863423,False,0,False,0,quiet,quiet,0.3.2
2,383646537,17,120,13134,2.6534812180113065,,0.029501849140868376,False,0,False,0,quiet,quiet,0.3.2
2,383646959,17,120,14184,1.504496723681493,,0.0033975452543421984,False,0,False,0,quiet,quiet,0.3.2
2,383648802,17,120,13260,3.991622012354255,,0.02414539127862738,False,0,False,0,quiet,quiet,0.3.2
2,383674574,17,120,12648,1.401103913784027,,0.0013867576427422736,False,0,False,0,quiet,quiet,0.3.2
2,384460908,17,120,15129,2.4585374951362606,6.572003094213035,0.3865351701803667,False,0,False,0,rotator,pulsator,0.3.2
2,384882897,17,120,13049,1.127687609195709,,0.05623501576584089,False,0,False,0,quiet,quiet,0.3.2
2,384885401,17,120,13048,0.33213807738238804,1.3815199092899444,0.10204265206336166,False,0,False,0,rotator,pulsator,0.3.2
2,384886463,17,120,13044,0.8041655777643448,,0.026079922906363337,False,2,False,0,quiet,quiet,0.3.2
2,385141431,17,120,12948,0.8933749616146087,,0.004117823891754437,False,0,False,0,quiet,quiet,0.3.2
2,385143456,17,120,12811,3.2259412407875057,7.238701892775695,0.4255078230302903,False,3,False,0,flaring,flaring,0.3.2
2,387010958,17,120,12716,6.938226137704436,9.596099162028793,0.8419917114421724,False,0,False,0,rotator,rotator,0.3.2
2,387237649,17,120,14090,0.44207014316111376,,0.06298605377287288,False,0,False,0,quiet,quiet,0.3.2
2,387238881,17,120,13952,2.174826103448868,,0.00599292159914087,False,0,False,0,quiet,quiet,0.3.2
2,387262122,17,120,13787,2.02154860496521,,0.07635666696888917,False,0,False,0,quiet,quiet,0.3.2
2,387262636,17,120,14094,0.6223446057829496,,0.0011520287260322335,False,0,False,0,quiet,quiet,0.3.2
2,387284522,17,120,14792,0.6443929195404052,,0.0012130065274032669,False,0,False,0,quiet,quiet,0.3.2
2,387286693,17,120,14793,1.8727337837219236,,0.0005381293999892958,False,0,False,0,quiet,quiet,0.3.2
2,387289106,17,120,13531,1.3958900928497313,,0.0012112428246118996,False,0,False,0,quiet,quiet,0.3.2
2,387289881,17,120,13539,5.294414234161377,3.929367656776792,0.4091707058776738,False,0,False,0,rotator,pulsator,0.3.2
2,387327630,17,120,13751,1.5933083295822144,,0.004505668899605576,False,0,False,0,quiet,quiet,0.3.2
2,387330668,17,120,14788,0.5657879412174225,,0.029213135819818385,False,0,False,0,quiet,quiet,0.3.2
2,387331030,17,120,14790,0.362316370010376,,0.0023386449162395664,False,0,False,0,quiet,quiet,0.3.2
2,387331775,17,120,13959,1.748662519454956,,0.029570679466197524,False,0,False,0,quiet,quiet,0.3.2
2,387333147,17,120,13728,2.6352771878242494,,0.0009387832399071038,False,0,False,0,quiet,quiet,0.3.2
2,387359030,17,120,14345,1.0652101278305053,,0.004010212397943547,False,0,False,0,quiet,quiet,0.3.2
2,387359292,17,120,14791,1.2553820371627806,,0.004281597410549778,False,0,False,0,quiet,quiet,0.3.2
2,387411369,17,120,13507,2.5191592097282407,,0.018115436418495917,False,0,False,0,quiet,quiet,0.3.2
2,387446084,17,120,13670,29.82725242295109,0.4911538669583502,0.46586690401562014,False,2,False,0,rotator,pulsator,0.3.2
2,387450316,17,120,14092,0.6193842899432354,,0.01832357309701889,False,0,False,0,quiet,quiet,0.3.2
2,387450472,17,120,13443,1.914444351196289,,0.0034988643007626366,False,0,False,0,quiet,quiet,0.3.2
2,387509554,17,120,13555,1.776940870285034,,0.01987689008046288,False,0,False,0,quiet,quiet,0.3.2
2,387510270,17,120,13665,2.257672834396362,,0.013286968200413848,False,0,False,0,quiet,quiet,0.3.2
2,387526927,17,120,14092,6.574981677532196,6.403192735659848,0.7572522397257258,False,0,False,0,rotator,rotator,0.3.2
2,387527558,17,120,13459,6.347075843811035,,0.003996053430834931,False,0,False,0,variable,variable,0.3.2
2,387563456,17,120,13477,1.5609649658203124,,0.005617636150900678,False,0,False,0,quiet,quiet,0.3.2
2,387565268,17,120,14096,2.454207299524328,,0.0005466222746498998,False,0,False,0,quiet,quiet,0.3.2
2,387605291,17,120,14120,0.9649987220764159,,0.0010313329126662347,False,0,False,0,quiet,quiet,0.3.2
2,387607693,17,120,14089,0.7081959486007691,,0.0010818324596264303,False,0,False,0,quiet,quiet,0.3.2
2,387627109,17,120,13423,90.7952451467514,,0.0025998815768166956,False,0,False,0,variable,variable,0.3.2
2,387627935,17,120,14091,0.7712036490440368,,0.013596766100628434,False,0,False,0,quiet,quiet,0.3.2
2,387628382,17,120,13417,4.850532495975495,11.354903223565882,0.6154803822781314,False,0,False,0,rotator,rotator,0.3.2
2,387682152,17,120,13336,8.683707394710401,0.7243894128962032,0.17094943335764698,False,0,False,0,rotator,pulsator,0.3.2
2,387696825,17,120,14790,1.6164612293243408,2.6194340253213744,0.40245177801991683,False,0,False,0,rotator,pulsator,0.3.2
2,387702795,17,120,13260,3.7182056914690547,,0.0022594045291787707,False,0,False,0,quiet,quiet,0.3.2
2,387807738,17,120,13488,1.2880788803100587,,0.010523988899391093,False,0,False,0,quiet,quiet,0.3.2
2,387879317,17,120,14790,0.6462486863136291,,0.0021230575825552764,False,0,False,0,quiet,quiet,0.3.2
2,387881507,17,120,14786,0.6579134668163379,,0.0020781906433060466,False,0,False,0,quiet,quiet,0.3.2
2,388078603,17,120,14089,0.8718569040298462,8.865952182070224,0.5958639541923682,False,0,False,0,rotator,rotator,0.3.2
2,388079788,17,120,14064,0.8666431347515067,,0.0016638944679882523,False,0,False,0,quiet,quiet,0.3.2
2,388132550,17,120,13953,4.389507007598876,,0.0012449714150163757,False,0,False,0,quiet,quiet,0.3.2
2,388135434,17,120,14791,0.858071208000183,,0.07256508893192724,False,0,False,0,quiet,quiet,0.3.2
2,388291278,17,120,15092,5.6325612833332634,,0.0009224004937935552,False,0,False,0,variable,variable,0.3.2
2,388301196,17,120,15127,0.8688523292541503,,0.003382101603474131,False,0,False,0,quiet,quiet,0.3.2
2,388887827,17,120,15127,7.890013360977173,2.688581800423797,0.5523644146170492,False,0,False,0,rotator,pulsator,0.3.2
2,388891443,17,120,15123,6.686416053771973,0.1045954775154125,0.156567082654874,False,0,False,0,rotator,pulsator,0.3.2
2,388893728,17,120,14849,30.913628017902372,,0.004315026082738158,False,0,False,0,variable,variable,0.3.2
2,389105232,17,120,15129,1.3184781074523926,6.958701769909059,0.16284562383073817,False,0,False,0,rotator,rotator,0.3.2
2,389269786,17,120,14809,18.018434929847714,,0.0010618399282279211,False,0,False,0,variable,variable,0.3.2
2,389913879,17,120,13528,1.0796585655314157,,0.003024050063525686,False,0,False,0,quiet,quiet,0.3.2
2,389916011,17,120,12649,1.9939772129058835,,0.04314907809676345,False,0,False,0,quiet,quiet,0.3.2
2,389962888,17,120,13529,1.4427261114120482,,0.011634074241277955,False,0,False,0,quiet,quiet,0.3.2
2,389966422,17,120,13527,1.2384150266647338,2.0328189290655785,0.19048735642121783,False,0,False,0,rotator,pulsator,0.3.2
2,389968494,17,120,13527,6.321448588371276,0.8309346191837712,0.3872736065916722,False,1,False,0,rotator,pulsator,0.3.2
2,390019056,17,120,13528,1.3585095668727418,,0.008351312410445358,False,0,False,0,quiet,quiet,0.3.2
2,390021526,17,120,13526,0.7675804624682526,,0.0027599758201291963,False,0,False,0,quiet,quiet,0.3.2
2,390974997,17,120,14092,0.4333657264709473,,0.0012495907435476135,False,0,False,0,quiet,quiet,0.3.2
2,392536314,17,120,12702,1.5053804221976057,,0.024966787337581595,False,0,False,0,quiet,quiet,0.3.2
2,392536812,17,120,13010,111.52711706974753,0.2953261238864994,0.9795144186365016,False,0,False,0,rotator,pulsator,0.3.2
2,392537606,17,120,13480,1.3178153728787712,,0.006119837357341159,False,0,False,0,quiet,quiet,0.3.2
2,392569794,17,120,13851,1.9558014392852783,,0.04210161167331,False,0,False,0,quiet,quiet,0.3.2
2,394048891,17,120,13520,0.7407160079052443,,0.016198997142329665,False,0,False,0,quiet,quiet,0.3.2
2,394088639,17,120,13164,1.4242126286029815,,0.06839234345168461,False,0,False,0,quiet,quiet,0.3.2
2,394118652,17,120,13525,1.2143784284591674,,0.0042639026676681985,False,0,False,0,quiet,quiet,0.3.2
2,394120087,17,120,13525,1.5134219884872435,2.996189792280305,0.3436201819509282,False,0,False,0,rotator,rotator,0.3.2
2,394120755,17,120,13427,1.9194814324378966,5.968976435807403,0.3722961706279713,False,0,False,0,rotator,pulsator,0.3.2
2,394123805,17,120,13493,6.042023134231568,,0.3435750399372773,True,1,False,0,variable,variable,0.3.2
2,394128380,17,120,13522,0.6592832190011972,,0.013586339339346162,False,0,False,0,quiet,quiet,0.3.2
2,394129745,17,120,13523,0.706516921520233,,0.0017669398523198865,False,0,False,0,quiet,quiet,0.3.2
2,394993432,17,120,15126,5.687748250730388,,0.04681646822887557,False,0,False,0,variable,variable,0.3.2
2,395364804,17,120,15129,9.355185413360596,,0.002986255112120609,False,0,False,0,variable,variable,0.3.2
2,396231771,17,120,14597,0.602328872680664,,0.015367777394603946,False,0,False,0,quiet,quiet,0.3.2
2,396232078,17,120,13026,0.4596999132812074,,0.0017680374403004906,False,0,False,0,quiet,quiet,0.3.2
2,396382952,17,120,12770,8.776009178876603,,0.0011631526354301275,False,0,False,0,variable,variable,0.3.2
2,396427945,17,120,14085,0.30646662712097167,,0.01295974349175087,False,0,False,0,quiet,quiet,0.3.2
2,396429896,17,120,14093,1.885547411441803,0.40020415102124307,0.23349603707969466,False,0,False,0,rotator,pulsator,0.3.2
2,397585508,17,120,13044,0.6278677956979153,,0.0016924635797852536,False,0,False,0,quiet,quiet,0.3.2
2,398913169,17,120,13044,0.6090007779299981,,0.013498624611420158,False,0,False,0,quiet,quiet,0.3.2
2,398939307,17,120,13046,0.48302959451167565,,0.0035378085009896885,False,0,False,0,quiet,quiet,0.3.2
2,398939435,17,120,12704,1.6845501457288818,,0.0028179442084041496,False,0,False,0,quiet,quiet,0.3.2
2,398940535,17,120,12787,2.6586951971054074,,0.07440604980065493,False,1,False,0,quiet,quiet,0.3.2
2,398940568,17,120,12778,1.1302944859774564,,0.04028680825978141,False,0,False,0,quiet,quiet,0.3.2
2,399787737,17,120,14175,1.5318029165267943,,0.0029693294098718293,False,0,False,0,quiet,quiet,0.3.2
2,399789598,17,120,13517,0.8317369937896728,,0.0909635326704489,False,0,False,0,quiet,quiet,0.3.2
2,400023154,17,120,12713,0.6771781325340271,,0.013386318928072018,False,0,False,0,quiet,quiet,0.3.2
2,400023326,17,120,12703,2.5819901704788206,,0.0044787215249099815,False,0,False,0,quiet,quiet,0.3.2
2,400023621,17,120,12706,0.7347952285531026,,0.05891980587464672,False,0,False,0,quiet,quiet,0.3.2
2,400048097,17,120,12781,1.1095717906951903,,0.04152638937319648,False,0,False,3,quiet,quiet,0.3.2
2,400048310,17,120,12783,0.5762597680091858,3.7341068389879,0.11412872242695143,False,0,False,0,rotator,rotator,0.3.2
2,400051620,17,120,12782,0.572636604309082,,0.013787893803415335,False,0,False,0,quiet,quiet,0.3.2
2,400060912,17,120,12786,0.4449421763420105,,0.06510024235867383,False,0,False,0,quiet,quiet,0.3.2
2,400062856,17,120,12782,0.724411815404892,,0.0036688766975834504,False,0,False,0,quiet,quiet,0.3.2
2,400098374,17,120,12533,17.058384919166564,,0.010575108823015955,False,0,False,0,variable,variable,0.3.2
2,400196350,17,120,14602,21.48239971153737,,0.002482769481189325,False,0,False,0,variable,variable,0.3.2
2,400338131,17,120,14603,3.9032961130142207,,0.0020897112475018885,False,0,False,0,quiet,quiet,0.3.2
2,400404555,17,120,13425,2.571739268302917,,0.003081254833790226,False,0,False,0,quiet,quiet,0.3.2
2,400406712,17,120,14185,0.8312067747116088,,0.001259018790261891,False,0,False,0,quiet,quiet,0.3.2
2,400408605,17,120,13475,1.764392352104187,,0.004679485594035606,False,0,False,0,quiet,quiet,0.3.2
2,402655865,17,120,14180,2.529410111904144,,0.018224113037333404,False,0,False,0,quiet,quiet,0.3.2
2,402658787,17,120,13415,1.895533204078674,,0.021071179731311156,False,0,False,0,quiet,quiet,0.3.2
2,402658977,17,120,14247,1.1833606123924254,,0.0015656771358178348,False,0,False,0,quiet,quiet,0.3.2
2,402659180,17,120,14135,3.232568979263305,,0.0013972896180233754,False,0,False,0,quiet,quiet,0.3.2
2,402894400,17,120,14790,2.1784934520721433,0.7604819604410795,0.16574163121236532,False,0,False,0,rotator,pulsator,0.3.2
2,402894745,17,120,14080,2.7312027374268393,,0.0031928517237306982,False,0,False,0,quiet,quiet,0.3.2
2,402897606,17,120,14106,1.8553692195039524,,0.0012845066915571116,False,0,False,0,quiet,quiet,0.3.2
2,402897810,17,120,14079,5.109191036224365,,0.0008192950263212331,False,0,False,0,variable,variable,0.3.2
2,402897917,17,120,14089,15.970905590057372,1.087655211971917,0.5921309682125395,False,0,False,0,rotator,pulsator,0.3.2
2,403114263,17,120,14134,3.961531723692067,,0.004144305176583391,False,0,False,0,quiet,quiet,0.3.2
2,403114672,17,120,14094,6.05629450343284,0.11456983500378963,0.3262257107595548,False,0,False,0,rotator,pulsator,0.3.2
2,403117701,17,120,14140,1.2530402735781752,,0.0008956431256568845,False,0,False,0,quiet,quiet,0.3.2
2,403118245,17,120,14096,2.5069641709327697,1.9871941962873054,0.5094070023374095,False,0,False,0,rotator,pulsator,0.3.2
2,403215000,17,120,12708,24.002487444877623,,0.0019861264997712287,False,1,False,0,variable,variable,0.3.2
2,403254664,17,120,12746,6.218542087630691,,0.0015665932924521578,False,0,False,0,variable,variable,0.3.2
2,403259004,17,120,12852,13.862754535675048,,0.0017448535674623056,False,0,False,0,variable,variable,0.3.2
2,403259994,17,120,12856,1.511963931082604,,0.01410949569276478,False,0,False,0,quiet,quiet,0.3.2
2,403306901,17,120,12870,0.2970110535621643,,0.05597146806602476,False,0,False,0,quiet,quiet,0.3.2
2,403307524,17,120,12867,1.5839411258697509,1.9844505773742496,0.2818589468191341,False,0,False,0,rotator,pulsator,0.3.2
2,403308552,17,120,12721,1.3927087783813474,,0.0011692092532613074,False,0,False,0,quiet,quiet,0.3.2
2,403332327,17,120,14114,1.5700670599937439,,0.009313397407779395,False,0,False,0,quiet,quiet,0.3.2
2,403335239,17,120,14105,18.170254325866697,,0.005874517505732924,False,0,False,0,variable,variable,0.3.2
2,403584946,17,120,14790,0.9118442866755809,,0.009263016102660306,False,0,False,0,quiet,quiet,0.3.2
2,404393507,17,120,14778,9.37409656047821,8.419563486745085,0.6433115383926867,False,8,False,0,flaring,flaring,0.3.2
2,405374935,17,120,12714,1.1299851578482891,,0.0005574659311236647,False,0,False,0,quiet,quiet,0.3.2
2,405584727,17,120,14782,0.854050405444217,1.7334434477904175,0.216588126578038,False,0,False,0,rotator,pulsator,0.3.2
2,405591045,17,120,14669,8.040242099761961,5.357906782886631,0.37180324705715473,False,0,False,0,rotator,rotator,0.3.2
2,405610999,17,120,13089,0.5286284208297729,,0.037641029309983885,False,0,False,0,quiet,quiet,0.3.2
2,405794553,17,120,14714,1.3988062977790832,5.357611011994085,0.41293342111029746,False,0,False,0,rotator,pulsator,0.3.2
2,406261861,17,120,14788,0.4730437874794006,,0.007640801800884351,False,0,False,0,quiet,quiet,0.3.2
2,406630202,17,120,14598,0.23082203865051268,,0.00791259698346724,False,0,False,0,quiet,quiet,0.3.2
2,406681987,17,120,13899,2.6356306672096252,,0.06119770106532447,False,0,False,0,quiet,quiet,0.3.2
2,406767163,17,120,12751,1.6114241480827332,,0.0015214596334683567,False,0,False,0,quiet,quiet,0.3.2
2,406836408,17,120,12675,11.206091845035552,,0.047019224565460725,False,0,False,0,variable,variable,0.3.2
2,406854936,17,120,13521,0.30575966835021967,,0.0959886073105103,False,0,False,0,quiet,quiet,0.3.2
2,406857100,17,120,14037,2.1801724791526795,0.5230731107371557,0.376024092253595,False,3,False,0,flaring,flaring,0.3.2
2,406930461,17,120,14185,1.4393680572509764,,0.0014432660562739012,False,0,False,0,quiet,quiet,0.3.2
2,406965945,17,120,12869,1.855059814453125,3.8366252471486555,0.5649289298342002,False,0,False,0,rotator,pulsator,0.3.2
2,407055320,17,120,14232,28.924776256084442,,0.03466100067573347,False,0,False,0,variable,variable,0.3.2
2,407155253,17,120,14050,3.086979565412415,,0.08274700297417638,False,0,False,0,quiet,quiet,0.3.2
2,407239309,17,120,14603,3.207648682594299,5.07980794058426,0.5660195270241227,False,0,False,0,rotator,pulsator,0.3.2
2,407336731,17,120,13027,0.44202597141265865,,0.017210773769200206,False,0,False,0,quiet,quiet,0.3.2
2,407345091,17,120,13070,0.5660972525506393,,0.006748370501846527,False,0,False,0,quiet,quiet,0.3.2
2,407357624,17,120,12783,0.587924587726593,,0.05838050553779877,False,0,False,0,quiet,quiet,0.3.2
2,407358927,17,120,12716,2.0565873103316816,,0.009245289358056085,False,0,False,1,quiet,quiet,0.3.2
2,407539214,17,120,14785,0.5961429834365845,,0.0026334621668341117,False,0,False,0,quiet,quiet,0.3.2
2,408254278,17,120,13039,12.91207172870636,0.707364812275766,0.35924814327306775,False,1,False,0,rotator,pulsator,0.3.2
2,408891205,17,120,14736,0.6764270089991989,2.182863329374759,0.14771048899865036,False,0,False,0,rotator,pulsator,0.3.2
2,410468784,17,120,12536,2.2550217390060423,,0.028649296095340903,False,0,False,0,quiet,quiet,0.3.2
2,410772990,17,120,15128,5.143478230030641,19.716283528227525,0.20483045887009327,False,0,False,0,rotator,rotator,0.3.2
2,411312345,17,120,14755,5.811377835273742,,0.0020952896472778626,False,0,False,0,variable,variable,0.3.2
2,411319094,17,120,14675,6.609711027145385,,0.0007404874014536978,False,0,False,0,variable,variable,0.3.2
2,411527640,17,120,13029,2.984072971343994,,0.0025591233939009183,False,0,False,0,quiet,quiet,0.3.2
2,411533604,17,120,13025,0.9664126396179199,,0.005373617212182353,False,0,False,0,quiet,quiet,0.3.2
2,411533716,17,120,13016,0.40548502786502155,,0.03802641031871184,False,0,False,0,quiet,quiet,0.3.2
2,411534476,17,120,13048,0.7041309566536831,9.03292568149263,0.22223294876661295,False,2,False,0,rotator,rotator,0.3.2
2,411550916,17,120,13041,1.0805864810943602,3.6696289876251953,0.24992362555378042,False,0,False,0,rotator,pulsator,0.3.2
2,411551689,17,120,13046,0.9218300521373748,9.032922847406395,0.12738687490706233,False,0,False,0,rotator,rotator,0.3.2
2,411552226,17,120,13030,0.7129679203033447,,0.006874056475782721,False,0,False,0,quiet,quiet,0.3.2
2,411553761,17,120,12943,24.593239867687224,,0.0013993764191027062,False,0,False,0,variable,variable,0.3.2
2,411607575,17,120,13009,0.6548205614089965,,0.014585232166004942,False,0,False,0,quiet,quiet,0.3.2
2,411612403,17,120,12726,1.8462670147418976,,0.010284984160055076,False,0,False,0,quiet,quiet,0.3.2
2,411629080,17,120,12719,4.164163899421692,3.5989519240591505,0.4489595345872066,False,0,False,0,rotator,rotator,0.3.2
2,411629153,17,120,12736,1.9247836232185362,5.76248826732342,0.2095504991042959,False,0,False,0,rotator,pulsator,0.3.2
2,411634974,17,120,12708,0.521293692511696,,0.013926963369060727,False,0,False,0,quiet,quiet,0.3.2
2,412353405,17,120,14782,0.7833986878395081,,0.07745472906744985,False,0,False,0,quiet,quiet,0.3.2
2,412353940,17,120,14809,52.80920158624649,,0.002324330781681741,False,0,False,0,variable,variable,0.3.2
2,412650616,17,120,14674,7.473128388132799,,0.001080263379689345,False,0,False,0,variable,variable,0.3.2
2,412880893,17,120,15033,4.578264999389648,16.89969790382325,0.8337749749835283,False,4,False,0,flaring,flaring,0.3.2
2,413170977,17,120,15108,25.869653928279877,0.29483310486125275,0.828114319925566,False,0,False,0,rotator,pulsator,0.3.2
2,413177949,17,120,15121,0.5141357660293578,,0.0014675363111285452,False,0,False,0,quiet,quiet,0.3.2
2,413446345,17,120,15129,3.290539598464966,,0.015971664067604887,False,0,False,0,quiet,quiet,0.3.2
2,413738660,17,120,15127,0.707577359676361,,0.003309154573287765,False,0,False,0,quiet,quiet,0.3.2
2,414022494,17,120,15128,24.537965260087407,,0.0014368015751104728,False,0,False,0,variable,variable,0.3.2
2,414283548,17,120,15129,37.15174384117127,,0.002705677265715353,False,0,False,0,variable,variable,0.3.2
2,414579577,17,120,15129,6.298649168014526,,0.023442745858836753,False,0,False,0,variable,variable,0.3.2
2,414807236,17,120,12936,1.1124879293150942,,0.011513894490952158,False,0,False,0,quiet,quiet,0.3.2
2,414827885,17,120,13049,2.128122639656067,,0.0006392368395776028,False,0,False,0,quiet,quiet,0.3.2
2,414828492,17,120,13023,0.9729520082473755,,0.005431137280557903,False,0,False,0,quiet,quiet,0.3.2
2,414828529,17,120,13045,0.6268956899642943,,0.006563622439045285,False,0,False,0,quiet,quiet,0.3.2
2,414829884,17,120,13050,0.8625780187500703,,0.0013294496539047768,False,0,False,0,quiet,quiet,0.3.2
2,414863222,17,120,15118,0.5334887305802863,,0.02216286574188208,False,0,False,0,quiet,quiet,0.3.2
2,414920994,17,120,13049,0.6371465921401978,,0.017162814195264574,False,0,False,0,quiet,quiet,0.3.2
2,414923750,17,120,13043,0.6355559349060058,,0.0015598305318658295,False,0,False,0,quiet,quiet,0.3.2
2,414962427,17,120,12969,1.23258261680603,,0.0024689382812469103,False,0,False,0,quiet,quiet,0.3.2
2,415753558,17,120,14784,4.282844603061676,,0.005051182904335535,False,0,False,0,quiet,quiet,0.3.2
2,415779282,17,120,12861,1.537546956539154,,0.08739845898838029,False,0,False,0,quiet,quiet,0.3.2
2,415833363,17,120,12757,1.9496155500411987,,0.005133862486120337,False,0,False,0,quiet,quiet,0.3.2
2,415834033,17,120,13066,0.542237377166748,,0.003596122367080858,False,0,False,0,quiet,quiet,0.3.2
2,416036193,17,120,15129,1.6456232786178588,6.958667351171323,0.4926227638131599,False,0,False,0,rotator,rotator,0.3.2
2,416195505,17,120,13804,1.6838874220848083,,0.0009411962292285376,False,0,False,0,quiet,quiet,0.3.2
2,416401346,17,120,13481,1.7031520485877991,,0.01777706215033416,False,0,False,0,quiet,quiet,0.3.2
2,416402027,17,120,14182,0.4986710131960503,,0.05713133335501749,False,0,False,0,quiet,quiet,0.3.2
2,417603153,17,120,14459,163.13807104825972,,0.0012897347740150587,False,0,False,0,variable,variable,0.3.2
2,417641477,17,120,13464,4.124883625652898,9.45380187815696,0.3241500355052494,False,5,False,0,flaring,flaring,0.3.2
2,417666248,17,120,11904,1.1309572261001333,,0.0010494875405431567,False,0,False,0,quiet,quiet,0.3.2
2,417668574,17,120,11933,1.4687952160835265,,0.0014725287034732058,False,0,False,0,quiet,quiet,0.3.2
2,417703706,17,120,14094,1.4348611950874326,0.5411219592584272,0.35253462331329877,False,0,False,0,rotator,pulsator,0.3.2
2,417734885,17,120,14186,1.1579984664916991,,0.0018760267905271178,False,0,False,0,quiet,quiet,0.3.2
2,417735733,17,120,14185,11.354641556739805,2.2211426601297672,0.7270331596846038,False,0,False,0,rotator,rotator,0.3.2
2,417748344,17,120,12062,0.9447620554197447,,0.010649573183676432,False,0,False,0,quiet,quiet,0.3.2
2,417750779,17,120,13030,2.8190865522350834,,0.06271717431519021,False,0,False,0,quiet,quiet,0.3.2
2,417775258,17,120,12744,1.4331379403728859,,0.0013610380122988674,False,0,False,0,quiet,quiet,0.3.2
2,417778386,17,120,12995,0.9315949201583862,,0.00388481052638852,False,0,False,0,quiet,quiet,0.3.2
2,417781149,17,120,12783,0.8574526190757751,0.844941755865354,0.11495528664154638,False,0,False,0,rotator,pulsator,0.3.2
2,417824109,17,120,12532,1.5170452426102903,10.368765140348675,0.13777497877967101,False,0,False,0,rotator,pulsator,0.3.2
2,417833728,17,120,12707,5.05908533334732,,0.003019252137922789,False,0,False,0,variable,variable,0.3.2
2,418222097,17,120,14093,0.617086637020111,,0.016774817401634397,False,0,False,0,quiet,quiet,0.3.2
2,418224413,17,120,14096,1.1732423349167307,,0.00046440280019817936,False,0,False,0,quiet,quiet,0.3.2
2,418305344,17,120,13132,1.450679397583008,,0.004773304570249552,False,0,False,0,quiet,quiet,0.3.2
2,419522548,17,120,13096,0.3668674170970917,,0.10703285736483825,True,0,False,0,quiet,quiet,0.3.2
2,419545902,17,120,13031,0.9087954998016358,,0.003964874828689651,False,0,False,0,quiet,quiet,0.3.2
2,419548998,17,120,12760,0.8712383670352916,,0.001942171448130856,False,0,False,0,quiet,quiet,0.3.2
2,420106897,17,120,12980,1.6859199285507203,,0.0048715137924373875,False,0,False,0,quiet,quiet,0.3.2
2,420108194,17,120,13513,0.5025593161582946,,0.0016404805843616647,False,0,False,0,quiet,quiet,0.3.2
2,420111273,17,120,13525,1.8951797246932982,,0.007608362798958974,False,0,False,0,quiet,quiet,0.3.2
2,420112610,17,120,13519,0.7879055500030516,,0.030500792894491893,False,0,False,0,quiet,quiet,0.3.2
2,420113738,17,120,13138,2.184149252423599,5.3747012346982395,0.16948414073688128,False,0,False,0,rotator,pulsator,0.3.2
2,420114727,17,120,13525,0.9731287479400633,,0.001053958440771614,False,0,False,0,quiet,quiet,0.3.2
2,420129186,17,120,13159,2.252724123001099,,0.0028442214067878144,False,0,False,0,quiet,quiet,0.3.2
2,420130591,17,120,13175,2.921860599517822,,0.003110945960940353,False,0,False,0,quiet,quiet,0.3.2
2,420130829,17,120,13167,2.426812720298767,,0.0027927638591564957,False,0,False,0,quiet,quiet,0.3.2
2,420132503,17,120,13525,1.4884133219718931,,0.04290202610011552,False,0,False,0,quiet,quiet,0.3.2
2,420134808,17,120,13523,0.813709545135498,,0.004800207817258176,False,0,False,0,quiet,quiet,0.3.2
2,420135095,17,120,13175,3.3781141161918637,,0.004497914151414901,False,0,False,0,quiet,quiet,0.3.2
2,420135687,17,120,13248,1.4596047520637512,,0.0019081768504623472,False,0,False,0,quiet,quiet,0.3.2
2,420174622,17,120,13523,1.11619952917099,,0.24196152262467097,True,0,False,0,quiet,quiet,0.3.2
2,420176773,17,120,13521,0.6386488795280456,,0.0051478467802811905,False,0,False,0,quiet,quiet,0.3.2
2,420236660,17,120,15121,0.5512511014938355,,0.06018716431188573,False,0,False,0,quiet,quiet,0.3.2
2,420295025,17,120,12870,0.6840267956256867,,0.07806081148412564,False,0,False,0,quiet,quiet,0.3.2
2,420393296,17,120,12865,0.21350154876708982,5.0042913246266325,0.248888389284528,False,1,False,0,rotator,rotator,0.3.2
2,420471403,17,120,14439,4.103365445137024,,0.004522826435275199,False,0,False,0,quiet,quiet,0.3.2
2,421335009,17,120,14184,1.1298527041033715,,0.0074479459371530185,False,0,False,0,quiet,quiet,0.3.2
2,421335923,17,120,13432,2.650609435159249,,0.015043836478024653,False,0,False,0,quiet,quiet,0.3.2
2,421562058,17,120,14357,252.60061054229737,0.13779373717736407,0.41672804341441516,False,0,False,0,rotator,pulsator,0.3.2
2,421714719,17,120,14759,11.95962152481079,,0.001585405321038716,False,0,False,0,variable,variable,0.3.2
2,421726415,17,120,15129,23.60888814926147,,0.0011958471893366352,False,0,False,0,variable,variable,0.3.2
2,421786565,17,120,15126,3.6623999118804926,0.13071507566402782,0.7317063982352215,False,0,False,0,rotator,pulsator,0.3.2
2,421845505,17,120,15118,0.41180348396301264,,0.0041015041584969245,False,0,False,0,quiet,quiet,0.3.2
2,422020712,17,120,15129,25.843938302993774,,0.0011223050102292175,False,0,False,0,variable,variable,0.3.2
2,422053386,17,120,15121,0.34870741367340086,,0.02934986651577025,False,0,False,0,quiet,quiet,0.3.2
2,422108142,17,120,15129,0.5887199163436889,9.09977215000866,0.1886546536087077,False,2,False,0,rotator,pulsator,0.3.2
2,422157071,17,120,15129,4.857690453529358,,0.007940496084909638,False,0,False,0,quiet,quiet,0.3.2
2,422294788,17,120,15129,112.2509136199951,,0.0008477782449116679,False,0,False,0,variable,variable,0.3.2
2,422303763,17,120,15127,7.278847503662109,,0.007896082392747089,False,0,False,0,variable,variable,0.3.2
2,422340597,17,120,14789,0.7635154724121093,,0.0012555363429147266,False,0,False,0,quiet,quiet,0.3.2
2,422368487,17,120,14094,1.026504165724044,,0.0023087836280319394,False,0,False,0,quiet,quiet,0.3.2
2,422425371,17,120,13843,2.0310925483703612,,0.0019361640804762246,False,0,False,0,quiet,quiet,0.3.2
2,422430585,17,120,14651,0.8322672128677369,,0.011243670420247764,False,0,False,0,quiet,quiet,0.3.2
2,422450337,17,120,13878,3.472360453833328,5.719108546415725,0.2583604980237283,False,0,False,0,rotator,rotator,0.3.2
2,422554587,17,120,14164,4.354689028579651,,0.0017510880301120097,False,0,False,0,quiet,quiet,0.3.2
2,422610504,17,120,13840,4.802857250145509,,0.011389814544379293,False,0,False,0,quiet,quiet,0.3.2
2,422656102,17,120,14593,0.4508629560470581,,0.028849455070624353,False,0,False,0,quiet,quiet,0.3.2
2,422891966,17,120,12705,2.3725536346435545,,0.005126295199519327,False,0,False,0,quiet,quiet,0.3.2
2,423926057,17,120,14070,1.0226158314163734,,0.0016615537427776103,False,0,False,0,quiet,quiet,0.3.2
2,423926352,17,120,13505,10.475891804695129,7.124585031745738,0.39658244651343094,False,2,False,0,rotator,pulsator,0.3.2
2,423948241,17,120,14089,1.986907625198364,6.066154742498108,0.40197764584236234,False,0,False,0,rotator,pulsator,0.3.2
2,423952232,17,120,14093,0.8641687273979186,,0.001857382343205483,False,0,False,0,quiet,quiet,0.3.2
2,424008134,17,120,12740,1.1045346436181878,,0.015471309765613136,False,0,False,0,quiet,quiet,0.3.2
2,424388104,17,120,12942,4.388490885153141,,0.0010496620170417719,False,0,False,0,quiet,quiet,0.3.2
2,424390417,17,120,13471,1.1628588080406188,,0.002535752890841672,False,0,False,0,quiet,quiet,0.3.2
2,424391134,17,120,12518,1.4318565349664367,,0.0018674647662010224,False,0,False,0,quiet,quiet,0.3.2
2,424438640,17,120,14182,0.8865704570242625,0.807685933471442,0.27589116517040624,False,0,False,0,rotator,pulsator,0.3.2
2,424439938,17,120,14177,0.9556315183639525,3.1215831298899,0.18818950038430185,False,0,False,0,rotator,pulsator,0.3.2
2,424461639,17,120,14183,0.7893194675445556,,0.00157984673397975,False,0,False,0,quiet,quiet,0.3.2
2,424699511,17,120,14184,1.1383802927505795,,0.0013129208023222965,False,0,False,0,quiet,quiet,0.3.2
2,424730553,17,120,11896,1.8532481773719733,,0.0011954838200065494,False,0,False,0,quiet,quiet,0.3.2
2,426143109,17,120,13464,1.550714063644409,,0.015396002910565308,False,0,False,0,quiet,quiet,0.3.2
2,426960867,17,120,13035,1.267930555343628,,0.03775796273999707,False,0,False,0,quiet,quiet,0.3.2
2,427063387,17,120,14665,2.1777864933013915,1.8293999054471222,0.19351961176413818,False,0,True,6,dipper,eclipsing,0.3.2
2,427068452,17,120,15128,1.052175606852043,3.816019050554675,0.3404362403280548,False,0,False,0,rotator,pulsator,0.3.2
2,427069467,17,120,15120,0.410875576086308,3.197203892738761,0.16891730343798203,False,0,False,0,rotator,rotator,0.3.2
2,427151794,17,120,14791,0.6238027453422547,6.2038912230798955,0.3189261677177871,False,1,False,0,rotator,eclipsing,0.3.2
2,427322328,17,120,13752,4.6697716969387715,,0.0015272538516359422,False,0,False,0,quiet,quiet,0.3.2
2,427446140,17,120,13899,0.7794220447540283,6.34845390985308,0.1141747444517345,False,0,False,0,rotator,pulsator,0.3.2
2,427446219,17,120,12473,1.95562469959259,,0.014809676171043682,False,0,False,0,quiet,quiet,0.3.2
2,427446682,17,120,14421,0.5417071580886841,,0.0273730580869242,False,0,False,0,quiet,quiet,0.3.2
2,427447676,17,120,11506,1.5340122084025207,,0.0010257282335310628,False,0,False,0,quiet,quiet,0.3.2
2,427466729,17,120,12553,4.116444182395934,,0.0047055440278240815,False,0,False,0,quiet,quiet,0.3.2
2,427516047,17,120,11454,4.568986437856342,,0.0809245055661152,False,0,False,0,quiet,quiet,0.3.2
2,427690309,17,120,14176,3.928923368453979,,0.005892056614315909,False,0,False,0,quiet,quiet,0.3.2
2,427693024,17,120,12669,1.02438325881958,,0.013553561276813482,False,0,False,1,quiet,quiet,0.3.2
2,427693129,17,120,12791,0.859485125541687,,0.007309370772192851,False,0,False,0,quiet,quiet,0.3.2
2,428003617,17,120,12728,1.6189355850219727,,0.005062441386416555,False,0,False,0,quiet,quiet,0.3.2
2,428040440,17,120,13131,0.4330122470855713,,0.006475598596013348,False,0,False,0,quiet,quiet,0.3.2
2,428041556,17,120,13092,1.62971670627594,8.307887509446996,0.35113722401135544,False,0,False,0,rotator,rotator,0.3.2
2,428059637,17,120,13132,0.7872869376156646,,0.00938305606904205,False,0,False,0,quiet,quiet,0.3.2
2,428063994,17,120,14739,51.27024071216583,7.832745767264669,0.18187776146750004,False,0,False,0,rotator,pulsator,0.3.2
2,428186617,17,120,15129,3.087288951873779,0.7534864380024435,0.531853032767364,False,0,False,1,rotator,pulsator,0.3.2
2,428269072,17,120,15128,9.223912281510598,,0.0010798087809306713,False,0,False,0,variable,variable,0.3.2
2,428474950,17,120,12831,82.2228398323059,,0.001998509648307439,False,0,False,0,variable,variable,0.3.2
2,428985514,17,120,13410,2.8334906687292256,,0.004475534611446071,False,0,False,0,quiet,quiet,0.3.2
2,428986448,17,120,12906,6.537159383296966,3.7181246277612745,0.12304471040697819,False,0,False,0,rotator,rotator,0.3.2
2,428986692,17,120,14090,16.994494026735246,2.6804443773856264,0.8299710348744668,False,0,False,0,rotator,pulsator,0.3.2
2,428987040,17,120,14084,0.5035313844680785,1.2393458491851927,0.11779097109984316,False,0,False,0,rotator,pulsator,0.3.2
2,429034419,17,120,13046,2.3249664030979154,9.78570495673381,0.26183317742644274,False,3,False,0,flaring,flaring,0.3.2
2,429034456,17,120,12945,6.5976927280426025,,0.006846060675621307,False,2,False,0,variable,variable,0.3.2
2,429213399,17,120,14431,2.531619358062744,,0.0065222964795734525,False,0,False,0,quiet,quiet,0.3.2
2,429221797,17,120,14789,4.178479814529418,0.5508062152454445,0.6318497740061881,False,0,False,0,rotator,pulsator,0.3.2
2,430367805,17,120,15129,5.261363911628723,,0.018012512924946614,False,0,False,0,variable,variable,0.3.2
2,430526927,17,120,15129,38.28323135375977,,0.001749177250711016,False,0,False,0,variable,variable,0.3.2
2,430533611,17,120,15115,157.16992510557174,,0.03094424942227624,False,0,False,0,variable,variable,0.3.2
2,430685678,17,120,14830,7.199314212839948,,0.007019756335706556,False,0,False,0,variable,variable,0.3.2
2,430837549,17,120,14899,6.578781580924987,,0.007617943335738412,False,0,False,0,variable,variable,0.3.2
2,431185027,17,120,13134,1.1508405089378357,7.754024159503237,0.2601087073489909,False,2,False,0,rotator,pulsator,0.3.2
2,431208263,17,120,13131,1.0575219511985778,2.9077744800999312,0.441983694267642,False,0,False,0,rotator,pulsator,0.3.2
2,431238133,17,120,12779,0.4900991678237915,,0.09755847552871785,False,0,False,0,quiet,quiet,0.3.2
2,431249134,17,120,12946,2.123836638813119,,0.0031096562532944936,False,0,False,0,quiet,quiet,0.3.2
2,431274766,17,120,13131,4.1251044273376465,5.8155382026092175,0.5525068326539413,False,0,False,0,rotator,pulsator,0.3.2
2,431373652,17,120,13133,0.6735549688339233,,0.011044440279947143,False,0,False,0,quiet,quiet,0.3.2
2,431404803,17,120,12939,28.12988948822021,,0.001642164801146601,False,0,False,0,variable,variable,0.3.2
2,431420964,17,120,12899,1.1300735950469971,,0.0011056190081453043,False,0,False,0,quiet,quiet,0.3.2
2,431453124,17,120,13135,3.2901861190795896,5.538663480540652,0.6066920777913067,False,0,False,0,rotator,pulsator,0.3.2
2,431456091,17,120,13090,0.9575756549835205,,0.00994499853422556,False,0,False,0,quiet,quiet,0.3.2
2,431514478,17,120,13129,0.603035831451416,,0.002860293041409239,False,0,False,0,quiet,quiet,0.3.2
2,431515565,17,120,12940,1.1418267846107482,,0.001543423900347095,False,0,False,0,quiet,quiet,0.3.2
2,431520181,17,120,13127,0.5979987502098083,,0.05914663665152066,False,0,False,0,quiet,quiet,0.3.2
2,431521404,17,120,12912,144.86682294012513,2.5612564757910703,0.34776151280204093,False,0,False,0,rotator,rotator,0.3.2
2,431529765,17,120,13131,0.7985099315643309,,0.0034103829235933264,False,0,False,0,quiet,quiet,0.3.2
2,431551331,17,120,12900,1.337344989934862,,0.019112552509608898,False,0,False,0,quiet,quiet,0.3.2
2,431626969,17,120,12870,2.0821704436642197,,0.024807787102300312,False,0,False,0,quiet,quiet,0.3.2
2,431631796,17,120,13085,2.0370133280754086,2.1945618636735005,0.32848392935154114,False,0,False,0,rotator,rotator,0.3.2
2,431633665,17,120,12882,3.575797249329254,,0.002019774244523678,False,0,False,0,quiet,quiet,0.3.2
2,431682550,17,120,12912,6.409818052660342,,0.0015054580519214813,False,0,False,0,variable,variable,0.3.2
2,431711000,17,120,13023,1.0160764932632447,,0.005161017155584336,False,0,False,0,quiet,quiet,0.3.2
2,431711445,17,120,13074,1.0894676181832665,,0.0013982935045144694,False,0,False,0,quiet,quiet,0.3.2
2,432485226,17,120,12849,1.1258318424224854,,0.0012259665027055148,False,0,False,0,quiet,quiet,0.3.2
2,432548936,17,120,12854,1.3959785459028808,,0.0015067207415257312,False,0,False,0,quiet,quiet,0.3.2
2,432549056,17,120,13081,0.8220163106918335,,0.07069570735591273,False,0,False,0,quiet,quiet,0.3.2
2,432549061,17,120,13094,0.8150793263363436,,0.08649086603337054,False,0,False,0,quiet,quiet,0.3.2
2,432549211,17,120,12849,2.3716699361801146,6.051453372440392,0.2113795063704852,False,0,False,0,rotator,pulsator,0.3.2
2,432552431,17,120,13089,1.2691677331924436,1.821155473175935,0.3865607275777142,False,0,False,0,rotator,pulsator,0.3.2
2,432758339,17,120,12763,13.202631783485412,4.818298480916401,0.7759578296482663,False,1,False,0,rotator,rotator,0.3.2
2,432840484,17,120,12788,1.0432060360908508,,0.0929654274184223,False,0,False,0,quiet,quiet,0.3.2
2,433699239,17,120,14602,1.4753788575755868,,0.007168679602882628,False,0,False,0,quiet,quiet,0.3.2
2,433784300,17,120,14603,4.237334132194519,,0.0008265303648789004,False,0,False,0,quiet,quiet,0.3.2
2,433884861,17,120,14597,0.7014798402786254,2.485815169005961,0.14032756424632273,False,0,False,0,rotator,rotator,0.3.2
2,434079115,17,120,14824,8.116814571619033,2.033636081684939,0.4156893931511433,False,5,False,0,flaring,flaring,0.3.2
2,434207429,17,120,13037,0.5901338338851928,3.355104081796493,0.25016310977003703,False,0,False,0,rotator,rotator,0.3.2
2,434209674,17,120,12768,1.0136021979810117,,0.0049782899200203875,False,0,False,0,quiet,quiet,0.3.2
2,434210589,17,120,13033,0.5028244256973265,,0.028687493213392104,False,0,False,0,quiet,quiet,0.3.2
2,434216109,17,120,12887,0.9303577423095702,,0.0022341126150479673,False,0,False,0,quiet,quiet,0.3.2
2,434219655,17,120,12785,1.0565498828887938,,0.002611550407158453,False,0,False,0,quiet,quiet,0.3.2
2,434220167,17,120,12928,1.7533460690574028,,0.0024134532712044446,False,0,False,0,quiet,quiet,0.3.2
2,434223590,17,120,13035,1.038610804080963,,0.013231905824204705,False,0,False,0,quiet,quiet,0.3.2
2,434224028,17,120,12737,3.0204813480377197,,0.001907526257162448,False,0,False,0,quiet,quiet,0.3.2
2,434225208,17,120,12760,1.2662073056040015,,0.016871023494879015,False,0,False,0,quiet,quiet,0.3.2
2,434225562,17,120,12921,1.4381308794021606,,0.0032333258011977245,False,0,False,0,quiet,quiet,0.3.2
2,434437274,17,120,14603,28.113629436492918,,0.032919263455924115,False,0,False,0,variable,variable,0.3.2
2,434539653,17,120,14601,32.79599411487579,,0.7062618068392348,True,13,False,2,flaring,eclipsing,0.3.2
2,434625997,17,120,14601,36.87505785226822,,0.6223790422621994,True,0,True,12,dipper,eclipsing,0.3.2
2,434633255,17,120,14603,5.961606574058532,,0.0011441761984532966,False,0,False,0,variable,variable,0.3.2
2,434723918,17,120,14603,2.8530204892158504,,0.09630578697358018,False,0,False,2,quiet,eclipsing,0.3.2
2,434886933,17,120,14599,0.6219469785690308,,0.08423863122082967,False,0,False,0,quiet,quiet,0.3.2
2,434972932,17,120,14509,17.687754964828493,,0.012229228085570571,False,0,False,0,variable,variable,0.3.2
2,434972994,17,120,14593,0.5037081241607666,2.7817523603345404,0.13631134272581485,False,0,False,0,rotator,rotator,0.3.2
2,435167736,17,120,14598,0.6632157165770446,,0.08174621635230161,False,0,False,0,quiet,quiet,0.3.2
2,435264032,17,120,14603,5.43474555015564,,0.0019006707880869277,False,0,False,0,variable,variable,0.3.2
2,435271924,17,120,14435,153.13902293443678,5.3014609603235385,0.40066094488737564,False,0,False,0,rotator,rotator,0.3.2
2,435590476,17,120,13820,1.7202074289321898,10.366317558417263,0.15328139990082823,False,0,False,0,rotator,rotator,0.3.2
2,435854337,17,120,12738,90.19336081127408,,0.0018175673755535914,False,0,False,0,variable,variable,0.3.2
2,435855608,17,120,12893,0.8930656671524048,,0.002979866498990392,False,0,False,0,quiet,quiet,0.3.2
2,435855713,17,120,13039,0.995221209526062,5.591852436992136,0.31293824639313184,False,0,False,0,rotator,pulsator,0.3.2
2,435856624,17,120,12923,1.252642571926117,,0.011655211403871359,False,0,False,0,quiet,quiet,0.3.2
2,435856800,17,120,13041,0.8054027795791626,,0.07771317121785416,False,0,False,0,quiet,quiet,0.3.2
2,435861098,17,120,12748,4.1198462986991915,,0.0020566564443208896,False,0,False,0,quiet,quiet,0.3.2
2,435861943,17,120,13041,0.26599323749542236,,0.08491259058533324,False,0,False,0,quiet,quiet,0.3.2
2,435864514,17,120,13039,1.807870316505432,,0.05403628537942953,False,0,False,2,quiet,eclipsing,0.3.2
2,435864557,17,120,12961,4.9342187404632565,5.095047183521293,0.40843657412128137,False,3,False,0,flaring,flaring,0.3.2
2,435865614,17,120,12916,1.0328226407064582,,0.002297335144067782,False,0,False,0,quiet,quiet,0.3.2
2,435868241,17,120,12887,1.327138352394104,,0.0038363597111534227,False,0,False,0,quiet,quiet,0.3.2
2,435871493,17,120,13034,0.8282464095427515,,0.006430607275776987,False,0,False,0,quiet,quiet,0.3.2
2,435871534,17,120,13038,2.5674976687131923,,0.005527775568034359,False,0,False,0,quiet,quiet,0.3.2
2,435872775,17,120,13041,0.5680413722991944,,0.009247998731727384,False,0,False,0,quiet,quiet,0.3.2
2,435872820,17,120,13038,0.5749341860452779,,0.003828798245263441,False,0,False,0,quiet,quiet,0.3.2
2,435873235,17,120,12721,2.6911269307136534,,0.0017022143679465643,False,0,False,0,quiet,quiet,0.3.2
2,435874141,17,120,13041,0.5222657918930054,,0.003871589940703031,False,0,False,0,quiet,quiet,0.3.2
2,435876873,17,120,12888,1.803628510128602,,0.044012249967725695,False,4,False,0,flaring,flaring,0.3.2
2,435878153,17,120,12801,5.018170094490051,,0.050398822807266576,False,3,False,0,flaring,flaring,0.3.2
2,436527780,17,120,12842,7.5370195605147146,2.324144053898499,0.5999522464284589,False,0,False,0,rotator,rotator,0.3.2
2,436541090,17,120,13049,0.5691018104553223,,0.00388510681531914,False,0,False,0,quiet,quiet,0.3.2
2,436542560,17,120,12847,8.55101981163025,1.7878020522698532,0.4599223269770443,False,2,False,0,rotator,pulsator,0.3.2
2,436543455,17,120,12861,1.5181939601898193,5.5373120397899545,0.18309885755885155,False,0,False,0,rotator,pulsator,0.3.2
2,436543803,17,120,12942,0.9023003160953521,,0.012267511769004015,False,0,False,0,quiet,quiet,0.3.2
2,436544160,17,120,13047,0.6148773908615113,,0.0028710085349583805,False,0,False,0,quiet,quiet,0.3.2
2,436544386,17,120,12891,1.3223663806915282,5.826315487279317,0.12806354222386387,False,0,False,0,rotator,pulsator,0.3.2
2,436545818,17,120,12863,69.85318222045899,,0.0010472605880866577,False,0,False,0,variable,variable,0.3.2
2,436546422,17,120,12819,1.4413121938705444,,0.00580987710567954,False,0,False,0,quiet,quiet,0.3.2
2,436547082,17,120,12894,1.9792195075517744,,0.002462381511222261,False,0,False,0,quiet,quiet,0.3.2
2,436548265,17,120,12760,1.5884920309342117,,0.005116150647169838,False,0,False,0,quiet,quiet,0.3.2
2,436549573,17,120,12875,2.5659952282905576,,0.0013595038620195924,False,0,False,0,quiet,quiet,0.3.2
2,436552801,17,120,12885,1.101706874370575,,0.004918750962178496,False,0,False,0,quiet,quiet,0.3.2
2,436555069,17,120,12860,1.9535480664237757,,0.0023200299204025436,False,0,False,0,quiet,quiet,0.3.2
2,436555838,17,120,12879,5.437838494777679,5.819744820391635,0.26900779426510857,False,2,False,0,rotator,pulsator,0.3.2
2,436558599,17,120,13035,0.7790685653686523,,0.0032992571108736023,False,0,False,0,quiet,quiet,0.3.2
2,436558874,17,120,12886,2.9395786661035217,,0.001670861830798978,False,0,False,0,quiet,quiet,0.3.2
2,436559462,17,120,12899,2.16912624835968,,0.0013337965896025,False,0,False,0,quiet,quiet,0.3.2
2,436560395,17,120,12903,1.2578563928604125,,0.001426495758940481,False,0,False,0,quiet,quiet,0.3.2
2,437734974,17,120,12776,1.4805484056472777,,0.01133084468635572,False,0,False,0,quiet,quiet,0.3.2
2,437736692,17,120,13033,1.5003432512283326,,0.009942380554021938,False,0,False,0,quiet,quiet,0.3.2
2,437737149,17,120,13033,1.4376890301704406,,0.026418086955144367,False,0,False,0,quiet,quiet,0.3.2
2,437745597,17,120,13028,0.5857595439481599,,0.004288976735402519,False,0,False,0,quiet,quiet,0.3.2
2,437745749,17,120,12874,1.7046542851729904,,0.017371303146152824,False,0,False,0,quiet,quiet,0.3.2
2,437746031,17,120,12895,1.6751388072967528,11.656030333485432,0.23232446322329717,False,0,False,0,rotator,rotator,0.3.2
2,437747815,17,120,13013,0.618412184715271,,0.0879683832834652,False,0,False,0,quiet,quiet,0.3.2
2,437749749,17,120,13018,0.3432284832000732,,0.05662463957552226,False,0,False,0,quiet,quiet,0.3.2
2,437751174,17,120,13024,3.507575941085815,0.10864871386642462,0.22330036498286215,False,0,False,0,rotator,pulsator,0.3.2
2,437751667,17,120,13015,2.080137813091278,5.3389110445288095,0.5340774437272537,False,14,False,0,flaring,flaring,0.3.2
2,437761230,17,120,13033,2.2424732208251954,,0.03227316338729443,False,2,False,0,quiet,quiet,0.3.2
2,437761325,17,120,12676,2.4770509779453276,4.108571029414959,0.30674725457424135,False,0,False,0,rotator,pulsator,0.3.2
2,439935780,17,120,12875,1.95739209651947,,0.05399622518956385,False,0,False,0,quiet,quiet,0.3.2
2,439942977,17,120,13089,0.6596809029579161,,0.01716012185006021,False,0,False,0,quiet,quiet,0.3.2
2,439943228,17,120,12871,3.0980700731277464,,0.01733290565509214,False,0,False,3,quiet,quiet,0.3.2
2,439943275,17,120,13094,3.0028959276018097,6.856145424415124,0.26341789133200333,False,1,False,0,rotator,eclipsing,0.3.2
2,439944446,17,120,13097,1.0545173764228821,7.284664775888245,0.2261851262476679,False,1,False,0,rotator,eclipsing,0.3.2
2,439946126,17,120,13090,0.586819964647293,6.856170970730306,0.10253037680608901,False,0,False,0,rotator,rotator,0.3.2
2,439954185,17,120,12873,5.805015206336974,,0.0037239616566971173,False,0,False,0,variable,variable,0.3.2
2,439954523,17,120,12878,8.011212843990709,,0.0019294132060746546,False,0,False,0,variable,variable,0.3.2
2,439961187,17,120,13094,3.269507769912944,0.20963082906025043,0.49886538093185123,False,0,False,0,rotator,pulsator,0.3.2
2,439996090,17,120,13095,0.4530722022056579,,0.07473719958423992,False,0,False,0,quiet,quiet,0.3.2
2,439996850,17,120,13097,1.313441026210785,6.134473298213236,0.3945790180622401,False,0,False,0,rotator,rotator,0.3.2
2,440003271,17,120,13095,2.6048779606819155,1.3244899495309295,0.20463790610439636,False,0,True,12,dipper,eclipsing,0.3.2
2,440006124,17,120,13097,1.1995322942733764,3.150139643371526,0.1871079024730301,False,1,False,0,rotator,pulsator,0.3.2
2,440010496,17,120,12869,28.33225643634796,,0.003546601578661856,False,0,False,0,variable,variable,0.3.2
2,440047381,17,120,13088,8.973207287383513,16.65071180709674,0.8024592539790468,False,14,False,0,flaring,flaring,0.3.2
2,440051755,17,120,12863,20.846446752548214,0.15581652567132348,0.27666584365095764,False,0,False,0,rotator,pulsator,0.3.2
2,440057164,17,120,12886,1.1846419398593324,,0.00146374845844571,False,0,False,0,quiet,quiet,0.3.2
2,440062036,17,120,13091,0.27668598890304563,,0.010243640037154621,False,0,False,0,quiet,quiet,0.3.2
2,440062779,17,120,13094,0.465488137871734,,0.020666427624677804,False,0,False,0,quiet,quiet,0.3.2
2,440068000,17,120,13087,1.552746570110321,0.5023930692938989,0.16316910839946147,False,0,False,0,rotator,pulsator,0.3.2
2,440074857,17,120,13085,1.0656519770622253,4.482896678975451,0.15308803704010876,False,0,False,0,rotator,rotator,0.3.2
2,440097653,17,120,13096,0.5361398577690124,,0.007554068960466517,False,0,False,0,quiet,quiet,0.3.2
2,440103299,17,120,13088,0.5321632146835327,,0.007509408173203411,False,0,False,0,quiet,quiet,0.3.2
2,440106290,17,120,13068,0.7003751963265181,,0.017881361801434008,False,0,False,0,quiet,quiet,0.3.2
2,440120993,17,120,12924,1.1464219824545983,,0.0028287933188633377,False,0,False,0,quiet,quiet,0.3.2
2,440121331,17,120,12852,2.3792256998554286,,0.0010118072877722416,False,0,False,0,quiet,quiet,0.3.2
2,440160112,17,120,12835,75.29879726171492,,0.007444799953174737,False,0,False,0,variable,variable,0.3.2
2,440160130,17,120,13091,0.5417071580886841,,0.003332350928684838,False,0,False,0,quiet,quiet,0.3.2
2,440174420,17,120,13071,1.8561202526092528,,0.003755445271704098,False,0,False,0,quiet,quiet,0.3.2
2,440176841,17,120,12840,1.763773763179779,,0.02700574646041046,False,0,False,0,quiet,quiet,0.3.2
2,440633730,17,120,12763,1.4266427993774413,,0.002260376779730448,False,0,False,0,quiet,quiet,0.3.2
2,440660991,17,120,12898,0.9695055264529271,,0.004474582175648783,False,0,False,0,quiet,quiet,0.3.2
2,440661176,17,120,12750,2.564625572104024,3.2104080847550955,0.16037873961223584,False,0,False,0,rotator,pulsator,0.3.2
2,440661265,17,120,13028,0.32997301608243634,,0.01515993631881347,False,0,False,0,quiet,quiet,0.3.2
2,440662911,17,120,12640,1.7884731885335798,,0.0017214500870157065,False,0,False,1,quiet,quiet,0.3.2
2,440663716,17,120,12751,3.1940397262573237,,0.0030455837210281414,False,0,False,0,quiet,quiet,0.3.2
2,440665105,17,120,12873,0.9959281682968139,,0.001370802016357761,False,0,False,0,quiet,quiet,0.3.2
2,440666925,17,120,12646,148.43722131363216,0.14635917403852117,0.1104315075605609,False,0,False,0,rotator,pulsator,0.3.2
2,440669996,17,120,12797,1.0322481751441954,,0.001162253703264702,False,0,False,0,quiet,quiet,0.3.2
2,440675598,17,120,13019,0.9148046493530273,5.10680203068007,0.13006940826846997,False,0,False,0,rotator,pulsator,0.3.2
2,441716120,17,120,10101,4.615203595161438,,0.005655694752843335,False,0,False,0,quiet,quiet,0.3.2
2,441717161,17,120,13507,1.6416466355323789,2.475139387122874,0.4439545402334574,False,0,False,0,rotator,pulsator,0.3.2
2,441717533,17,120,12567,1.4734788179397582,,0.0438202697232026,False,0,False,0,quiet,quiet,0.3.2
2,441719240,17,120,10049,2.276583981513977,,0.004891165078518376,False,0,False,0,quiet,quiet,0.3.2
2,441719344,17,120,12609,0.7110237836837768,,0.0011353461552338821,False,0,False,0,quiet,quiet,0.3.2
2,441719749,17,120,10463,2.0794308543205258,6.922332578335272,0.11574998264797128,False,0,False,0,rotator,rotator,0.3.2
2,441721286,17,120,13519,0.3631116986274719,1.8072385119417445,0.24153424554186528,False,0,False,0,rotator,pulsator,0.3.2
2,441722120,17,120,9996,2.4476238191127777,,0.012480764592726361,False,1,False,0,quiet,quiet,0.3.2
2,441722187,17,120,9786,8.364426382516243,,0.0029993276951363664,False,0,False,0,variable,variable,0.3.2
2,441723333,17,120,13517,0.5754644393920898,,0.004976251562226078,False,0,False,0,quiet,quiet,0.3.2
2,441725294,17,120,11434,1.0906607085860198,10.65915981984972,0.12651582837604858,False,0,False,0,rotator,rotator,0.3.2
2,441728972,17,120,10446,1.1694865813698345,,0.020037508463368582,False,0,False,0,quiet,quiet,0.3.2
2,441730095,17,120,13202,1.1087764620780944,,0.004073758720015192,False,0,False,0,quiet,quiet,0.3.2
2,441730672,17,120,11480,8.767305271843233,,0.004851434505044129,False,0,False,0,variable,variable,0.3.2
2,441731914,17,120,9756,1.6023220539093017,,0.015586935234207117,False,0,False,0,quiet,quiet,0.3.2
2,441732717,17,120,10559,1.1933464050292968,,0.0022693889002538908,False,0,False,0,quiet,quiet,0.3.2
2,441733094,17,120,10411,2.0836726069450378,,0.004043838531611479,False,0,False,0,quiet,quiet,0.3.2
2,441736229,17,120,10028,2.87931069012348,,0.059215567349091884,False,0,False,0,quiet,quiet,0.3.2
2,441736741,17,120,11251,1.2993902206420898,,0.007371106270184883,False,0,False,0,quiet,quiet,0.3.2
2,441736768,17,120,13520,0.6721852362155915,,0.0026545249569109386,False,0,False,0,quiet,quiet,0.3.2
2,441736822,17,120,11539,1.8743244409561157,9.709753381786497,0.32909824385183306,False,0,False,0,rotator,pulsator,0.3.2
2,441737276,17,120,11868,14.895399931210282,,0.0023445913549947368,False,0,False,0,variable,variable,0.3.2
2,441738060,17,120,11807,1.1219435691833495,,0.00717899532969793,False,0,False,0,quiet,quiet,0.3.2
2,441761341,17,120,12635,1.8613340735435484,1.185130329788364,0.4438388782823566,False,0,False,0,rotator,pulsator,0.3.2
2,441761546,17,120,11814,2.131524751691535,9.86444393386116,0.32829829385868675,False,0,False,0,rotator,pulsator,0.3.2
2,441762836,17,120,9780,1.7630225669436879,,0.0045023267687090175,False,0,False,0,quiet,quiet,0.3.2
2,441763847,17,120,13511,0.49071775674819945,,0.0023771172113235253,False,0,False,0,quiet,quiet,0.3.2
2,441766745,17,120,11248,0.8865704306024056,,0.008137649723795866,False,0,False,0,quiet,quiet,0.3.2
2,441767095,17,120,11951,0.858601427078247,,0.08794808105162544,False,0,False,0,quiet,quiet,0.3.2
2,441767708,17,120,13524,0.8298370173622066,,0.005865268309430525,False,0,False,0,quiet,quiet,0.3.2
2,441791113,17,120,10556,185.15099425461906,,0.011247278910201105,False,0,False,0,variable,variable,0.3.2
2,441791515,17,120,13521,0.5837712049484253,,0.002809471307046664,False,0,False,0,quiet,quiet,0.3.2
2,441793272,17,120,13519,0.5761713981628418,,0.0016530995181932347,False,0,False,0,quiet,quiet,0.3.2
2,441795296,17,120,11207,8.310477089881898,8.098426439348453,0.6693309073954616,False,0,False,0,rotator,rotator,0.3.2
2,441795983,17,120,12728,0.9146279096603394,,0.0016511658524153722,False,0,False,0,quiet,quiet,0.3.2
2,441797040,17,120,9728,11.51490027308464,,0.0037555960932362763,False,0,False,0,variable,variable,0.3.2
2,441797806,17,120,10031,1.2686375141143797,,0.005361929109038598,False,0,False,0,quiet,quiet,0.3.2
2,441798979,17,120,11224,3.1740240506536974,,0.07603728858339756,False,0,False,0,quiet,quiet,0.3.2
2,441799643,17,120,13515,0.5545207858085631,,0.030426726554073736,False,0,False,0,quiet,quiet,0.3.2
2,441801398,17,120,9784,1.9113955914974212,,0.015355849704244959,False,0,False,0,quiet,quiet,0.3.2
2,441803739,17,120,12748,1.3942993525088216,,0.004295055994521248,False,0,False,0,quiet,quiet,0.3.2
2,441804055,17,120,10549,1.0024675369262694,,0.0033416453088853985,False,0,False,0,quiet,quiet,0.3.2
2,441806298,17,120,13524,2.143896593335372,2.919384688210002,0.42913806010571903,False,0,False,0,rotator,pulsator,0.3.2
2,441808423,17,120,10512,2.2094230299844164,,0.14879374808348406,True,0,False,0,quiet,quiet,0.3.2
2,441808600,17,120,11053,1.5068826198577878,,0.008885948512884276,False,0,False,0,quiet,quiet,0.3.2
2,441809866,17,120,12329,1.3785696029663084,3.4180174682884257,0.17714980627368443,False,0,False,0,rotator,rotator,0.3.2
2,441811392,17,120,10087,4.985473251342773,,0.005901746814659944,False,0,False,0,quiet,quiet,0.3.2
2,441811957,17,120,12750,0.7546784427953693,,0.005357973802467568,False,0,False,0,quiet,quiet,0.3.2
2,441812025,17,120,10465,1.8055727005004882,,0.007765115134645309,False,0,False,0,quiet,quiet,0.3.2
2,441813157,17,120,10023,4.817747282981872,,0.002537036218325368,False,0,False,0,quiet,quiet,0.3.2
2,441813918,17,120,13519,0.11329014301300049,,0.014659786000024277,False,0,False,0,quiet,quiet,0.3.2
2,444163786,17,120,15119,8.61676697731018,,0.0012229823793670732,False,0,False,0,variable,variable,0.3.2
2,444245034,17,120,12871,14.985316693782806,,0.013753351051635278,False,0,False,0,variable,variable,0.3.2
2,444315685,17,120,14602,34.97550486253217,,0.03926036168796728,False,0,False,0,variable,variable,0.3.2
2,444326014,17,120,12873,0.5323399543762207,10.463413101501208,0.4389754829317313,False,6,False,0,flaring,flaring,0.3.2
2,444450244,17,120,12833,75.00558611154557,,0.0025397521589550194,False,0,False,0,variable,variable,0.3.2
2,444524347,17,120,12872,1.0487733989222885,12.788823594658474,0.1164500003417821,False,4,False,0,flaring,flaring,0.3.2
2,44453218,17,120,13031,4.745372378826141,,0.9099644356840051,True,21,False,0,flaring,flaring,0.3.2
2,44486918,17,120,12897,1.598168671131134,,0.003542021559885115,False,0,False,0,quiet,quiet,0.3.2
2,44488807,17,120,13023,0.5519580602645874,,0.0013253340639521616,False,0,False,0,quiet,quiet,0.3.2
2,445110485,17,120,12868,0.6839826107025145,,0.049021191669897414,False,0,False,0,quiet,quiet,0.3.2
2,445115746,17,120,12864,0.709256386756897,5.4808848513150785,0.12524127230315138,False,0,False,0,rotator,pulsator,0.3.2
2,445139265,17,120,12297,2.013683688640594,,0.001892499418385379,False,0,False,0,quiet,quiet,0.3.2
2,445143380,17,120,12644,3.534351899196151,,0.004944515760670588,False,0,False,0,quiet,quiet,0.3.2
2,445188441,17,120,12870,6.088196016061543,1.6680961546999042,0.7173226033575647,False,0,False,0,rotator,pulsator,0.3.2
2,44521490,17,120,13029,0.8227232694625854,,0.004445310294473658,False,0,False,0,quiet,quiet,0.3.2
2,445224414,17,120,12873,0.6953823208808898,6.057844523246618,0.36251913763099614,False,0,False,0,rotator,pulsator,0.3.2
2,44523196,17,120,12943,5.137646126747131,8.98867120977439,0.5593987712577417,False,0,False,0,rotator,rotator,0.3.2
2,445245751,17,120,12335,16.471962618827817,,0.0016576385622366875,False,0,False,0,variable,variable,0.3.2
2,445293761,17,120,12867,0.7617480754852294,3.1107879669515124,0.10701145631660788,False,0,False,0,rotator,rotator,0.3.2
2,445372822,17,120,12303,14.703505253791807,,0.016946857641551953,False,0,False,0,variable,variable,0.3.2
2,445378703,17,120,11881,6.3033327698707575,,0.03198426461963022,False,0,False,0,variable,variable,0.3.2
2,445380881,17,120,12867,3.3359616994857784,0.14053604130612188,0.17862214983376418,False,0,False,0,rotator,pulsator,0.3.2
2,44557678,17,120,12980,0.9372506461888936,,0.01179167215747079,False,0,False,0,quiet,quiet,0.3.2
2,44559836,17,120,12843,1.837827694416046,,0.0023849896183039104,False,0,False,0,quiet,quiet,0.3.2
2,44631917,17,120,12779,0.6542903423309325,,0.0017596777318416622,False,0,False,0,quiet,quiet,0.3.2
2,44674175,17,120,12173,1.023676300048828,,0.009667789472206272,False,0,False,0,quiet,quiet,0.3.2
2,449995355,17,120,12669,128.55364798307417,4.070490907500844,0.1647900128526798,False,3,False,0,flaring,flaring,0.3.2
2,452882423,17,120,12836,4.1249716267006615,,0.0026853578427606852,False,0,False,0,quiet,quiet,0.3.2
2,452887243,17,120,12871,0.6572949171066284,9.591502580061047,0.53264006647473,False,0,False,0,rotator,pulsator,0.3.2
2,452888346,17,120,12709,34.42774332761765,,0.0027981685894719536,False,0,False,0,variable,variable,0.3.2
2,453011250,17,120,12465,2.786036145687103,5.11653379669135,0.3820931786231914,False,2,False,0,rotator,pulsator,0.3.2
2,453012550,17,120,12868,0.9807285547256469,5.754920091542203,0.18400077115955166,False,0,False,0,rotator,rotator,0.3.2
2,453159957,17,120,12852,0.866245392970878,,0.007895828643506655,False,0,False,0,quiet,quiet,0.3.2
2,455720927,17,120,12977,14.32165914773941,,0.0034341402176550555,False,0,False,0,variable,variable,0.3.2
2,455727488,17,120,12851,1.4407819747924804,,0.0014010853783039505,False,0,False,0,quiet,quiet,0.3.2
2,455727560,17,120,12854,2.618663656711578,6.764578628307564,0.14893094873794643,False,1,False,0,rotator,pulsator,0.3.2
2,455733824,17,120,12710,2.8638457100437367,,0.0017350626169329141,False,0,False,0,quiet,quiet,0.3.2
2,455737331,17,120,13087,0.8492342233657837,,0.003655319536866346,False,0,False,1,quiet,quiet,0.3.2
2,455737585,17,120,13066,0.9116233077161517,,0.04458000793172728,False,1,False,0,quiet,quiet,0.3.2
2,455755845,17,120,12721,1.173905038833618,,0.004319161948338031,False,0,False,0,quiet,quiet,0.3.2
2,455757444,17,120,13087,0.3964271306991577,,0.004074196190995848,False,0,False,0,quiet,quiet,0.3.2
2,455760329,17,120,13065,3.986717247962951,8.95496877876492,0.7503969112520744,False,0,False,0,rotator,rotator,0.3.2
2,455760675,17,120,13095,5.064564263820648,,0.012514324946257444,False,0,False,0,variable,variable,0.3.2
2,455762684,17,120,12848,6.456345351229468,,0.01793721209616936,False,0,False,0,variable,variable,0.3.2
2,455767525,17,120,12850,1.5044524490833282,6.763773878254958,0.3299177883696526,False,0,False,0,rotator,pulsator,0.3.2
2,455787110,17,120,13095,0.6504020690917969,,0.04730496220424159,False,0,False,0,quiet,quiet,0.3.2
2,455792563,17,120,13132,2.3046856613363524,4.4734741535315745,0.5987618700207398,False,0,False,0,rotator,rotator,0.3.2
2,455793877,17,120,12704,4.967755245201446,1.2790009768709267,0.3849847806699491,False,2,False,0,rotator,pulsator,0.3.2
2,455817403,17,120,12883,6.955767345428466,,0.004543980074119133,False,0,False,0,variable,variable,0.3.2
2,455825451,17,120,14569,14.393503832817078,0.47873675048686076,0.7581681032360569,False,1,False,0,rotator,pulsator,0.3.2
2,455914209,17,120,15129,0.7648410201072692,16.8997131168112,0.16991854274613735,False,4,False,0,flaring,flaring,0.3.2
2,455959622,17,120,14598,18.78301195997071,,0.03069472397048912,False,1,False,0,variable,variable,0.3.2
2,456077937,17,120,14839,11.066379117965697,,0.0020659027926854404,False,0,False,0,variable,variable,0.3.2
2,456838302,17,120,12653,14.373355507850645,,0.001273196109282346,False,0,False,0,variable,variable,0.3.2
2,456859466,17,120,12708,2.983851957802416,4.798032605720218,0.6308944894999339,False,0,False,0,rotator,pulsator,0.3.2
2,456867750,17,120,12511,1.3157386422157287,,0.0032802645241059958,False,0,False,1,quiet,quiet,0.3.2
2,456869283,17,120,12716,1.5436445679452757,,0.0016342005040228475,False,0,False,1,quiet,quiet,0.3.2
2,456869576,17,120,12674,2.21490169674744,,0.04386923131216174,False,0,False,0,quiet,quiet,0.3.2
2,456894770,17,120,12713,18.78937346935272,0.7429214190527077,0.396120551458086,False,0,False,0,rotator,pulsator,0.3.2
2,456903258,17,120,12437,1.8139678359031675,,0.0030081897593889424,False,0,False,0,quiet,quiet,0.3.2
2,456903898,17,120,12536,1.2942647309820434,,0.0020110401945154575,False,0,False,0,quiet,quiet,0.3.2
2,456908559,17,120,12576,6.926251816749572,,0.0017086287968099893,False,0,False,0,variable,variable,0.3.2
2,456909420,17,120,12716,1.225203698122391,,0.005990282689822393,False,0,False,1,quiet,quiet,0.3.2
2,456935052,17,120,12715,5.300335013866424,,0.0047925062344915705,False,0,False,0,variable,variable,0.3.2
2,456937772,17,120,12715,60.878870844840996,,0.0016311387261595766,False,0,False,0,variable,variable,0.3.2
2,458482000,17,120,12508,1.1039603383529288,,0.0017459002044657777,False,0,False,0,quiet,quiet,0.3.2
2,459968655,17,120,13525,0.543474555015564,,0.010531327003715407,False,0,False,0,quiet,quiet,0.3.2
2,459970732,17,120,12611,1.0737820029258727,,0.0010835939615350466,False,0,False,0,quiet,quiet,0.3.2
2,459977394,17,120,13526,0.8683662433405969,,0.001268130322934052,False,0,False,0,quiet,quiet,0.3.2
2,459979243,17,120,12606,0.49840593338012695,,0.0027801832403250557,False,0,False,0,quiet,quiet,0.3.2
2,459981982,17,120,12610,0.7180491436690603,,0.016011514619522917,False,0,False,0,quiet,quiet,0.3.2
2,459982553,17,120,11950,3.1019584388124475,,0.004634952518910758,False,0,False,0,quiet,quiet,0.3.2
2,459982883,17,120,11936,1.6640483915805815,,0.0014583599292929885,False,0,False,0,quiet,quiet,0.3.2
2,459984361,17,120,13527,0.7826033592224121,,0.003185673682995031,False,0,False,0,quiet,quiet,0.3.2
2,459985588,17,120,12608,1.6731504358902443,5.249344011430248,0.37163595653297815,False,0,False,0,rotator,pulsator,0.3.2
2,461417510,17,120,13841,1.1851280093193055,,0.02581784457467807,False,0,False,0,quiet,quiet,0.3.2
2,461419605,17,120,14594,0.635821063393982,0.5930726683629118,0.29323700595088714,False,0,False,0,rotator,pulsator,0.3.2
2,461420491,17,120,14183,9.908910870552063,,0.0020678752054895033,False,0,False,0,variable,variable,0.3.2
2,461421540,17,120,14598,0.4082245051860809,,0.0035146964305962803,False,0,False,0,quiet,quiet,0.3.2
2,461466606,17,120,14004,5.769932377338409,,0.0037358566458147676,False,0,False,0,variable,variable,0.3.2
2,462575574,17,120,12611,1.102678942680359,,0.002374483377385991,False,0,False,0,quiet,quiet,0.3.2
2,462575702,17,120,11919,183.06220171451568,,0.001737221265370674,False,0,False,0,variable,variable,0.3.2
2,462616422,17,120,11983,4.072435998916625,,0.0017036559315918322,False,0,False,0,quiet,quiet,0.3.2
2,462616711,17,120,11952,1.9034423620534646,,0.009148081488509313,False,0,False,0,quiet,quiet,0.3.2
2,462618914,17,120,13457,3.3432080268859865,5.974695153148498,0.4139383994219846,False,0,False,0,rotator,rotator,0.3.2
2,462620035,17,120,13522,0.7765058398246765,,0.002693142633013733,False,0,False,0,quiet,quiet,0.3.2
2,467182449,17,120,14185,1.023853039741516,,0.014480661861713174,False,0,False,0,quiet,quiet,0.3.2
2,467254334,17,120,14219,1.1906953096389772,,0.0038966565711760002,False,0,False,0,quiet,quiet,0.3.2
2,467259269,17,120,14791,1.297092604637146,3.6835482501397365,0.3438009463741602,False,0,False,0,rotator,pulsator,0.3.2
2,467269236,17,120,14787,0.6254817724227905,,0.0014599017289418648,False,0,False,0,quiet,quiet,0.3.2
2,467296168,17,120,14789,3.418675875663757,7.858213315528854,0.8999312116110183,False,0,False,0,rotator,pulsator,0.3.2
2,467321748,17,120,14384,1.3582445383071897,5.825994423846737,0.27850712340362765,False,0,False,0,rotator,pulsator,0.3.2
2,467326221,17,120,14093,0.5220890522003173,,0.0019879803359517012,False,0,False,0,quiet,quiet,0.3.2
2,467326989,17,120,13560,1.4977806149590382,,0.021345224336580076,False,0,False,0,quiet,quiet,0.3.2
2,467334840,17,120,13319,4.100360870361328,,0.0671679116195558,False,1,False,0,quiet,quiet,0.3.2
2,467336775,17,120,13416,1.3815299928188325,,0.0292977403798785,False,0,False,0,quiet,quiet,0.3.2
2,467355631,17,120,12527,1.538519024848938,,0.001463934405371863,False,0,False,0,quiet,quiet,0.3.2
2,467355989,17,120,12709,0.8448157310485839,,0.018233426228673542,False,0,False,0,quiet,quiet,0.3.2
2,467462749,17,120,15096,8.336855240557933,,0.9002710606758476,True,28,False,0,flaring,flaring,0.3.2
2,468818484,17,120,14848,9.212909960746765,,0.001769972797521571,False,0,False,0,variable,variable,0.3.2
2,468848368,17,120,15124,0.376897394657135,,0.0037359892313250814,False,0,False,0,quiet,quiet,0.3.2
2,469463559,17,120,14785,0.5196146965026855,,0.0740757341513279,False,0,False,0,quiet,quiet,0.3.2
2,469498550,17,120,14769,4.420436453819274,10.715699949710764,0.26697474419382117,False,4,False,0,flaring,eclipsing,0.3.2
2,469522211,17,120,14789,0.5984405994415283,1.4552225987795504,0.31805499357120787,False,0,False,0,rotator,pulsator,0.3.2
2,469523327,17,120,14791,2.467462849617004,2.6194026453773507,0.24638850255332292,False,0,False,0,rotator,rotator,0.3.2
2,469763976,17,120,15110,6.485065552147196,,0.0014425117656823752,False,0,False,0,variable,variable,0.3.2
2,469771358,17,120,15125,14.014132082462309,,0.004105121869096314,False,0,False,0,variable,variable,0.3.2
2,469860076,17,120,14815,16.468074345588683,,0.0014891126017683213,False,0,False,0,variable,variable,0.3.2
2,469951004,17,120,15111,32.643909609317774,,0.0023768501025926325,False,0,False,0,variable,variable,0.3.2
2,469952974,17,120,14889,14.390410888195039,0.8686540409624232,0.5615431224791174,False,0,False,0,rotator,pulsator,0.3.2
2,469989077,17,120,15122,0.5415746194593495,,0.012858236047649666,False,1,False,0,quiet,quiet,0.3.2
2,469993294,17,120,15100,42.09038232834286,,0.0007874917376063043,False,0,False,0,variable,variable,0.3.2
2,470084960,17,120,14095,10.530946218967438,,0.7350090519888632,True,0,False,4,variable,eclipsing,0.3.2
2,470111890,17,120,14055,4.023125624656677,10.478106328753771,0.4926476643576347,False,0,False,0,rotator,rotator,0.3.2
2,470125924,17,120,13187,9.515311574935913,,0.008541040721166522,False,0,False,0,variable,variable,0.3.2
2,470148018,17,120,13198,1.5800969904632272,,0.00385508457054308,False,0,False,0,quiet,quiet,0.3.2
2,470169809,17,120,14087,0.6116960763931274,,0.028716119264215745,False,0,False,0,quiet,quiet,0.3.2
2,47067158,17,120,12714,0.2906484073014017,,0.05133598477361518,False,2,False,0,quiet,quiet,0.3.2
2,470684515,17,120,14601,13.03243145942688,0.9272582924620295,0.9339870552967547,False,0,False,0,rotator,pulsator,0.3.2
2,470746468,17,120,12873,4.590990257263184,,0.005751367976851645,False,0,False,0,quiet,quiet,0.3.2
2,470824703,17,120,14600,0.46208592653274533,,0.00903796178416128,False,0,False,0,quiet,quiet,0.3.2
2,470869094,17,120,13453,2.139080500602722,,0.022060875351112317,False,0,False,0,quiet,quiet,0.3.2
2,470878030,17,120,14588,0.8515760496728435,3.074604732037875,0.30621110068956825,False,0,False,0,rotator,pulsator,0.3.2
2,470917347,17,120,14595,0.6004731059074402,,0.01121910770113019,False,0,False,0,quiet,quiet,0.3.2
2,470923351,17,120,13825,14.839948296546934,,0.0008534245760527548,False,0,False,0,variable,variable,0.3.2
2,470925096,17,120,13836,12.860198628902435,,0.0015685982836857824,False,0,False,0,variable,variable,0.3.2
2,471013454,17,120,12610,163.41713328259385,,0.0009617452687885976,False,0,False,0,variable,variable,0.3.2
2,47120493,17,120,12716,1.8105214658534965,,0.010510206630177925,False,0,False,0,quiet,quiet,0.3.2
2,51955546,17,120,12873,17.21250193119049,0.9062943349444658,0.5323775974148051,False,0,True,12,dipper,eclipsing,0.3.2
2,51961599,17,120,12869,0.29480180740356443,1.4209794521882009,0.23505252233680657,False,0,False,0,rotator,eclipsing,0.3.2
2,53675914,17,120,13028,0.8250650949795572,,0.0642971444654375,False,0,False,0,quiet,quiet,0.3.2
2,53678115,17,120,13020,0.33112181425094606,4.698322752258719,0.1039906194351186,False,0,False,0,rotator,rotator,0.3.2
2,53697619,17,120,12830,2.1215831445704016,,0.003580356493805467,False,0,False,0,quiet,quiet,0.3.2
2,53728537,17,120,13023,0.6576483964920044,1.864413431502264,0.10007493194380015,False,0,False,0,rotator,pulsator,0.3.2
2,53755352,17,120,13029,0.391655158996582,,0.008868491888080773,False,0,False,0,quiet,quiet,0.3.2
2,53755388,17,120,12787,2.512884950637817,,0.0012592781689738973,False,0,False,0,quiet,quiet,0.3.2
2,53755466,17,120,13029,0.7025402784347534,,0.0018586553020828495,False,0,False,0,quiet,quiet,0.3.2
2,53757081,17,120,12785,0.5653902769088744,,0.03046984164649905,False,0,False,0,quiet,quiet,0.3.2
2,53792606,17,120,13024,1.1701492854908322,3.7889691024289975,0.45552548787747016,False,0,False,0,rotator,rotator,0.3.2
2,53827687,17,120,12785,0.7706734299659728,9.646410063916354,0.1971247214122622,False,0,False,0,rotator,rotator,0.3.2
2,53828123,17,120,12785,0.4613789677619934,,0.004238799634355671,False,0,False,0,quiet,quiet,0.3.2
2,53830758,17,120,13032,0.901593330455025,,0.016673157026923367,False,0,False,0,quiet,quiet,0.3.2
2,53848480,17,120,12781,0.6615366697311401,0.5538614063732167,0.11321139651614874,False,0,False,0,rotator,pulsator,0.3.2
2,53873088,17,120,12775,0.23462194204330444,,0.0378974797332246,False,0,False,0,quiet,quiet,0.3.2
2,5614326,17,120,12602,1.1581310557762101,,0.0035529933126344677,False,0,False,0,quiet,quiet,0.3.2
2,5614375,17,120,12553,3.3840348958969115,,0.0013920455270655268,False,0,False,0,quiet,quiet,0.3.2
2,56283917,17,120,12729,1.0779353857040403,,0.003134842602852559,False,0,False,0,quiet,quiet,0.3.2
2,5636984,17,120,12370,1.1371874354593416,,0.05642042641818895,False,0,False,0,quiet,quiet,0.3.2
2,57917921,17,120,13031,1.5599045276641845,,0.00926153281187335,False,0,False,0,quiet,quiet,0.3.2
2,57918836,17,120,12939,150.87701997756957,,0.05116959104545906,False,0,False,0,variable,variable,0.3.2
2,57956998,17,120,12756,137.3383094824368,,0.0009993514109580873,False,0,False,0,variable,variable,0.3.2
2,57957881,17,120,12936,0.7364743213794923,,0.003688734709628347,False,0,False,0,quiet,quiet,0.3.2
2,57962078,17,120,12894,3.0514547973004102,,0.002830448073535288,False,0,False,0,quiet,quiet,0.3.2
2,57962744,17,120,13033,0.8059329986572266,7.830462026799371,0.11940534067258292,False,0,False,0,rotator,pulsator,0.3.2
2,57986137,17,120,13099,1.129189896583557,,0.0024929897998955054,False,0,False,0,quiet,quiet,0.3.2
2,57986745,17,120,13030,1.2571052866311456,2.060647802325691,0.1586201759023555,False,0,False,0,rotator,pulsator,0.3.2
2,57987191,17,120,12925,1.655874180793762,8.389770481155015,0.4307944168681359,False,0,False,0,rotator,rotator,0.3.2
2,57987394,17,120,12885,7.156190156936645,,0.0023983247386644003,False,0,False,0,variable,variable,0.3.2
2,58021217,17,120,12886,2.401229721344403,,0.0010717842071496918,False,0,False,0,quiet,quiet,0.3.2
2,58032370,17,120,12872,3.293853271373911,,0.0018772002997126608,False,0,False,0,quiet,quiet,0.3.2
2,58099139,17,120,13029,0.6691364765167236,,0.035268086701736895,False,0,False,0,quiet,quiet,0.3.2
2,58103636,17,120,13030,0.7012147307395934,,0.006352715277724633,False,0,False,0,quiet,quiet,0.3.2
2,58105597,17,120,12871,69.68156797885894,2.7706322882058507,0.5157959549347195,False,0,False,0,rotator,rotator,0.3.2
2,58824594,17,120,13048,0.8615176320075988,,0.001690273670766445,False,0,False,0,quiet,quiet,0.3.2
2,58825162,17,120,13014,1.1264504649177332,,0.0016707111575921284,False,0,False,0,quiet,quiet,0.3.2
2,58842279,17,120,13046,1.264351576566696,2.0246459594274264,0.10893616877125976,False,0,False,0,rotator,rotator,0.3.2
2,58842955,17,120,13045,0.7172096729278563,,0.022764303385501772,False,0,False,0,quiet,quiet,0.3.2
2,58855945,17,120,13043,0.6107240080833435,,0.09575508690656155,False,0,False,0,quiet,quiet,0.3.2
2,58856925,17,120,13046,7.275135536483791,9.033069197047675,0.6436617755456869,False,0,False,0,rotator,rotator,0.3.2
2,58858821,17,120,13046,1.0348993013769179,5.337734925346044,0.25056874318042127,False,0,False,0,rotator,rotator,0.3.2
2,58858845,17,120,13046,0.27058846950531007,,0.030726160545961705,False,0,False,0,quiet,quiet,0.3.2
2,600018028,17,120,12758,154.5137926340103,,0.0014543403219754141,False,0,False,0,variable,variable,0.3.2
2,600058598,17,120,12776,0.7186235476360591,,0.010705473020645931,False,0,False,0,quiet,quiet,0.3.2
2,600080903,17,120,12745,332.40830247402187,,0.0012803382448534728,False,0,False,0,variable,variable,0.3.2
2,600217485,17,120,13027,1.0647682785987853,0.5290888950097569,0.11499329805533491,False,0,False,0,rotator,pulsator,0.3.2
2,600269473,17,120,12741,440.98727223873135,,0.005447437649446985,False,0,False,0,variable,variable,0.3.2
2,600286730,17,120,12841,231.5922702312469,,0.0011163580451603438,False,0,False,0,variable,variable,0.3.2
2,600289482,17,120,13022,0.7089913194770407,,0.02008302579887304,False,0,False,0,quiet,quiet,0.3.2
2,600674287,17,120,12157,295.8334369897842,,0.0017207811770356498,False,0,False,0,variable,variable,0.3.2
2,600724975,17,120,12578,92.16453316913446,,0.00675722642147083,False,0,False,0,variable,variable,0.3.2
2,602064309,17,120,12386,301.18719157576555,,0.0015009876230057538,False,0,False,0,variable,variable,0.3.2
2,604456530,17,120,12856,225.98921757372565,,0.0011512347042482787,False,0,False,0,variable,variable,0.3.2
2,60921951,17,120,11909,1.9868192553520203,,0.0033363759509186432,False,0,False,0,quiet,quiet,0.3.2
2,60924038,17,120,12385,1.248312449455261,,0.014469414473723224,False,0,False,0,quiet,quiet,0.3.2
2,60959009,17,120,12715,0.4904526472091675,,0.003591709907481709,False,0,False,0,quiet,quiet,0.3.2
2,60987193,17,120,12710,2.1021419048309324,,0.04370832224801729,False,0,False,0,quiet,quiet,0.3.2
2,60998024,17,120,12712,0.708947092294693,,0.001980314101783764,False,1,False,0,quiet,quiet,0.3.2
2,61129226,17,120,12782,0.6584436858627984,,0.001502113226069424,False,0,False,0,quiet,quiet,0.3.2
2,611391176,17,120,12876,284.6660426537382,,0.0009552960078835152,False,0,False,0,variable,variable,0.3.2
2,611402948,17,120,12736,228.07608502733962,,0.0013813125866817375,False,0,False,0,variable,variable,0.3.2
2,61159412,17,120,12505,7.551380109786987,,0.010376316927657909,False,0,False,1,variable,variable,0.3.2
2,611741676,17,120,12703,258.35384101867675,,0.0012509969520290995,False,0,False,0,variable,variable,0.3.2
2,611754120,17,120,12765,153.9742063522339,,0.0013276616148477115,False,0,False,0,variable,variable,0.3.2
2,611788537,17,120,13030,2.1501267313957215,,0.0034556040607346267,False,0,False,0,quiet,quiet,0.3.2
2,611842598,17,120,12725,247.15667452812193,,0.013889565889437357,False,0,False,0,variable,variable,0.3.2
2,61201721,17,120,12770,0.8312067747116088,8.90444016263018,0.31180595610275064,False,3,False,0,flaring,flaring,0.3.2
2,61201831,17,120,12511,1.4550095200538635,,0.008456334489097087,False,0,False,0,quiet,quiet,0.3.2
2,61204022,17,120,12774,0.6909638491560176,,0.04922896936227022,False,0,False,0,quiet,quiet,0.3.2
2,61205154,17,120,12483,1.5305657386779783,,0.002734561188811458,False,0,False,0,quiet,quiet,0.3.2
2,61233959,17,120,12400,1.0480663776397705,,0.001728962464243151,False,0,False,0,quiet,quiet,0.3.2
2,61271188,17,120,12784,0.6289281964302063,,0.0021630652180665236,False,0,False,0,quiet,quiet,0.3.2
2,61273847,17,120,12784,0.45073042814316916,,0.09877123568109153,False,0,False,0,quiet,quiet,0.3.2
2,61286699,17,120,12783,0.38546926975250245,,0.0702999065511669,False,0,False,0,quiet,quiet,0.3.2
2,61287258,17,120,12249,1.8580643892288207,,0.01865325841279769,False,0,False,0,quiet,quiet,0.3.2
2,61288109,17,120,11827,2.395883274078369,,0.017822533335353368,False,0,False,0,quiet,quiet,0.3.2
2,61337885,17,120,11705,2.1789353013038633,,0.0026574316245731354,False,0,False,0,quiet,quiet,0.3.2
2,61360821,17,120,12778,0.2592329442501068,,0.010449726243345078,False,3,False,0,flaring,flaring,0.3.2
2,61364469,17,120,11363,3.180519139766693,,0.0055253310059277414,False,0,False,0,quiet,quiet,0.3.2
2,61384536,17,120,12777,0.49875941276550284,,0.016104698407461402,False,0,False,0,quiet,quiet,0.3.2
2,61385485,17,120,12777,0.3981945276260376,,0.03913108458964765,False,0,False,0,quiet,quiet,0.3.2
2,61386938,17,120,12724,0.5358747162893583,,0.007760764848261897,False,0,False,0,quiet,quiet,0.3.2
2,61387592,17,120,11349,2.3299593687057496,,0.003450537950101443,False,0,False,0,quiet,quiet,0.3.2
2,61389699,17,120,12305,2.8880149483680726,,0.004092009259877929,False,0,False,0,quiet,quiet,0.3.2
2,61423960,17,120,12672,0.6147890210151672,9.585761737582365,0.13104194381025086,False,0,False,0,rotator,pulsator,0.3.2
2,61424006,17,120,11679,8.154769420623778,,0.011247528423491672,False,0,False,0,variable,variable,0.3.2
2,61425802,17,120,12779,0.6457184672355651,,0.07295945271645608,False,0,False,0,quiet,quiet,0.3.2
2,61470023,17,120,11928,0.7688176861053014,,0.015506848411514796,False,0,False,0,quiet,quiet,0.3.2
2,61470250,17,120,12782,0.39797362673125425,,0.009093593338445949,False,0,False,0,quiet,quiet,0.3.2
2,61471878,17,120,12147,6.093100905418395,,0.004476599019278624,False,0,False,0,variable,variable,0.3.2
2,61505888,17,120,12715,0.47207171916961665,,0.04633389894585115,False,0,False,0,quiet,quiet,0.3.2
2,61509990,17,120,12109,1.3525888681411742,,0.0031405666463556144,False,0,False,0,quiet,quiet,0.3.2
2,61524574,17,120,12282,1.2916578590869903,10.26846345026394,0.17451397115913175,False,0,False,0,rotator,rotator,0.3.2
2,61525144,17,120,12760,2.1705842861359033,9.646547424488856,0.5632824468489137,False,0,False,0,rotator,rotator,0.3.2
2,61573272,17,120,12761,0.4763134717941284,,0.02368060084360273,False,0,False,0,quiet,quiet,0.3.2
2,620203361,17,120,12715,288.3635338783264,,0.0022299811324425463,False,0,False,0,variable,variable,0.3.2
2,620222618,17,120,12654,411.62279216186954,,0.0011853851891477183,False,0,False,0,variable,variable,0.3.2
2,620510083,17,120,10667,170.99282484054564,,0.018564631856699803,False,0,False,0,variable,variable,0.3.2
2,620595953,17,120,11877,208.51165702342985,,0.0010185936854627386,False,0,False,0,variable,variable,0.3.2
2,621541464,17,120,12685,1.26333532333374,,0.004854179445610622,False,0,False,0,quiet,quiet,0.3.2
2,622655530,17,120,13066,0.4313773920721593,,0.02004291313473325,False,0,False,0,quiet,quiet,0.3.2
2,63311999,17,120,12779,0.45510470867156977,,0.017055116191881062,False,0,False,0,quiet,quiet,0.3.2
2,63312632,17,120,12710,0.44741650537154043,,0.011955599986638072,False,0,False,0,quiet,quiet,0.3.2
2,63899096,17,120,14901,11.25160231590271,,0.0015801253909883122,False,0,False,0,variable,variable,0.3.2
2,63903691,17,120,15128,30.199422919750212,,0.039373862063123724,False,0,False,0,variable,variable,0.3.2
2,63970834,17,120,15129,5.95824851989746,,0.009385759782919955,False,0,False,0,variable,variable,0.3.2
2,63972389,17,120,15129,7.239964771270752,1.5166274017415686,0.268088104634337,False,0,True,7,dipper,eclipsing,0.3.2
2,64074901,17,120,15122,0.6728479699583071,,0.055032600438980596,False,0,False,0,quiet,quiet,0.3.2
2,64080203,17,120,15118,3.142299087575105,,0.006517760225594986,False,0,False,0,quiet,quiet,0.3.2
2,64372666,17,120,15127,11.78023073673248,,0.16728862869783903,True,0,False,0,variable,variable,0.3.2
2,64469387,17,120,14861,11.802588307857514,,0.0023567837211851982,False,1,False,0,variable,variable,0.3.2
2,64553314,17,120,15126,7.455940675735473,,0.0024545373225038645,False,0,False,0,variable,variable,0.3.2
2,64734268,17,120,15129,1.0808515906333924,10.754326107179498,0.41434332153496134,False,4,False,0,flaring,flaring,0.3.2
2,64827325,17,120,15129,54.40224480628967,,0.008105496851594783,False,0,False,0,variable,variable,0.3.2
2,64940097,17,120,14891,18.465056133270263,,0.005986482882267537,False,0,False,0,variable,variable,0.3.2
2,65031589,17,120,15129,12.100836539268492,,0.0029027730412242115,False,0,False,0,variable,variable,0.3.2
2,65034243,17,120,15129,3.0425738096237183,,0.4465787821191444,True,1,False,0,quiet,quiet,0.3.2
2,65106309,17,120,12872,7.4191346347332,5.480833146835787,0.8230281767516426,False,0,False,0,rotator,pulsator,0.3.2
2,66346408,17,120,15093,1.4497956991195677,9.099233901998087,0.5928559925862644,False,2,False,0,rotator,rotator,0.3.2
2,66443894,17,120,13134,1.025399450933966,9.692516560547991,0.289637289595721,False,1,False,0,rotator,rotator,0.3.2
2,66724912,17,120,15127,0.8243139266967773,,0.09494140208634846,False,0,False,0,quiet,quiet,0.3.2
2,66875426,17,120,14617,5.374654054641723,,0.011338214672283657,False,0,False,0,variable,variable,0.3.2
2,66968636,17,120,13135,2.9909658193588253,,0.012588914660148673,False,0,False,0,quiet,quiet,0.3.2
2,67225701,17,120,14783,3.0178302526473995,,0.0011567196053863678,False,0,False,0,quiet,quiet,0.3.2
2,67387281,17,120,14830,4.514417919946251,,0.04923210519783965,False,0,False,0,quiet,quiet,0.3.2
2,67879436,17,120,13032,0.8844054222106933,,0.007255758055407493,False,0,False,0,quiet,quiet,0.3.2
2,67952821,17,120,12855,185.61061134338377,,0.0010603375417262398,False,0,False,0,variable,variable,0.3.2
2,67953275,17,120,12768,4.585776436328888,11.575693528864349,0.5926736674252927,False,2,False,0,rotator,rotator,0.3.2
2,69388151,17,120,12781,0.7552087068557738,,0.0020044493564581505,False,0,False,0,quiet,quiet,0.3.2
2,80433876,17,120,12851,1.9385693192481992,9.687909977825106,0.13463199013871702,False,0,False,0,rotator,rotator,0.3.2
2,80434659,17,120,12878,1.0372852563858033,,0.0016364639293256896,False,0,False,0,quiet,quiet,0.3.2
2,80514839,17,120,12707,0.6203563213348388,,0.010990859952577672,False,0,False,0,quiet,quiet,0.3.2
2,80516493,17,120,12974,2.212515842914581,3.001396851032099,0.29791480227380723,False,0,False,0,rotator,rotator,0.3.2
2,80516559,17,120,12899,5.107246899604797,,0.002493155522970569,False,0,False,0,variable,variable,0.3.2
2,80517071,17,120,12960,12.32759356498718,16.77959030411265,0.9358390535307209,False,30,False,0,flaring,flaring,0.3.2
2,80531040,17,120,13028,0.7675805082196149,,0.003492308698108316,False,0,False,0,quiet,quiet,0.3.2
2,80531794,17,120,13030,0.625658549407634,,0.0031769161145588747,False,0,False,0,quiet,quiet,0.3.2
2,80532735,17,120,12417,6.867397499084473,0.5445757359581084,0.2005201722555391,False,6,False,0,flaring,flaring,0.3.2
2,80535228,17,120,12775,0.3524189472198486,2.8233670250780256,0.23323854074311318,False,0,False,0,rotator,pulsator,0.3.2
2,80600292,17,120,12780,0.6437742922440594,10.523441331882541,0.1785540273149127,False,0,False,0,rotator,pulsator,0.3.2
2,80601945,17,120,12692,1.3817950611771623,5.006675984235076,0.2230206889845938,False,0,False,0,rotator,rotator,0.3.2
2,82377220,17,120,12690,0.6705062091350554,,0.0028221069729701415,False,0,False,0,quiet,quiet,0.3.2
2,82971213,17,120,14246,2.8445371535144535,,0.0009125390511139453,False,0,False,0,quiet,quiet,0.3.2
2,82971339,17,120,14415,34.444621968269345,,0.001573679856952973,False,0,False,0,variable,variable,0.3.2
2,82972933,17,120,14597,0.23603585958480833,,0.006967914244902324,False,0,False,0,quiet,quiet,0.3.2
2,82976793,17,120,14602,2.890798512375399,14.604351287263029,0.42684983741958843,False,0,False,0,rotator,rotator,0.3.2
2,83420815,17,120,14603,23.967846465110778,,0.007589759935434891,False,0,False,0,variable,variable,0.3.2
2,83612641,17,120,12868,0.22437102649384577,,0.064690517217679,False,0,False,0,quiet,quiet,0.3.2
2,83624822,17,120,12861,6.473974943161011,,0.0014449970328998106,False,0,False,0,variable,variable,0.3.2
2,83730709,17,120,14596,0.3126525350005946,,0.003943144755751209,False,0,False,0,quiet,quiet,0.3.2
2,83803744,17,120,14594,0.4434398625230871,,0.039149580624833605,False,0,False,0,quiet,quiet,0.3.2
2,83806907,17,120,14603,3.0279044151306147,,0.002261103015043643,False,0,False,0,quiet,quiet,0.3.2
2,83812531,17,120,12854,34.353467447952404,1.9844590763952494,0.3489038810495426,False,0,True,12,dipper,eclipsing,0.3.2
2,83952095,17,120,13096,1.44520046710968,2.2853585121085387,0.36016730306907013,False,0,False,0,rotator,pulsator,0.3.2
2,83955820,17,120,13071,0.933539056777954,,0.00832612612339421,False,0,False,0,quiet,quiet,0.3.2
2,83957782,17,120,12760,2.150347848267661,,0.0016872313939306808,False,0,False,0,quiet,quiet,0.3.2
2,84014924,17,120,12885,2.8412672996520993,,0.02511545306669611,False,1,False,0,quiet,quiet,0.3.2
2,85278308,17,120,12426,0.7067820731867595,,0.026088335076106525,False,0,False,1,quiet,quiet,0.3.2
2,85279216,17,120,12116,1.2342616806704307,,0.009020352854074681,False,0,False,0,quiet,quiet,0.3.2
2,85294758,17,120,11903,22.763718938827516,,0.0038160723447637113,False,0,False,0,variable,variable,0.3.2
2,85294892,17,120,11921,1.4113548159599303,,0.0013820990100866818,False,0,False,0,quiet,quiet,0.3.2
2,85299072,17,120,12457,0.7628085136413574,,0.0016539771443914997,False,0,False,0,quiet,quiet,0.3.2
2,85344310,17,120,12706,16.041072204176913,0.7021210985090796,0.5965401254461836,False,0,False,0,rotator,pulsator,0.3.2
2,91304845,17,120,12716,1.717909710531848,,0.001391900487388952,False,1,False,0,quiet,quiet,0.3.2
2,91305824,17,120,12607,2.3694606900215147,,0.009066040214120996,False,0,False,0,quiet,quiet,0.3.2
2,91328158,17,120,12687,1.147128975391388,,0.005584244513823851,False,0,False,0,quiet,quiet,0.3.2
2,91329893,17,120,12714,0.8410600125789641,,0.05650616106801251,False,2,False,0,quiet,quiet,0.3.2
2,91355066,17,120,12699,1.0347225308418273,,0.0013264170770708127,False,0,False,0,quiet,quiet,0.3.2
2,91356071,17,120,12715,2.1737214803695677,6.060733831941493,0.3452143564783942,False,0,False,0,rotator,pulsator,0.3.2
2,91357429,17,120,12536,0.748183281773827,,0.0033144962985766197,False,0,False,0,quiet,quiet,0.3.2
2,91375138,17,120,12716,1.719721343525608,,0.005124477159155507,False,0,False,0,quiet,quiet,0.3.2
2,91375963,17,120,12690,2.052743099548128,,0.005344744638695845,False,0,False,0,quiet,quiet,0.3.2
2,91398300,17,120,12710,0.3939527750015258,,0.030005277178908867,False,0,False,0,quiet,quiet,0.3.2
