schema_version,tic,sector,cadence_s,n_epochs,var_amplitude_ppt,rotation_period_d,rotation_power,rotation_systematic,n_flares,is_dipper,n_dips,var_class,subclass,tool_version
2,101000082,18,120,14528,1.1018836140632629,1.860581757107808,0.18294007219685648,False,0,False,0,rotator,pulsator,0.4.0
2,101031252,18,120,14536,0.828378939628601,4.688661018606945,0.1251295375603512,False,0,False,0,rotator,rotator,0.4.0
2,101031443,18,120,14536,14.14381483197212,1.3169613182452942,0.610493287931682,False,0,False,0,rotator,pulsator,0.4.0
2,101032472,18,120,14090,4.37315845569496,,0.0048157582100771,False,0,False,0,quiet,quiet,0.4.0
2,101033580,18,120,13058,2.7288610177553303,,0.01849745292405621,False,0,False,0,quiet,quiet,0.4.0
2,101034247,18,120,13102,3.279714390030932,,0.006861704355670215,False,0,False,0,quiet,quiet,0.4.0
2,101036148,18,120,14539,0.42117068767547605,,0.04915913367343185,False,0,False,0,quiet,quiet,0.4.0
2,101036163,18,120,14043,0.7017449498176573,,0.006050392252153846,False,0,False,0,quiet,quiet,0.4.0
2,101036294,18,120,14542,0.42284971475601196,,0.013617062600389676,False,0,False,0,quiet,quiet,0.4.0
2,101037444,18,120,13112,1.9147095748609049,,0.0011837483134980147,False,0,False,0,quiet,quiet,0.4.0
2,101091831,18,120,14058,1.0737819389234817,0.5493816301788572,0.13738085279621773,False,0,False,0,rotator,pulsator,0.4.0
2,101093290,18,120,14097,1.038964283466339,,0.007714998540767117,False,0,False,0,quiet,quiet,0.4.0
2,101095719,18,120,13539,1.1888395428657532,,0.01953163069837227,False,0,False,0,quiet,quiet,0.4.0
2,101127274,18,120,13341,2.305039072036743,,0.019549715366878235,False,0,False,0,quiet,quiet,0.4.0
2,101127453,18,120,13461,2.881210470199585,9.423150262273905,0.5629578974413629,False,0,False,0,rotator,eclipsing,0.4.0
2,101129994,18,120,13968,2.1401409387588504,0.5757679428939015,0.11883856029216415,False,0,False,0,rotator,pulsator,0.4.0
2,101131591,18,120,13969,1.2147319078445433,5.210612269919259,0.2139128862262291,False,2,False,0,rotator,pulsator,0.4.0
2,101133930,18,120,14214,20.983022975415675,,0.06367294766005513,False,8,False,0,flaring,flaring,0.4.0
2,101163727,18,120,14182,1.5577836513519285,,0.011834353980285433,False,0,False,0,quiet,quiet,0.4.0
2,101164678,18,120,13933,45.00517208576202,,0.004739865115935159,False,0,False,0,variable,variable,0.4.0
2,101166418,18,120,13845,3.2599636316299434,5.184411290823205,0.14241103218352066,False,0,False,0,rotator,rotator,0.4.0
2,101166500,18,120,13912,1.5576510037391778,,0.004173452223058961,False,0,False,0,quiet,quiet,0.4.0
2,101166537,18,120,13853,5.733612370491027,2.328545204474852,0.7537022338576783,False,0,False,0,rotator,pulsator,0.4.0
2,101166650,18,120,14174,0.8769823551177978,,0.061562541620170975,False,18,False,0,flaring,flaring,0.4.0
2,101166802,18,120,13942,32.91516085267067,2.662824943406577,0.25406084448749755,False,0,False,2,rotator,eclipsing,0.4.0
2,101166860,18,120,13974,1.6684226989746092,5.7295870409170675,0.45924950325639047,False,0,False,0,rotator,pulsator,0.4.0
2,101167308,18,120,14170,1.1217227114273733,,0.09502333381390028,False,0,False,0,quiet,quiet,0.4.0
2,101167744,18,120,14431,42.115831589698786,,0.0011028466012510106,False,0,False,0,variable,variable,0.4.0
2,101168642,18,120,14003,3.4739070296287533,,0.0014638320096818508,False,0,False,0,quiet,quiet,0.4.0
2,101168822,18,120,13906,13.639929561617087,,0.01039994395594446,False,4,False,0,flaring,flaring,0.4.0
2,101217486,18,120,13948,7.058100048190357,1.8782141640525745,0.3767245668285938,False,3,False,0,flaring,flaring,0.4.0
2,101217579,18,120,13978,2.491676038999793,,0.005730093708671359,False,0,False,0,quiet,quiet,0.4.0
2,101219123,18,120,13907,1.808223795890808,,0.08027119386145626,False,0,False,1,quiet,quiet,0.4.0
2,101219357,18,120,13931,4.028339445590973,,0.00426036851670184,False,0,False,0,quiet,quiet,0.4.0
2,101219978,18,120,13923,1.4381308794021606,,0.05397966140963172,False,0,False,0,quiet,quiet,0.4.0
2,101220313,18,120,13957,1.0121882200241088,8.809946866306465,0.22074980761020777,False,0,False,0,rotator,pulsator,0.4.0
2,101220458,18,120,14004,74.63615374457378,7.166328513681606,0.15116049270470236,False,2,False,3,rotator,rotator,0.4.0
2,101220876,18,120,14184,7.867523000612169,1.139316198137605,0.5772600105808761,False,16,False,0,flaring,flaring,0.4.0
2,101222257,18,120,14168,0.9230672299861907,8.85216298657112,0.16820251887442622,False,0,False,0,rotator,pulsator,0.4.0
2,101223028,18,120,14001,9.685246789455414,,0.003431653431430478,False,0,False,0,variable,variable,0.4.0
2,101256059,18,120,14431,3.5339985251426693,0.1309006845940032,0.19840815579222096,False,0,False,0,rotator,pulsator,0.4.0
2,101256414,18,120,14188,8.169880907830025,0.37744143932385676,0.19206970000675055,False,0,False,0,rotator,pulsator,0.4.0
2,101257560,18,120,14543,0.21049697399139403,,0.01543629654314969,False,0,False,0,quiet,quiet,0.4.0
2,101258556,18,120,14468,1.3166223406791686,,0.0044351274959293285,False,0,False,0,quiet,quiet,0.4.0
2,101259381,18,120,14447,1.6827386140823362,,0.018459366429098675,False,0,False,0,quiet,quiet,0.4.0
2,101259825,18,120,14537,0.6116077065467834,,0.00823044958256125,False,0,False,0,quiet,quiet,0.4.0
2,101261261,18,120,14535,0.3667348623275757,,0.029549373488795973,False,0,False,0,quiet,quiet,0.4.0
2,101261503,18,120,14535,0.8049609303474426,5.327991740287788,0.6255275639064608,False,0,False,0,rotator,pulsator,0.4.0
2,101301084,18,120,14542,0.7575946927070617,,0.007616999121837286,False,0,False,0,quiet,quiet,0.4.0
2,101302992,18,120,14422,1.2215805345302662,,0.0025171728781406577,False,0,False,0,quiet,quiet,0.4.0
2,101303098,18,120,14422,10.01358525197462,,0.002972537175186025,False,2,False,0,variable,variable,0.4.0
2,101303518,18,120,14449,2.6567510604858398,4.858525143685597,0.6560271682988467,False,0,False,0,rotator,pulsator,0.4.0
2,101304812,18,120,14427,1.4061409950256347,,0.006818243136417171,False,0,False,0,quiet,quiet,0.4.0
2,101305200,18,120,14541,0.709963345527649,,0.08854587150975389,False,0,False,0,quiet,quiet,0.4.0
2,101307080,18,120,14546,4.171454536064103,,0.7270981604836112,True,0,False,0,quiet,quiet,0.4.0
2,101347228,18,120,14450,1.2012996912002563,,0.002781330335735985,False,0,False,0,quiet,quiet,0.4.0
2,101348176,18,120,14539,0.5173170804977417,,0.008890428634068111,False,1,False,0,quiet,quiet,0.4.0
2,101348749,18,120,14428,1.0435595154762267,,0.008459446244308248,False,0,False,0,quiet,quiet,0.4.0
2,101348788,18,120,14418,0.8255953140734229,,0.005004136427669452,False,0,False,0,quiet,quiet,0.4.0
2,101349301,18,120,14369,1.6056801080703733,,0.030365929048297075,False,0,False,0,quiet,quiet,0.4.0
2,101349357,18,120,14543,0.6600343823432923,4.688627997540607,0.3863209534000233,False,4,False,0,flaring,flaring,0.4.0
2,101349497,18,120,14406,1.4567769169807434,7.273898769196307,0.35248139623093255,False,2,False,0,rotator,pulsator,0.4.0
2,101349698,18,120,14413,1.9162117481231689,,0.0060071007826935485,False,0,False,0,quiet,quiet,0.4.0
2,101350144,18,120,14543,0.8219279408454895,2.663994623335797,0.1854842554278876,False,0,False,0,rotator,pulsator,0.4.0
2,101405917,18,120,14544,1.4453330649534781,4.041920929598589,0.5587337904394246,False,0,False,0,rotator,rotator,0.4.0
2,101406544,18,120,14539,0.4489188194274902,,0.0014013883187304055,False,0,False,0,quiet,quiet,0.4.0
2,101407121,18,120,14401,4.595585489273071,7.272165614893141,0.3558651277888723,False,0,False,0,rotator,rotator,0.4.0
2,101407479,18,120,14538,5.654477341606537,6.511602370230019,0.8977907800150858,False,0,False,0,rotator,pulsator,0.4.0
2,101408809,18,120,14474,2.208318341026257,4.8839960123458095,0.6369386160659941,False,0,False,0,rotator,pulsator,0.4.0
2,10161397,18,120,14764,3.43281525569053,,0.013166595946063136,False,0,False,0,quiet,quiet,0.4.0
2,10161517,18,120,14764,21.635191816091535,,0.001163071679511829,False,0,False,0,variable,variable,0.4.0
2,10163838,18,120,14765,7.64947063922882,,0.0021057941263566485,False,0,False,0,variable,variable,0.4.0
2,10344880,18,120,14764,20.128530720726566,,0.014749296924783675,False,0,False,0,variable,variable,0.4.0
2,10352533,18,120,14765,24.33519991636276,,0.003418720376358548,False,0,False,0,variable,variable,0.4.0
2,103946151,18,120,14435,5.131106758117675,,0.008825491232274657,False,0,False,0,variable,variable,0.4.0
2,103946454,18,120,14728,0.7493320897420618,,0.023111649075020668,False,0,False,0,quiet,quiet,0.4.0
2,103946820,18,120,14724,0.7426601886749267,3.343671973829975,0.24305348423806983,False,0,False,0,rotator,pulsator,0.4.0
2,103948521,18,120,14408,6.616073656082153,,0.013098507476811619,False,0,False,0,variable,variable,0.4.0
2,103952094,18,120,14712,8.911877547986652,,0.0021481533689666084,False,0,False,0,variable,variable,0.4.0
2,103952898,18,120,14734,14.66581595140147,,0.0028086566448066045,False,0,False,0,variable,variable,0.4.0
2,104024636,18,120,14734,2.154147559404373,,0.0023564885181187613,False,0,False,0,quiet,quiet,0.4.0
2,104028931,18,120,14495,3.8504509449005124,,0.006411798111006255,False,0,False,0,quiet,quiet,0.4.0
2,104029995,18,120,14729,1.2747350335121153,3.1629300356949726,0.28955196485350293,False,0,False,0,rotator,pulsator,0.4.0
2,104031390,18,120,14733,0.5384374737739562,4.876181372822638,0.18476060657922957,False,0,False,0,rotator,pulsator,0.4.0
2,104035142,18,120,14251,11.737371361255645,,0.006168089323010642,False,0,False,0,variable,variable,0.4.0
2,104058693,18,120,14532,6.722250427141811,,0.01848040523085082,False,0,False,0,variable,variable,0.4.0
2,104148517,18,120,14305,15.719581747055052,3.850954537344478,0.4721023958761485,False,0,False,0,rotator,pulsator,0.4.0
2,104149777,18,120,14403,2.787538433074951,,0.005541075111519094,False,0,False,0,quiet,quiet,0.4.0
2,104150636,18,120,14728,0.8488365843545372,3.5463200358229625,0.2670488845612198,False,0,False,0,rotator,rotator,0.4.0
2,104151562,18,120,14508,14.101441910905894,,0.02653074989184038,False,0,False,0,variable,variable,0.4.0
2,104152057,18,120,14623,7.978913426399231,,0.008898598317353535,False,0,False,0,variable,variable,0.4.0
2,104152718,18,120,14688,264.1255771063096,,0.0906057358666247,False,0,False,0,variable,variable,0.4.0
2,104204234,18,120,14733,0.5674227833747864,,0.03045603780659083,False,0,False,0,quiet,quiet,0.4.0
2,104208182,18,120,14233,4.863346123695374,,0.0017501595350073946,False,0,False,0,quiet,quiet,0.4.0
2,104211009,18,120,14534,11.750361028292115,,0.009934557956493822,False,0,False,0,variable,variable,0.4.0
2,104212086,18,120,14636,12.038491612672805,,0.0023720010137586235,False,0,False,0,variable,variable,0.4.0
2,10422358,18,120,14764,5.669455862045288,,0.009159031383555262,False,0,False,0,variable,variable,0.4.0
2,10422498,18,120,14758,0.6335234284400939,,0.02698666041182075,False,0,False,0,quiet,quiet,0.4.0
2,10425404,18,120,14764,3.224836425492976,2.5487627895349956,0.3045291883525263,False,0,False,0,rotator,rotator,0.4.0
2,10426191,18,120,14765,5.124655759334564,,0.004224054428665687,False,0,False,0,variable,variable,0.4.0
2,10428030,18,120,14764,0.8329741716384886,,0.025657495211419662,False,0,False,0,quiet,quiet,0.4.0
2,104310418,18,120,14734,2.4763439453737752,,0.010140262228701125,False,0,False,0,quiet,quiet,0.4.0
2,104317926,18,120,14692,0.5491302251815795,,0.026652110633722737,False,0,False,0,quiet,quiet,0.4.0
2,104319359,18,120,14693,1.9973352670669555,,0.003666003788276075,False,0,False,0,quiet,quiet,0.4.0
2,10506521,18,120,14763,0.6754991054534912,6.170703790487192,0.17871544014753116,False,0,False,0,rotator,pulsator,0.4.0
2,10506748,18,120,14762,5.479283952713012,,0.0025208093439636017,False,0,False,0,variable,variable,0.4.0
2,10510382,18,120,14747,1.479311227798462,4.342342827179958,0.2033018646434719,False,0,False,0,rotator,rotator,0.4.0
2,10604247,18,120,14764,1.0706448095652574,7.327694147031706,0.1487264290020755,False,0,False,0,rotator,rotator,0.4.0
2,10605297,18,120,14764,9.124849952748415,11.724307527194467,0.2921601140740421,False,1,False,0,rotator,pulsator,0.4.0
2,10608775,18,120,14764,6.046529996395111,,0.004203726674992261,False,0,False,0,variable,variable,0.4.0
2,10790655,18,120,14748,1.6944033328054349,,0.02994521058577659,False,0,False,0,quiet,quiet,0.4.0
2,10868267,18,120,14764,22.604919672305563,,0.8743837746243894,True,1,False,0,variable,eclipsing,0.4.0
2,10870826,18,120,14765,7.218402528762817,,0.0146653522615615,False,0,False,0,variable,variable,0.4.0
2,10872565,18,120,14765,9.04730486869812,,0.003284069181211739,False,0,False,0,variable,variable,0.4.0
2,10877783,18,120,14765,1.178677010536194,10.658452590006082,0.4714968719830556,False,0,False,0,rotator,pulsator,0.4.0
2,10969843,18,120,14765,15.29867616891861,,0.009326201996667886,False,0,False,0,variable,variable,0.4.0
2,11066690,18,120,14764,0.8333276510238647,,0.038352942823469655,False,0,False,0,quiet,quiet,0.4.0
2,11154973,18,120,14762,42.522600526964695,,0.013957707397591654,False,0,False,0,variable,variable,0.4.0
2,11155110,18,120,14764,20.32568445954826,,0.00606426491457305,False,1,False,0,variable,variable,0.4.0
2,11158867,18,120,14764,2.6819805716878,0.10003667934083892,0.12305838855525782,False,0,False,0,rotator,pulsator,0.4.0
2,11159802,18,120,14757,0.8948330640792845,9.77025017376036,0.4776684506254701,False,6,False,0,flaring,flaring,0.4.0
2,11233542,18,120,14763,1.9660523414611817,,0.004799445337280716,False,0,False,0,quiet,quiet,0.4.0
2,11236789,18,120,14763,7.03017475605011,,0.010018294488304769,False,0,False,0,variable,variable,0.4.0
2,11325040,18,120,14747,0.24213337898254392,,0.05319778151582188,False,2,False,1,quiet,quiet,0.4.0
2,11329657,18,120,14760,4.3752794623374935,,0.005092969316327953,False,0,False,0,quiet,quiet,0.4.0
2,11332689,18,120,14764,6.13843427071367,,0.002395204190135512,False,0,False,0,variable,variable,0.4.0
2,11333775,18,120,14760,38.12337143788849,0.16821163432244665,0.11483543995573023,False,3,False,0,flaring,flaring,0.4.0
2,11335421,18,120,14765,14.245042490959166,,0.0029113596914545716,False,0,False,0,variable,variable,0.4.0
2,11337032,18,120,14765,4.53805671930313,,0.003552039584330587,False,0,False,0,quiet,quiet,0.4.0
2,11432068,18,120,14765,2.0148324966430664,,0.023787232512622214,False,0,False,0,quiet,quiet,0.4.0
2,11437325,18,120,14764,42.78002190470826,0.28665775688810763,0.28098015546244265,False,0,False,1,rotator,pulsator,0.4.0
2,115915293,18,120,14293,5.855916237831115,,0.033626092870314754,False,5,False,0,flaring,flaring,0.4.0
2,115917299,18,120,14260,2386.90417349649,,0.0014763041502747433,False,0,False,2,variable,variable,0.4.0
2,116005459,18,120,14733,0.9125070333480835,9.002196712227802,0.24126701288016442,False,10,False,0,flaring,flaring,0.4.0
2,116005796,18,120,14528,12.684961223602295,,0.006397406233270555,False,0,False,0,variable,variable,0.4.0
2,116007302,18,120,14676,2.4048527418120877,,0.01932753461163972,False,0,False,0,quiet,quiet,0.4.0
2,116008361,18,120,14731,5.240155148506164,0.7135881038696442,0.2615228258792373,False,5,False,0,flaring,flaring,0.4.0
2,116008385,18,120,14731,4.002800559997558,,0.003747040526470177,False,0,False,0,quiet,quiet,0.4.0
2,116011834,18,120,14732,1.7922287468773872,,0.009638202265963009,False,0,False,0,quiet,quiet,0.4.0
2,116014094,18,120,14674,1.8588155329227445,,0.01747766008007277,False,0,False,0,quiet,quiet,0.4.0
2,116050685,18,120,14412,1.9329135338715593,,0.002905744174320082,False,0,False,0,quiet,quiet,0.4.0
2,116052948,18,120,14732,0.453911702218303,,0.01478288107244826,False,0,False,0,quiet,quiet,0.4.0
2,116055617,18,120,14263,3.0648430109024045,,0.02155367184554319,False,0,False,0,quiet,quiet,0.4.0
2,116058605,18,120,14411,2.9556178808212277,,0.00896582909548724,False,0,False,0,quiet,quiet,0.4.0
2,116059175,18,120,14415,10.395475244522094,,0.005899882432492451,False,0,False,0,variable,variable,0.4.0
2,116061818,18,120,14732,1.6431046890287193,11.702161655903863,0.5851892960720527,False,1,False,0,rotator,rotator,0.4.0
2,116130890,18,120,14732,0.5664949168710386,,0.03364670760521726,False,0,False,0,quiet,quiet,0.4.0
2,116137651,18,120,14505,4.528247666358947,,0.008536062562140543,False,0,False,0,quiet,quiet,0.4.0
2,116211632,18,120,14425,4.673439323902129,,0.0015283041030768616,False,0,False,0,quiet,quiet,0.4.0
2,116215087,18,120,14641,8.20832154750824,,0.0036139747211395706,False,0,False,0,variable,variable,0.4.0
2,116217854,18,120,14733,4.464621376991272,,0.008977141435597002,False,0,False,0,quiet,quiet,0.4.0
2,116267631,18,120,14734,2.231161880493164,,0.004306689322355858,False,0,False,0,quiet,quiet,0.4.0
2,116270235,18,120,14666,6.814287018350154,,0.02616605939805036,False,0,False,0,variable,variable,0.4.0
2,116370391,18,120,14718,14.931897566673086,,0.0038308921148197325,False,0,False,0,variable,variable,0.4.0
2,116370397,18,120,14734,49.085559907985925,,0.03269159031976267,False,0,False,0,variable,variable,0.4.0
2,116373308,18,120,14687,186.5934607744217,,0.002853553762745007,False,0,False,0,variable,variable,0.4.0
2,116373473,18,120,14685,11.447606635093688,,0.4616296144275836,True,6,False,0,flaring,flaring,0.4.0
2,116374184,18,120,14734,3.8903500464662923,1.8004395082209785,0.1618068883410343,False,4,False,11,flaring,eclipsing,0.4.0
2,116374417,18,120,14734,18.930721602759405,,0.024841030289352577,False,0,False,0,variable,variable,0.4.0
2,116403218,18,120,14519,16.086670088768003,,0.04850862780578561,False,0,False,0,variable,variable,0.4.0
2,116403299,18,120,14487,6.288663375377655,4.480004514053305,0.2510538944284654,False,2,False,0,rotator,pulsator,0.4.0
2,116403980,18,120,14464,2.195283592028404,,0.007736657902073715,False,0,False,0,quiet,quiet,0.4.0
2,116405799,18,120,14399,25.372220063209532,,0.07148697224863614,False,5,False,0,flaring,flaring,0.4.0
2,116407180,18,120,14247,8.7459636926651,,0.0013450121174879745,False,0,False,0,variable,variable,0.4.0
2,116489282,18,120,14731,0.6856616377830504,,0.00427994183374839,False,0,False,0,quiet,quiet,0.4.0
2,116496124,18,120,14734,5.582190306056123,,0.1228017791269404,True,1,False,0,variable,variable,0.4.0
2,116498204,18,120,14731,5.111842131614685,,0.008256237264072062,False,0,False,0,variable,variable,0.4.0
2,116550225,18,120,14470,3.344533574581146,,0.029130478055149227,False,0,False,0,quiet,quiet,0.4.0
2,116553919,18,120,14686,6.092968169064278,,0.8142013366741021,True,13,False,0,flaring,flaring,0.4.0
2,116556399,18,120,14470,6.3518034412919455,,0.010375564560570543,False,0,False,0,variable,variable,0.4.0
2,116611574,18,120,14729,0.34587957859039303,,0.025023344786002995,False,0,False,0,quiet,quiet,0.4.0
2,116615131,18,120,14694,1.593264144659042,,0.0010014051617304163,False,0,False,0,quiet,quiet,0.4.0
2,116619345,18,120,14679,9.316479420661926,,0.001636190064784757,False,0,False,0,variable,variable,0.4.0
2,116621997,18,120,14485,7.9550535678863525,,0.029056015606487955,False,0,False,0,variable,variable,0.4.0
2,116622230,18,120,14474,1.986333280394473,,0.016035295755520793,False,0,False,0,quiet,quiet,0.4.0
2,116720937,18,120,14658,9.40171241765357,,0.003712762649524332,False,1,False,0,variable,variable,0.4.0
2,116759515,18,120,14686,1.5318913320270577,,0.01090276236475227,False,0,False,0,quiet,quiet,0.4.0
2,116760654,18,120,14566,8.685165756056652,,0.005960741801582068,False,0,False,0,variable,variable,0.4.0
2,116762346,18,120,14454,14.623530542850492,,0.04203640480983315,False,0,False,0,variable,variable,0.4.0
2,116845384,18,120,14730,1.835706872812118,11.702886712395182,0.6693941108560932,False,0,False,0,rotator,rotator,0.4.0
2,116846122,18,120,14727,21.711941027641295,,0.0030312462609835473,False,0,False,0,variable,variable,0.4.0
2,116847195,18,120,14732,0.8287323696176786,8.359200081576839,0.24968530909306627,False,1,False,0,rotator,rotator,0.4.0
2,116848602,18,120,14732,0.7104935646057129,,0.05415361336228649,False,0,False,0,quiet,quiet,0.4.0
2,116850131,18,120,14690,14.706420582150185,5.138324612026024,0.10815569168052629,False,3,False,0,flaring,flaring,0.4.0
2,116888964,18,120,14466,8.45544782280922,,0.001878695446466293,False,0,False,0,variable,variable,0.4.0
2,116889301,18,120,14468,25.947993797063827,,0.00303764195537777,False,0,False,0,variable,variable,0.4.0
2,116889779,18,120,14734,1.6968335540046229,10.63900000003638,0.4159592685184406,False,10,False,0,flaring,flaring,0.4.0
2,116890331,18,120,14387,15.377590441703795,1.5475164089868336,0.71941944916243,False,0,False,0,rotator,pulsator,0.4.0
2,116892570,18,120,14288,7.766692777473164,,0.004589442210336954,False,0,False,0,variable,variable,0.4.0
2,116988032,18,120,14652,0.10295087099075316,,0.042697485863285915,False,4,False,0,flaring,eclipsing,0.4.0
2,116988847,18,120,14734,2.3983576297760005,,0.02476929569550787,False,0,False,0,quiet,quiet,0.4.0
2,116989163,18,120,14733,8.34971330165863,0.7599272400934546,0.3245385952645669,False,2,False,0,rotator,pulsator,0.4.0
2,117110285,18,120,14716,5.552851684306511,,0.0033874036991503897,False,0,False,0,variable,variable,0.4.0
2,117111190,18,120,14732,6.675148500493258,,0.004643835179957998,False,0,False,0,variable,variable,0.4.0
2,117112731,18,120,14733,2.342861366271973,,0.006673727074224872,False,0,False,0,quiet,quiet,0.4.0
2,117115795,18,120,14690,0.7032472372055053,,0.03715070606812349,False,0,False,0,quiet,quiet,0.4.0
2,117116369,18,120,14733,8.197186946868896,,0.0017590840636642542,False,0,False,0,variable,variable,0.4.0
2,117169094,18,120,14536,5.322692584991455,,0.01128358204492416,False,0,False,0,variable,variable,0.4.0
2,117171705,18,120,14384,11.39555747482523,,0.005711947070462578,False,0,False,0,variable,variable,0.4.0
2,117174061,18,120,14502,17.593243938483116,,0.004510486032964153,False,0,False,0,variable,variable,0.4.0
2,117177038,18,120,14701,5.953211438655853,,0.011874048878284103,False,0,False,0,variable,variable,0.4.0
2,117178935,18,120,14692,33.39483138338233,,0.001205401988922216,False,0,False,0,variable,variable,0.4.0
2,117179162,18,120,14715,2.91850254535675,,0.017734689749033198,False,0,False,0,quiet,quiet,0.4.0
2,117259862,18,120,14733,3.2839118599891663,,0.004810217103589455,False,0,False,0,quiet,quiet,0.4.0
2,117262738,18,120,14688,2.449391070044573,0.30937596923491506,0.40749196807029525,False,0,False,0,rotator,pulsator,0.4.0
2,117269753,18,120,14685,8.542713046073912,,0.012625243435748324,False,0,False,0,variable,variable,0.4.0
2,117309283,18,120,14725,1.2624516248703002,2.721608525257421,0.23706091561505693,False,0,False,0,rotator,pulsator,0.4.0
2,117317833,18,120,14670,2.6752203583717344,,0.003390042376586326,False,0,False,0,quiet,quiet,0.4.0
2,117320235,18,120,14733,0.6671923398971558,,0.06014228013961281,False,7,False,0,flaring,flaring,0.4.0
2,117325418,18,120,14731,0.40305486917495725,,0.006894729811168113,False,2,False,0,quiet,quiet,0.4.0
2,117397506,18,120,14691,0.2801324129104614,,0.03964617640155461,False,0,False,0,quiet,quiet,0.4.0
2,117397619,18,120,14615,21.341406261920927,,0.16812318329621662,True,3,False,1,flaring,eclipsing,0.4.0
2,117397940,18,120,14684,1.9064910650253295,5.138334111212594,0.5315915864803067,False,0,False,0,rotator,pulsator,0.4.0
2,117403375,18,120,14681,3.149147844314575,,0.002569810164540201,False,0,False,0,quiet,quiet,0.4.0
2,117496264,18,120,14734,0.5105567872524261,,0.01756952171948358,False,0,False,0,quiet,quiet,0.4.0
2,117502180,18,120,14691,0.6848663091659546,,0.010458350405274921,False,0,False,0,quiet,quiet,0.4.0
2,117502568,18,120,14678,26.59300530552864,,0.006467712981488292,False,0,False,0,variable,variable,0.4.0
2,117502629,18,120,14687,3.0020120501518246,,0.0050343138126481566,False,0,False,0,quiet,quiet,0.4.0
2,117520734,18,120,14725,0.7435438871383666,3.442032040434443,0.10492293799694165,False,0,False,0,rotator,pulsator,0.4.0
2,117614702,18,120,14726,8.540194759970747,,0.00912920417483579,False,0,False,0,variable,variable,0.4.0
2,117616413,18,120,14734,6.408625250797711,,0.01283646699293638,False,0,False,0,variable,variable,0.4.0
2,117617778,18,120,14687,3.8661807775497437,,0.020176782802554975,False,0,False,0,quiet,quiet,0.4.0
2,117618258,18,120,14686,0.7434996800571775,1.3584110754786236,0.5675552607093964,False,0,False,0,rotator,pulsator,0.4.0
2,117654599,18,120,14532,5.369307518920078,,0.00610628982855855,False,0,False,0,variable,variable,0.4.0
2,117655534,18,120,14732,1.049833711991685,8.359236710826313,0.5466555462018938,False,2,False,0,rotator,pulsator,0.4.0
2,117659814,18,120,14715,3.9582621574401857,,0.04106097047375859,False,0,False,0,quiet,quiet,0.4.0
2,117751158,18,120,14733,1.4853203773498533,11.702913369874068,0.5862080361888746,False,0,False,0,rotator,eclipsing,0.4.0
2,117753199,18,120,14730,0.3780462026596069,,0.011190604418875011,False,0,False,0,quiet,quiet,0.4.0
2,117755701,18,120,14712,6.368107867240905,,0.0033320930594713293,False,0,False,0,variable,variable,0.4.0
2,117804795,18,120,14733,1.3127340674400327,0.6465701343822303,0.17760748243706537,False,0,False,0,rotator,pulsator,0.4.0
2,117805788,18,120,14727,0.40455715656280516,,0.019647943404216932,False,0,False,0,quiet,quiet,0.4.0
2,117809479,18,120,14691,0.33872162103652953,,0.009639114955488933,False,0,False,0,quiet,quiet,0.4.0
2,117811651,18,120,14733,127.17817132472992,,0.014579188939608245,False,0,False,0,variable,variable,0.4.0
2,117869042,18,120,14732,4.208967160644104,,0.040779971006094456,False,0,False,0,quiet,quiet,0.4.0
2,117869811,18,120,14685,14.645004415512085,,0.0023393317635883562,False,0,False,0,variable,variable,0.4.0
2,118270806,18,120,14714,2.1850768102636806,,0.004339868052371798,False,0,False,0,quiet,quiet,0.4.0
2,118271073,18,120,14771,1.6956406116485594,10.798383516695884,0.25866884601341483,False,3,False,0,flaring,flaring,0.4.0
2,118271189,18,120,14732,3.0556082708952346,,0.004280746586160828,False,0,False,0,quiet,quiet,0.4.0
2,118295808,18,120,14757,0.38334839344024657,3.4935914787560893,0.23450542985915093,False,1,False,0,rotator,pulsator,0.4.0
2,118296157,18,120,14727,1.3200687646865845,,0.0013206267909915967,False,0,False,0,quiet,quiet,0.4.0
2,118297240,18,120,14668,1.5323331356048584,,0.008151838724675512,False,0,False,0,quiet,quiet,0.4.0
2,118297337,18,120,14760,0.7709827014511019,,0.051309255633566364,False,0,False,0,quiet,quiet,0.4.0
2,118298357,18,120,14765,0.6721410512924194,0.17340470724114304,0.12375153104356133,False,0,False,0,rotator,pulsator,0.4.0
2,118298394,18,120,14729,1.8449856519699097,,0.00131603541100551,False,0,False,0,quiet,quiet,0.4.0
2,118298664,18,120,14712,1.7871034026145933,,0.051735648264922586,False,0,False,0,quiet,quiet,0.4.0
2,118298813,18,120,14685,1.4414005637168883,,0.0021030505565020007,False,0,False,0,quiet,quiet,0.4.0
2,118298989,18,120,14757,0.7886125087738036,,0.023017931291631287,False,0,False,0,quiet,quiet,0.4.0
2,118299775,18,120,14711,1.6109822988510132,,0.004360010739796587,False,0,False,0,quiet,quiet,0.4.0
2,118300507,18,120,14747,0.8999585151672364,,0.002672454703147444,False,0,False,0,quiet,quiet,0.4.0
2,118301576,18,120,14659,2.081463360786438,6.94308908066138,0.262936778144524,False,0,False,0,rotator,rotator,0.4.0
2,118301925,18,120,14767,2.8283653020858766,0.7866384641196694,0.36554687838717925,False,0,False,0,rotator,pulsator,0.4.0
2,118301927,18,120,14724,5.926435551835166,0.7918827163251384,0.19715975641573097,False,1,False,0,rotator,pulsator,0.4.0
2,118301950,18,120,14759,0.5546975255012512,,0.04453956676047726,False,0,False,0,quiet,quiet,0.4.0
2,118302012,18,120,14765,0.9754263639450074,7.918825208715742,0.24520997280199971,False,0,False,0,rotator,rotator,0.4.0
2,118302018,18,120,14688,2.8908870545294,,0.002692050903431807,False,0,False,0,quiet,quiet,0.4.0
2,118302454,18,120,14727,1.477101981639862,,0.016096646200301643,False,0,False,0,quiet,quiet,0.4.0
2,118302483,18,120,14764,0.9842191636562347,,0.004589882972930929,False,0,False,0,quiet,quiet,0.4.0
2,118302762,18,120,14720,1.0089185958456157,,0.013703282791828687,False,0,False,0,quiet,quiet,0.4.0
2,118334802,18,120,14702,3.4537146226678677,,0.005537089382575257,False,0,False,0,quiet,quiet,0.4.0
2,118335110,18,120,14675,1.1455383181571959,,0.004810133588366045,False,0,False,0,quiet,quiet,0.4.0
2,118335393,18,120,14751,14.283218264579771,,0.8335734149950642,True,7,False,0,flaring,flaring,0.4.0
2,118337482,18,120,14710,1.2581215023994445,,0.0031589329570860182,False,0,False,0,quiet,quiet,0.4.0
2,118338074,18,120,14766,2.347279788634783,5.6563001977836045,0.6129100411197532,False,1,False,0,rotator,rotator,0.4.0
2,118388764,18,120,14664,3.4367917965886527,,0.005544108140682079,False,0,False,0,quiet,quiet,0.4.0
2,118389230,18,120,14768,10.940893610093188,4.242244550447855,0.5807021854843817,False,0,False,0,rotator,rotator,0.4.0
2,118389700,18,120,14750,1.505998966276615,,0.029082362517846457,False,1,False,0,quiet,quiet,0.4.0
2,118390230,18,120,14767,0.45687210559844965,,0.04915014173671878,False,0,False,0,quiet,quiet,0.4.0
2,118390751,18,120,14681,6.296881771087646,,0.008241199029350735,False,0,False,0,variable,variable,0.4.0
2,118391363,18,120,14751,4.2226647377014155,,0.011662274427924361,False,0,False,0,quiet,quiet,0.4.0
2,118391616,18,120,14707,172.6324389696121,,0.0012102184973259644,False,0,False,0,variable,variable,0.4.0
2,118392264,18,120,14750,7.380561196804046,,0.09235194088369038,False,0,False,0,variable,variable,0.4.0
2,118392307,18,120,14746,1.1534474537803965,,0.0035816395415899692,False,0,False,0,quiet,quiet,0.4.0
2,118392345,18,120,14766,0.5559788717037775,,0.0048301711031073545,False,0,False,0,quiet,quiet,0.4.0
2,118392736,18,120,14762,0.5449326737204991,,0.0035757779418204637,False,0,False,0,quiet,quiet,0.4.0
2,118417929,18,120,14766,0.30553874373435974,,0.027853063652418696,False,0,False,0,quiet,quiet,0.4.0
2,118418861,18,120,14765,2.0728914856910707,,0.010615540599660585,False,0,False,0,quiet,quiet,0.4.0
2,118421522,18,120,14765,0.5902222037315368,,0.009500095748178417,False,0,False,0,quiet,quiet,0.4.0
2,118421993,18,120,14763,0.5646833181381226,,0.008948428807960538,False,0,False,0,quiet,quiet,0.4.0
2,118422070,18,120,14767,1.6896314620971677,2.283887230688387,0.3951156034557888,False,0,False,0,rotator,rotator,0.4.0
2,118441767,18,120,14768,0.6232725634141304,,0.031816161841793374,False,0,False,0,quiet,quiet,0.4.0
2,118441990,18,120,14584,3.438470823719228,,0.001945461886592614,False,0,False,0,quiet,quiet,0.4.0
2,118443612,18,120,14700,3.7820083861944562,,0.008731077823868434,False,0,False,0,quiet,quiet,0.4.0
2,118444304,18,120,14734,0.8586897457426937,,0.013215106996142091,False,0,False,0,quiet,quiet,0.4.0
2,11995368,18,120,14700,5.331397014856338,,0.010943886307033602,False,1,False,0,variable,variable,0.4.0
2,11996814,18,120,14765,3.3214690446853634,,0.09958913117437018,False,0,False,0,quiet,quiet,0.4.0
2,12002586,18,120,14765,4.992454469203949,,0.01803954192547737,False,0,False,0,quiet,quiet,0.4.0
2,12104810,18,120,14764,6.206964897486725,,0.014646753135657054,False,0,False,0,variable,variable,0.4.0
2,12105839,18,120,14764,36.938861982192456,,0.004433738268463042,False,0,False,0,variable,variable,0.4.0
2,12108208,18,120,14761,10.296059167385101,,0.03134532835214927,False,0,False,0,variable,variable,0.4.0
2,12114384,18,120,14756,0.6952055811882019,3.0062455471143505,0.2952716927499332,False,0,False,0,rotator,rotator,0.4.0
2,12315876,18,120,14758,0.5181123782329334,,0.04448156095884783,False,0,False,0,quiet,quiet,0.4.0
2,12317173,18,120,14765,10.636901664733887,,0.00562962137403525,False,0,False,0,variable,variable,0.4.0
2,12317692,18,120,14764,16.108187666291364,,0.004287454925879074,False,0,False,0,variable,variable,0.4.0
2,12325486,18,120,14732,6.821798658370971,,0.00563060878440231,False,0,False,0,variable,variable,0.4.0
2,12479867,18,120,14744,2.004935073852539,5.329243797940844,0.3769137973598536,False,7,False,0,flaring,flaring,0.4.0
2,12550101,18,120,14739,5.660618877410888,,0.01425893097689416,False,2,False,0,variable,variable,0.4.0
2,12554500,18,120,14764,0.558011361479082,,0.026874805438441868,False,0,False,0,quiet,quiet,0.4.0
2,12557102,18,120,14720,16.36476999521255,3.442219641528736,0.11401147135444693,False,1,False,0,rotator,pulsator,0.4.0
2,125579996,18,120,14390,0.8963354048928859,,0.002251426531630228,False,0,False,0,quiet,quiet,0.4.0
2,125580406,18,120,14851,0.6940567731857299,,0.0513870040911784,False,0,False,0,quiet,quiet,0.4.0
2,125734671,18,120,14545,1.1093950510025024,,0.05609800157316154,False,0,False,0,quiet,quiet,0.4.0
2,125736050,18,120,14542,0.8077887654304504,8.37262288623476,0.2410568052773707,False,1,False,0,rotator,rotator,0.4.0
2,125737167,18,120,14539,1.8313766956329345,4.041962338689136,0.3998739343439367,False,0,False,0,rotator,pulsator,0.4.0
2,125737484,18,120,14532,0.8642129380766433,,0.03456099394733802,False,0,False,0,quiet,quiet,0.4.0
2,125737587,18,120,14528,1.0014512836933136,,0.01048350249240343,False,0,False,0,quiet,quiet,0.4.0
2,125738790,18,120,14451,4.188377237319946,,0.0024229646920930427,False,0,False,0,quiet,quiet,0.4.0
2,125755686,18,120,14018,4.900947347255129,5.210955457411253,0.10531279238749042,False,0,False,1,rotator,rotator,0.4.0
2,125756725,18,120,14542,0.30553874373435974,,0.009209216316628582,False,2,False,0,quiet,quiet,0.4.0
2,126023302,18,120,14542,1.5969315884668582,,0.0033145539145232323,False,0,False,0,quiet,quiet,0.4.0
2,126024053,18,120,14544,1.9261975407600402,,0.007569439377722661,False,0,False,0,quiet,quiet,0.4.0
2,126027913,18,120,14540,0.9531129493381693,5.860765461852679,0.12293272079224773,False,0,False,0,rotator,pulsator,0.4.0
2,126028099,18,120,14545,2.6521558284759523,,0.012634721152396111,False,0,False,0,quiet,quiet,0.4.0
2,126059016,18,120,14543,0.8112351894378662,,0.014318000107042955,False,0,False,0,quiet,quiet,0.4.0
2,126059519,18,120,14545,1.11354843378067,,0.005784713282762471,False,0,False,0,quiet,quiet,0.4.0
2,126059615,18,120,14544,0.8375693786868637,,0.02065122592532965,False,0,False,0,quiet,quiet,0.4.0
2,126060434,18,120,14544,0.38149262666702266,,0.012271860369953102,False,0,False,0,quiet,quiet,0.4.0
2,126062393,18,120,14529,0.9752496242523193,,0.006753577398824127,False,0,False,0,quiet,quiet,0.4.0
2,126062992,18,120,14539,0.6676341891288757,,0.014576456726805598,False,0,False,0,quiet,quiet,0.4.0
2,126063194,18,120,14537,1.0502756237983701,,0.02156057462759865,False,0,False,1,quiet,quiet,0.4.0
2,126063942,18,120,14544,11.139372611045838,0.5555233602911602,0.23908135476194162,False,0,False,0,rotator,pulsator,0.4.0
2,126063976,18,120,14543,0.904200267791748,,0.08051567049980034,False,0,False,0,quiet,quiet,0.4.0
2,126095497,18,120,14538,1.697098663535754,,0.020017314001371574,False,0,False,0,quiet,quiet,0.4.0
2,126097200,18,120,14542,0.4433073341846466,,0.018093582627577237,False,1,False,0,quiet,quiet,0.4.0
2,126098688,18,120,14145,0.8350950479507446,8.841475489879347,0.10901338857647482,False,0,False,0,rotator,rotator,0.4.0
2,12633772,18,120,15119,5.251643228530884,,0.009412376717650255,False,0,False,0,variable,variable,0.4.0
2,12636496,18,120,14765,19.495448541641235,,0.007988692466294045,False,0,False,0,variable,variable,0.4.0
2,12643726,18,120,14765,3.7942477226257325,3.3498121341056377,0.3556333991212269,False,0,False,0,rotator,pulsator,0.4.0
2,12647534,18,120,14763,6.092570686340332,0.28457129461767,0.4087833603157284,False,0,False,0,rotator,pulsator,0.4.0
2,12647620,18,120,14762,2.266863163300564,,0.07324713660303997,False,0,False,0,quiet,quiet,0.4.0
2,12709436,18,120,15271,0.721981644630432,,0.0027003118414670756,False,0,False,0,quiet,quiet,0.4.0
2,12711731,18,120,15228,4.806126504953906,,0.35356368361150736,True,18,False,0,flaring,eclipsing,0.4.0
2,12734824,18,120,14764,7.193084567785263,,0.005769898024132048,False,0,False,0,variable,variable,0.4.0
2,12736655,18,120,14764,14.039450880256346,,0.02756878637263168,False,0,False,0,variable,variable,0.4.0
2,12737405,18,120,14764,1.938834313223701,14.655444218965387,0.1805252047175978,False,0,False,0,rotator,rotator,0.4.0
2,12745687,18,120,14709,2.82933737039566,,0.023807668691827964,False,0,False,0,quiet,quiet,0.4.0
2,12746149,18,120,14752,68.85597474145814,,0.002553773053783843,False,0,False,0,variable,variable,0.4.0
2,12746388,18,120,14765,7.8999107837677,,0.004158739593098502,False,0,False,0,variable,variable,0.4.0
2,12824209,18,120,14720,44.59023280114629,,0.09566424292895337,False,0,False,0,variable,variable,0.4.0
2,12828162,18,120,14761,1.6698366165161131,2.6646317369911485,0.3036521794788913,False,0,False,0,rotator,pulsator,0.4.0
2,12828458,18,120,14721,12.190885412693023,0.3691970151353331,0.46301233649036155,False,1,False,0,rotator,pulsator,0.4.0
2,12833596,18,120,14745,2.030032110214233,11.724365317390038,0.8119337411400167,False,9,False,0,flaring,flaring,0.4.0
2,12868098,18,120,15126,6.785567021369934,,0.03734565966905939,False,6,False,0,flaring,flaring,0.4.0
2,12906363,18,120,14695,33.3564356803894,,0.004823377261160293,False,0,False,0,variable,variable,0.4.0
2,12909405,18,120,14700,7.97316891114897,,0.058640670974673785,False,2,False,0,variable,variable,0.4.0
2,129685175,18,120,14637,1.8241303682327268,,0.009965770883123825,False,0,False,0,quiet,quiet,0.4.0
2,129685810,18,120,14818,0.4186963319778442,5.412186525696204,0.16606713171501566,False,0,False,0,rotator,pulsator,0.4.0
2,129689301,18,120,14614,2.168109930512013,,0.05848995893929036,False,0,False,0,quiet,quiet,0.4.0
2,129756259,18,120,14832,0.881886855307613,,0.05412923904867395,False,0,False,0,quiet,quiet,0.4.0
2,129756755,18,120,14628,1.3431332945823669,,0.04731743632380684,False,0,False,0,quiet,quiet,0.4.0
2,129757659,18,120,14718,1.2197689527342035,6.575550423540334,0.24852526083370002,False,0,False,0,rotator,pulsator,0.4.0
2,129758136,18,120,14630,245.1228498197451,14.727274483418713,0.5064812473507653,False,1,False,0,rotator,rotator,0.4.0
2,129758216,18,120,14640,3.546193775307761,,0.015823882545825625,False,0,False,0,quiet,quiet,0.4.0
2,129758640,18,120,14653,5.601676189899444,5.362630159843424,0.781763321799436,False,0,False,0,rotator,pulsator,0.4.0
2,129758901,18,120,14830,1.0857119321823119,1.2942182915735083,0.10388317964641909,False,0,False,0,rotator,pulsator,0.4.0
2,129760246,18,120,14828,0.7800406104314145,,0.05724104435569533,False,0,False,0,quiet,quiet,0.4.0
2,129760247,18,120,14630,1.2973576368476367,,0.02342640307322973,False,0,False,0,quiet,quiet,0.4.0
2,129761049,18,120,14829,0.5012337684631347,,0.006364162034656185,False,0,False,0,quiet,quiet,0.4.0
2,129785477,18,120,14620,2.1643542766571042,,0.0012463829739629395,False,0,False,0,quiet,quiet,0.4.0
2,129785748,18,120,14619,2.4896436810493467,,0.0030062343023411434,False,0,False,0,quiet,quiet,0.4.0
2,129788499,18,120,14659,2.124941325187683,9.077890126707015,0.5366107594622185,False,0,False,0,rotator,pulsator,0.4.0
2,129789641,18,120,14831,0.3557770013809204,,0.05083683060768141,False,0,False,0,quiet,quiet,0.4.0
2,129789754,18,120,14612,2.1874629914760586,,0.021598536236759627,False,1,False,0,quiet,quiet,0.4.0
2,129790326,18,120,14581,0.9414923429489136,,0.010639976208520044,False,0,False,0,quiet,quiet,0.4.0
2,129790825,18,120,14613,8.80817606449127,,0.06539027482465928,False,0,False,0,variable,variable,0.4.0
2,129817018,18,120,14834,4.887603792178744,1.1127879176606001,0.5318332319246677,False,0,False,0,rotator,pulsator,0.4.0
2,129817884,18,120,14608,135.03398555517197,,0.0009067801454507952,False,0,False,0,variable,variable,0.4.0
2,129818037,18,120,14828,0.4400376367557753,,0.03124998848050894,False,0,False,0,quiet,quiet,0.4.0
2,129818244,18,120,14746,0.8019563794719093,,0.016681934736768784,False,0,False,0,quiet,quiet,0.4.0
2,129818760,18,120,14651,1.3303196668624877,4.914881730781436,0.1756522780537728,False,0,False,0,rotator,pulsator,0.4.0
2,129818984,18,120,14661,1.3361520767211914,,0.09820462272279373,False,0,False,0,quiet,quiet,0.4.0
2,129818997,18,120,14830,0.5487767457962036,,0.006760999439702138,False,0,False,0,quiet,quiet,0.4.0
2,129820225,18,120,14825,0.5823572874069213,,0.043375984490601927,False,0,False,0,quiet,quiet,0.4.0
2,129820552,18,120,14719,14.965079998970031,6.233843105476054,0.9243533226703815,False,9,False,0,flaring,flaring,0.4.0
2,129821115,18,120,14603,1.6806177377700804,,0.02058128409979834,False,0,False,0,quiet,quiet,0.4.0
2,129821299,18,120,14715,2.8819174289703366,4.228864213933028,0.5745450823570554,False,0,False,0,rotator,rotator,0.4.0
2,129821387,18,120,14595,2.248659110069275,,0.0023901982468608456,False,0,False,0,quiet,quiet,0.4.0
2,129822642,18,120,14648,1.5709949433803556,,0.0073136623093585105,False,0,False,0,quiet,quiet,0.4.0
2,12982367,18,120,14764,6.662202715873718,,0.0040585236697237535,False,0,False,0,variable,variable,0.4.0
2,12982693,18,120,14764,9.26677138209343,,0.006904243949273999,False,0,False,0,variable,variable,0.4.0
2,12984342,18,120,14765,13.831471610069274,,0.011098839648688555,False,0,False,0,variable,variable,0.4.0
2,129864997,18,120,14635,1.1185855150222777,,0.004430372824268413,False,0,False,0,quiet,quiet,0.4.0
2,129865530,18,120,14835,4.869532012939453,,0.0009450872305202332,False,0,False,0,quiet,quiet,0.4.0
2,129866360,18,120,14601,4.6827181577682495,,0.008633750641208476,False,0,False,0,quiet,quiet,0.4.0
2,129868257,18,120,14651,1.3023947954177855,,0.001985867805760025,False,0,False,0,quiet,quiet,0.4.0
2,129870413,18,120,14636,3.4407682347068715,,0.0017000410781222628,False,0,False,0,quiet,quiet,0.4.0
2,129870961,18,120,14697,0.9690637350082396,,0.006875422759835293,False,0,False,0,quiet,quiet,0.4.0
2,12989571,18,120,14657,2.984779930114746,,0.05403817884868165,False,0,False,0,quiet,quiet,0.4.0
2,12989930,18,120,14666,4.653688801934981,,0.0031842881878418124,False,0,False,0,quiet,quiet,0.4.0
2,129901449,18,120,14831,0.7690827727317809,,0.006067556866051135,False,0,False,0,quiet,quiet,0.4.0
2,129901623,18,120,14705,0.9140976905822754,,0.0028310736981187563,False,0,False,0,quiet,quiet,0.4.0
2,129902135,18,120,14831,0.31000142097473143,,0.0322219715847876,False,0,False,0,quiet,quiet,0.4.0
2,129903051,18,120,14829,0.63255136013031,,0.010686496693261882,False,0,False,0,quiet,quiet,0.4.0
2,129903800,18,120,14832,1.617742543883844,0.5590068474803027,0.3033306875578063,False,0,False,0,rotator,pulsator,0.4.0
2,129904995,18,120,14828,0.6067473830803449,,0.020049250791345098,False,0,False,0,quiet,quiet,0.4.0
2,129905006,18,120,14659,456.13766380548475,,0.0419248408402571,False,3,False,0,flaring,flaring,0.4.0
2,129906388,18,120,14642,2.305127441883087,,0.006591535568646885,False,0,False,1,quiet,quiet,0.4.0
2,129906424,18,120,14704,0.8629315495491028,,0.02238654090406071,False,0,False,0,quiet,quiet,0.4.0
2,129906855,18,120,14642,1.3125131428241728,,0.007243887080900156,False,0,False,0,quiet,quiet,0.4.0
2,129906887,18,120,14631,1.567150855064392,,0.0022194551692649943,False,0,False,0,quiet,quiet,0.4.0
2,129907916,18,120,14638,1.5002548813819883,,0.027492226765864308,False,0,False,0,quiet,quiet,0.4.0
2,129908189,18,120,14829,0.34817719459533686,,0.03737331513118887,False,0,False,0,quiet,quiet,0.4.0
2,129910247,18,120,14646,1.052308130264282,,0.0015513793901359594,False,0,False,0,quiet,quiet,0.4.0
2,129910799,18,120,14623,4.250147759914398,9.818205293344892,0.10762184429463627,False,2,False,0,rotator,rotator,0.4.0
2,129912090,18,120,14647,1.0038814544677734,,0.004592433424510168,False,0,False,0,quiet,quiet,0.4.0
2,129912230,18,120,14831,0.42311482429504393,,0.016971034302515613,False,0,False,0,quiet,quiet,0.4.0
2,129913061,18,120,14710,4.337633907794952,1.095668902691121,0.553305735630338,False,0,False,0,rotator,pulsator,0.4.0
2,129913997,18,120,14826,0.7889218032360077,,0.004099883815667727,False,0,False,0,quiet,quiet,0.4.0
2,129914800,18,120,14827,1.2896695375442504,8.504864708683044,0.4368461557874253,False,0,False,0,rotator,pulsator,0.4.0
2,129979559,18,120,14828,3.5392124515537158,0.3200757549886477,0.809043118896357,False,0,False,0,rotator,pulsator,0.4.0
2,129980065,18,120,14655,2.077221608161926,,0.003571218622862266,False,0,False,0,quiet,quiet,0.4.0
2,129981812,18,120,14604,0.9690637350082396,,0.01897207589734029,False,0,False,0,quiet,quiet,0.4.0
2,129983238,18,120,14832,0.37380445003509516,,0.0016639287124711477,False,0,False,0,quiet,quiet,0.4.0
2,129983545,18,120,14829,0.5150194644927979,,0.008444349422394424,False,0,False,0,quiet,quiet,0.4.0
2,129985093,18,120,14651,6.936856198310852,,0.010194303651406573,False,0,False,0,variable,variable,0.4.0
2,129986287,18,120,14831,0.7764174699783325,,0.051738693055056406,False,1,False,0,quiet,quiet,0.4.0
2,129990155,18,120,14626,10.054588262600056,,0.0009096093867060522,False,0,False,0,variable,variable,0.4.0
2,129990171,18,120,14669,0.9939840316772459,,0.0022162217049344593,False,0,False,0,quiet,quiet,0.4.0
2,129990664,18,120,14825,0.8243139266967773,2.4299706051077434,0.10081228926511929,False,0,False,0,rotator,rotator,0.4.0
2,129992335,18,120,14829,0.874066150188446,,0.07324799915808841,False,0,False,0,quiet,quiet,0.4.0
2,129992389,18,120,14822,0.7932076935048286,,0.09295875179695569,False,0,False,0,quiet,quiet,0.4.0
2,129993510,18,120,14828,0.41016866625360643,,0.075702635332642,False,0,False,0,quiet,quiet,0.4.0
2,129994378,18,120,14830,1.1387780249118804,5.953410236511559,0.32301319505707243,False,0,False,0,rotator,rotator,0.4.0
2,130058667,18,120,14776,0.9993745923042296,,0.015021676139108445,False,0,False,0,quiet,quiet,0.4.0
2,130058772,18,120,14640,1.5864595719301955,,0.0395241194517252,False,0,False,0,quiet,quiet,0.4.0
2,130060251,18,120,14811,0.7636922121047973,,0.004428902231925937,False,0,False,0,quiet,quiet,0.4.0
2,130060928,18,120,14639,1.5576069116592408,,0.05950815760445715,False,0,False,0,quiet,quiet,0.4.0
2,130064384,18,120,14831,3.2345131158828733,4.579551107552613,0.6410477774066407,False,0,False,0,rotator,pulsator,0.4.0
2,130065355,18,120,14652,1.0257087453777345,,0.0047448009345961014,False,0,False,1,quiet,quiet,0.4.0
2,130083855,18,120,14830,0.6012242316834858,,0.02084927849386265,False,0,False,0,quiet,quiet,0.4.0
2,130084335,18,120,14834,4.19297234436952,,0.05342258337214799,False,0,False,0,quiet,quiet,0.4.0
2,130084446,18,120,14831,0.4241752624511719,,0.06334284759385399,False,0,False,0,quiet,quiet,0.4.0
2,130084732,18,120,14793,1.3775091648101805,5.656700053472205,0.34485933022889403,False,0,False,0,rotator,pulsator,0.4.0
2,130087574,18,120,14827,1.1261853218078612,,0.21643405012336422,True,0,False,0,quiet,quiet,0.4.0
2,130088188,18,120,14664,1.6036916431464276,,0.06549127108039113,False,0,False,1,quiet,quiet,0.4.0
2,130089850,18,120,14830,0.6904336094856262,,0.00754930708213871,False,0,False,0,quiet,quiet,0.4.0
2,130089926,18,120,14833,0.9165720462799072,,0.0050108630991502045,False,0,False,1,quiet,quiet,0.4.0
2,130154736,18,120,14831,0.5797061920166016,,0.008819005388683382,False,0,False,0,quiet,quiet,0.4.0
2,130157272,18,120,14833,1.0150160551071166,,0.06939859156238741,False,1,False,0,quiet,quiet,0.4.0
2,13025152,18,120,15115,236.01403223276137,,0.09841471819171238,False,0,False,0,variable,variable,0.4.0
2,13026234,18,120,14812,5.128632249574892,,0.01239814269371076,False,0,False,0,variable,variable,0.4.0
2,13029647,18,120,15198,21.22334414720535,1.3445927585826987,0.1125863385260202,False,1,False,0,rotator,pulsator,0.4.0
2,13032558,18,120,15120,15.780645781178645,,0.0016988652587079027,False,0,False,0,variable,variable,0.4.0
2,13036109,18,120,15046,7.207179558277129,,0.05457830868746833,False,0,False,0,variable,variable,0.4.0
2,13037534,18,120,14854,43.72955465702875,7.349250338162818,0.29211967195136024,False,5,False,0,flaring,eclipsing,0.4.0
2,13078838,18,120,14694,7.3677473495081856,,0.020414221996736513,False,0,False,0,variable,variable,0.4.0
2,13079472,18,120,14683,24.49117269515991,0.749025883114445,0.7012625556227068,False,0,False,0,rotator,pulsator,0.4.0
2,13081444,18,120,14733,26.470480513572692,,0.004890360439168072,False,0,False,0,variable,variable,0.4.0
2,13089351,18,120,14758,2.1833095436301964,1.0562481642039339,0.3271135247357887,False,0,False,0,rotator,pulsator,0.4.0
2,13194908,18,120,14760,0.541795527935028,,0.029380302487213877,False,0,False,0,quiet,quiet,0.4.0
2,13201438,18,120,14618,1.552569830417633,7.292158124926899,0.2854902478708161,False,0,False,0,rotator,pulsator,0.4.0
2,13211109,18,120,15264,1.063133404757577,7.41259797895978,0.5382819316998932,False,0,False,0,rotator,pulsator,0.4.0
2,13211274,18,120,15273,10.14803967475891,,0.002879544408323306,False,0,False,0,variable,variable,0.4.0
2,13212836,18,120,15256,0.6275584451091752,,0.10612492790783061,True,0,False,0,quiet,quiet,0.4.0
2,13260257,18,120,14657,6.818794083595275,,0.0014224568459686962,False,0,False,0,variable,variable,0.4.0
2,13267133,18,120,14638,11.577643209029532,,0.00275202206543551,False,0,False,0,variable,variable,0.4.0
2,13270128,18,120,14714,26.71729749441147,,0.0027677264321387704,False,2,False,0,variable,variable,0.4.0
2,13276487,18,120,15261,0.49699201583862296,,0.025811179389152686,False,0,False,0,quiet,quiet,0.4.0
2,13279418,18,120,14796,8.036839621161233,,0.007871826423195692,False,0,False,0,variable,variable,0.4.0
2,13285318,18,120,15268,0.5809875201590347,,0.06816526774204391,False,0,False,0,quiet,quiet,0.4.0
2,13351941,18,120,14759,6.9243076801300045,0.7921873280672632,0.38379875658010065,False,0,True,12,dipper,eclipsing,0.4.0
2,13352159,18,120,14734,9.585963552771913,0.7407302493472683,0.5715553430550825,False,3,False,0,flaring,flaring,0.4.0
2,13360804,18,120,14705,6.334704065322875,,0.0031267868230043148,False,0,False,0,variable,variable,0.4.0
2,13389059,18,120,15268,4.763532382249831,,0.06858166067165346,False,11,True,4,dipper,eclipsing,0.4.0
2,13459076,18,120,14618,8.537896889448167,0.7938468259055211,0.3038479003081216,False,1,False,0,rotator,pulsator,0.4.0
2,13460363,18,120,14763,0.5190844774246216,,0.0197016532333062,False,0,False,0,quiet,quiet,0.4.0
2,13461935,18,120,14547,25.939112627506255,,0.002130662018866676,False,0,False,0,variable,variable,0.4.0
2,13468023,18,120,15098,5.239050369290997,,0.06310261124637234,False,0,False,0,variable,variable,0.4.0
2,13468323,18,120,15082,12.48060632588286,,0.026932300844206458,False,1,False,0,variable,variable,0.4.0
2,13523696,18,120,14764,4.7901318487564275,14.65549148649643,0.21141638021975356,False,0,False,0,rotator,rotator,0.4.0
2,13529372,18,120,14701,4.926442193984985,0.2050816522210788,0.28130138245094144,False,0,False,0,rotator,pulsator,0.4.0
2,13611698,18,120,14751,11.78394227027893,16.749113666108833,0.41633294418116923,False,0,False,0,rotator,rotator,0.4.0
2,13615370,18,120,14652,4.52939633937489,,0.004557386619891273,False,0,False,0,quiet,quiet,0.4.0
2,13620782,18,120,14494,12.122001478731676,,0.009317945191880632,False,0,False,0,variable,variable,0.4.0
2,13700087,18,120,14540,4.279707345971246,,0.0015548057954169689,False,0,False,0,quiet,quiet,0.4.0
2,13701774,18,120,14481,27.969056367874142,,0.002552351334554063,False,0,False,0,variable,variable,0.4.0
2,13702350,18,120,14480,139.0367819715505,,0.0037353879633257895,False,0,False,0,variable,variable,0.4.0
2,137057085,18,120,14159,1.1118694067001342,,0.0028287497166917647,False,0,False,0,quiet,quiet,0.4.0
2,137057238,18,120,14219,1.8190049171447753,8.852148254659895,0.32199985903288186,False,0,False,0,rotator,rotator,0.4.0
2,137057254,18,120,14272,0.9273531675338744,,0.00433020834785678,False,0,False,0,quiet,quiet,0.4.0
2,137057529,18,120,14262,3.8040124772783375,,0.08664360287974776,False,0,False,0,quiet,quiet,0.4.0
2,137057813,18,120,14478,0.9924375593662261,,0.0050261898726137975,False,0,False,0,quiet,quiet,0.4.0
2,137080517,18,120,15127,2.272872447967529,9.086626357143185,0.6780666250884767,False,3,False,0,flaring,flaring,0.4.0
2,137084923,18,120,14645,1.490622568130493,,0.004022185189665136,False,0,False,0,quiet,quiet,0.4.0
2,137086218,18,120,14465,1.7755269527435302,4.157542021933409,0.10380745780106425,False,0,False,0,rotator,pulsator,0.4.0
2,137086255,18,120,15129,0.9386645078659056,5.906322929411203,0.4453370972200704,False,0,False,0,rotator,pulsator,0.4.0
2,137086617,18,120,14320,1.0193903625011445,,0.02115071627276633,False,0,False,0,quiet,quiet,0.4.0
2,137118833,18,120,14673,0.8598386049270629,,0.016562308890291637,False,0,False,0,quiet,quiet,0.4.0
2,137119521,18,120,15121,0.33006137609481806,,0.06746374541565377,False,0,False,0,quiet,quiet,0.4.0
2,137121812,18,120,15131,1.3978342294692991,1.6875173080437176,0.3814925212142613,False,0,False,0,rotator,pulsator,0.4.0
2,137122090,18,120,15135,0.7067820310592651,,0.03137850936274504,False,0,False,0,quiet,quiet,0.4.0
2,137125971,18,120,15133,0.4008456230163574,,0.02913493210656234,False,0,False,0,quiet,quiet,0.4.0
2,137156909,18,120,14462,5.5108765012548275,,0.007602465623724337,False,0,False,0,variable,variable,0.4.0
2,137158759,18,120,14479,1.7714619398117066,,0.01911389866021801,False,0,False,0,quiet,quiet,0.4.0
2,137159259,18,120,15113,1.8310232162475584,5.905977847631334,0.5501984343098372,False,1,False,0,rotator,pulsator,0.4.0
2,137161374,18,120,15132,1.0265483200550078,,0.028662664462710895,False,0,False,0,quiet,quiet,0.4.0
2,137161861,18,120,14749,2.9597712635993956,,0.06554371168539269,False,1,False,0,quiet,quiet,0.4.0
2,137162166,18,120,14865,1.0484198570251464,,0.0033767290195408366,False,0,False,0,quiet,quiet,0.4.0
2,137162714,18,120,15132,0.663657546043396,,0.0020983430720200613,False,0,False,0,quiet,quiet,0.4.0
2,137202650,18,120,15135,1.1832722425460815,11.812632977234216,0.281002507082807,False,0,False,0,rotator,rotator,0.4.0
2,137205777,18,120,15127,0.5358747482299805,2.3625341611156276,0.11476679670790267,False,0,False,0,rotator,pulsator,0.4.0
2,137205922,18,120,14204,1.6480534985081403,0.6610490197618183,0.1218456406261934,False,0,True,5,dipper,dipper,0.4.0
2,137206215,18,120,15124,1.2591377931576309,,0.5973118314855299,True,0,False,0,quiet,quiet,0.4.0
2,137207272,18,120,14668,74.63739537112102,,0.003402881185842128,False,0,False,0,variable,variable,0.4.0
2,137207484,18,120,15134,0.7862264994911402,,0.05951387600555076,False,0,False,0,quiet,quiet,0.4.0
2,137208736,18,120,15135,0.7879939198493957,,0.0016198214009911318,False,0,False,0,quiet,quiet,0.4.0
2,137263695,18,120,14728,169.96906017065047,,0.010714264056384704,False,0,False,0,variable,variable,0.4.0
2,137266048,18,120,14660,1.366463015464724,,0.010201245933175531,False,0,False,0,quiet,quiet,0.4.0
2,13766867,18,120,14742,7.432522223441468,,0.003394332685069814,False,0,False,0,variable,variable,0.4.0
2,137908265,18,120,14536,1.0560638487339018,1.0954764716311345,0.5033611865965246,False,0,False,0,rotator,pulsator,0.4.0
2,137908961,18,120,14544,0.5835502977237194,0.14615462397731271,0.2684376884771643,False,0,False,0,rotator,pulsator,0.4.0
2,137909427,18,120,14192,19.256938326358796,,0.004162156831051267,False,0,False,0,variable,variable,0.4.0
2,137911917,18,120,14392,1.8448972821235654,5.28569004478341,0.4035060595829863,False,0,False,0,rotator,rotator,0.4.0
2,137912038,18,120,14538,0.5237680792808532,,0.013026622905325377,False,0,False,0,quiet,quiet,0.4.0
2,137912047,18,120,14387,1.8129957675933839,10.568859051070996,0.3793722583273539,False,0,False,0,rotator,pulsator,0.4.0
2,137912463,18,120,14544,0.513252067565918,,0.01291885409463913,False,0,False,0,quiet,quiet,0.4.0
2,137912935,18,120,14511,1.4870877742767332,11.721584879645887,0.19595125587479864,False,4,False,0,flaring,eclipsing,0.4.0
2,137959822,18,120,14238,1.2433195531368255,,0.0037936851262360834,False,0,False,0,quiet,quiet,0.4.0
2,137960868,18,120,14162,1.0500105142593383,,0.0113632705369763,False,0,False,0,quiet,quiet,0.4.0
2,137962306,18,120,14117,1.5500071048736572,,0.03192338035489217,False,0,False,0,quiet,quiet,0.4.0
2,137962523,18,120,14424,1.8852823580885634,3.5290627343874803,0.557268033585234,False,0,False,0,rotator,pulsator,0.4.0
2,137963253,18,120,14536,1.4500608518737808,10.655363819826313,0.49702362217984397,False,3,False,0,flaring,flaring,0.4.0
2,137963417,18,120,14198,2.2287316432973254,,0.07209024595748069,False,0,False,0,quiet,quiet,0.4.0
2,137964838,18,120,14271,1.7996519207954405,,0.026487021169090432,False,0,False,0,quiet,quiet,0.4.0
2,137965363,18,120,14543,0.8000122189521789,,0.00718923137564129,False,0,False,0,quiet,quiet,0.4.0
2,137966704,18,120,14177,3.124404287338257,6.393558325163187,0.5695811211955248,False,0,False,0,rotator,pulsator,0.4.0
2,137987660,18,120,14033,1.5026408672332763,,0.004941797642410815,False,0,False,0,quiet,quiet,0.4.0
2,137989990,18,120,14540,0.5104683869797952,,0.01870573767900428,False,0,False,0,quiet,quiet,0.4.0
2,137990575,18,120,14535,0.7714687585830688,,0.06411095807761703,False,0,False,0,quiet,quiet,0.4.0
2,137991850,18,120,14185,3.59152729511261,9.591488447971603,0.3007035955091695,False,0,False,0,rotator,rotator,0.4.0
2,137992641,18,120,14505,3.6843156337738034,10.655365148654296,0.6183309351224479,False,20,False,0,flaring,eclipsing,0.4.0
2,137993497,18,120,14027,1.853822636604309,9.562566609200568,0.18117598961328685,False,0,False,0,rotator,pulsator,0.4.0
2,137993991,18,120,14001,1.5151893854141234,,0.09688077302772918,False,0,False,0,quiet,quiet,0.4.0
2,138017101,18,120,13997,16.676980662345883,,0.004405895980820543,False,0,False,0,variable,variable,0.4.0
2,138017879,18,120,14540,0.47251354023733494,,0.009481278244514583,False,0,False,0,quiet,quiet,0.4.0
2,138017972,18,120,14104,5.051883040312437,,0.0026784118029923813,False,0,False,0,variable,variable,0.4.0
2,138019624,18,120,14540,6.747258894063797,1.1380185756589851,0.844269116377411,False,0,False,0,rotator,pulsator,0.4.0
2,138019688,18,120,14176,8.049255344316045,,0.0014349934070764024,False,0,False,0,variable,variable,0.4.0
2,138020362,18,120,14450,0.6667504509240119,,0.01029285347312043,False,0,False,0,quiet,quiet,0.4.0
2,138020941,18,120,14542,0.4897456592472995,1.6509302032077549,0.13588803040928185,False,0,False,0,rotator,pulsator,0.4.0
2,138021055,18,120,14543,3.3633563518524165,9.016619925273865,0.3526566058553275,False,3,False,0,flaring,flaring,0.4.0
2,138048947,18,120,13737,0.9697706937789916,,0.01309785691856875,False,0,False,0,quiet,quiet,0.4.0
2,138050179,18,120,14536,0.2739465236663818,1.6987841644961166,0.2578967420872018,False,0,False,0,rotator,pulsator,0.4.0
2,138052712,18,120,14059,46.26514935493469,,0.05510609876137972,False,0,False,0,variable,variable,0.4.0
2,138054198,18,120,13858,2.377413976192474,6.712879165472178,0.5289791701003139,False,0,False,0,rotator,rotator,0.4.0
2,138054211,18,120,13827,7.155659937858582,1.8994363003433439,0.4918502124704573,False,0,False,0,rotator,pulsator,0.4.0
2,138054276,18,120,14421,0.6281328678131103,,0.010033476748792207,False,0,False,0,quiet,quiet,0.4.0
2,138112064,18,120,14539,0.845257580280304,,0.007019326968979717,False,0,False,0,quiet,quiet,0.4.0
2,138112262,18,120,13434,1.4987968235849387,,0.01309402215404344,False,0,False,0,quiet,quiet,0.4.0
2,138113884,18,120,14542,0.38710411190986627,,0.01055931237339488,False,0,False,0,quiet,quiet,0.4.0
2,138114247,18,120,14537,1.3264313936233518,1.7237655513511474,0.3267180678157243,False,0,False,0,rotator,pulsator,0.4.0
2,138116592,18,120,13905,0.8244906663894653,,0.0035347759266906383,False,0,False,0,quiet,quiet,0.4.0
2,138116630,18,120,13851,1.0479780077934264,,0.00584338672858481,False,0,False,0,quiet,quiet,0.4.0
2,138116846,18,120,13524,2.008425622927379,,0.003079135887951833,False,0,False,0,quiet,quiet,0.4.0
2,138118120,18,120,13395,1.1787653803825378,,0.01317576755550395,False,0,False,0,quiet,quiet,0.4.0
2,138125261,18,120,13924,106.89433438463014,4.085843557243395,0.29241862984963785,False,0,False,0,rotator,rotator,0.4.0
2,13839246,18,120,14549,7.6892370700836175,,0.004572156871289707,False,0,False,0,variable,variable,0.4.0
2,13839931,18,120,14612,3.563735084645005,0.20176288032818418,0.5053642581012028,False,0,False,0,rotator,pulsator,0.4.0
2,13840107,18,120,14476,7.102461290359497,,0.044913957029369886,False,4,True,5,dipper,eclipsing,0.4.0
2,13840993,18,120,14515,8.49773279428482,,0.04363947651738674,False,0,False,0,variable,variable,0.4.0
2,139352221,18,120,14690,3.6903690782299363,8.43943166888331,0.7297500818053062,False,0,False,0,rotator,pulsator,0.4.0
2,139352583,18,120,14722,1.0312761068344116,,0.005455423055043515,False,0,False,0,quiet,quiet,0.4.0
2,139353180,18,120,14659,5.763834857940673,,0.00219967973526616,False,0,False,0,variable,variable,0.4.0
2,139353181,18,120,14659,6.23458102941513,,0.0319843009763419,False,0,False,0,variable,variable,0.4.0
2,139353820,18,120,14682,3.035106376701213,6.21778715925302,0.5652325572968373,False,0,False,0,rotator,pulsator,0.4.0
2,139353927,18,120,14828,3.5939574658870694,7.441345332199062,0.6256423882895887,False,9,False,0,flaring,flaring,0.4.0
2,139354272,18,120,14826,0.6381628453731537,2.289777312274518,0.1278321460688541,False,0,False,0,rotator,rotator,0.4.0
2,139355311,18,120,14778,2.6525534927845,11.90613361682267,0.3302594845839953,False,6,False,0,flaring,flaring,0.4.0
2,139372111,18,120,14826,0.5991917431354523,,0.03376593618959939,False,0,False,0,quiet,quiet,0.4.0
2,139372188,18,120,14834,0.739257949590683,,0.013654701985728223,False,0,False,0,quiet,quiet,0.4.0
2,139372528,18,120,14829,0.39377603530883787,1.21498369576109,0.14021456639275676,False,0,False,0,rotator,pulsator,0.4.0
2,139373244,18,120,14829,0.6313141822814942,,0.031421128266314435,False,0,False,0,quiet,quiet,0.4.0
2,139373513,18,120,14821,1.6832688331604004,,0.08568746619359666,False,7,False,0,flaring,flaring,0.4.0
2,139373686,18,120,14826,0.41489640385529974,9.92237797782631,0.12987880615661115,False,0,False,0,rotator,rotator,0.4.0
2,139373687,18,120,14827,10.056046664714813,9.922377948334429,0.1304993642005178,False,0,False,0,rotator,rotator,0.4.0
2,139375425,18,120,14830,4.870503936096909,1.3530539915181936,0.9096887312059211,False,0,False,0,rotator,pulsator,0.4.0
2,139376250,18,120,14830,2.676855120752599,8.504407830280181,0.5203161772633889,False,0,False,0,rotator,rotator,0.4.0
2,139377400,18,120,14829,2.3848370432853696,0.30143930534288443,0.3981795438375552,False,0,False,0,rotator,pulsator,0.4.0
2,139378834,18,120,14834,2.440023866890438,0.5154472076759156,0.19812748675418376,False,0,True,12,dipper,eclipsing,0.4.0
2,139378835,18,120,14834,2.11336487531662,0.5154472065772775,0.1990601750924249,False,0,True,12,dipper,eclipsing,0.4.0
2,139402652,18,120,14834,0.8238720774650573,,0.011333176229416445,False,0,False,0,quiet,quiet,0.4.0
2,139405153,18,120,14635,2.6820248365402217,,0.0014363157904697436,False,0,False,0,quiet,quiet,0.4.0
2,139405509,18,120,14573,3.285855996608734,,0.006992921611538802,False,0,False,0,quiet,quiet,0.4.0
2,139405621,18,120,14603,2.1328946113586422,,0.0023546457725408237,False,0,False,0,quiet,quiet,0.4.0
2,139406604,18,120,14649,2.092244482040405,,0.0010866267218781534,False,0,False,0,quiet,quiet,0.4.0
2,139406709,18,120,14831,1.7988565921783448,,0.008604353694681509,False,0,False,0,quiet,quiet,0.4.0
2,139407142,18,120,14670,2.1810562426166604,,0.0054944811115813464,False,0,False,0,quiet,quiet,0.4.0
2,139407588,18,120,14822,0.5058290004730224,3.133382991653422,0.14232365680641598,False,0,False,0,rotator,pulsator,0.4.0
2,139407596,18,120,14672,2.091095674037933,,0.004599964066006498,False,0,False,0,quiet,quiet,0.4.0
2,139408097,18,120,14649,1.1511056184768675,,0.022741110769634566,False,0,False,0,quiet,quiet,0.4.0
2,139408762,18,120,14801,1.0743122220039367,,0.005401585565443839,False,0,False,0,quiet,quiet,0.4.0
2,139408899,18,120,14656,22.301411423045057,,0.024132633997265975,False,0,False,0,variable,variable,0.4.0
2,139427917,18,120,14831,1.0802330017089845,7.004041891158495,0.34194087015183183,False,0,False,0,rotator,rotator,0.4.0
2,139428035,18,120,14658,2.3830695753374824,9.83096099994839,0.27993477420660035,False,0,False,0,rotator,rotator,0.4.0
2,139428249,18,120,14641,1.9510294675827025,,0.06603133968836038,False,0,False,0,quiet,quiet,0.4.0
2,139428441,18,120,14633,8.06056716442108,,0.026000892081393938,False,0,False,0,variable,variable,0.4.0
2,139431141,18,120,14692,5.881013098924962,4.076600008832916,0.6237003908241188,False,0,False,0,rotator,rotator,0.4.0
2,139431842,18,120,14824,1.57413197909999,14.883563117175811,0.3681608102604043,False,0,False,0,rotator,rotator,0.4.0
2,139460049,18,120,14757,1.0512476921081542,,0.04211976851548065,False,0,False,0,quiet,quiet,0.4.0
2,139460203,18,120,14833,10.69451880455017,19.844775907298526,0.7532733103517291,False,0,False,0,rotator,rotator,0.4.0
2,139460245,18,120,14829,0.7301116704940795,,0.0771075305756764,False,0,False,0,quiet,quiet,0.4.0
2,139460937,18,120,14790,2.2965112449818106,,0.08304629286860321,False,2,False,0,quiet,eclipsing,0.4.0
2,139461823,18,120,14829,0.6267189502716064,,0.08206221503823326,False,0,False,0,quiet,quiet,0.4.0
2,139463081,18,120,14831,0.7315255880355834,,0.01700994301573111,False,0,False,0,quiet,quiet,0.4.0
2,139464217,18,120,14818,0.30248998403549193,,0.0888894049070446,False,12,False,0,flaring,flaring,0.4.0
2,139465619,18,120,14756,0.9353506386280059,,0.005597840456758682,False,0,False,0,quiet,quiet,0.4.0
2,13947669,18,120,14616,16.63474086730128,,0.007310311923740176,False,0,False,0,variable,variable,0.4.0
2,139506332,18,120,14829,0.5495720744132996,,0.023253983103849643,False,0,False,0,quiet,quiet,0.4.0
2,139507474,18,120,14825,0.8553317427635193,,0.056001282288187654,False,0,False,0,quiet,quiet,0.4.0
2,139508114,18,120,14828,0.31724774837493896,2.7061053936950494,0.2200513135739574,False,0,False,0,rotator,rotator,0.4.0
2,139508225,18,120,14829,3.7081754922866823,2.5884482348022706,0.7133938188131038,False,0,False,0,rotator,rotator,0.4.0
2,139509842,18,120,14833,2.3983576297760005,9.159124711022917,0.4623767367583637,False,0,False,0,rotator,pulsator,0.4.0
2,13951099,18,120,14756,2.3704327583312987,3.908129029522873,0.571733046058672,False,0,False,0,rotator,pulsator,0.4.0
2,139530200,18,120,14672,2.543549287319183,,0.004690509398784566,False,2,False,0,quiet,quiet,0.4.0
2,139530966,18,120,14828,0.617793595790863,,0.036687042687091144,False,0,False,0,quiet,quiet,0.4.0
2,139531044,18,120,14772,5.947997263193293,5.650433996282799,0.6057291111856676,False,0,False,0,rotator,pulsator,0.4.0
2,139531218,18,120,14659,1.3781277537345884,,0.015477966954965974,False,0,False,0,quiet,quiet,0.4.0
2,139532926,18,120,14723,1.2843673467636108,,0.022668583676874944,False,1,False,1,quiet,quiet,0.4.0
2,139533174,18,120,14665,1.2294013023376464,,0.026235179452148344,False,0,False,0,quiet,quiet,0.4.0
2,139534727,18,120,14666,1.771196777486897,10.73730700163217,0.10503533713112032,False,0,False,0,rotator,rotator,0.4.0
2,139536552,18,120,14740,1.1390873193740845,3.204371264331884,0.1741707921825589,False,0,False,0,rotator,rotator,0.4.0
2,139536707,18,120,14667,1.2391219854354858,,0.016262213564938812,False,0,False,0,quiet,quiet,0.4.0
2,139554801,18,120,14827,3.806089282035827,,0.6628790106516179,True,12,False,0,flaring,flaring,0.4.0
2,139555011,18,120,14662,3.142519918529992,,0.02821986590226658,False,0,False,0,quiet,quiet,0.4.0
2,139556496,18,120,14833,0.7217165350914001,,0.017002354604243236,False,0,False,0,quiet,quiet,0.4.0
2,139556671,18,120,14826,0.5061382949352263,,0.05855668720664748,False,0,False,0,quiet,quiet,0.4.0
2,139558117,18,120,14831,6.210190951824188,9.159138760023955,0.8574284864737821,False,0,False,0,rotator,pulsator,0.4.0
2,139558587,18,120,14665,1.7843639373779296,,0.01471441181603307,False,0,False,0,quiet,quiet,0.4.0
2,139559697,18,120,14825,0.8562154412269591,,0.006621353223526083,False,0,False,0,quiet,quiet,0.4.0
2,139560692,18,120,14827,0.7386835455894469,,0.09450041809247284,False,0,False,0,quiet,quiet,0.4.0
2,139579297,18,120,14830,1.4217823730836885,0.8952540063638426,0.20651506812583048,False,0,False,0,rotator,pulsator,0.4.0
2,139579789,18,120,14830,0.48612255371347385,,0.03448659630981891,False,0,False,0,quiet,quiet,0.4.0
2,14034600,18,120,14692,6.075471302135923,,0.006184790010531827,False,0,False,0,variable,variable,0.4.0
2,14034865,18,120,14671,7.402565288543701,,0.0040935826214431705,False,0,False,0,variable,variable,0.4.0
2,14040050,18,120,14763,1.838976502418518,,0.05187314170756524,False,0,False,3,quiet,eclipsing,0.4.0
2,14045247,18,120,14460,3.120692753791809,,0.06883945903697043,False,0,False,0,quiet,quiet,0.4.0
2,14046558,18,120,14511,4.57543716430664,,0.0028190846106622377,False,0,False,0,quiet,quiet,0.4.0
2,149850561,18,120,14607,4.88296422958374,,0.004089997037478054,False,0,False,0,quiet,quiet,0.4.0
2,149851148,18,120,14603,13.187962388992307,,0.015676725647731655,False,0,False,0,variable,variable,0.4.0
2,149851496,18,120,14613,5.843367719650269,,0.005946517718440107,False,0,False,0,variable,variable,0.4.0
2,149852575,18,120,14690,2.136208544260518,7.8782520822427,0.42204088896082237,False,0,False,0,rotator,eclipsing,0.4.0
2,149853293,18,120,14669,1.0809399604797363,0.10646908205294615,0.18256515692973557,False,0,False,0,rotator,pulsator,0.4.0
2,149855763,18,120,14557,1.5761645793914794,,0.004087467088517328,False,0,False,0,quiet,quiet,0.4.0
2,149857901,18,120,13095,0.9460875749588012,,0.06472532677843698,False,0,False,0,quiet,quiet,0.4.0
2,149858588,18,120,14533,0.3221964597702026,,0.005644216679132857,False,0,False,0,quiet,quiet,0.4.0
2,149859222,18,120,14544,0.6608297109603881,,0.01000824607339377,False,0,False,0,quiet,quiet,0.4.0
2,149903902,18,120,14404,1.852983123064041,5.296807980873733,0.260203501696125,False,0,False,0,rotator,pulsator,0.4.0
2,149904640,18,120,14545,0.6903452396392822,,0.02351787253357448,False,0,False,0,quiet,quiet,0.4.0
2,149905802,18,120,14434,0.5782480723187902,,0.013321741280460942,False,0,False,0,quiet,quiet,0.4.0
2,149909092,18,120,14430,0.5968499244198224,,0.00867062897083655,False,0,False,0,quiet,quiet,0.4.0
2,149909121,18,120,13334,1.9385692037004705,,0.03351996458217734,False,0,False,0,quiet,quiet,0.4.0
2,149920149,18,120,14543,2.5510607242584227,6.169332012236018,0.4524216690788724,False,0,False,0,rotator,rotator,0.4.0
2,149921691,18,120,14123,4.943939423561096,3.8271486268753656,0.4719335733720465,False,0,False,0,rotator,pulsator,0.4.0
2,149922090,18,120,14148,1.9783357501029966,9.570763497357765,0.3454123440290496,False,1,False,0,rotator,rotator,0.4.0
2,149925906,18,120,14071,3.5480493307113647,,0.019329560728935314,False,1,False,0,quiet,quiet,0.4.0
2,149925961,18,120,14107,1.5113011121749877,,0.007498761326081627,False,0,False,0,quiet,quiet,0.4.0
2,149926346,18,120,14359,18.780094635486602,0.18221319162799904,0.5700070710260096,False,0,False,0,rotator,pulsator,0.4.0
2,149978296,18,120,14540,0.5465232821391056,,0.03278363607550309,False,0,False,0,quiet,quiet,0.4.0
2,149982594,18,120,13762,2.0720519721508026,,0.010188291372750197,False,0,False,0,quiet,quiet,0.4.0
2,149983507,18,120,14243,1.1146972417831422,,0.00874554615395114,False,0,False,0,quiet,quiet,0.4.0
2,159500786,18,120,14192,2.411082887649536,4.600089129338403,0.26468095949463494,False,0,False,0,rotator,rotator,0.4.0
2,159502560,18,120,14191,10.512476921081543,0.5450343760066616,0.774758408611266,False,0,False,0,rotator,pulsator,0.4.0
2,159502654,18,120,14189,0.6103705286979675,,0.007920967247053982,False,0,False,0,quiet,quiet,0.4.0
2,159502670,18,120,12035,1.5139522075653074,,0.012142013234938354,False,0,False,0,quiet,quiet,0.4.0
2,159508433,18,120,11923,2.2962020874023437,7.165420485864768,0.15586265752091527,False,0,False,0,rotator,rotator,0.4.0
2,159509625,18,120,13330,2.305657798389065,8.642793396262944,0.2840385799296946,False,0,False,0,rotator,pulsator,0.4.0
2,159509748,18,120,14001,4.584627628326416,5.731359788536452,0.5966724296294454,False,1,False,0,rotator,rotator,0.4.0
2,159511173,18,120,13288,4.959006334572842,,0.01144850211332178,False,0,False,0,quiet,quiet,0.4.0
2,159511543,18,120,14194,1.3160037517547607,8.846325225634926,0.4655317001867592,False,0,False,0,rotator,rotator,0.4.0
2,159511706,18,120,13513,1.4257591009140014,8.089445038492613,0.31444018938923785,False,0,False,0,rotator,rotator,0.4.0
2,159539923,18,120,14192,0.46685789823532103,,0.002158912680174015,False,0,False,0,quiet,quiet,0.4.0
2,159539998,18,120,14187,0.8554201126098633,2.0175817219575767,0.11149174643709193,False,0,False,0,rotator,rotator,0.4.0
2,160493795,18,120,14192,0.7108470439910888,,0.0012684539643460528,False,0,False,0,quiet,quiet,0.4.0
2,160494047,18,120,13469,1.8066331386566161,,0.010369480132290908,False,0,False,0,quiet,quiet,0.4.0
2,160520118,18,120,14131,1.50582218170166,,0.005785609004659009,False,0,False,0,quiet,quiet,0.4.0
2,160520286,18,120,14193,0.6664853811264038,,0.01395476075214538,False,0,False,0,quiet,quiet,0.4.0
2,160520314,18,120,13486,1.724095650789271,10.279876089249353,0.12439184552287152,False,0,False,0,rotator,pulsator,0.4.0
2,160520447,18,120,14193,1.537281847000122,3.285779448565953,0.3041410336625064,False,0,False,0,rotator,pulsator,0.4.0
2,160520850,18,120,14163,1.0851817131042478,,0.020332112651196086,False,0,False,0,quiet,quiet,0.4.0
2,160520893,18,120,13737,2.0863237023353576,,0.015754079342812134,False,0,False,0,quiet,quiet,0.4.0
2,160520915,18,120,14192,0.942685307780346,,0.07164972552746736,False,0,False,0,quiet,quiet,0.4.0
2,160520966,18,120,13340,1.7874126970767974,,0.021344598073006024,False,0,False,0,quiet,quiet,0.4.0
2,160520980,18,120,13444,2.2927555950654863,,0.060195116664731804,False,0,False,0,quiet,quiet,0.4.0
2,160521042,18,120,13461,2.2031486392021176,,0.0037704390591460153,False,0,False,0,quiet,quiet,0.4.0
2,160521225,18,120,13530,1.7217538499309466,,0.0049470950056651,False,0,False,0,quiet,quiet,0.4.0
2,160534439,18,120,13363,2.981686985492706,5.112789451471103,0.15969299640513565,False,0,False,0,rotator,pulsator,0.4.0
2,160534561,18,120,13971,1.5228775620460508,,0.0017776262366772926,False,0,False,0,quiet,quiet,0.4.0
2,160534712,18,120,13323,2.315908563137054,,0.03544402934849021,False,0,False,0,quiet,quiet,0.4.0
2,160535037,18,120,13414,1.4471887455228343,,0.008076445418165084,False,0,False,0,quiet,quiet,0.4.0
2,160535421,18,120,14192,0.7184468079539055,,0.007478879288482336,False,0,False,0,quiet,quiet,0.4.0
2,160535706,18,120,13753,8.113942551612853,,0.09647406855803795,False,0,False,0,variable,variable,0.4.0
2,160535751,18,120,13766,4.972526920660528,,0.0051823879829841065,False,0,False,0,quiet,quiet,0.4.0
2,160550553,18,120,14191,0.5324283242225646,,0.024038894404786227,False,0,False,0,quiet,quiet,0.4.0
2,160550735,18,120,14192,0.6378535128919176,,0.03077680317498818,False,0,False,0,quiet,quiet,0.4.0
2,160551095,18,120,13233,2.064054501056671,,0.0019958411119766605,False,0,False,0,quiet,quiet,0.4.0
2,160551471,18,120,14191,0.6131099939346314,,0.0016561408907682013,False,0,False,0,quiet,quiet,0.4.0
2,160551500,18,120,14194,0.8996934056282043,,0.001927165270892654,False,0,False,0,quiet,quiet,0.4.0
2,160551662,18,120,14169,1.173816668987274,,0.04090798384925477,False,0,False,0,quiet,quiet,0.4.0
2,160552281,18,120,14186,0.6752339556673791,,0.022725629299590128,False,0,False,0,quiet,quiet,0.4.0
2,160552560,18,120,13550,7.398765385150909,,0.04501566551146568,False,0,False,0,variable,variable,0.4.0
2,160552591,18,120,13753,2.366191005706787,10.305760071248436,0.22964281852515486,False,0,False,0,rotator,rotator,0.4.0
2,160553360,18,120,13896,1.6973197398972355,,0.005694713850194089,False,0,False,0,quiet,quiet,0.4.0
2,160553438,18,120,14189,0.18796266317367552,,0.09548361672170193,False,3,False,0,flaring,flaring,0.4.0
2,160553508,18,120,13451,2.183442163467407,11.294664734918342,0.2517429913034113,False,0,False,0,rotator,rotator,0.4.0
2,160582688,18,120,14193,1.0917210817337035,,0.00718944380198946,False,0,False,0,quiet,quiet,0.4.0
2,160583413,18,120,13086,2.338619613647461,,0.06555711749705223,False,0,False,0,quiet,quiet,0.4.0
2,160583426,18,120,14193,0.9148046493530273,,0.0030671414520731023,False,0,False,0,quiet,quiet,0.4.0
2,160583519,18,120,13100,13.327808465230968,,0.010764770970056108,False,0,False,0,variable,variable,0.4.0
2,160583570,18,120,14189,0.6051567077636718,,0.003584792274827722,False,0,False,0,quiet,quiet,0.4.0
2,160583993,18,120,14175,1.2727025270462036,11.500221505851984,0.3014802461753454,False,1,False,0,rotator,rotator,0.4.0
2,160584310,18,120,14193,2.5670556664466857,10.454751623867754,0.4746482689926926,False,0,False,0,rotator,rotator,0.4.0
2,160584370,18,120,13923,1.7415929317474366,,0.018617903695044815,False,0,False,0,quiet,quiet,0.4.0
2,160585543,18,120,14191,0.7610411167144775,,0.001785977793409988,False,0,False,0,quiet,quiet,0.4.0
2,160585671,18,120,14187,0.17373511791229249,,0.014957797086139389,False,2,False,0,quiet,quiet,0.4.0
2,160585734,18,120,13068,3.60553402321142,12.402233804357111,0.12850657203944346,False,0,False,0,rotator,rotator,0.4.0
2,160586189,18,120,13031,1.5701554298400877,,0.007113930638395967,False,0,False,0,quiet,quiet,0.4.0
2,160599479,18,120,13136,4.97036200761795,,0.0022025858705705644,False,0,False,0,quiet,quiet,0.4.0
2,160599512,18,120,14192,1.181239771283858,5.47629271016674,0.15207687722414714,False,0,False,0,rotator,rotator,0.4.0
2,160599683,18,120,14194,1.079128410790217,,0.07482535050917148,False,1,False,2,quiet,quiet,0.4.0
2,160599736,18,120,14193,0.5328701734542847,,0.08484562626523148,False,0,False,0,quiet,quiet,0.4.0
2,160600348,18,120,14192,2.072361390135371,6.052750794637787,0.5710680581959948,False,5,False,0,flaring,flaring,0.4.0
2,160600404,18,120,14161,5.043797349929809,5.743862748981428,0.39433425961294866,False,3,False,0,flaring,flaring,0.4.0
2,160600809,18,120,14188,0.14634046554565427,1.1057901678259332,0.12731218569474723,False,2,False,0,rotator,pulsator,0.4.0
2,160600918,18,120,13413,1.9103793382644654,,0.024335151170936632,False,0,False,0,quiet,quiet,0.4.0
2,160600996,18,120,13449,1.704654335975647,,0.013517093606399938,False,0,False,0,quiet,quiet,0.4.0
2,160601436,18,120,13040,2.0260112822055816,,0.029337401515009947,False,0,False,0,quiet,quiet,0.4.0
2,160601443,18,120,14192,1.0205833554267882,,0.03067610255164771,False,0,False,0,quiet,quiet,0.4.0
2,160601539,18,120,12981,1.763862133026123,,0.0034231298303277996,False,0,False,0,quiet,quiet,0.4.0
2,160601758,18,120,12852,2.358105235043324,,0.002602467456542191,False,0,False,0,quiet,quiet,0.4.0
2,160602372,18,120,13068,1.612484586238861,,0.0026264195143115773,False,0,False,0,quiet,quiet,0.4.0
2,160602609,18,120,14054,1.1335199514913588,,0.0028244383819228747,False,0,False,0,quiet,quiet,0.4.0
2,160602647,18,120,13343,1.9243417739868163,,0.031838596078522824,False,0,False,0,quiet,quiet,0.4.0
2,160602762,18,120,14187,0.6002963662147521,,0.08734167962785697,False,0,False,0,quiet,quiet,0.4.0
2,160602772,18,120,14191,2.55653965473175,,0.002310386433963502,False,0,False,0,quiet,quiet,0.4.0
2,160602798,18,120,14193,0.8002773284912108,,0.09484710418515425,False,0,False,0,quiet,quiet,0.4.0
2,160602888,18,120,14194,0.8385414219771967,,0.0012273443147546568,False,0,False,0,quiet,quiet,0.4.0
2,160603250,18,120,14190,0.8280254602432251,,0.002485083811345025,False,0,False,0,quiet,quiet,0.4.0
2,160603519,18,120,14191,23.52352287769318,0.391163958176953,0.7841581700009382,False,0,False,0,rotator,pulsator,0.4.0
2,160603568,18,120,14191,0.7948867678642273,5.227371891403178,0.12032462366704684,False,0,False,0,rotator,rotator,0.4.0
2,160603595,18,120,14191,2.7073869824409487,2.6744692621718174,0.47389149697097005,False,0,False,0,rotator,pulsator,0.4.0
2,160603620,18,120,14188,0.4903643065908137,,0.0066142190555287615,False,0,False,0,quiet,quiet,0.4.0
2,160603678,18,120,13494,28.78651991566897,,0.05357273118828348,False,1,False,0,variable,variable,0.4.0
2,160603848,18,120,14193,1.5404631614685058,0.25386783717163997,0.2349823153123193,False,0,False,0,rotator,pulsator,0.4.0
2,160604543,18,120,12803,3.1721240043640138,,0.0573320481197199,False,0,False,0,quiet,quiet,0.4.0
2,160604654,18,120,14190,0.6819501042366027,,0.00685683194734201,False,0,False,0,quiet,quiet,0.4.0
2,160617691,18,120,13767,1.0022024273872376,,0.004042897029933353,False,0,False,0,quiet,quiet,0.4.0
2,160617891,18,120,12763,2.0116511821746825,,0.024752014717305326,False,0,False,0,quiet,quiet,0.4.0
2,160618097,18,120,13033,1.4803716659545898,,0.01470322932936786,False,0,False,0,quiet,quiet,0.4.0
2,160618494,18,120,14193,3.5460168242454526,2.12966746274777,0.1076266106220577,False,0,False,5,rotator,eclipsing,0.4.0
2,160618495,18,120,14193,0.6286630868911742,,0.008333671350328226,False,0,False,0,quiet,quiet,0.4.0
2,160618927,18,120,14194,0.8991190016269683,,0.0018975027179002437,False,0,False,0,quiet,quiet,0.4.0
2,160619045,18,120,13490,2.003786265850067,,0.022794110041038516,False,0,False,0,quiet,quiet,0.4.0
2,161727053,18,120,14025,1.1557008504867554,,0.0035084958014167758,False,0,False,0,quiet,quiet,0.4.0
2,161729507,18,120,14026,1.4641558864209583,,0.014382371484261755,False,0,False,0,quiet,quiet,0.4.0
2,161819951,18,120,13810,1.1682935884086367,,0.00818766851258262,False,0,False,0,quiet,quiet,0.4.0
2,161822341,18,120,14019,1.0054721117019652,,0.005037989090060283,False,0,False,0,quiet,quiet,0.4.0
2,161825615,18,120,14023,26.790025877952573,0.19735207788898945,0.8734808630079555,False,0,False,0,rotator,pulsator,0.4.0
2,161825707,18,120,14017,0.3202523231506348,,0.052622969447602384,False,0,False,0,quiet,quiet,0.4.0
2,161826759,18,120,14026,1.1944067719932332,,0.011325889410292495,False,0,False,0,quiet,quiet,0.4.0
2,161826777,18,120,14025,0.7694362521171569,,0.0015285910539480987,False,0,False,0,quiet,quiet,0.4.0
2,165470925,18,120,14055,2.3092808246612546,,0.0022720633978757063,False,0,False,0,quiet,quiet,0.4.0
2,165497850,18,120,14167,1.4356565237045287,,0.006235914831141958,False,0,False,0,quiet,quiet,0.4.0
2,165497900,18,120,14282,1.2444683611392975,,0.03367475003284227,False,0,False,0,quiet,quiet,0.4.0
2,165498199,18,120,14442,0.31945699453353876,,0.059120167525216136,False,0,False,0,quiet,quiet,0.4.0
2,165498437,18,120,14247,4.596911036968231,,0.0026993162778655164,False,0,False,0,quiet,quiet,0.4.0
2,165498502,18,120,14251,3.262261247634888,,0.031448614108476367,False,0,False,0,quiet,quiet,0.4.0
2,165498524,18,120,14246,2.8533737985268948,,0.002473718570448879,False,0,False,0,quiet,quiet,0.4.0
2,165498748,18,120,14398,1.7725665100644077,,0.004446594340385229,False,0,False,0,quiet,quiet,0.4.0
2,165500231,18,120,14410,2.2193203210830688,,0.0024427095944441384,False,0,False,0,quiet,quiet,0.4.0
2,165500708,18,120,14254,2.59820611471552,,0.003517507598899194,False,0,False,0,quiet,quiet,0.4.0
2,165501015,18,120,14166,4.2808120965957634,,0.0018258917098235839,False,0,False,0,quiet,quiet,0.4.0
2,165501404,18,120,14444,0.8980585634708403,,0.004394100830015626,False,0,False,0,quiet,quiet,0.4.0
2,165501560,18,120,14446,0.6564996276199595,,0.002842326616376764,False,0,False,0,quiet,quiet,0.4.0
2,165501698,18,120,14170,1.2892276114685768,,0.00476865526116647,False,0,False,0,quiet,quiet,0.4.0
2,165501771,18,120,14446,1.5323331356048584,5.5380014511218265,0.35905056890122444,False,0,False,0,rotator,pulsator,0.4.0
2,165501913,18,120,14442,0.6283979773521423,,0.0018192199130899445,False,0,False,0,quiet,quiet,0.4.0
2,165502188,18,120,14217,2.6609928131103513,8.854117383212339,0.4456456350708602,False,0,False,0,rotator,rotator,0.4.0
2,165527315,18,120,14431,1.324310517311096,,0.0014507796010459475,False,0,False,0,quiet,quiet,0.4.0
2,165527358,18,120,14445,1.3893507242202758,6.460973691953819,0.39250507492140935,False,0,False,0,rotator,rotator,0.4.0
2,165528608,18,120,14442,0.5166101217269897,,0.0029921498796625537,False,0,False,0,quiet,quiet,0.4.0
2,165528645,18,120,14299,10.52723468542099,0.26062600377756723,0.12517927931941716,False,0,False,0,rotator,pulsator,0.4.0
2,165528720,18,120,14328,1.4816529845698776,,0.0014375233057603181,False,0,False,0,quiet,quiet,0.4.0
2,165528927,18,120,14445,1.2883439898490905,,0.0021325848307715395,False,0,False,0,quiet,quiet,0.4.0
2,165529165,18,120,14441,0.40066888332366946,,0.01609027467047602,False,0,False,0,quiet,quiet,0.4.0
2,165529438,18,120,14152,1.8611132043931842,,0.00257695079426271,False,0,False,0,quiet,quiet,0.4.0
2,165529451,18,120,14438,2.7492742896080014,4.01026936394985,0.5888595616965292,False,0,False,0,rotator,pulsator,0.4.0
2,165529484,18,120,14159,1.6848594903945922,,0.0033107681576352564,False,0,False,0,quiet,quiet,0.4.0
2,165529663,18,120,14134,3.2255877614021298,,0.013492778877498767,False,0,False,0,quiet,quiet,0.4.0
2,165530042,18,120,14219,1.3467564582824707,,0.024316014076133062,False,0,False,0,quiet,quiet,0.4.0
2,165530380,18,120,14169,1.4548327803611756,,0.09695184019684855,False,0,False,0,quiet,quiet,0.4.0
2,165530589,18,120,14078,5.318318119099196,1.9458448938829693,0.1936158816185834,False,2,False,0,rotator,pulsator,0.4.0
2,165531042,18,120,14177,1.6655064940452573,,0.0018076714257277827,False,0,False,0,quiet,quiet,0.4.0
2,165531524,18,120,14272,1.9493061974851429,,0.00244405711478863,False,0,False,0,quiet,quiet,0.4.0
2,165549035,18,120,14425,5.6335777044296265,,0.0566121601339426,False,0,False,0,variable,variable,0.4.0
2,165549235,18,120,14442,0.4205520987510681,,0.0015444783837333625,False,0,False,0,quiet,quiet,0.4.0
2,165549513,18,120,14446,1.3144130945205688,,0.04357854094958018,False,0,False,0,quiet,quiet,0.4.0
2,165550022,18,120,14444,1.8466646790504455,16.613963386190072,0.2519996198633281,False,8,False,0,flaring,flaring,0.4.0
2,165550041,18,120,14168,5.870630167164215,,0.0031540181666602093,False,0,False,0,variable,variable,0.4.0
2,165550566,18,120,14077,3.04504816532135,,0.0016973177721454837,False,0,False,0,quiet,quiet,0.4.0
2,165550969,18,120,14135,1.355505073070526,,0.0020040651693769684,False,0,False,0,quiet,quiet,0.4.0
2,165551262,18,120,14171,2.1775213837623597,3.831456831554458,0.5002978503212139,False,0,False,0,rotator,rotator,0.4.0
2,165551380,18,120,14410,3.9734175860881806,8.945987649573489,0.5067582744174514,False,19,False,0,flaring,flaring,0.4.0
2,165551785,18,120,14442,0.7509227693080902,,0.0017272997505895814,False,0,False,0,quiet,quiet,0.4.0
2,165551882,18,120,14210,4.376870380453489,,0.002421256892010398,False,0,False,0,quiet,quiet,0.4.0
2,165551979,18,120,14446,0.9492688328463533,,0.01336534200822134,False,0,False,0,quiet,quiet,0.4.0
2,165552301,18,120,14445,0.5182891488075255,,0.0028827460241956635,False,0,False,0,quiet,quiet,0.4.0
2,165552542,18,120,14292,3.37899801605928,,0.003151343550242419,False,0,False,0,quiet,quiet,0.4.0
2,165553033,18,120,14445,1.6313957333564757,6.120914532810898,0.2282054404709341,False,0,False,0,rotator,pulsator,0.4.0
2,165553360,18,120,14443,1.7549367785453795,,0.07202692167990626,False,0,False,0,quiet,quiet,0.4.0
2,165554484,18,120,14225,2.820146906375885,12.790786334936811,0.11088805655344525,False,0,False,0,rotator,pulsator,0.4.0
2,165554574,18,120,14439,0.5021174669265748,,0.006636654977459182,False,0,False,0,quiet,quiet,0.4.0
2,165555225,18,120,14445,0.8358020067214966,6.841051017939422,0.13337566135431922,False,0,False,0,rotator,rotator,0.4.0
2,165555303,18,120,14445,0.9118000745773315,,0.003061116502068191,False,0,False,0,quiet,quiet,0.4.0
2,165555377,18,120,14117,18.11493480205536,0.23532699915306451,0.30538240222129065,False,1,False,0,rotator,pulsator,0.4.0
2,165555520,18,120,14442,1.469546403573346,8.945997570173787,0.47574430949723073,False,0,False,0,rotator,rotator,0.4.0
2,177710949,18,120,14689,0.9165720462799072,,0.013402508113096524,False,0,False,0,quiet,quiet,0.4.0
2,177711068,18,120,14693,1.2202108383178711,,0.004604308112632509,False,0,False,0,quiet,quiet,0.4.0
2,177711920,18,120,14690,0.7117749485902473,6.565608746764409,0.19975807072664953,False,0,False,0,rotator,rotator,0.4.0
2,177712133,18,120,14618,3.21219982541203,1.8112240092484453,0.5497990985803862,False,0,False,0,rotator,pulsator,0.4.0
2,177763349,18,120,14487,2.826509535312652,,0.028314616009038247,False,0,False,0,quiet,quiet,0.4.0
2,177763744,18,120,14491,3.2739260673522947,,0.04035475796103745,False,3,False,0,flaring,flaring,0.4.0
2,177766149,18,120,14685,0.7900264263153076,0.9090860392402647,0.12706298079215847,False,0,False,0,rotator,pulsator,0.4.0
2,177766657,18,120,14481,6.128360474109649,4.029956445256333,0.6979096356804946,False,0,False,0,rotator,pulsator,0.4.0
2,177768556,18,120,14653,0.8145932435989379,,0.008118298191711002,False,0,False,0,quiet,quiet,0.4.0
2,177769060,18,120,14493,1.4959247589111329,,0.004924871440634185,False,0,False,0,quiet,quiet,0.4.0
2,177769171,18,120,14686,0.46681371331214905,,0.009384074077613064,False,0,False,0,quiet,quiet,0.4.0
2,177769230,18,120,14495,1.4480283021926879,5.083357677472122,0.17501201531662666,False,0,False,0,rotator,rotator,0.4.0
2,177797419,18,120,14487,2.079342484474182,,0.0069904695686385165,False,0,False,0,quiet,quiet,0.4.0
2,177797764,18,120,14512,1.148189413547516,,0.017336943815512672,False,0,False,0,quiet,quiet,0.4.0
2,177799909,18,120,14689,0.8478203058242797,,0.002737877025650403,False,0,False,0,quiet,quiet,0.4.0
2,177801755,18,120,14639,0.4752530336380005,5.627674083805557,0.15180997174542435,False,0,False,0,rotator,rotator,0.4.0
2,177803740,18,120,14480,1.4779414511340425,,0.010684261374988933,False,0,False,0,quiet,quiet,0.4.0
2,177804235,18,120,14449,2.0593708992004394,,0.015436895233624839,False,0,False,0,quiet,quiet,0.4.0
2,177820177,18,120,14688,0.7944891035556793,,0.027493453638057937,False,0,False,0,quiet,quiet,0.4.0
2,177820253,18,120,14689,0.6700201749801635,,0.038025157167820435,False,0,False,0,quiet,quiet,0.4.0
2,177821179,18,120,14468,1.417761587567282,,0.004186312382488505,False,0,False,0,quiet,quiet,0.4.0
2,177821919,18,120,14623,44.28840426206589,,0.7875007922401395,True,16,False,2,flaring,eclipsing,0.4.0
2,177823340,18,120,14545,12.930806136131286,0.6659984379256332,0.3988420114275734,False,1,True,12,dipper,eclipsing,0.4.0
2,177824535,18,120,14690,2.0323738505728883,9.848422478386283,0.5377505312320771,False,0,False,0,rotator,pulsator,0.4.0
2,177825804,18,120,14448,250.01496792524864,,0.07761282243355953,False,0,False,0,variable,variable,0.4.0
2,177828062,18,120,14692,1.749457848072052,,0.00477178568788047,False,0,False,0,quiet,quiet,0.4.0
2,177878688,18,120,14688,3.692931693792343,0.3151501536383754,0.6458710434687296,False,0,False,0,rotator,pulsator,0.4.0
2,177881008,18,120,14694,1.3160038301947015,,0.0201409455664455,False,0,False,0,quiet,quiet,0.4.0
2,177881030,18,120,14688,7.221053193744827,0.5206219674448326,0.47743610004585885,False,0,False,0,rotator,pulsator,0.4.0
2,177882009,18,120,14457,6.367400908470154,,0.0023589207340657527,False,0,False,0,variable,variable,0.4.0
2,177884453,18,120,14444,16.142210056119858,,0.001713558619520394,False,0,False,0,variable,variable,0.4.0
2,177884633,18,120,14439,1.1100136399269103,,0.014302171861940641,False,0,False,0,quiet,quiet,0.4.0
2,177885728,18,120,14694,5.1656593680381775,,0.0018195915481477852,False,0,False,0,variable,variable,0.4.0
2,177885820,18,120,14438,3.59439942224024,11.665345475277036,0.4356677191146487,False,0,False,0,rotator,rotator,0.4.0
2,177885898,18,120,14684,1.9185093641281128,3.58124906241163,0.10948188366149489,False,5,False,1,flaring,flaring,0.4.0
2,177885903,18,120,14681,2.1459733486175536,,0.13016073016215043,True,13,False,0,flaring,flaring,0.4.0
2,177914763,18,120,14544,0.8805170964886488,,0.00605867062961579,False,0,False,0,quiet,quiet,0.4.0
2,177916038,18,120,14690,0.9343785981648742,10.743746908261446,0.26407938325216884,False,0,False,0,rotator,rotator,0.4.0
2,177917157,18,120,14685,1.2568843245506285,,0.026815989570941248,False,0,False,0,quiet,quiet,0.4.0
2,177918151,18,120,14539,14.013866972923278,14.651107362427636,0.934249180244582,False,0,False,0,rotator,pulsator,0.4.0
2,177918156,18,120,14445,2.910549259185791,,0.004768143554767868,False,0,False,0,quiet,quiet,0.4.0
2,177918389,18,120,14510,1.2701398772084638,,0.021098788366984814,False,0,False,0,quiet,quiet,0.4.0
2,177919822,18,120,14496,0.8717684822220514,,0.05128920890287728,False,0,False,0,quiet,quiet,0.4.0
2,177967454,18,120,14403,7.942328310012818,8.960524548808209,0.5750913477498181,False,12,False,0,flaring,flaring,0.4.0
2,177967675,18,120,14412,3.04305984377861,2.8409728763839364,0.36186924433974405,False,0,False,0,rotator,pulsator,0.4.0
2,177970769,18,120,14684,0.5694994408190583,,0.010265553253567651,False,0,False,0,quiet,quiet,0.4.0
2,177973295,18,120,14401,1.2486659288406372,,0.08509360846403055,False,0,False,0,quiet,quiet,0.4.0
2,177973868,18,120,14616,0.723837411403656,,0.019305153237973202,False,0,False,0,quiet,quiet,0.4.0
2,177975382,18,120,14381,17.58825051784515,0.8559583081217217,0.9037792426862634,False,1,False,0,rotator,pulsator,0.4.0
2,177991272,18,120,14408,2.561665105819702,5.294224412745362,0.285750421574752,False,2,False,0,rotator,rotator,0.4.0
2,177992456,18,120,14668,0.8715917425398979,,0.018170001908231138,False,1,False,0,quiet,quiet,0.4.0
2,177995472,18,120,14398,1.8138794660568236,1.3859233229271692,0.15114929929607954,False,0,True,12,dipper,eclipsing,0.4.0
2,177995773,18,120,14389,2.200939393043518,,0.04607171956858288,False,1,False,1,quiet,eclipsing,0.4.0
2,177996180,18,120,14440,1.0000816106844908,,0.005179710644630939,False,0,False,0,quiet,quiet,0.4.0
2,177996792,18,120,14369,66.67805364131928,,0.004384548114648517,False,0,False,0,variable,variable,0.4.0
2,177997341,18,120,14381,4.287351465225219,5.540381461934148,0.44279626686496926,False,0,False,0,rotator,pulsator,0.4.0
2,177997536,18,120,14685,1.1231807470321653,1.9373984750235216,0.24088387251838406,False,0,False,0,rotator,pulsator,0.4.0
2,177997903,18,120,14672,0.8446831511055484,,0.02509676175452182,False,7,False,0,flaring,flaring,0.4.0
2,177998051,18,120,14384,1.5208893311553795,,0.004135812856387627,False,0,False,0,quiet,quiet,0.4.0
2,178041326,18,120,14447,0.8690290689468384,,0.06199896784923575,False,0,False,0,quiet,quiet,0.4.0
2,178042675,18,120,14691,2.6647043466567992,7.386331834893269,0.5747406816576011,False,0,False,0,rotator,pulsator,0.4.0
2,178043185,18,120,14350,3.1881632264901167,,0.004364867404468831,False,0,False,0,quiet,quiet,0.4.0
2,178043560,18,120,14554,0.9679149270057678,,0.0045950785092203645,False,0,False,0,quiet,quiet,0.4.0
2,178043760,18,120,14369,1.566974115371704,,0.02610026185803794,False,0,False,0,quiet,quiet,0.4.0
2,178044306,18,120,14370,1.4125919096117072,,0.015301416220571979,False,0,False,0,quiet,quiet,0.4.0
2,178044499,18,120,14684,1.4443167686462401,0.6422903623623298,0.759490352557941,False,0,False,0,rotator,pulsator,0.4.0
2,178046478,18,120,14354,22.83529783382124,,0.0012751734420303558,False,0,False,0,variable,variable,0.4.0
2,178047960,18,120,14627,59.68251986503601,,0.8002103317164508,True,22,False,0,flaring,flaring,0.4.0
2,178048167,18,120,14683,0.39589691162109375,4.7272554962180955,0.4021374046845743,False,0,False,0,rotator,pulsator,0.4.0
2,178048695,18,120,14690,0.28490438461303713,,0.023897933940871245,False,0,False,0,quiet,quiet,0.4.0
2,178048802,18,120,14245,2.438212430477142,,0.001558823803930278,False,0,False,0,quiet,quiet,0.4.0
2,178048947,18,120,14239,1.8909379720687864,5.249720977601762,0.2070185893455452,False,0,False,0,rotator,pulsator,0.4.0
2,178077941,18,120,14356,0.8440645621995758,,0.002142677780200772,False,0,False,0,quiet,quiet,0.4.0
2,178078981,18,120,14225,7.005342829227447,2.7490287740134867,0.7205262403186427,False,0,False,0,rotator,pulsator,0.4.0
2,178080284,18,120,14690,0.6118728160858155,,0.00454960052568345,False,0,False,0,quiet,quiet,0.4.0
2,178080938,18,120,14360,1.4929202731204194,,0.001695110704708811,False,0,False,0,quiet,quiet,0.4.0
2,178103614,18,120,14628,3.503069078922272,2.805245087470753,0.7264084593130771,False,0,False,0,rotator,pulsator,0.4.0
2,178103825,18,120,14686,0.30611314773559567,,0.04563701822441376,False,3,False,0,flaring,flaring,0.4.0
2,178104108,18,120,14196,0.9620825171470642,,0.0022911229176364165,False,0,False,0,quiet,quiet,0.4.0
2,178105913,18,120,14154,72.24191184293697,,0.0027191183744820174,False,0,False,0,variable,variable,0.4.0
2,178106765,18,120,14683,0.9524502038955688,0.5396409307261251,0.2025543524382335,False,0,False,0,rotator,pulsator,0.4.0
2,178107694,18,120,14692,0.3358054361227415,2.2298384166670764,0.13588746089939605,False,1,False,0,rotator,rotator,0.4.0
2,178108104,18,120,14204,4.884290068405275,4.269067629626349,0.6460348294081871,False,3,False,0,flaring,flaring,0.4.0
2,178108654,18,120,14644,7.805089706030795,3.1873375435457465,0.8482570543285153,False,0,False,0,rotator,rotator,0.4.0
2,178110443,18,120,14383,0.828290569782257,,0.005590514560834879,False,0,False,0,quiet,quiet,0.4.0
2,178137831,18,120,14605,0.7497297763824463,,0.018642136246861247,False,0,False,0,quiet,quiet,0.4.0
2,178138325,18,120,14193,1.7235654830932616,,0.05252528385110473,False,0,False,0,quiet,quiet,0.4.0
2,178138333,18,120,14205,1.5561929941177368,,0.002876087332086924,False,0,False,0,quiet,quiet,0.4.0
2,178144843,18,120,14173,1.597726821899414,8.22180152965838,0.25132241944753947,False,0,False,0,rotator,rotator,0.4.0
2,178175233,18,120,14020,20.749991683661687,,0.015392543627118354,False,0,False,0,variable,variable,0.4.0
2,178175404,18,120,14058,1.3512633204460143,,0.0016323567985029087,False,0,False,0,quiet,quiet,0.4.0
2,178177015,18,120,14037,182.04912979602813,,0.0010611780925538262,False,0,False,0,variable,variable,0.4.0
2,184586851,18,120,14831,0.39474810361862184,,0.0553358058782043,False,0,False,0,quiet,quiet,0.4.0
2,184586973,18,120,14639,1.2886090993881225,,0.01666852981154007,False,0,False,0,quiet,quiet,0.4.0
2,184587678,18,120,14827,1.5538953781127929,4.409901381088898,0.2976990031726869,False,0,False,0,rotator,pulsator,0.4.0
2,184588256,18,120,14827,0.5385258436203002,,0.05222070900811918,False,0,False,0,quiet,quiet,0.4.0
2,184589181,18,120,14835,12.959437966346739,0.1082432720344038,0.517453878789615,False,0,False,0,rotator,pulsator,0.4.0
2,184607134,18,120,14823,0.7900264263153076,,0.06642410888031354,False,0,False,0,quiet,quiet,0.4.0
2,184607646,18,120,14821,6.868634676933288,0.10913609681555715,0.1830811642596522,False,0,False,0,rotator,pulsator,0.4.0
2,184608414,18,120,14828,0.6083821708928244,,0.002432187641637664,False,0,False,0,quiet,quiet,0.4.0
2,184609310,18,120,14827,2.7612042188644406,1.5071820903008764,0.5793095997188429,False,0,False,0,rotator,pulsator,0.4.0
2,184610711,18,120,14706,1.0841213395667875,5.377760287449344,0.2393688097362157,False,0,False,0,rotator,pulsator,0.4.0
2,184611148,18,120,14831,1.779591965675354,0.4283011401415322,0.17517919871463616,False,2,False,0,rotator,pulsator,0.4.0
2,184611181,18,120,14827,0.4475049018859863,,0.006221711659772013,False,0,False,0,quiet,quiet,0.4.0
2,184611919,18,120,14680,1.166526191429084,,0.0015499184359549364,False,0,False,0,quiet,quiet,0.4.0
2,184612564,18,120,14671,1.3684954404830931,,0.0011354263504894872,False,0,False,0,quiet,quiet,0.4.0
2,184612991,18,120,14662,4.294995584934819,7.868867157479445,0.6513651713050469,False,0,False,0,rotator,rotator,0.4.0
2,184651537,18,120,14511,1.8912914514541626,,0.006080673793055634,False,0,False,0,quiet,quiet,0.4.0
2,184654668,18,120,14628,1.142754702054104,,0.0019198415378977086,False,0,False,0,quiet,quiet,0.4.0
2,184658360,18,120,14667,1.3183897376060487,,0.005778440902823742,False,0,False,0,quiet,quiet,0.4.0
2,184676701,18,120,14811,0.16790270805358887,,0.05935332136118764,False,3,False,0,flaring,flaring,0.4.0
2,184678595,18,120,14626,4.340726981780736,,0.0013469883404071317,False,0,False,0,quiet,quiet,0.4.0
2,184678678,18,120,14604,89.00862512562796,,0.011932153912900723,False,0,False,0,variable,variable,0.4.0
2,184679514,18,120,14833,4.759776663780213,,0.015818412141328342,False,0,False,0,quiet,quiet,0.4.0
2,184680003,18,120,14829,0.6650714635848999,,0.014392446936798201,False,0,False,0,quiet,quiet,0.4.0
2,184682492,18,120,14556,6.8278519928455355,6.174252969978242,0.7358119325477743,False,0,False,0,rotator,rotator,0.4.0
2,184685175,18,120,14627,2.9647199749946593,,0.004641744082013007,False,0,False,0,quiet,quiet,0.4.0
2,184690812,18,120,14802,2.32222700715065,,0.0744376045612589,False,5,False,0,flaring,flaring,0.4.0
2,184690815,18,120,14828,1.2029346050581098,,0.07376581864274964,False,3,False,0,flaring,flaring,0.4.0
2,184691534,18,120,14603,2.3166155219078064,10.696175696633336,0.24620480366455702,False,0,False,0,rotator,rotator,0.4.0
2,184692794,18,120,14825,0.9571338057518004,4.409910233137503,0.532018379742307,False,0,False,0,rotator,rotator,0.4.0
2,184694118,18,120,14830,0.4960641324520111,,0.014878429938437547,False,2,False,0,quiet,quiet,0.4.0
2,184694386,18,120,14643,15.30070867538452,,0.0030261596710733207,False,0,False,0,variable,variable,0.4.0
2,184694831,18,120,14829,0.4233799338340759,,0.010944476956082671,False,0,False,0,quiet,quiet,0.4.0
2,184695113,18,120,14669,1.0961395740509032,,0.0018806533723763445,False,0,False,0,quiet,quiet,0.4.0
2,184730846,18,120,14690,1.2957228720188139,,0.019648585901293102,False,4,False,1,flaring,flaring,0.4.0
2,184731272,18,120,14643,2.9741755485534664,,0.0017586797350368387,False,0,False,0,quiet,quiet,0.4.0
2,184731565,18,120,14642,1.9079491106286908,5.358827877526913,0.28849207889951617,False,0,False,0,rotator,pulsator,0.4.0
2,184732477,18,120,14592,42.297651287983314,1.8968132458912583,0.9402432446822985,False,0,False,0,rotator,pulsator,0.4.0
2,184732706,18,120,14582,3.2477244079113006,10.682917734887743,0.7025463763857475,False,0,False,0,rotator,rotator,0.4.0
2,184733245,18,120,14569,2.793370842933655,,0.004061873372418567,False,0,False,0,quiet,quiet,0.4.0
2,184733656,18,120,14556,1.1805327773094179,,0.0036770888205099332,False,0,False,0,quiet,quiet,0.4.0
2,184734483,18,120,14826,0.6891080617904664,,0.06656537995936604,False,0,False,0,quiet,quiet,0.4.0
2,184736918,18,120,14829,0.7848126053810119,,0.0026377835207866056,False,0,False,0,quiet,quiet,0.4.0
2,184737285,18,120,14831,0.2905600547790527,,0.01457234053548375,False,0,False,0,quiet,quiet,0.4.0
2,184737443,18,120,14816,1.6966126799583434,3.720872826377857,0.4733547867568998,False,0,False,0,rotator,pulsator,0.4.0
2,184738153,18,120,14636,1.4523584246635437,,0.004432404486252607,False,0,False,0,quiet,quiet,0.4.0
2,184739277,18,120,14580,40.1255683020096,0.3765746730672522,0.4560708226636334,False,0,True,5,dipper,eclipsing,0.4.0
2,184739650,18,120,14639,1.1525195360183715,6.550824637948456,0.19652115741620826,False,0,False,0,rotator,rotator,0.4.0
2,184740661,18,120,14825,0.4565186262130737,,0.008403304859438295,False,0,False,0,quiet,quiet,0.4.0
2,184741795,18,120,14645,3.0162395954132077,,0.002502316280690916,False,0,False,0,quiet,quiet,0.4.0
2,184742890,18,120,14833,0.7329395055770874,,0.009227666248529423,False,0,False,0,quiet,quiet,0.4.0
2,186593509,18,120,14691,1.7568809151649474,4.545415335248191,0.35771950962074994,False,0,False,0,rotator,rotator,0.4.0
2,186594069,18,120,14693,0.5553161144256592,,0.020412902562776683,False,0,False,0,quiet,quiet,0.4.0
2,186595131,18,120,14594,6.337885190907562,0.2969980847097527,0.13428172405964198,False,2,False,0,rotator,pulsator,0.4.0
2,186595806,18,120,14694,54.727223285221356,0.19372734404670733,0.8617438502507868,False,0,False,2,rotator,pulsator,0.4.0
2,186597420,18,120,14540,5.307581341266632,,0.0032345325468616268,False,0,False,0,variable,variable,0.4.0
2,186597534,18,120,14692,0.5757737338542938,1.9373859536205198,0.1962367363164884,False,0,False,0,rotator,pulsator,0.4.0
2,186598630,18,120,14685,0.707312250137329,,0.023809364648549554,False,0,False,0,quiet,quiet,0.4.0
2,186598914,18,120,14690,3.038597166538238,7.386291480249554,0.4528145248544429,False,0,False,0,rotator,rotator,0.4.0
2,186599508,18,120,14693,0.9950444698333739,,0.018931126632972285,False,0,False,2,quiet,quiet,0.4.0
2,186610316,18,120,14693,0.7480507493019103,9.090832956356,0.16208470752065235,False,0,False,0,rotator,rotator,0.4.0
2,186611488,18,120,14695,1.26775381565094,,0.0023309367704202667,False,0,False,0,quiet,quiet,0.4.0
2,186611864,18,120,14584,1.2001950323523571,,0.004242161310648024,False,0,False,0,quiet,quiet,0.4.0
2,186614125,18,120,14688,0.37433466911315916,,0.034878656919954454,False,0,False,0,quiet,quiet,0.4.0
2,186616944,18,120,14690,0.9927468538284301,,0.007491051064180152,False,0,False,0,quiet,quiet,0.4.0
2,186617398,18,120,14617,2.484606599807739,,0.004122715588451191,False,0,False,0,quiet,quiet,0.4.0
2,186620327,18,120,14593,1.2997437000274659,,0.002478916233754093,False,0,False,0,quiet,quiet,0.4.0
2,186622577,18,120,14690,0.8377461433410643,,0.016977248376836708,False,0,False,0,quiet,quiet,0.4.0
2,186623012,18,120,14691,0.6508439183235168,,0.0566424811552156,False,0,False,0,quiet,quiet,0.4.0
2,186623058,18,120,14595,1.445023727416992,,0.004314952955753947,False,0,False,0,quiet,quiet,0.4.0
2,186623982,18,120,14690,0.44352825880050656,,0.055198913538001354,False,0,False,0,quiet,quiet,0.4.0
2,186624099,18,120,14549,1.2097831964492796,,0.0051311169732119275,False,0,False,0,quiet,quiet,0.4.0
2,186624243,18,120,14686,0.49694783091545097,,0.037060189614065854,False,0,False,0,quiet,quiet,0.4.0
2,186624416,18,120,14688,0.5830200438791501,,0.03599634310522346,False,0,False,0,quiet,quiet,0.4.0
2,186628328,18,120,14685,0.7668735265731811,,0.06515592663392204,False,0,False,0,quiet,quiet,0.4.0
2,186629146,18,120,14583,2.591357374191284,,0.0067912403710625,False,0,False,0,quiet,quiet,0.4.0
2,186663061,18,120,14693,2.037985396385193,9.090834450770531,0.2600653172133657,False,0,False,0,rotator,rotator,0.4.0
2,186664012,18,120,14604,1.7627133250236509,4.901635491937195,0.3660586209119704,False,0,False,0,rotator,pulsator,0.4.0
2,186665322,18,120,14683,2.4669326305389405,9.84841414266119,0.6234752074344801,False,0,False,0,rotator,rotator,0.4.0
2,186665854,18,120,14691,2.053008270263672,11.818093213074008,0.1464060692092865,False,1,False,0,rotator,rotator,0.4.0
2,186666979,18,120,14577,1.249726366996765,,0.006224323761962729,False,0,False,0,quiet,quiet,0.4.0
2,186668413,18,120,14684,1.4956596047979709,4.9241970776572925,0.199667415164288,False,0,False,0,rotator,pulsator,0.4.0
2,186669993,18,120,14673,17.117592716217043,8.440980764291258,0.8096977954601562,False,0,False,0,rotator,rotator,0.4.0
2,186670415,18,120,14600,6.740630552731123,,0.09198974868944904,False,0,False,0,variable,variable,0.4.0
2,186713670,18,120,14695,1.070512318611145,6.951812706673028,0.41547645526001725,False,2,False,0,rotator,pulsator,0.4.0
2,186714498,18,120,14562,4.794506013393401,4.3464623865709955,0.1039693686727847,False,1,False,0,rotator,rotator,0.4.0
2,186716647,18,120,14690,0.7572412133216857,,0.011096271721201386,False,0,False,0,quiet,quiet,0.4.0
2,186717795,18,120,14569,2.8901358246803284,,0.018190019970541232,False,0,False,0,quiet,quiet,0.4.0
2,186718127,18,120,14691,0.3885622143745422,,0.09276395740110897,False,0,False,0,quiet,quiet,0.4.0
2,186719154,18,120,14626,1.1058160392696847,,0.014918389784337432,False,0,False,0,quiet,quiet,0.4.0
2,186743591,18,120,14683,0.6949404716491699,,0.007332339103405082,False,0,False,0,quiet,quiet,0.4.0
2,186744785,18,120,14685,0.4919549345970154,,0.0557490768038759,False,0,False,0,quiet,quiet,0.4.0
2,186744990,18,120,14693,0.7754454016685485,,0.00628571782304456,False,0,False,0,quiet,quiet,0.4.0
2,186745319,18,120,14674,1.0529266564293709,,0.02830085622109731,False,0,False,0,quiet,quiet,0.4.0
2,186746098,18,120,14659,1.5310959577560423,2.9501847336787814,0.11636563261677293,False,0,False,0,rotator,pulsator,0.4.0
2,186746109,18,120,14557,2.0253485083580016,,0.0035234440838342197,False,0,False,0,quiet,quiet,0.4.0
2,186747751,18,120,14695,0.904553747177124,7.8787349658447665,0.2479129426906054,False,0,False,0,rotator,eclipsing,0.4.0
2,186747849,18,120,14678,0.3125199429678951,,0.03600475667264265,False,0,False,0,quiet,quiet,0.4.0
2,186748315,18,120,14625,0.6399744272232055,,0.09498458064045667,False,8,False,0,flaring,flaring,0.4.0
2,186748427,18,120,14691,0.7983331918716431,,0.012670774075178238,False,0,False,0,quiet,quiet,0.4.0
2,186763005,18,120,14591,1.8155584931373596,5.877446114379154,0.23903391950300573,False,0,False,0,rotator,pulsator,0.4.0
2,186765118,18,120,14693,0.7291396021842956,,0.04052523128417446,False,0,False,0,quiet,quiet,0.4.0
2,186804797,18,120,14684,0.613463436754737,,0.022895988045093713,False,0,False,0,quiet,quiet,0.4.0
2,186809803,18,120,14675,0.39731082916259763,,0.05964944456026009,False,0,False,0,quiet,quiet,0.4.0
2,186809885,18,120,14692,2.099225699901581,,0.0022840557960498234,False,0,False,0,quiet,quiet,0.4.0
2,186809895,18,120,14591,1.084474754333496,,0.02122876038638205,False,0,False,0,quiet,quiet,0.4.0
2,186811769,18,120,14523,13.498494029045105,,0.01065913618254731,False,3,False,0,flaring,flaring,0.4.0
2,186911918,18,120,14770,0.7429695052793475,,0.017140770484654247,False,0,False,0,quiet,quiet,0.4.0
2,186912007,18,120,14564,1.8967262535311653,9.78110794550825,0.11154964533965342,False,0,False,0,rotator,pulsator,0.4.0
2,186938000,18,120,14826,0.6243329272071761,,0.04813683369347702,False,0,False,0,quiet,quiet,0.4.0
2,186938347,18,120,14831,0.44432358741760253,,0.009010984881945606,False,0,False,0,quiet,quiet,0.4.0
2,186938364,18,120,14816,0.8884262766965113,,0.09639617938448967,False,0,False,1,quiet,quiet,0.4.0
2,186938569,18,120,14644,1.172535271271012,,0.003666290543102218,False,0,False,0,quiet,quiet,0.4.0
2,186940137,18,120,14648,2.05998954951732,,0.02034716426953453,False,5,False,0,flaring,flaring,0.4.0
2,186941307,18,120,14705,1.0150160551071166,,0.022622941937241632,False,0,False,0,quiet,quiet,0.4.0
2,186942457,18,120,14539,1.3201571345329284,,0.04970472384116482,False,0,False,2,quiet,eclipsing,0.4.0
2,186943919,18,120,14591,1.4840831995010375,,0.011440092261537634,False,0,False,0,quiet,quiet,0.4.0
2,186964879,18,120,14644,22.38028284252533,,0.0013683729935727808,False,0,False,0,variable,variable,0.4.0
2,186965810,18,120,14635,2.6430537343025207,,0.006866963613610055,False,0,False,0,quiet,quiet,0.4.0
2,186966377,18,120,14832,0.6595925331115722,,0.004789878816946089,False,0,False,0,quiet,quiet,0.4.0
2,186968081,18,120,14627,21.217600107192993,,0.0023693291792729497,False,0,False,0,variable,variable,0.4.0
2,186968731,18,120,14827,1.1798258185386656,4.409922347315892,0.2995887856318298,False,0,False,0,rotator,pulsator,0.4.0
2,186970424,18,120,14825,0.5008802890777588,,0.03279476034465935,False,0,False,0,quiet,quiet,0.4.0
2,186971068,18,120,14828,1.545367733996145,,0.05383813564204873,False,0,False,0,quiet,quiet,0.4.0
2,186971331,18,120,14616,14.291569640981246,,0.08381320505846496,False,0,False,0,variable,variable,0.4.0
2,186984569,18,120,14645,2.1622334003448485,,0.001345855984412396,False,0,False,0,quiet,quiet,0.4.0
2,186984939,18,120,14833,0.7101400852203369,,0.015132894446471767,False,0,False,0,quiet,quiet,0.4.0
2,186986460,18,120,14628,2.5472608967799215,,0.0016171227928494032,False,0,False,0,quiet,quiet,0.4.0
2,186986739,18,120,14833,4.504564547538758,0.46150431998934566,0.4280433480217503,False,0,False,0,rotator,pulsator,0.4.0
2,186988079,18,120,14647,1.3780393838882445,,0.0021597649759244647,False,0,False,0,quiet,quiet,0.4.0
2,186988566,18,120,14821,0.7423067092895508,,0.009697527003122956,False,0,False,0,quiet,quiet,0.4.0
2,186989134,18,120,14571,1.507501208782196,,0.013105764133834949,False,0,False,0,quiet,quiet,0.4.0
2,186990011,18,120,14831,0.557702100276947,,0.0026349509330995504,False,0,False,0,quiet,quiet,0.4.0
2,186990628,18,120,14631,0.9971653461456299,,0.003226877585349352,False,0,False,0,quiet,quiet,0.4.0
2,186990711,18,120,14828,1.0646357555578874,4.762715767321879,0.2911311606636874,False,0,False,0,rotator,rotator,0.4.0
2,186990840,18,120,14826,0.5246076240901721,,0.007895899272593286,False,0,False,0,quiet,quiet,0.4.0
2,187029980,18,120,14636,1.2212270551554245,,0.03024722543648473,False,0,False,0,quiet,quiet,0.4.0
2,187030871,18,120,14649,4.9290049195289605,,0.01839325883238524,False,1,False,0,quiet,quiet,0.4.0
2,187036972,18,120,14484,1.603073149827923,6.169341911582275,0.3815907311986731,False,0,False,0,rotator,pulsator,0.4.0
2,187086599,18,120,14486,6.851711851358413,,0.06996497542730223,False,1,False,0,variable,variable,0.4.0
2,187087009,18,120,14536,0.35431888835671876,,0.005211999870796572,False,0,False,0,quiet,quiet,0.4.0
2,189630420,18,120,14793,4.587101984024048,3.401710547776864,0.8421416122714586,False,0,False,0,rotator,pulsator,0.4.0
2,189631460,18,120,14560,2.9325975358486174,10.663917866942773,0.31830722138918804,False,0,False,0,rotator,rotator,0.4.0
2,189636552,18,120,14513,1.0738703727722168,,0.0067884838939652374,False,0,False,0,quiet,quiet,0.4.0
2,189637534,18,120,14648,1.888154434451725,,0.002505237202393098,False,0,False,0,quiet,quiet,0.4.0
2,189672339,18,120,14827,0.4999965906143188,,0.018955237760974693,False,0,False,0,quiet,quiet,0.4.0
2,189672630,18,120,14825,2.3139644265174866,4.105753819938102,0.4729347879862967,False,0,False,0,rotator,pulsator,0.4.0
2,189672828,18,120,14594,2.884259143940832,,0.005839036510214709,False,0,False,0,quiet,quiet,0.4.0
2,189673446,18,120,14830,0.7325417976056458,0.7087322639941362,0.10895802970241689,False,0,False,0,rotator,pulsator,0.4.0
2,189674075,18,120,14823,0.45174665451049806,,0.029292883556712234,False,3,False,0,flaring,flaring,0.4.0
2,189674221,18,120,14628,2.3610655546188357,5.122175096056036,0.5241564150759002,False,0,False,0,rotator,pulsator,0.4.0
2,189683618,18,120,14828,3.739060865016605,11.906693974038946,0.3208222452117365,False,3,False,0,flaring,flaring,0.4.0
2,189684714,18,120,14829,0.708549427986145,9.159000738555697,0.11440935182449215,False,0,False,0,rotator,rotator,0.4.0
2,191703558,18,120,15158,6.840135197635435,,0.7531691749494486,True,1,False,0,variable,eclipsing,0.4.0
2,191703823,18,120,14735,1.718528401851654,,0.0954312339772651,False,0,False,0,quiet,quiet,0.4.0
2,191704126,18,120,14708,2.9534969164879046,,0.023368307866324937,False,0,False,0,quiet,quiet,0.4.0
2,191704599,18,120,15151,0.603035831451416,,0.07206955081473435,False,0,False,0,quiet,quiet,0.4.0
2,191722391,18,120,15155,0.8101747512817382,,0.052524818911850374,False,0,False,0,quiet,quiet,0.4.0
2,191724535,18,120,15157,4.15196886062622,0.5399437358895319,0.3738329601610709,False,0,False,0,rotator,pulsator,0.4.0
2,191725229,18,120,14758,1.1604286026826915,,0.03791026341788226,False,0,False,0,quiet,quiet,0.4.0
2,191725851,18,120,15154,0.7962564767522669,,0.0033133832828975977,False,0,False,0,quiet,quiet,0.4.0
2,191726078,18,120,15152,2.2205132478322613,6.223562782143913,0.35732794624787595,False,0,False,0,rotator,pulsator,0.4.0
2,191727160,18,120,14937,1.9197465419769286,5.121271183544076,0.381959684129769,False,0,False,0,rotator,pulsator,0.4.0
2,191728445,18,120,15157,5.292470097541808,5.141190330784471,0.5839808299101756,False,0,False,0,rotator,rotator,0.4.0
2,191763351,18,120,15137,1.9327369093894957,,0.14780535341473605,True,8,False,0,flaring,flaring,0.4.0
2,191764184,18,120,15133,0.19671127796173093,,0.09830721411574822,False,4,False,0,flaring,flaring,0.4.0
2,191764770,18,120,14709,1.1565845489501951,,0.024449222445035466,False,0,False,0,quiet,quiet,0.4.0
2,191764998,18,120,14728,2.7909405889826835,,0.015283539484994878,False,0,False,0,quiet,quiet,0.4.0
2,191772407,18,120,15095,2.2971741557121277,,0.0070023004152683175,False,0,False,0,quiet,quiet,0.4.0
2,192247771,18,120,14687,0.422231125831604,1.2572465738230192,0.13664839553191402,False,0,False,0,rotator,pulsator,0.4.0
2,192249233,18,120,14660,1.5557069599628446,,0.00417553080859057,False,0,False,0,quiet,quiet,0.4.0
2,192250177,18,120,14618,1.11619952917099,,0.02187982713219565,False,0,False,0,quiet,quiet,0.4.0
2,192251258,18,120,14660,3.689927009048253,,0.5654307396294409,True,7,False,0,flaring,flaring,0.4.0
2,192251660,18,120,14494,5.2351180672645565,,0.003531506577073572,False,0,False,0,variable,variable,0.4.0
2,192252686,18,120,14689,13.717121028900145,,0.40815392863704514,True,3,False,0,flaring,flaring,0.4.0
2,192289580,18,120,14687,1.884398603439331,3.1100281235585743,0.6379054546417177,False,0,False,0,rotator,pulsator,0.4.0
2,192293866,18,120,14684,0.4240426950441988,,0.016878686248500377,False,0,False,0,quiet,quiet,0.4.0
2,192295616,18,120,14690,0.3795926749706268,,0.03628946462321775,False,0,False,0,quiet,quiet,0.4.0
2,192296649,18,120,14695,1.2302850008010864,6.220057034207265,0.11640154249227065,False,11,False,0,flaring,flaring,0.4.0
2,192297306,18,120,14550,22.165808558464047,,0.013120482285948988,False,1,False,0,variable,variable,0.4.0
2,192312459,18,120,14690,1.490003979206085,6.564835512336786,0.28086779443969034,False,0,False,0,rotator,pulsator,0.4.0
2,192313574,18,120,14624,3.2218319469144356,6.926905169606176,0.15742239347297754,False,1,False,0,rotator,rotator,0.4.0
2,192313597,18,120,14689,1.4417540431022644,9.8484159639789,0.10991432296173731,False,0,False,0,rotator,rotator,0.4.0
2,192313972,18,120,14519,1.5564581036567686,4.181564558271508,0.2573820720585422,False,0,False,0,rotator,pulsator,0.4.0
2,192316982,18,120,14692,0.5440931277247331,,0.0075934842568167946,False,0,False,0,quiet,quiet,0.4.0
2,192374290,18,120,14693,7.4706100702285765,0.1457144355131372,0.4267342762032918,False,0,False,0,rotator,pulsator,0.4.0
2,192375601,18,120,14670,8.82677765408821,,0.0027900437684148785,False,0,False,0,variable,variable,0.4.0
2,192375956,18,120,14692,1.4442283127171807,6.22006726539846,0.3454958661241373,False,0,False,0,rotator,rotator,0.4.0
2,192376611,18,120,14659,0.9310647010803221,,0.003101902587103903,False,0,False,0,quiet,quiet,0.4.0
2,192378868,18,120,14690,2.457874648038308,4.2207550384862955,0.6782125319719029,False,0,False,0,rotator,pulsator,0.4.0
2,192413390,18,120,14688,0.6196935474872589,,0.04610038077530937,False,0,False,0,quiet,quiet,0.4.0
2,192413518,18,120,14685,0.40305486917495725,,0.06794535411826932,False,0,False,0,quiet,quiet,0.4.0
2,192415680,18,120,14694,0.9541734158992767,10.743737801196652,0.23736527158336473,False,4,False,1,flaring,flaring,0.4.0
2,192417212,18,120,14694,2.4681257705763437,,0.05052951433496407,False,8,False,0,flaring,flaring,0.4.0
2,192419004,18,120,14693,0.7615713357925415,,0.005769464866227127,False,0,False,0,quiet,quiet,0.4.0
2,192422675,18,120,14689,0.3223731994628906,,0.01096141851655911,False,0,False,0,quiet,quiet,0.4.0
2,192469771,18,120,14687,0.40632455348968505,,0.06450891771176394,False,0,False,0,quiet,quiet,0.4.0
2,192470364,18,120,14692,0.487580612671953,,0.00826054708040929,False,0,False,0,quiet,quiet,0.4.0
2,192471460,18,120,14685,0.4308030009269714,,0.0033434741400620843,False,0,False,0,quiet,quiet,0.4.0
2,192471464,18,120,14688,0.6281328678131103,,0.007560911844196137,False,0,False,0,quiet,quiet,0.4.0
2,192489757,18,120,14684,0.4508629560470581,,0.012466671725670845,False,0,False,0,quiet,quiet,0.4.0
2,192490776,18,120,14683,0.5774085760116577,,0.045567594816113804,False,0,False,0,quiet,quiet,0.4.0
2,192492176,18,120,14566,2.240573269128799,,0.007972212719088758,False,0,False,0,quiet,quiet,0.4.0
2,192492214,18,120,14692,3.2084881005141708,6.565626167153167,0.46067394824642716,False,3,False,0,flaring,flaring,0.4.0
2,192496054,18,120,14685,0.4109197854995727,,0.02139694081628497,False,3,False,0,flaring,flaring,0.4.0
2,192530203,18,120,14687,0.3407541275024414,,0.010244476083860388,False,0,False,0,quiet,quiet,0.4.0
2,192533869,18,120,14693,2.2373477697372435,,0.049844687107425685,False,0,False,0,quiet,quiet,0.4.0
2,192535410,18,120,14652,1.1766886539253993,,0.0021417798674079583,False,0,False,0,quiet,quiet,0.4.0
2,192536810,18,120,14559,7.671386361122131,,0.001079597105115133,False,0,False,0,variable,variable,0.4.0
2,192587088,18,120,14526,3.3242086089911638,1.1950187710705016,0.14446767251177708,False,0,False,0,rotator,eclipsing,0.4.0
2,192587197,18,120,14524,1.2309919962582587,,0.009704236215533292,False,0,False,0,quiet,quiet,0.4.0
2,192587631,18,120,14671,0.8532108664512633,,0.022343208313443077,False,0,False,0,quiet,quiet,0.4.0
2,192588029,18,120,14689,0.9699474334716797,4.545435379280101,0.16317807991160702,False,0,False,0,rotator,rotator,0.4.0
2,192589330,18,120,14600,0.31521524190902706,,0.07506817784265393,False,1,False,0,quiet,quiet,0.4.0
2,192589959,18,120,14687,0.39015287160873413,,0.021354221174448094,False,0,False,0,quiet,quiet,0.4.0
2,192590404,18,120,14688,0.5776736855506897,10.743765707854271,0.2172414429911637,False,0,False,0,rotator,pulsator,0.4.0
2,192592105,18,120,14666,6.226539558963166,,0.08139824697545052,False,0,False,0,variable,variable,0.4.0
2,192594014,18,120,14665,7.59061632156372,3.6901350182854737,0.12008714272015428,False,0,False,0,rotator,rotator,0.4.0
2,192649827,18,120,14694,0.8055795432799918,,0.004323355378867881,False,0,False,0,quiet,quiet,0.4.0
2,192650497,18,120,14692,1.789445150213088,,0.002195186234699095,False,0,False,0,quiet,quiet,0.4.0
2,192651291,18,120,14613,4.164340639114379,6.924482691868516,0.5939731043532339,False,0,False,0,rotator,rotator,0.4.0
2,192688919,18,120,14683,1.4976037859916687,5.138322569190202,0.4569211681850893,False,0,False,0,rotator,pulsator,0.4.0
2,192690221,18,120,14493,4.622449922561645,,0.008226596093792895,False,0,False,0,quiet,quiet,0.4.0
2,192691465,18,120,14624,0.9021677075524503,,0.028415024741619544,False,0,False,0,quiet,quiet,0.4.0
2,192693816,18,120,14687,0.28684852123260496,,0.066649813991743,False,0,False,0,quiet,quiet,0.4.0
2,192732105,18,120,14687,0.46358821392059324,,0.004286219345730035,False,0,False,0,quiet,quiet,0.4.0
2,192732127,18,120,14683,2.977180123329162,0.34657340108430923,0.4743640313379044,False,0,False,0,rotator,pulsator,0.4.0
2,192732454,18,120,14683,1.4876179933547973,,0.03688141043621997,False,19,False,0,flaring,eclipsing,0.4.0
2,192733455,18,120,14658,81.81470613523442,,0.013421312904282246,False,0,False,0,variable,variable,0.4.0
2,192734343,18,120,14692,1.057831245660782,3.282823012380681,0.16546394953243446,False,0,False,0,rotator,rotator,0.4.0
2,192737248,18,120,14694,6.86616011660814,1.688308180650178,0.9120214657210385,False,0,False,0,rotator,pulsator,0.4.0
2,192739578,18,120,14496,7.037244343757629,,0.008445469809348662,False,0,False,0,variable,variable,0.4.0
2,192739605,18,120,14682,0.6660876969668955,2.7484062173919503,0.32964357378996517,False,0,False,0,rotator,pulsator,0.4.0
2,192740782,18,120,14466,1.5584022402763364,,0.004649807712069308,False,0,False,0,quiet,quiet,0.4.0
2,192772022,18,120,14489,2.1026721239089965,9.739075119795945,0.22262238619906663,False,5,False,0,flaring,flaring,0.4.0
2,192772357,18,120,14688,0.8635501127377118,5.1383207577677945,0.2385963150913607,False,0,False,0,rotator,rotator,0.4.0
2,192774147,18,120,14685,0.30195976495742793,,0.042816880111073444,False,1,False,0,quiet,quiet,0.4.0
2,192775243,18,120,14683,0.9049072265624999,5.6276894010683725,0.23780064081574032,False,0,False,0,rotator,rotator,0.4.0
2,192775377,18,120,14470,1.1852163791656494,,0.010551207200481309,False,0,False,0,quiet,quiet,0.4.0
2,192775621,18,120,14498,16.596032893894144,,0.006369226285274778,False,0,False,0,variable,variable,0.4.0
2,192775686,18,120,14487,2.091007304191589,,0.0027313888531484334,False,0,False,0,quiet,quiet,0.4.0
2,192777014,18,120,14685,0.5187309980392456,,0.02011043843106353,False,0,False,0,quiet,quiet,0.4.0
2,192793153,18,120,14693,1.2744699239730835,0.4393366737082831,0.11058450037668809,False,0,False,0,rotator,pulsator,0.4.0
2,192799658,18,120,14641,0.3032853126525879,,0.07259138255826952,False,5,False,0,flaring,flaring,0.4.0
2,192800521,18,120,14460,3.724567987782717,8.979238513315277,0.34311689367875114,False,0,False,0,rotator,pulsator,0.4.0
2,192801230,18,120,14450,3.594222468309925,,0.0012215115698370734,False,0,False,0,quiet,quiet,0.4.0
2,192803391,18,120,14559,1.491948115825653,5.863590719495619,0.21563853640079791,False,0,False,0,rotator,rotator,0.4.0
2,192839235,18,120,14399,1.4586326837539672,,0.00587772065299213,False,0,False,0,quiet,quiet,0.4.0
2,192840791,18,120,14429,1.491417896747589,,0.0630545975834056,False,0,False,0,quiet,quiet,0.4.0
2,192841049,18,120,14688,1.3054436329271573,0.11034704747692496,0.2259602645939917,False,0,False,0,rotator,pulsator,0.4.0
2,192841831,18,120,14686,0.5033546447753906,,0.06145803409589223,False,0,False,1,quiet,quiet,0.4.0
2,192842455,18,120,14686,0.7977146267209835,8.44155301809451,0.151171268635931,False,0,False,0,rotator,rotator,0.4.0
2,192877747,18,120,14535,2.2498079180717467,,0.00988859233738114,False,0,False,0,quiet,quiet,0.4.0
2,192878224,18,120,14692,0.44936069544319485,,0.01213040664630982,False,0,False,0,quiet,quiet,0.4.0
2,192880960,18,120,14680,0.7433229625225067,,0.04785228933977711,False,7,False,0,flaring,flaring,0.4.0
2,192881296,18,120,14690,0.556995141506195,,0.007784562857975647,False,0,False,0,quiet,quiet,0.4.0
2,192882317,18,120,14535,3.5840158581733705,0.681005969545169,0.32471624736929405,False,0,False,0,rotator,pulsator,0.4.0
2,192883699,18,120,14694,2.082523798942566,2.6262595296129803,0.5853253527721344,False,0,False,0,rotator,pulsator,0.4.0
2,192883938,18,120,14420,1.6111148056055662,,0.007881296870694185,False,0,False,0,quiet,quiet,0.4.0
2,192933496,18,120,14514,23.60774004482448,,0.001455857261999818,False,1,False,0,variable,variable,0.4.0
2,192933817,18,120,14686,0.8206465536163284,5.138339422180806,0.2624016794496087,False,3,False,0,flaring,flaring,0.4.0
2,194557565,18,120,14184,1.5621579121900224,,0.012585032163562358,False,0,False,0,quiet,quiet,0.4.0
2,194558286,18,120,14143,1.3836066842079162,,0.006365590484939513,False,0,False,0,quiet,quiet,0.4.0
2,194601160,18,120,14539,1.3089341640472412,0.8432814733876892,0.1393027486054738,False,0,False,0,rotator,pulsator,0.4.0
2,194601226,18,120,13998,1.278004755914353,,0.014493368985696913,False,0,False,0,quiet,quiet,0.4.0
2,194604418,18,120,14005,2.439007759094238,,0.05610177745019104,False,0,False,0,quiet,quiet,0.4.0
2,194605411,18,120,14030,1.9988817989492949,,0.004222928902582478,False,0,False,0,quiet,quiet,0.4.0
2,194607928,18,120,14494,0.7688176631927489,1.8257557623514484,0.10152489144468507,False,0,False,0,rotator,pulsator,0.4.0
2,194610938,18,120,14685,0.4856806755065918,,0.012056179266496636,False,0,False,0,quiet,quiet,0.4.0
2,194613561,18,120,13724,1.0903513491153716,,0.010384856724576204,False,0,False,0,quiet,quiet,0.4.0
2,194613592,18,120,13720,0.9096791711545237,,0.008452460097518374,False,0,False,1,quiet,quiet,0.4.0
2,194613924,18,120,13736,1.1522102758947095,,0.00789986568790698,False,0,False,0,quiet,quiet,0.4.0
2,194618573,18,120,14682,0.40058051347732543,,0.03933826419249056,False,0,False,0,quiet,quiet,0.4.0
2,194657352,18,120,14065,2.363893389701843,,0.0023611770948961316,False,0,False,0,quiet,quiet,0.4.0
2,194660973,18,120,13714,1.2552052974700927,,0.032162885165237076,False,0,False,0,quiet,quiet,0.4.0
2,194664126,18,120,14183,15.299471497535704,5.229213725377752,0.8911813015558161,False,0,False,0,rotator,pulsator,0.4.0
2,194664890,18,120,14363,0.6061287760734557,,0.006599174934208551,False,0,False,0,quiet,quiet,0.4.0
2,194668737,18,120,14029,1.5768715381622314,,0.010052079841983487,False,0,False,0,quiet,quiet,0.4.0
2,194671267,18,120,13938,1.3180805217075657,,0.013365889865729109,False,0,False,0,quiet,quiet,0.4.0
2,194671306,18,120,13939,1.0268576145172117,,0.0036484837147475833,False,0,False,0,quiet,quiet,0.4.0
2,194672387,18,120,13825,2.905423808097839,,0.00530169793092007,False,0,False,0,quiet,quiet,0.4.0
2,194730575,18,120,13504,1.7210911273956297,,0.031041220056207727,False,0,False,0,quiet,quiet,0.4.0
2,194730634,18,120,14497,0.5282749414443969,,0.008710635012686055,False,0,False,0,quiet,quiet,0.4.0
2,194731078,18,120,14684,0.4072966460762409,,0.04486295849369518,False,0,False,0,quiet,quiet,0.4.0
2,194731182,18,120,13489,16.935197353363037,12.564171376253244,0.1429930315264723,False,0,False,1,rotator,rotator,0.4.0
2,194731838,18,120,14227,1.3799835205078124,4.808497590641044,0.25594086287879414,False,0,False,0,rotator,pulsator,0.4.0
2,194732457,18,120,13812,1.1113391213810966,,0.08153528718086178,False,0,False,0,quiet,quiet,0.4.0
2,194733648,18,120,14311,0.8217512011528014,,0.004854741106686279,False,0,False,0,quiet,quiet,0.4.0
2,194736418,18,120,14399,0.8694709181785583,,0.013172670017565877,False,0,False,4,quiet,quiet,0.4.0
2,194736708,18,120,14141,0.8232534885406494,,0.010279212450935368,False,0,False,0,quiet,quiet,0.4.0
2,194736844,18,120,14690,22.921722857849424,1.5149729147085713,0.4065030838126204,False,1,True,12,dipper,eclipsing,0.4.0
2,194737829,18,120,13752,3.01517915725708,,0.0918927896843604,False,0,False,0,quiet,quiet,0.4.0
2,194776967,18,120,13277,3.9822987556457523,,0.020012008673003734,False,0,False,0,quiet,quiet,0.4.0
2,194780113,18,120,14193,1.5961361646652221,,0.005679805817020987,False,0,False,0,quiet,quiet,0.4.0
2,194780978,18,120,14663,0.9718032002449035,3.687538809195061,0.17049556286088258,False,0,False,0,rotator,rotator,0.4.0
2,194782864,18,120,14475,0.7672270059585571,,0.03184525486124726,False,0,False,0,quiet,quiet,0.4.0
2,194784439,18,120,13896,0.978519308567047,,0.024130252488130294,False,0,False,0,quiet,quiet,0.4.0
2,194807055,18,120,13448,2.5024129746906176,5.94377888119006,0.3418659220572259,False,0,False,0,rotator,pulsator,0.4.0
2,194814570,18,120,14252,0.8092910528182983,,0.06693912439362332,False,0,False,0,quiet,quiet,0.4.0
2,194853122,18,120,14675,0.4721600890159607,,0.0046059407580021534,False,0,False,0,quiet,quiet,0.4.0
2,194857369,18,120,14056,1.6508812352752318,,0.4529848726385084,True,0,False,0,quiet,quiet,0.4.0
2,196778101,18,120,15155,2.593301510810852,16.892489493036464,0.47925619960453003,False,6,False,0,flaring,flaring,0.4.0
2,196787438,18,120,15153,0.3522422075271606,,0.03763050085224397,False,0,False,0,quiet,quiet,0.4.0
2,196814921,18,120,15154,0.8755242265604666,,0.0169209924264193,False,0,False,0,quiet,quiet,0.4.0
2,196815186,18,120,14736,28.39614952779707,,0.035311258801027486,False,0,False,0,variable,variable,0.4.0
2,196817037,18,120,14668,2.1773446440696715,7.298451302545743,0.2652902075406932,False,5,False,0,flaring,flaring,0.4.0
2,196847077,18,120,15141,0.5784690141677856,3.9415827906869554,0.33210268901589274,False,0,False,0,rotator,rotator,0.4.0
2,196919670,18,120,15153,2.058663940429687,0.3605107358820846,0.37607936896751526,False,0,False,0,rotator,pulsator,0.4.0
2,196920546,18,120,14737,13.347028112411499,0.7701323235482361,0.2451882260095937,False,0,True,12,dipper,eclipsing,0.4.0
2,196921106,18,120,15149,2.2064183235168455,,0.027598327991800873,False,0,False,0,quiet,quiet,0.4.0
2,196922154,18,120,14821,233.9624378800392,,0.003841581781793876,False,0,False,0,variable,variable,0.4.0
2,196946162,18,120,15153,7.7343056917190545,1.9704428951438333,0.6468889429812095,False,0,False,0,rotator,pulsator,0.4.0
2,196946817,18,120,14734,6.748760779238915,6.8842509593609424,0.14511315229841765,False,0,False,0,rotator,pulsator,0.4.0
2,196947011,18,120,14726,1.8637642998625128,,0.006518058251458439,False,0,False,0,quiet,quiet,0.4.0
2,196947015,18,120,14719,1.672310972213745,5.84848981632058,0.10886838774716079,False,0,False,0,rotator,rotator,0.4.0
2,196947763,18,120,14767,3.538505387306213,,0.01627759952949586,False,0,False,0,quiet,quiet,0.4.0
2,196948839,18,120,14756,5.1590314758112585,6.890380094409785,0.23890241905641035,False,5,False,0,flaring,flaring,0.4.0
2,196949485,18,120,15158,3.7243472851618313,10.749767336408242,0.4807038137176852,False,14,False,0,flaring,flaring,0.4.0
2,196974264,18,120,15119,0.35312590599060056,,0.05972106739508761,False,1,False,0,quiet,quiet,0.4.0
2,198157467,18,120,13425,3.966038703918457,,0.005916491947695196,False,0,False,0,quiet,quiet,0.4.0
2,198157534,18,120,14024,0.8158304214477539,,0.010691731489868546,False,0,False,0,quiet,quiet,0.4.0
2,198157850,18,120,14024,0.7852986629396278,,0.020227893113777633,False,0,False,0,quiet,quiet,0.4.0
2,198158359,18,120,14023,1.7057147741317749,,0.01583166995790719,False,0,False,0,quiet,quiet,0.4.0
2,198159096,18,120,14010,4.272991237849258,4.4081811762843985,0.2799004850722696,False,0,False,0,rotator,pulsator,0.4.0
2,198159165,18,120,14007,2.958268976211548,,0.006809244079771671,False,0,False,0,quiet,quiet,0.4.0
2,198159527,18,120,14025,0.5742272615432739,,0.011669402906838518,False,0,False,0,quiet,quiet,0.4.0
2,198159633,18,120,13860,2.3901833477561665,,0.0021618263576267988,False,0,False,0,quiet,quiet,0.4.0
2,198159787,18,120,13506,1.8151608829248214,,0.021884633153623507,False,0,False,0,quiet,quiet,0.4.0
2,198160009,18,120,13181,2.7990265130996703,,0.02669955168108134,False,0,False,0,quiet,quiet,0.4.0
2,198161157,18,120,13730,2.1409363949856997,,0.002162898988711364,False,0,False,0,quiet,quiet,0.4.0
2,198161860,18,120,14023,0.5630926609039306,,0.013385773902284735,False,0,False,0,quiet,quiet,0.4.0
2,198161928,18,120,13399,2.995826160907745,,0.012085171428287628,False,0,False,0,quiet,quiet,0.4.0
2,198161978,18,120,13499,1.4572187662124632,,0.0018187319857729625,False,0,False,0,quiet,quiet,0.4.0
2,198162133,18,120,13857,1.927346348762512,,0.0011970111540604768,False,0,False,0,quiet,quiet,0.4.0
2,198162411,18,120,14024,0.8205140233039855,,0.0020088839465219692,False,0,False,0,quiet,quiet,0.4.0
2,198162429,18,120,13986,5.556342458724975,,0.0036178679631202115,False,0,False,0,variable,variable,0.4.0
2,198162437,18,120,13983,1.5133336186408994,,0.0019459877903108599,False,0,False,0,quiet,quiet,0.4.0
2,198162816,18,120,14022,0.6493857771524324,,0.0078294263324441,False,0,False,0,quiet,quiet,0.4.0
2,198162957,18,120,14026,1.4022085368633268,,0.004688982265599644,False,0,False,0,quiet,quiet,0.4.0
2,198162960,18,120,14023,0.44361662864685053,,0.019374106652432593,False,0,False,0,quiet,quiet,0.4.0
2,198163129,18,120,14026,4.00470075039272,,0.0034860250964663425,False,0,False,0,quiet,quiet,0.4.0
2,198163183,18,120,14026,0.3198546588420868,,0.007541082578095358,False,0,False,0,quiet,quiet,0.4.0
2,198163203,18,120,14026,1.3270941674709318,,0.008873234147774363,False,0,False,0,quiet,quiet,0.4.0
2,198163284,18,120,14026,1.7130052864551544,,0.0031934137045754375,False,0,False,0,quiet,quiet,0.4.0
2,198176649,18,120,14026,1.046343134452607,,0.07369680286962209,False,0,False,0,quiet,quiet,0.4.0
2,198176724,18,120,13948,3.369763266139127,,0.0019692543991625664,False,0,False,0,quiet,quiet,0.4.0
2,198177008,18,120,13697,2.4641047954559325,11.321690384242856,0.12384049086373602,False,0,False,0,rotator,rotator,0.4.0
2,198177208,18,120,14023,0.647927713394165,,0.028856513428045457,False,0,False,0,quiet,quiet,0.4.0
2,198177394,18,120,13742,1.1780584918295438,5.667099138758999,0.2144934700002122,False,0,False,0,rotator,pulsator,0.4.0
2,198177457,18,120,13893,0.8778660535812378,,0.03310044751135755,False,0,False,0,quiet,quiet,0.4.0
2,198177771,18,120,14025,0.8603688240051268,,0.0020684741700378673,False,0,False,0,quiet,quiet,0.4.0
2,198177784,18,120,14016,1.2410661220550536,,0.041602824307715926,False,0,False,0,quiet,quiet,0.4.0
2,198178105,18,120,13874,1.3999550223377333,,0.0031334322471658657,False,0,False,0,quiet,quiet,0.4.0
2,198178123,18,120,14023,0.5797061920166016,,0.009450675173829458,False,0,False,0,quiet,quiet,0.4.0
2,198178340,18,120,14025,2.8182911396026613,7.166328102953799,0.3690577629436627,False,0,False,0,rotator,rotator,0.4.0
2,198178505,18,120,14022,0.361565226316452,,0.003546822066651246,False,0,False,0,quiet,quiet,0.4.0
2,198178699,18,120,14026,2.4789951884447095,,0.005789348880166031,False,0,False,0,quiet,quiet,0.4.0
2,198178859,18,120,14026,1.0239856250281818,,0.002948401206304107,False,0,False,0,quiet,quiet,0.4.0
2,198178888,18,120,14025,1.704124116897583,,0.0041525433874213,False,0,False,0,quiet,quiet,0.4.0
2,198179036,18,120,14026,1.9524876282360442,7.644076505400034,0.18918376844789403,False,0,False,0,rotator,pulsator,0.4.0
2,198179255,18,120,14026,3.1273203058647927,,0.002369203809022528,False,0,False,0,quiet,quiet,0.4.0
2,198179256,18,120,14025,1.2242758512496947,,0.06376300337497892,False,0,False,0,quiet,quiet,0.4.0
2,198179262,18,120,14026,1.2876812160015105,,0.0031954064174643548,False,0,False,0,quiet,quiet,0.4.0
2,198179599,18,120,14022,0.6460719273664973,,0.08094738302630258,False,0,False,0,quiet,quiet,0.4.0
2,198179604,18,120,14026,1.8323046882334166,,0.07428252331556989,False,0,False,0,quiet,quiet,0.4.0
2,198179808,18,120,13550,1.2739397808277477,,0.0009974703448818872,False,0,False,0,quiet,quiet,0.4.0
2,198179969,18,120,14022,2.171600474619837,0.18113959406509592,0.2640339661503466,False,0,False,0,rotator,pulsator,0.4.0
2,198180316,18,120,14022,0.803281951146242,3.953840907571593,0.10797033394549382,False,0,False,0,rotator,rotator,0.4.0
2,198180690,18,120,14025,0.9734822273254394,2.084750830877304,0.10820514471008733,False,0,False,0,rotator,rotator,0.4.0
2,198180712,18,120,13830,1.218973660469055,,0.014090965380066003,False,0,False,0,quiet,quiet,0.4.0
2,198180717,18,120,13512,1.5994941234890148,,0.002802365500972565,False,0,False,0,quiet,quiet,0.4.0
2,198181022,18,120,14026,1.1021928756775594,,0.0018080081083537958,False,0,False,0,quiet,quiet,0.4.0
2,198181034,18,120,13982,4.037927333240072,,0.0026350396796338857,False,0,False,0,quiet,quiet,0.4.0
2,198181354,18,120,14026,1.2880346953868864,,0.0015282297922407234,False,0,False,0,quiet,quiet,0.4.0
2,198181783,18,120,14026,2.3423311471939083,,0.05052979418289498,False,0,False,0,quiet,quiet,0.4.0
2,198181981,18,120,14024,1.1212365435816918,,0.014571918988969496,False,0,False,0,quiet,quiet,0.4.0
2,198182171,18,120,14007,1.3673466324806212,,0.002077740903235959,False,0,False,0,quiet,quiet,0.4.0
2,198182230,18,120,13991,2.128299379348755,,0.004453764685136254,False,0,False,0,quiet,quiet,0.4.0
2,198182246,18,120,14026,1.1203970968723296,,0.0023754161376896474,False,0,False,0,quiet,quiet,0.4.0
2,198182378,18,120,14021,0.6564112186431885,,0.003286622175396276,False,0,False,0,quiet,quiet,0.4.0
2,198182380,18,120,14025,0.7090796470642089,,0.0029570758077755626,False,0,False,0,quiet,quiet,0.4.0
2,198182444,18,120,14022,0.46990665793418884,,0.004732382031294801,False,0,False,0,quiet,quiet,0.4.0
2,198182547,18,120,13490,2.1186228811740873,,0.003011663474695326,False,0,False,0,quiet,quiet,0.4.0
2,198182739,18,120,13280,3.0328531265258785,,0.0076078346675959975,False,0,False,0,quiet,quiet,0.4.0
2,198182753,18,120,13264,63.66742363371182,,0.001167636890850546,False,0,False,0,variable,variable,0.4.0
2,198182825,18,120,14024,1.1021486579091158,0.2373940713558181,0.5209553617791742,False,0,False,0,rotator,pulsator,0.4.0
2,198182923,18,120,13089,3.7277935981750487,6.566269215577449,0.6965228272590083,False,0,False,0,rotator,pulsator,0.4.0
2,198183069,18,120,14020,0.523989019512803,,0.0020791180684199034,False,0,False,0,quiet,quiet,0.4.0
2,198183300,18,120,13314,1.1396617573398873,,0.0028586488676293994,False,0,False,0,quiet,quiet,0.4.0
2,198183379,18,120,13790,1.0265482894614846,,0.005076561835849868,False,0,False,0,quiet,quiet,0.4.0
2,198183479,18,120,13339,1.8612457036972045,,0.07057873570208918,False,0,False,0,quiet,quiet,0.4.0
2,198183483,18,120,14024,0.8779544234275818,,0.006604218843481516,False,0,False,0,quiet,quiet,0.4.0
2,198183610,18,120,13455,2.3587679386138913,,0.005626197920646511,False,0,False,0,quiet,quiet,0.4.0
2,198183990,18,120,14011,2.361419034004211,,0.005148672088237057,False,0,False,0,quiet,quiet,0.4.0
2,198184006,18,120,14024,0.5564649224281311,5.733057878821,0.11416502570505835,False,0,False,0,rotator,pulsator,0.4.0
2,198184045,18,120,14025,0.9769286513328552,,0.004428123933320062,False,0,False,0,quiet,quiet,0.4.0
2,198184195,18,120,14026,15.254225226984904,,0.0016193633909125289,False,0,False,0,variable,variable,0.4.0
2,198184504,18,120,14025,1.761564517021179,,0.029388822513446124,False,0,False,0,quiet,quiet,0.4.0
2,198184679,18,120,14026,0.9080885951571819,,0.0023237549432386087,False,0,False,0,quiet,quiet,0.4.0
2,198184811,18,120,14025,3.0858750343322754,,0.002745787757203297,False,0,False,0,quiet,quiet,0.4.0
2,198185138,18,120,14006,4.352126562595368,,0.0019491985576321556,False,0,False,0,quiet,quiet,0.4.0
2,198185267,18,120,13913,14.072279441356658,0.24942695304063747,0.2720907647624504,False,0,False,0,rotator,pulsator,0.4.0
2,198185275,18,120,13921,2.4614537000656127,,0.005126399316763465,False,0,False,0,quiet,quiet,0.4.0
2,198185371,18,120,13746,4.932142196063464,,0.00419494596027298,False,0,False,0,quiet,quiet,0.4.0
2,198185441,18,120,13913,1.0742238521575929,,0.0013409047635798016,False,0,False,0,quiet,quiet,0.4.0
2,198185670,18,120,13899,1.1597658634185792,,0.0011735280722282694,False,0,False,0,quiet,quiet,0.4.0
2,198185995,18,120,12962,2.3098551598234427,,0.03073976143961935,False,0,False,0,quiet,quiet,0.4.0
2,198186425,18,120,13313,1.5280913829803464,,0.002531129734318271,False,0,False,0,quiet,quiet,0.4.0
2,198186473,18,120,13377,5.118911719322204,,0.003204893756347586,False,0,False,0,variable,variable,0.4.0
2,198186585,18,120,14025,0.7660781979560851,,0.0021007874489561203,False,0,False,0,quiet,quiet,0.4.0
2,198186714,18,120,14026,0.5660530170170655,,0.005770703608606076,False,0,False,0,quiet,quiet,0.4.0
2,198187008,18,120,14008,10.20821923589053,0.39800826180703713,0.5509355445217049,False,3,False,0,flaring,flaring,0.4.0
2,198187049,18,120,14025,3.84974398612976,9.555092101018849,0.7330882474137915,False,20,False,0,flaring,flaring,0.4.0
2,198187274,18,120,14025,2.1171647787094114,,0.006148896900002694,False,0,False,0,quiet,quiet,0.4.0
2,198187317,18,120,14025,1.234880232810974,,0.0024808413744140077,False,0,False,0,quiet,quiet,0.4.0
2,198187563,18,120,14026,2.89473097042051,5.460046784577831,0.3686986043950269,False,0,False,0,rotator,rotator,0.4.0
2,198187666,18,120,14026,1.630070185661316,,0.0018218645524834493,False,0,False,0,quiet,quiet,0.4.0
2,198187737,18,120,14026,0.9279717011468588,,0.002121148876390958,False,0,False,0,quiet,quiet,0.4.0
2,198187775,18,120,14022,1.2001950681209563,2.8665257758168536,0.1721189880506426,False,0,False,0,rotator,rotator,0.4.0
2,198187777,18,120,14026,2.05331762591951,5.211865610892595,0.358326225845169,False,0,False,0,rotator,pulsator,0.4.0
2,198187877,18,120,13989,0.24761230945587154,,0.05599689852048361,False,0,False,0,quiet,quiet,0.4.0
2,198187937,18,120,13988,0.4531163601209902,16.38015509241216,0.17836747894872998,False,10,False,0,flaring,eclipsing,0.4.0
2,198188031,18,120,13992,1.811846851596424,,0.01606248009663318,False,0,False,0,quiet,quiet,0.4.0
2,198188157,18,120,14024,2.7797617209099696,,0.013331986106964724,False,0,False,0,quiet,quiet,0.4.0
2,198188521,18,120,13747,1.3204222440719604,,0.002606770716855726,False,0,False,0,quiet,quiet,0.4.0
2,198188588,18,120,13241,4.73627028465271,,0.001529592533360599,False,1,False,0,quiet,quiet,0.4.0
2,198188604,18,120,13211,9.199124264717103,,0.004613175447905484,False,0,False,0,variable,variable,0.4.0
2,198188973,18,120,14022,1.0291110149290854,0.8888470299337122,0.1084024540282967,False,0,False,0,rotator,pulsator,0.4.0
2,198189383,18,120,14026,0.5347259402275085,,0.00371477348558512,False,0,False,0,quiet,quiet,0.4.0
2,198189557,18,120,13821,1.4692370653152464,,0.0011228156901668684,False,0,False,0,quiet,quiet,0.4.0
2,198189672,18,120,13987,7.951342034339905,,0.004805791658338349,False,0,False,0,variable,variable,0.4.0
2,198190057,18,120,14024,2.810205382412832,,0.020164751787473383,False,0,False,0,quiet,quiet,0.4.0
2,198190160,18,120,14026,2.550707092839057,,0.02739049485783372,False,0,False,0,quiet,quiet,0.4.0
2,198204303,18,120,14026,1.4564676225185396,1.5494760883628358,0.6229416425292946,False,0,False,0,rotator,pulsator,0.4.0
2,198204535,18,120,13129,1.81114000082016,,0.018915888520194928,False,0,False,0,quiet,quiet,0.4.0
2,198204693,18,120,13400,7.289186775684357,,0.02730218868186752,False,0,False,0,variable,variable,0.4.0
2,198204764,18,120,14025,0.9365436315536498,,0.0032913006009060455,False,0,False,0,quiet,quiet,0.4.0
2,198204917,18,120,13835,1.1934347748756409,,0.0028094581488877614,False,0,False,0,quiet,quiet,0.4.0
2,198204954,18,120,13769,2.3195317268371585,,0.029264229692242672,False,0,False,0,quiet,quiet,0.4.0
2,198205114,18,120,14024,0.823209279083929,,0.0056733023638131505,False,0,False,0,quiet,quiet,0.4.0
2,198205467,18,120,14026,0.9012841165831158,,0.0024064694783296637,False,0,False,0,quiet,quiet,0.4.0
2,198205953,18,120,14022,0.7252071656348457,,0.020571468538338373,False,0,False,0,quiet,quiet,0.4.0
2,198206084,18,120,14025,2.299913620948791,,0.0042103004881721565,False,0,False,0,quiet,quiet,0.4.0
2,198206300,18,120,13890,7.9929642319679255,,0.0028913933930127646,False,0,False,0,variable,variable,0.4.0
2,198206331,18,120,14019,0.49275026321411136,5.460049104915361,0.12475425610947237,False,0,False,0,rotator,rotator,0.4.0
2,198206376,18,120,14026,0.9516549320015271,,0.03780358649547765,False,0,False,0,quiet,quiet,0.4.0
2,198206463,18,120,13841,1.1578217267990112,,0.001827105482280607,False,0,False,0,quiet,quiet,0.4.0
2,198206613,18,120,13719,1.3638118386268614,,0.004661721565534562,False,0,False,0,quiet,quiet,0.4.0
2,198206792,18,120,13468,1.1497800365155924,,0.00703761847102992,False,0,False,0,quiet,quiet,0.4.0
2,198207255,18,120,12881,17.85017874240875,,0.005200295783290419,False,0,False,0,variable,variable,0.4.0
2,198207398,18,120,14020,0.28393231630325316,,0.0031882791347165873,False,0,False,0,quiet,quiet,0.4.0
2,198207845,18,120,13803,1.9026027917861936,,0.019876672323003212,False,0,False,0,quiet,quiet,0.4.0
2,198208005,18,120,13940,2.048147928714752,,0.0031985193668786736,False,0,False,0,quiet,quiet,0.4.0
2,198208146,18,120,13985,2.817584180831909,,0.05622108441289123,False,0,False,0,quiet,quiet,0.4.0
2,198208315,18,120,14026,2.694838464260101,,0.04592493100344935,False,0,False,0,quiet,quiet,0.4.0
2,198208345,18,120,14020,0.35489330291748045,,0.00977477356381119,False,0,False,0,quiet,quiet,0.4.0
2,198208765,18,120,14024,0.6057752966880798,,0.03577692308040581,False,0,False,0,quiet,quiet,0.4.0
2,198208786,18,120,13229,1.267135226726532,,0.002149090200148895,False,0,False,0,quiet,quiet,0.4.0
2,198208960,18,120,14026,0.7056332230567932,,0.007254271938899576,False,0,False,0,quiet,quiet,0.4.0
2,198209131,18,120,13510,2.6174707417926415,,0.001883267970783043,False,0,False,0,quiet,quiet,0.4.0
2,198209365,18,120,13844,1.3217035280642793,,0.0029045549630836985,False,0,False,0,quiet,quiet,0.4.0
2,198210258,18,120,14021,0.1795675277709961,,0.03344264125620313,False,2,False,0,quiet,quiet,0.4.0
2,198210588,18,120,13858,4.357428883237507,,0.0018770924826996425,False,0,False,0,quiet,quiet,0.4.0
2,198210974,18,120,13417,15.351256227493286,,0.006782288804115896,False,0,False,0,variable,variable,0.4.0
2,198211364,18,120,14023,0.5540789365768433,,0.005191302279575232,False,0,False,0,quiet,quiet,0.4.0
2,198211714,18,120,13039,1.8747662901878355,,0.009151021879754983,False,0,False,0,quiet,quiet,0.4.0
2,198211716,18,120,13041,8.253743648529053,,0.03159977827965174,False,0,False,0,variable,variable,0.4.0
2,198211871,18,120,13328,2.961936236562245,,0.0011028683384074751,False,0,False,0,quiet,quiet,0.4.0
2,198211921,18,120,13401,13.373892545700071,,0.001568573255203171,False,0,False,0,variable,variable,0.4.0
2,198211975,18,120,13461,31.466204667091365,12.554149912328839,0.1218888391621349,False,0,False,0,rotator,rotator,0.4.0
2,198212148,18,120,14024,0.26864433288574213,,0.008311088031098916,False,0,False,0,quiet,quiet,0.4.0
2,198212539,18,120,14018,0.33779373764991755,,0.014321053644656481,False,0,False,0,quiet,quiet,0.4.0
2,198212955,18,120,13964,2.595775866508484,,0.026360528761672407,False,0,False,0,quiet,quiet,0.4.0
2,198213047,18,120,14026,1.3688931047916413,,0.0018970232472753275,False,0,False,0,quiet,quiet,0.4.0
2,198213063,18,120,14024,0.5887198812532496,,0.002581138554032006,False,0,False,0,quiet,quiet,0.4.0
2,198213399,18,120,13891,4.183958745002747,,0.03211210861678924,False,0,False,0,quiet,quiet,0.4.0
2,198213452,18,120,13857,2.514475607872009,,0.032629994668255044,False,0,False,0,quiet,quiet,0.4.0
2,198213734,18,120,13483,3.972578072547912,,0.0016809175733447947,False,0,False,0,quiet,quiet,0.4.0
2,198214017,18,120,13098,3.032013612985611,,0.05311654058830272,False,0,False,0,quiet,quiet,0.4.0
2,198235884,18,120,14008,23.48897026777267,,0.15264986162339492,True,20,False,0,flaring,flaring,0.4.0
2,198236059,18,120,14026,0.9928794085979462,,0.0011208936943287952,False,0,False,0,quiet,quiet,0.4.0
2,198236067,18,120,13766,12.590714782476425,0.44721032445090797,0.3054119152691592,False,3,False,0,flaring,flaring,0.4.0
2,198236180,18,120,14026,1.0906606435775756,,0.006893091707926494,False,0,False,0,quiet,quiet,0.4.0
2,198236586,18,120,14026,5.362061191735827,,0.02027429617852901,False,0,False,0,variable,variable,0.4.0
2,198236604,18,120,13991,3.713300943374634,8.18955781103406,0.23252729983194378,False,3,False,0,flaring,eclipsing,0.4.0
2,198236663,18,120,14025,0.9225811958312988,,0.008612785650390952,False,0,False,0,quiet,quiet,0.4.0
2,198236922,18,120,14025,1.7730525970458983,,0.0033969937667254523,False,0,False,0,quiet,quiet,0.4.0
2,198237593,18,120,14025,0.7112005233764648,,0.002992512339878824,False,0,False,0,quiet,quiet,0.4.0
2,198237770,18,120,14022,0.5071987330913543,,0.002492921561265838,False,0,False,0,quiet,quiet,0.4.0
2,198237897,18,120,14025,0.9963700175285338,6.370055657782056,0.1741641779755433,False,0,False,0,rotator,rotator,0.4.0
2,198238026,18,120,13848,2.2672167778015138,11.39596237779233,0.11813921579581035,False,0,False,0,rotator,pulsator,0.4.0
2,198238028,18,120,13925,1.9389227986335753,10.383324776612012,0.1181389250989492,False,0,False,0,rotator,rotator,0.4.0
2,198238305,18,120,13979,0.7575946927070617,,0.02120074053382883,False,0,False,0,quiet,quiet,0.4.0
2,198238414,18,120,13941,0.797891342639923,,0.014319088106594874,False,0,False,0,quiet,quiet,0.4.0
2,198238477,18,120,12990,7.814059710921637,,0.0016291569575657093,False,0,False,0,variable,variable,0.4.0
2,198238482,18,120,13003,3.439177680015564,,0.0062515681977772086,False,0,False,0,quiet,quiet,0.4.0
2,198238568,18,120,13064,5.989973294734955,,0.0015577159127856464,False,0,False,0,variable,variable,0.4.0
2,198238666,18,120,14022,0.6152308335762718,,0.01959041030996819,False,0,False,0,quiet,quiet,0.4.0
2,198238736,18,120,13342,6.167729056843249,2.120829503632289,0.6658522649483798,False,0,False,0,rotator,pulsator,0.4.0
2,198238742,18,120,13354,5.457412090455765,,0.015154358438953772,False,0,False,0,variable,variable,0.4.0
2,198238788,18,120,13408,2.0066141009330747,,0.008187627430672886,False,0,False,0,quiet,quiet,0.4.0
2,198238974,18,120,14006,2.3423310773870027,8.190062820644926,0.35210289511586046,False,9,False,0,flaring,flaring,0.4.0
2,198239119,18,120,13753,1.3076969861984251,,0.0018421123448274495,False,0,False,0,quiet,quiet,0.4.0
2,198239578,18,120,14023,0.8507365107536315,,0.05817443247093595,False,0,False,0,quiet,quiet,0.4.0
2,198239605,18,120,14003,75.90200983285904,,0.0015189620129222392,False,0,False,0,variable,variable,0.4.0
2,198240200,18,120,13957,2.0249066591262816,,0.0028973064223275797,False,0,False,0,quiet,quiet,0.4.0
2,198240267,18,120,13927,1.8662827849388122,,0.053233879792916015,False,0,False,0,quiet,quiet,0.4.0
2,198240299,18,120,14022,0.7639131594870435,,0.08090348011274656,False,0,False,0,quiet,quiet,0.4.0
2,198240464,18,120,13842,9.217372363288035,2.1513566629395653,0.3029555671465514,False,0,False,0,rotator,pulsator,0.4.0
2,198240534,18,120,14021,0.48320631980895995,,0.006927074639037158,False,0,False,0,quiet,quiet,0.4.0
2,198240887,18,120,14014,0.9262043595314025,,0.0027898223588770387,False,0,False,0,quiet,quiet,0.4.0
2,198241258,18,120,14022,0.5383490718395071,,0.03649026545821679,False,0,False,0,quiet,quiet,0.4.0
2,198241412,18,120,12761,13.413128757476805,,0.008982952767136352,False,0,False,0,variable,variable,0.4.0
2,198241702,18,120,13019,1.5561046242713927,,0.0016522359098695536,False,0,False,0,quiet,quiet,0.4.0
2,198241851,18,120,13302,2.3239503576725933,,0.0018354366811531608,False,0,False,0,quiet,quiet,0.4.0
2,198241974,18,120,13435,2.247068452835083,,0.005073358474395462,False,0,False,0,quiet,quiet,0.4.0
2,198242420,18,120,13906,1.6868036772848272,,0.0011884193596275877,False,0,False,0,quiet,quiet,0.4.0
2,198242745,18,120,14019,0.8623129606246948,,0.08518918753205662,False,0,False,0,quiet,quiet,0.4.0
2,198277670,18,120,14023,4.785934138298034,,0.039838157795694155,False,2,False,0,quiet,quiet,0.4.0
2,198277757,18,120,14022,1.3286849434988148,,0.005030753677129165,False,0,False,0,quiet,quiet,0.4.0
2,198278947,18,120,12809,1.65428352355957,,0.007979121340314655,False,0,False,0,quiet,quiet,0.4.0
2,198278996,18,120,12765,1.4579257249832154,,0.0041456985925320015,False,0,False,0,quiet,quiet,0.4.0
2,198279004,18,120,14023,0.5459489107131958,,0.0040856701976799805,False,0,False,0,quiet,quiet,0.4.0
2,198279258,18,120,12959,5.483172225952148,,0.027582380345659394,False,0,False,0,variable,variable,0.4.0
2,198279370,18,120,13985,0.799393630027771,2.548019924222293,0.40711401187096347,False,0,False,0,rotator,pulsator,0.4.0
2,198279711,18,120,13465,13.513163423538208,,0.004209276938714076,False,0,False,0,variable,variable,0.4.0
2,198279946,18,120,14019,26.78790500164032,5.460035154063528,0.8814257806195186,False,0,False,0,rotator,pulsator,0.4.0
2,198279995,18,120,14021,1.1275108695030212,,0.0016847249375838372,False,0,False,0,quiet,quiet,0.4.0
2,198280388,18,120,14024,143.77380754351614,0.24395877005645158,0.933552714972343,False,0,False,2,rotator,pulsator,0.4.0
2,198280919,18,120,14026,1.0925605301522892,,0.0010466590040485687,False,0,False,0,quiet,quiet,0.4.0
2,198280992,18,120,13899,1.3803369998931885,,0.002164995805058106,False,0,False,0,quiet,quiet,0.4.0
2,198281243,18,120,13716,1.5686530957027345,,0.0013915505366188595,False,0,False,0,quiet,quiet,0.4.0
2,198281325,18,120,13684,1.4267753541469574,,0.008539819410837066,False,0,False,0,quiet,quiet,0.4.0
2,198281590,18,120,13336,2.849220670736452,11.238301913632085,0.1971302615427559,False,0,False,0,rotator,rotator,0.4.0
2,198281815,18,120,12998,4.002712190151215,,0.02173764154123547,False,0,False,0,quiet,quiet,0.4.0
2,198281945,18,120,13210,3.69553882453077,12.42682817883532,0.1489079902005372,False,12,False,0,flaring,flaring,0.4.0
2,198282047,18,120,12750,2.2270969339340008,,0.0031113237382676584,False,0,False,0,quiet,quiet,0.4.0
2,198353866,18,120,14026,1.715258768655621,,0.00631770958092541,False,0,False,0,quiet,quiet,0.4.0
2,198354123,18,120,14025,3.441652035713196,,0.0033649890736693563,False,0,False,0,quiet,quiet,0.4.0
2,198354348,18,120,14025,1.143505811691284,,0.004925561376519309,False,0,False,0,quiet,quiet,0.4.0
2,198354443,18,120,14025,8.482975029945372,0.15349369393202705,0.8226040221019447,False,0,False,2,rotator,pulsator,0.4.0
2,198354567,18,120,14025,1.4058758854866027,,0.02208879031413493,False,0,False,0,quiet,quiet,0.4.0
2,198356514,18,120,14026,17.711084076431867,,0.002509338055311587,False,0,False,0,variable,variable,0.4.0
2,198356680,18,120,14010,2.2116322103629176,3.6987033522115285,0.3119738784605478,False,0,False,0,rotator,pulsator,0.4.0
2,198356694,18,120,14025,0.7507902145385742,,0.01409865827664466,False,0,False,0,quiet,quiet,0.4.0
2,198357134,18,120,14016,2.4823532427058588,2.439572563420796,0.28227336850015144,False,0,False,0,rotator,pulsator,0.4.0
2,198357224,18,120,14026,1.2959880588047539,,0.0324227942727674,False,0,False,0,quiet,quiet,0.4.0
2,198357383,18,120,14025,0.6452766180038452,,0.04530910313636782,False,0,False,0,quiet,quiet,0.4.0
2,198357390,18,120,14024,4.315408762830234,4.246665698784219,0.3627962987395253,False,0,False,0,rotator,rotator,0.4.0
2,198357674,18,120,14026,2.6780924581912893,,0.004245917372358528,False,0,False,0,quiet,quiet,0.4.0
2,198357756,18,120,14026,0.7211863160133362,,0.007131024143572321,False,0,False,0,quiet,quiet,0.4.0
2,198357824,18,120,14023,0.39625039100646975,,0.019991384073950052,False,0,False,0,quiet,quiet,0.4.0
2,198358234,18,120,14025,2.6521558284759523,,0.004405949860301355,False,3,False,0,flaring,flaring,0.4.0
2,198358376,18,120,14024,1.3663303385278482,,0.06282524869390511,False,0,False,0,quiet,quiet,0.4.0
2,198360694,18,120,14026,1.8154702315014737,,0.03262725301658045,False,0,False,0,quiet,quiet,0.4.0
2,198360971,18,120,14026,1.613324099779129,,0.03839770696978793,False,0,False,0,quiet,quiet,0.4.0
2,198361395,18,120,14024,0.9751170113613002,,0.005129213890174909,False,0,False,0,quiet,quiet,0.4.0
2,198361505,18,120,14025,2.4004785060882567,,0.0017934579243568283,False,0,False,0,quiet,quiet,0.4.0
2,198362099,18,120,14026,2.9952075719833373,,0.006314774271792678,False,0,False,0,quiet,quiet,0.4.0
2,198362148,18,120,14025,1.4347728252410887,2.547994457539567,0.16520358805847435,False,1,False,0,rotator,rotator,0.4.0
2,198365600,18,120,14026,2.9228328420420193,,0.002186040377788314,False,0,False,0,quiet,quiet,0.4.0
2,198365827,18,120,14026,4.2394108235836026,,0.0022591428369390723,False,0,False,0,quiet,quiet,0.4.0
2,198365901,18,120,14026,0.856789870762523,,0.05712023285393528,False,0,False,0,quiet,quiet,0.4.0
2,198381988,18,120,14434,2.435517004995525,,0.001409524418841311,False,0,False,0,quiet,quiet,0.4.0
2,198382049,18,120,14408,6.827763419515984,,0.013985375387129738,False,0,False,0,variable,variable,0.4.0
2,198383035,18,120,14024,0.7463716777341558,,0.02353568829712534,False,0,False,0,quiet,quiet,0.4.0
2,198383777,18,120,14026,1.151414844309399,,0.0017609108823561407,False,0,False,0,quiet,quiet,0.4.0
2,198383789,18,120,14026,0.5959662437438964,,0.0028859848364262445,False,0,False,0,quiet,quiet,0.4.0
2,198383909,18,120,14026,1.2829535056920949,,0.0038628449237448842,False,0,False,0,quiet,quiet,0.4.0
2,198386057,18,120,14446,0.8067283272743225,,0.018499380592496034,False,0,False,0,quiet,quiet,0.4.0
2,198386931,18,120,14025,2.0916258931159972,,0.0020818586185780952,False,0,False,0,quiet,quiet,0.4.0
2,198387015,18,120,14025,2.9601247429847715,,0.004364434669519628,False,0,False,0,quiet,quiet,0.4.0
2,198387091,18,120,14024,0.5198798060417176,,0.01844231274421214,False,0,False,0,quiet,quiet,0.4.0
2,198387099,18,120,14023,0.6706387639045716,,0.002061029620888334,False,0,False,0,quiet,quiet,0.4.0
2,198387206,18,120,14026,1.1328572789686107,,0.003136508087407201,False,0,False,0,quiet,quiet,0.4.0
2,198387338,18,120,14018,1.8352207292550584,,0.0012268946542378742,False,0,False,0,quiet,quiet,0.4.0
2,198387714,18,120,14024,0.8212209331261555,,0.04559297308287059,False,0,False,0,quiet,quiet,0.4.0
2,198388252,18,120,14237,144.14871661663054,0.19758886810683965,0.9533420615155876,False,0,False,0,rotator,pulsator,0.4.0
2,198390801,18,120,14025,1.0219972729682922,,0.0015333790024864246,False,0,False,0,quiet,quiet,0.4.0
2,198390828,18,120,14025,1.643855881690979,,0.0010891075858285915,False,0,False,0,quiet,quiet,0.4.0
2,198390914,18,120,14025,12.26909272670746,,0.0010738487088282117,False,0,False,0,variable,variable,0.4.0
2,198391313,18,120,14025,2.530912399291992,11.465974733634539,0.2710081991704842,False,0,False,0,rotator,rotator,0.4.0
2,198393987,18,120,14239,16.19960675239563,,0.0014816149202425421,False,0,False,0,variable,variable,0.4.0
2,198407957,18,120,14025,9.60244424343109,,0.00211796906777867,False,0,False,0,variable,variable,0.4.0
2,198407977,18,120,14026,1.6221168994903563,,0.002876238893572924,False,0,False,0,quiet,quiet,0.4.0
2,198408228,18,120,14026,1.4163477122783659,4.246656926652577,0.2471324810129515,False,0,False,0,rotator,rotator,0.4.0
2,198408832,18,120,14446,1.1944068787815236,,0.0011244843236673265,False,0,False,0,quiet,quiet,0.4.0
2,198411502,18,120,14445,0.7213630557060241,,0.002179377113475926,False,0,False,0,quiet,quiet,0.4.0
2,198412165,18,120,14016,2.2093785816801437,,0.005685559741725837,False,0,False,0,quiet,quiet,0.4.0
2,198412174,18,120,14011,2.964808344841003,,0.003349100885502237,False,0,False,0,quiet,quiet,0.4.0
2,198412824,18,120,14446,0.5992801487016766,,0.006336872737791727,False,0,False,0,quiet,quiet,0.4.0
2,198413262,18,120,14280,3.4757185078943222,8.87551201816695,0.302665476276919,False,0,False,0,rotator,rotator,0.4.0
2,198413328,18,120,14446,1.0362690031528472,,0.0019294574723708303,False,0,False,0,quiet,quiet,0.4.0
2,198413343,18,120,14274,2.3568680571576373,,0.003635633062796815,False,0,False,0,quiet,quiet,0.4.0
2,198413430,18,120,14433,13.130168509483337,2.0051430737583456,0.3561848134062269,False,0,False,0,rotator,pulsator,0.4.0
2,198413432,18,120,14445,3.91301679611206,2.005143070356208,0.6333353166128278,False,0,False,0,rotator,rotator,0.4.0
2,198414886,18,120,14402,4.614938485622406,,0.007350997237980632,False,0,False,0,quiet,quiet,0.4.0
2,198415119,18,120,14281,2.247775411605835,,0.0019667335980535832,False,0,False,0,quiet,quiet,0.4.0
2,198415364,18,120,14446,1.4538607120513916,19.38306277052789,0.36712481549123965,False,0,False,0,rotator,rotator,0.4.0
2,198415649,18,120,14445,0.5983522295951842,,0.0029003789053676384,False,0,False,0,quiet,quiet,0.4.0
2,198416591,18,120,14446,98.56891372985162,0.16928440401292447,0.9683601701499449,False,0,False,2,rotator,pulsator,0.4.0
2,198416743,18,120,14206,9.545401792091184,,0.0011847371327621458,False,0,False,0,variable,variable,0.4.0
2,198418522,18,120,14266,3.2198437213897706,,0.006567748676187741,False,0,False,0,quiet,quiet,0.4.0
2,198418762,18,120,14197,2.5151825666427614,,0.0025864935537742166,False,0,False,0,quiet,quiet,0.4.0
2,198420126,18,120,14283,2.395176315307617,12.819381048281128,0.16373767083981114,False,0,False,0,rotator,pulsator,0.4.0
2,198420284,18,120,14444,0.5975126804403853,,0.005230858652530072,False,0,False,0,quiet,quiet,0.4.0
2,198455925,18,120,14446,1.0961395740509032,,0.008810027659631188,False,0,False,0,quiet,quiet,0.4.0
2,198456017,18,120,14145,80.4190345287323,,0.003191416441136696,False,0,False,0,variable,variable,0.4.0
2,198456033,18,120,14446,1.0440013647079467,,0.013269097049653714,False,0,False,0,quiet,quiet,0.4.0
2,198456265,18,120,14040,2.114602179205548,,0.002375749202846057,False,0,False,0,quiet,quiet,0.4.0
2,198456386,18,120,14446,3.979779977811576,0.7360659207114897,0.4504488384500727,False,0,False,0,rotator,pulsator,0.4.0
2,198456524,18,120,14446,6.927842473983764,6.120967594225285,0.8562913254841918,False,0,False,0,rotator,pulsator,0.4.0
2,198456745,18,120,14106,2.488141393661499,,0.005286889472965072,False,0,False,0,quiet,quiet,0.4.0
2,198456933,18,120,14446,0.5963639258254745,,0.01848680589960287,False,0,False,0,quiet,quiet,0.4.0
2,198457103,18,120,14438,0.4190056139527078,,0.00800454932863198,False,0,False,0,quiet,quiet,0.4.0
2,198457457,18,120,14445,95.36979861259461,0.2018942975055182,0.9640279758157773,False,0,False,2,rotator,pulsator,0.4.0
2,198457844,18,120,14446,1.459604839062979,,0.007699841754624161,False,0,False,0,quiet,quiet,0.4.0
2,198458010,18,120,14446,0.8698243457183632,,0.004692917059553747,False,0,False,0,quiet,quiet,0.4.0
2,198459133,18,120,14244,2.18777222073757,,0.002208744366472834,False,0,False,0,quiet,quiet,0.4.0
2,198459916,18,120,14070,12.315443078143689,,0.00125738660710031,False,0,False,0,variable,variable,0.4.0
2,198478588,18,120,14031,1.717909812927246,,0.003411874620510716,False,0,False,0,quiet,quiet,0.4.0
2,198478619,18,120,14446,2.00427235973693,,0.024548975846245977,False,0,False,0,quiet,quiet,0.4.0
2,198478755,18,120,14442,1.6073591351509093,0.20992485162568983,0.5464057147742434,False,0,False,0,rotator,pulsator,0.4.0
2,198479358,18,120,14188,17.530633900482474,,0.002470911507494856,False,0,False,0,variable,variable,0.4.0
2,198479469,18,120,14224,2.002946752309799,5.006016993639091,0.11090588535957144,False,0,False,0,rotator,pulsator,0.4.0
2,198479501,18,120,14436,1.222994524925784,,0.0016983326537776684,False,0,False,0,quiet,quiet,0.4.0
2,198479798,18,120,14256,2.4206710881194797,,0.0014026020790814055,False,0,False,0,quiet,quiet,0.4.0
2,198479927,18,120,14293,95.91291968822478,,0.0008843505646239295,False,0,False,0,variable,variable,0.4.0
2,198480110,18,120,14445,0.8836984634399414,,0.05749365028470846,False,0,False,0,quiet,quiet,0.4.0
2,198516399,18,120,14026,1.2517147258435106,,0.033539993770347803,False,0,False,0,quiet,quiet,0.4.0
2,198516945,18,120,14004,0.13578026486097974,,0.008240883753313813,False,1,False,0,quiet,quiet,0.4.0
2,198517015,18,120,13481,0.9920398950576783,,0.01192489996522118,False,0,False,0,quiet,quiet,0.4.0
2,198517139,18,120,14024,2.865745832495267,5.211906344970884,0.6890866524116047,False,0,False,0,rotator,pulsator,0.4.0
2,198517506,18,120,14024,0.6314025709451011,,0.013930139662605607,False,1,False,0,quiet,quiet,0.4.0
2,198517856,18,120,14021,0.5657437562942504,3.5831843282883824,0.3300799137378282,False,0,False,0,rotator,pulsator,0.4.0
2,198536524,18,120,14026,1.7970891416940347,,0.0032997804970480733,False,0,False,0,quiet,quiet,0.4.0
2,198536840,18,120,14026,1.1674098551273344,,0.03143167707523234,False,0,False,0,quiet,quiet,0.4.0
2,198536913,18,120,14025,0.8536527156829834,,0.0039055831770811143,False,0,False,0,quiet,quiet,0.4.0
2,198537575,18,120,14023,1.6320143222808836,11.465493779845929,0.5136560461543139,False,1,False,0,rotator,rotator,0.4.0
2,198537750,18,120,13548,0.8806939411576951,,0.004411610727768081,False,0,False,0,quiet,quiet,0.4.0
2,198537783,18,120,13141,4.207288384437561,,0.011313977578442437,False,12,False,0,flaring,flaring,0.4.0
2,198538588,18,120,14025,0.7215397953987122,,0.08556928663423582,False,0,False,0,quiet,quiet,0.4.0
2,198538690,18,120,14020,0.47109962278010703,,0.06335624670741609,False,0,False,0,quiet,quiet,0.4.0
2,198538981,18,120,13747,1.5486815571784973,,0.0046404120781709255,False,0,False,0,quiet,quiet,0.4.0
2,198553150,18,120,14026,0.6491649299362259,,0.0038508857742091877,False,0,False,0,quiet,quiet,0.4.0
2,198553653,18,120,14025,0.6868988156318664,,0.0038875693244156376,False,0,False,0,quiet,quiet,0.4.0
2,198553841,18,120,14023,0.7366510391235351,,0.014436755300217595,False,0,False,0,quiet,quiet,0.4.0
2,198554875,18,120,13987,5.284251701831818,,0.0041216252623627395,False,0,False,0,variable,variable,0.4.0
2,198554945,18,120,13959,129.1500560760498,,0.0008049963462236618,False,0,False,0,variable,variable,0.4.0
2,198555309,18,120,14022,0.7440741062164307,,0.07470876654716341,False,0,False,0,quiet,quiet,0.4.0
2,198555587,18,120,14024,0.6005614757537842,,0.003908212776586303,False,0,False,0,quiet,quiet,0.4.0
2,198555714,18,120,14025,1.083591055870056,,0.004109509731400406,False,0,False,0,quiet,quiet,0.4.0
2,198555943,18,120,14023,0.5501906633377075,,0.007494679040065226,False,0,False,0,quiet,quiet,0.4.0
2,198555959,18,120,14015,3.253601002693176,2.084761971580189,0.13660216291108512,False,0,True,8,dipper,eclipsing,0.4.0
2,198556820,18,120,13985,2.621049642562866,8.180702578994703,0.2202523891653702,False,0,False,0,rotator,pulsator,0.4.0
2,198556895,18,120,13763,1.3338544607162475,,0.048902516759333464,False,0,False,0,quiet,quiet,0.4.0
2,198557142,18,120,13867,1.8935890674591065,,0.04345103429933047,False,0,False,0,quiet,quiet,0.4.0
2,198557182,18,120,14021,0.4777273893356323,,0.0189283569827991,False,0,False,0,quiet,quiet,0.4.0
2,198557730,18,120,14026,4.412925148395454,0.8820138902917908,0.4323269675959738,False,0,False,0,rotator,pulsator,0.4.0
2,198557860,18,120,13970,8.859784318798313,0.4224913103556535,0.14421391204571218,False,5,False,0,flaring,flaring,0.4.0
2,198558314,18,120,14023,1.323338449001312,2.1233680783257958,0.18885892799896115,False,0,False,0,rotator,pulsator,0.4.0
2,198558443,18,120,14019,0.34658653736114503,,0.055837064585770514,False,0,False,0,quiet,quiet,0.4.0
2,199521808,18,120,13981,1.462962806224823,5.7247551662825344,0.11691714273135193,False,0,False,0,rotator,rotator,0.4.0
2,199522110,18,120,14026,0.7163259744644165,,0.013064736784946147,False,0,False,0,quiet,quiet,0.4.0
2,199522237,18,120,13966,4.273035550117492,10.404218666653833,0.317000224395661,False,0,False,0,rotator,rotator,0.4.0
2,199522589,18,120,14025,0.5658321261405944,,0.0071372887795560815,False,0,False,0,quiet,quiet,0.4.0
2,199523378,18,120,14025,0.6291933059692383,,0.01895706625841684,False,0,False,0,quiet,quiet,0.4.0
2,199523459,18,120,14023,0.5940221071243286,,0.001991064623558812,False,0,False,0,quiet,quiet,0.4.0
2,199523610,18,120,14024,0.5789550655768831,,0.00421554091852294,False,0,False,0,quiet,quiet,0.4.0
2,199524145,18,120,14022,0.7784499764442443,,0.0032570340507056725,False,0,False,0,quiet,quiet,0.4.0
2,199524189,18,120,14026,1.3157386422157287,,0.005178529650300788,False,0,False,0,quiet,quiet,0.4.0
2,199524511,18,120,13881,1.4713579416275022,,0.004026446798819586,False,0,False,0,quiet,quiet,0.4.0
2,199524705,18,120,14025,1.734700083732605,,0.002213993142038146,False,0,False,0,quiet,quiet,0.4.0
2,199524869,18,120,14025,0.5775853157043456,,0.0014174847067206428,False,0,False,0,quiet,quiet,0.4.0
2,199524870,18,120,13988,4.818940419523132,,0.0025515924977159003,False,0,False,0,quiet,quiet,0.4.0
2,199524888,18,120,14025,17.220985436439513,5.21189112091592,0.8651477780622662,False,1,False,0,rotator,pulsator,0.4.0
2,199525708,18,120,14024,1.3940343260765076,,0.013433352617340613,False,0,False,0,quiet,quiet,0.4.0
2,199525756,18,120,14006,18.418529958085117,,0.0010682246877213226,False,0,False,0,variable,variable,0.4.0
2,199525880,18,120,14025,1.2014764308929442,,0.017251712998868792,False,0,False,0,quiet,quiet,0.4.0
2,199526445,18,120,13766,2.391243785880691,,0.0025561762829733724,False,0,False,0,quiet,quiet,0.4.0
2,199526452,18,120,13827,3.9467740774154665,,0.004513337392434289,False,0,False,0,quiet,quiet,0.4.0
2,199526564,18,120,13736,8.917710489034652,,0.004957391810166305,False,0,False,0,variable,variable,0.4.0
2,199547573,18,120,13521,6.5929207563400265,,0.0017235498518162868,False,0,False,0,variable,variable,0.4.0
2,199547605,18,120,14022,0.6033451079325346,,0.001934045819886511,False,0,False,0,quiet,quiet,0.4.0
2,199548781,18,120,14023,0.6693132162094115,,0.038895817844401805,False,0,False,0,quiet,quiet,0.4.0
2,199549110,18,120,14025,1.7134913206100462,,0.01747340802105258,False,0,False,0,quiet,quiet,0.4.0
2,199549146,18,120,14025,0.6630389571189881,,0.0010516491791202267,False,0,False,0,quiet,quiet,0.4.0
2,199549679,18,120,13988,1.48978314338822,,0.02230118194266889,False,0,False,0,quiet,quiet,0.4.0
2,199549781,18,120,13978,2.972054760815345,4.978042989699074,0.5096803597119369,False,0,False,0,rotator,rotator,0.4.0
2,199550064,18,120,13719,1.6526928663253784,1.2724936511046785,0.10221425524576043,False,0,False,0,rotator,pulsator,0.4.0
2,199550090,18,120,14021,0.5634461402893066,,0.004845058981787334,False,0,False,0,quiet,quiet,0.4.0
2,199571268,18,120,14025,0.6389139890670775,,0.002832907454006161,False,0,False,0,quiet,quiet,0.4.0
2,199571279,18,120,14024,0.8319137582753229,5.460074571196639,0.10584449453822782,False,0,False,0,rotator,pulsator,0.4.0
2,199571528,18,120,13990,5.139634295116832,,0.010521872668953937,False,1,False,0,variable,variable,0.4.0
2,199571608,18,120,14025,1.0178438901901243,,0.0031281884116176797,False,0,False,0,quiet,quiet,0.4.0
2,199571641,18,120,14025,3.372193336486816,,0.0032192039737389843,False,0,False,0,quiet,quiet,0.4.0
2,199572361,18,120,14024,0.4580209409010971,,0.0035171049783712612,False,0,False,0,quiet,quiet,0.4.0
2,199572409,18,120,14011,2.4619839191436768,,0.07183163333688657,False,0,False,0,quiet,quiet,0.4.0
2,199572752,18,120,14025,0.6000312566757202,,0.04390959295925455,False,0,False,0,quiet,quiet,0.4.0
2,199572770,18,120,13900,1.4364077530150265,,0.009698439229026499,False,0,False,0,quiet,quiet,0.4.0
2,199572829,18,120,14026,0.9837330708662824,,0.004759665266590104,False,0,False,0,quiet,quiet,0.4.0
2,199573123,18,120,13710,10.130188361991143,,0.049574075188143676,False,1,False,0,variable,variable,0.4.0
2,199573174,18,120,14025,3.425568723678589,,0.0016710303718761922,False,0,False,0,quiet,quiet,0.4.0
2,199573279,18,120,14024,1.7017822652524033,7.165485816905103,0.1297346347981486,False,0,False,0,rotator,rotator,0.4.0
2,199574692,18,120,14024,0.6715666673054297,,0.002898945547718923,False,0,False,0,quiet,quiet,0.4.0
2,199607772,18,120,14026,1.5028617918491363,,0.00576962689171981,False,0,False,0,quiet,quiet,0.4.0
2,199607936,18,120,14024,0.6463370946846662,,0.004938855590254629,False,0,False,0,quiet,quiet,0.4.0
2,199608168,18,120,14024,0.6384721208074057,,0.06721196097707056,False,0,False,0,quiet,quiet,0.4.0
2,199610508,18,120,14026,1.7868825312519825,7.64403975003673,0.16295634005668697,False,0,False,0,rotator,pulsator,0.4.0
2,199610621,18,120,14025,1.492655074596405,,0.07824316258214994,False,0,False,0,quiet,quiet,0.4.0
2,199610766,18,120,14026,8.531357266564449,,0.02094649275755245,False,0,False,0,variable,variable,0.4.0
2,199610813,18,120,13995,25.185936427116392,,0.08453515400173993,False,1,False,0,variable,variable,0.4.0
2,199610815,18,120,14026,2.1770353496074675,,0.034012260068505586,False,0,False,0,quiet,quiet,0.4.0
2,199610976,18,120,14025,0.5641530990600585,,0.016176833115663068,False,0,False,0,quiet,quiet,0.4.0
2,199611257,18,120,14026,2.0523011891662364,,0.0030148559937593286,False,0,False,0,quiet,quiet,0.4.0
2,199613875,18,120,14025,1.4186895132064818,,0.005512725939539646,False,0,False,0,quiet,quiet,0.4.0
2,199614185,18,120,14025,1.3317335844039917,,0.002607771155598729,False,0,False,0,quiet,quiet,0.4.0
2,199614253,18,120,14026,1.344017073155467,,0.0037197450844514385,False,0,False,0,quiet,quiet,0.4.0
2,199614413,18,120,14026,2.561753475666046,4.777521682587651,0.16091851697309953,False,0,False,0,rotator,pulsator,0.4.0
2,199617159,18,120,14025,1.7757036924362182,3.4745634388191045,0.21436268700042194,False,0,False,0,rotator,rotator,0.4.0
2,199617178,18,120,14026,18.329275864362717,,0.0014797483670981036,False,0,False,0,variable,variable,0.4.0
2,199617409,18,120,14025,1.3805137395858764,,0.002134652127611673,False,0,False,0,quiet,quiet,0.4.0
2,199632811,18,120,14026,1.1948044718860247,,0.0014504372096067275,False,0,False,0,quiet,quiet,0.4.0
2,199633392,18,120,14026,1.9055632384289276,,0.010462231859212136,False,0,False,0,quiet,quiet,0.4.0
2,199633399,18,120,14025,1.3711465358734132,,0.0027707940576353635,False,0,False,0,quiet,quiet,0.4.0
2,199657553,18,120,14026,2.5863202929496762,,0.0019178951531945427,False,0,False,0,quiet,quiet,0.4.0
2,199657838,18,120,14024,0.6468672366817453,,0.007345196219942892,False,0,False,0,quiet,quiet,0.4.0
2,199657919,18,120,14026,0.8806938886642456,,0.0015370221042846285,False,0,False,0,quiet,quiet,0.4.0
2,199658044,18,120,14024,0.6828338027000427,10.423675080760818,0.23338470152473015,False,0,False,0,rotator,rotator,0.4.0
2,199660422,18,120,14022,0.511440485715866,,0.0028584686113656255,False,0,False,0,quiet,quiet,0.4.0
2,199660709,18,120,14026,3.1906815770065315,,0.0751379562371081,False,3,False,0,flaring,flaring,0.4.0
2,199660855,18,120,14025,3.664167308807373,5.733022966171575,0.34372522003611905,False,0,False,0,rotator,pulsator,0.4.0
2,199660910,18,120,14024,1.7878545995907364,11.466047401300784,0.4887607367784476,False,0,False,0,rotator,rotator,0.4.0
2,199661054,18,120,14025,0.6426255226135253,8.190035828463676,0.25672072089163145,False,0,False,0,rotator,rotator,0.4.0
2,199661082,18,120,14025,2.116104340553284,,0.005287223955609758,False,0,False,0,quiet,quiet,0.4.0
2,199661339,18,120,14026,1.011923110485077,,0.006919843729856071,False,0,False,0,quiet,quiet,0.4.0
2,199661616,18,120,14026,0.6261886938697878,,0.01769059452235515,False,0,False,0,quiet,quiet,0.4.0
2,199661658,18,120,14025,0.7470786809921264,,0.005994502278006461,False,0,False,0,quiet,quiet,0.4.0
2,199664165,18,120,14025,4.0134049415588375,5.459689112854644,0.5344924735824395,False,7,False,0,flaring,flaring,0.4.0
2,199665801,18,120,14025,0.9337157964706421,5.460016176564403,0.1155795565516018,False,0,False,0,rotator,rotator,0.4.0
2,199665853,18,120,14025,0.6610064506530762,,0.02024190946312994,False,0,False,0,quiet,quiet,0.4.0
2,199666114,18,120,14025,0.7889659881591797,,0.032635190359999594,False,2,False,0,quiet,quiet,0.4.0
2,199666369,18,120,14024,3.9231792115217687,,0.003021552586286454,False,0,False,0,quiet,quiet,0.4.0
2,199666622,18,120,14026,6.602376329898834,,0.0013465604491184507,False,0,False,0,variable,variable,0.4.0
2,199682037,18,120,14023,4.816951954364776,3.822008337736104,0.44890967293258405,False,0,False,0,rotator,pulsator,0.4.0
2,199682253,18,120,14024,0.511440485715866,,0.007254348705184323,False,0,False,0,quiet,quiet,0.4.0
2,199682561,18,120,14025,1.0793493032455443,,0.0074303615854144295,False,0,False,0,quiet,quiet,0.4.0
2,199682938,18,120,14026,10.931041349830707,8.190018040992461,0.8503892795055237,False,0,False,0,rotator,pulsator,0.4.0
2,199685765,18,120,14024,1.961545479297638,4.41001199285228,0.18564954527102417,False,0,False,0,rotator,rotator,0.4.0
2,199685781,18,120,14024,0.42064046859741205,,0.008537060736809366,False,0,False,0,quiet,quiet,0.4.0
2,199685989,18,120,14025,2.623258888721466,,0.01979583502439538,False,0,False,0,quiet,quiet,0.4.0
2,199686157,18,120,14026,1.5223914371495582,,0.0025985989941244006,False,0,False,0,quiet,quiet,0.4.0
2,199688388,18,120,14024,0.7432787775993346,,0.0023325041451328194,False,0,False,0,quiet,quiet,0.4.0
2,199688409,18,120,14026,25.64691849490757,0.4343187365915321,0.49494617167531485,False,0,True,8,dipper,eclipsing,0.4.0
2,199688577,18,120,14026,6.210853355476059,4.410007422252421,0.7435585760631588,False,0,False,0,rotator,rotator,0.4.0
2,199688621,18,120,14026,1.7927591262089946,,0.01568669412233442,False,0,False,0,quiet,quiet,0.4.0
2,199709319,18,120,14026,1.2002834021960673,,0.003864842428410368,False,0,False,0,quiet,quiet,0.4.0
2,199709384,18,120,14024,4.140746136948236,,0.0053678707908685,False,0,False,0,quiet,quiet,0.4.0
2,199709773,18,120,14025,0.9615522980690002,,0.06958490983313427,False,0,False,0,quiet,quiet,0.4.0
2,199709857,18,120,14025,2.641021227836609,8.190016898708693,0.254989961257342,False,0,False,0,rotator,rotator,0.4.0
2,199709869,18,120,14026,1.5410817503929137,,0.017897690318082384,False,0,False,0,quiet,quiet,0.4.0
2,199709973,18,120,14026,11.877746508188649,,0.003286187975735715,False,0,False,0,variable,variable,0.4.0
2,199710002,18,120,14026,0.9650428782390691,,0.0039963980742124955,False,0,False,0,quiet,quiet,0.4.0
2,199710041,18,120,14026,4.011284065246582,,0.0015437847821085625,False,0,False,0,quiet,quiet,0.4.0
2,199710127,18,120,14024,24.22120281457901,,0.004014119024087436,False,0,False,0,variable,variable,0.4.0
2,199710403,18,120,14025,8.594851255416868,,0.008176406485324958,False,0,False,0,variable,variable,0.4.0
2,199710422,18,120,14025,1.581290030479431,,0.002396769617287352,False,0,False,0,quiet,quiet,0.4.0
2,199710426,18,120,14026,2.4011853932981073,,0.0028932935098358544,False,0,False,0,quiet,quiet,0.4.0
2,199710478,18,120,14026,0.781763868980523,,0.0024903076322235376,False,0,False,0,quiet,quiet,0.4.0
2,199710577,18,120,14026,1.81878393832493,,0.0029650444498849097,False,0,False,0,quiet,quiet,0.4.0
2,199712635,18,120,14026,14.116641104221342,,0.0017649567808564368,False,0,False,0,variable,variable,0.4.0
2,199712687,18,120,14025,1.3798067808151244,,0.005982933248182915,False,0,False,0,quiet,quiet,0.4.0
2,199712878,18,120,14026,2.395529723300644,,0.0048279619581496356,False,0,False,0,quiet,quiet,0.4.0
2,199712926,18,120,14026,1.9681290915050829,,0.00929133038380275,False,0,False,0,quiet,quiet,0.4.0
2,199712989,18,120,14026,1.237442995233625,,0.008520083192968111,False,0,False,0,quiet,quiet,0.4.0
2,199713038,18,120,14026,1.8007124662823955,,0.004735761035743254,False,0,False,0,quiet,quiet,0.4.0
2,199713324,18,120,14026,2.9936610104542667,,0.007381115933931464,False,0,False,0,quiet,quiet,0.4.0
2,199713440,18,120,14025,2.7194936513900756,,0.0022490537126021596,False,0,False,0,quiet,quiet,0.4.0
2,199713861,18,120,14026,1.451695607552063,,0.0016233724565042193,False,0,False,0,quiet,quiet,0.4.0
2,199714004,18,120,14024,6.178421807932204,,0.08328871272021558,False,2,False,0,variable,variable,0.4.0
2,199714005,18,120,14026,1.4375122047953484,,0.05559121602596973,False,0,False,0,quiet,quiet,0.4.0
2,199714039,18,120,14026,1.7437580449509036,,0.006100016320581262,False,0,False,0,quiet,quiet,0.4.0
2,199714061,18,120,14025,1.8640735387802123,,0.0026883419159155547,False,0,False,0,quiet,quiet,0.4.0
2,199715780,18,120,14026,0.7103609886657896,,0.004675406879536882,False,0,False,0,quiet,quiet,0.4.0
2,199715818,18,120,14024,2.150789633440353,,0.005699041141573664,False,0,False,0,quiet,quiet,0.4.0
2,199715916,18,120,14026,1.942192482948303,,0.001960694005031814,False,0,False,0,quiet,quiet,0.4.0
2,199716041,18,120,14026,0.8978818237781525,5.2118200548519855,0.15733080691825438,False,0,False,0,rotator,rotator,0.4.0
2,199716492,18,120,14021,0.40137584209442134,,0.002152675470584669,False,0,False,0,quiet,quiet,0.4.0
2,200697508,18,120,14190,1.2669143398676614,,0.0038484731960469714,False,0,False,0,quiet,quiet,0.4.0
2,200735435,18,120,13489,2.0403713822364806,,0.004760306241967338,False,0,False,0,quiet,quiet,0.4.0
2,200737146,18,120,14431,0.5972034215927123,,0.019689376348749718,False,0,False,0,quiet,quiet,0.4.0
2,200738653,18,120,14678,16.994494026735246,0.458042949924643,0.9763399080384545,False,0,False,0,rotator,pulsator,0.4.0
2,200739728,18,120,14612,0.5811643118013237,,0.021660839709587598,False,0,False,0,quiet,quiet,0.4.0
2,200770373,18,120,14682,1.3588189828043873,1.6883154953907251,0.18446501823217576,False,0,False,0,rotator,pulsator,0.4.0
2,200771034,18,120,14314,2.3328754345848894,,0.02524973204940677,False,0,False,0,quiet,quiet,0.4.0
2,200771597,18,120,14245,145.42636785507202,2.96353810641583,0.18080491124161907,False,0,False,0,rotator,rotator,0.4.0
2,200771903,18,120,14208,2.106781258977018,,0.060454317909813815,False,0,False,0,quiet,quiet,0.4.0
2,200772917,18,120,14050,1.234438383579254,,0.0038852912105595307,False,0,False,0,quiet,quiet,0.4.0
2,200773845,18,120,13959,1.4897388696670533,,0.007516594105270183,False,0,False,0,quiet,quiet,0.4.0
2,200774843,18,120,14419,6.430143499374389,5.063470096296957,0.49938963059753294,False,0,False,0,rotator,rotator,0.4.0
2,200779572,18,120,14137,1.1415616750717164,9.582299271924626,0.3383655867045532,False,0,False,0,rotator,pulsator,0.4.0
2,200791820,18,120,14690,0.362669849395752,,0.04440426566314366,False,0,False,0,quiet,quiet,0.4.0
2,200792606,18,120,13999,2.670006537437439,0.3774264737988631,0.27475471046555233,False,0,True,4,dipper,eclipsing,0.4.0
2,200796067,18,120,14347,0.8706197261810302,,0.00260680704060594,False,0,False,0,quiet,quiet,0.4.0
2,200798609,18,120,13959,4.106016540527344,12.737054244347899,0.3409831773290309,False,7,False,0,flaring,flaring,0.4.0
2,200798849,18,120,13933,1.2087227582931517,,0.004256295287743146,False,0,False,0,quiet,quiet,0.4.0
2,200798921,18,120,14163,0.7216281652450561,,0.006497225649574944,False,0,False,0,quiet,quiet,0.4.0
2,200799059,18,120,13904,10.348948211999291,,0.003488622648760199,False,0,False,0,variable,variable,0.4.0
2,200801129,18,120,13575,3.1438456535339356,10.315156647941214,0.4266993877192273,False,0,False,0,rotator,pulsator,0.4.0
2,200857410,18,120,14418,0.7177398920059204,,0.019411567700775956,False,0,False,0,quiet,quiet,0.4.0
2,200858977,18,120,14308,3.6926669144034605,,0.008560885096715673,False,0,False,0,quiet,quiet,0.4.0
2,200859081,18,120,14690,2.174163329601288,8.441585743273013,0.6529316508251166,False,0,False,0,rotator,pulsator,0.4.0
2,200859963,18,120,14326,2.6901989671528646,,0.001324220751885639,False,0,False,0,quiet,quiet,0.4.0
2,200860339,18,120,14414,0.7395672220120661,,0.009713139690025149,False,0,False,0,quiet,quiet,0.4.0
2,200861005,18,120,14422,0.7704525053501129,,0.004323855772379673,False,0,False,0,quiet,quiet,0.4.0
2,200870102,18,120,13939,2.4483749628067017,9.546426057359364,0.27385830390548094,False,0,False,0,rotator,rotator,0.4.0
2,200918684,18,120,14532,0.6048032283782959,,0.011223318022484476,False,0,False,0,quiet,quiet,0.4.0
2,200918966,18,120,14694,1.2886974692344666,14.7727696700116,0.25615732120149654,False,0,False,0,rotator,rotator,0.4.0
2,200921621,18,120,14018,2.4512027978897093,2.4424082637391082,0.37990283188607077,False,0,False,3,rotator,eclipsing,0.4.0
2,200923858,18,120,14203,0.8769823551177978,,0.023860663122978434,False,0,False,0,quiet,quiet,0.4.0
2,200924141,18,120,14008,16.64560936689377,,0.06902583676269315,False,0,False,0,variable,variable,0.4.0
2,200925366,18,120,14071,2.0717426776885985,10.450278823789176,0.47792176682603604,False,0,False,0,rotator,pulsator,0.4.0
2,200936385,18,120,14360,3.017786067724228,,0.03610797657219255,False,0,False,0,quiet,quiet,0.4.0
2,200936421,18,120,14640,0.7662990768969609,6.9302499526394765,0.1749324741542098,False,2,False,0,rotator,pulsator,0.4.0
2,200937821,18,120,14690,0.48607833981513976,,0.01943029843853205,False,0,False,0,quiet,quiet,0.4.0
2,200939418,18,120,14347,1.579169154167175,0.2914968080913206,0.2549218069260311,False,0,False,0,rotator,pulsator,0.4.0
2,200939498,18,120,14575,0.6521694660186768,,0.021912021721640185,False,0,False,0,quiet,quiet,0.4.0
2,200943430,18,120,13989,8.211326122283934,1.5501341367280166,0.8586525466364523,False,0,False,0,rotator,pulsator,0.4.0
2,200943531,18,120,14012,3.1426969391911306,3.7025608462194683,0.5221761779876516,False,0,False,0,rotator,pulsator,0.4.0
2,200996397,18,120,14102,7.879497349262237,,0.032419614427152445,False,0,False,0,variable,variable,0.4.0
2,200998558,18,120,14338,1.4490003705024719,,0.0027448233007597972,False,0,False,0,quiet,quiet,0.4.0
2,200999214,18,120,14363,135.9359765768051,3.6369916202224313,0.17142687024600953,False,0,False,0,rotator,pulsator,0.4.0
2,201007204,18,120,14031,1.4284101963043212,,0.010569335492272382,False,0,False,0,quiet,quiet,0.4.0
2,201007359,18,120,14160,1.0197880268096922,,0.012818574791320706,False,0,False,0,quiet,quiet,0.4.0
2,201009400,18,120,14685,1.3029250144958495,14.772784359878983,0.1461911980283246,False,2,False,0,rotator,rotator,0.4.0
2,201010264,18,120,14692,0.8224139504905358,3.5812824109563843,0.27404156941906693,False,0,False,0,rotator,pulsator,0.4.0
2,201011360,18,120,14343,0.9300042629241942,,0.002600665748797236,False,0,False,0,quiet,quiet,0.4.0
2,201011907,18,120,14684,0.24549143314361574,,0.023655534722744648,False,0,False,0,quiet,quiet,0.4.0
2,201015254,18,120,14201,1.0323365449905395,,0.00587069559881337,False,0,False,0,quiet,quiet,0.4.0
2,201037374,18,120,14685,4.840193223953247,9.84853212008261,0.5868936759717719,False,0,False,0,rotator,rotator,0.4.0
2,201039048,18,120,14454,0.713409812057603,,0.021519197051288984,False,0,False,0,quiet,quiet,0.4.0
2,201099631,18,120,14384,0.8265231728553771,,0.04791432324820242,False,0,False,0,quiet,quiet,0.4.0
2,201101122,18,120,14675,0.5566416621208191,,0.023291434498957878,False,0,False,0,quiet,quiet,0.4.0
2,201102607,18,120,14686,0.6564995884895325,,0.007168327634646749,False,0,False,0,quiet,quiet,0.4.0
2,201106415,18,120,14680,0.9563384771347045,0.7295211871119025,0.314960961875496,False,0,False,0,rotator,pulsator,0.4.0
2,201106518,18,120,14683,0.40517574548721313,,0.06171395672019066,False,0,False,0,quiet,quiet,0.4.0
2,201107678,18,120,14234,3.325048023462295,,0.007678217659511003,False,0,False,0,quiet,quiet,0.4.0
2,201108301,18,120,14188,1.025841361284256,,0.055837205298911195,False,0,False,0,quiet,quiet,0.4.0
2,201112493,18,120,14545,0.5519580602645874,,0.005334663508348913,False,0,False,0,quiet,quiet,0.4.0
2,201112742,18,120,14157,2.2800304055213925,,0.016517089488315286,False,0,False,0,quiet,quiet,0.4.0
2,201114104,18,120,14154,2.203369695149046,12.787241318718417,0.34355810502593803,False,1,False,0,rotator,rotator,0.4.0
2,201114869,18,120,14679,0.8214860916137695,9.090953177742449,0.2527373021345848,False,7,False,0,flaring,flaring,0.4.0
2,201115690,18,120,14307,1.040466570854187,,0.0018165075533547574,False,0,False,0,quiet,quiet,0.4.0
2,201156377,18,120,14213,1.0524848699569702,,0.004349728741688526,False,0,False,0,quiet,quiet,0.4.0
2,201159397,18,120,14541,0.17833034992218016,,0.02661630007460457,False,1,False,0,quiet,quiet,0.4.0
2,201159764,18,120,14207,0.7371812582015991,,0.011125102938659566,False,0,False,0,quiet,quiet,0.4.0
2,201161102,18,120,14214,1.9107327037612971,9.613579563593929,0.17628331544793863,False,0,False,0,rotator,pulsator,0.4.0
2,201178099,18,120,14227,1.8176793694496154,,0.04799230352852729,False,0,False,0,quiet,quiet,0.4.0
2,201179439,18,120,14358,3.173537732747928,,0.002367737030454869,False,0,False,0,quiet,quiet,0.4.0
2,201184223,18,120,14516,0.7048821213771177,,0.014187459865647768,False,0,False,0,quiet,quiet,0.4.0
2,201184751,18,120,14685,0.5443582534790038,,0.0958105352558772,False,0,False,0,quiet,quiet,0.4.0
2,201185915,18,120,14200,1.8101679325103759,,0.06065516232178584,False,0,False,0,quiet,quiet,0.4.0
2,201186294,18,120,14191,2.0921561121940613,,0.014880130441405745,False,0,False,0,quiet,quiet,0.4.0
2,201237244,18,120,14505,3.2619077682495115,0.22116447054889607,0.7376075781532283,False,0,False,0,rotator,pulsator,0.4.0
2,201240538,18,120,14690,0.6957358002662659,,0.047136007543673815,False,0,False,0,quiet,quiet,0.4.0
2,201242460,18,120,14677,0.35719091892242427,,0.007487798298271414,False,0,False,0,quiet,quiet,0.4.0
2,201242999,18,120,14682,0.43915392523086516,,0.04438421184990204,False,0,False,0,quiet,quiet,0.4.0
2,201244397,18,120,14499,5.492009210586548,,0.6383964023684952,True,0,False,0,variable,variable,0.4.0
2,201244425,18,120,14369,2.6565743207931516,7.2766012573991645,0.20971969712717042,False,0,False,1,rotator,rotator,0.4.0
2,201245046,18,120,14643,0.6224771976470947,,0.012964900836686633,False,0,False,0,quiet,quiet,0.4.0
2,201245621,18,120,14235,1.4255823612213134,,0.0013801226078083808,False,0,False,0,quiet,quiet,0.4.0
2,201258828,18,120,14184,1.8461344599723815,,0.013740957283869037,False,0,False,0,quiet,quiet,0.4.0
2,201261373,18,120,14660,0.7373138129711151,,0.008939536141754578,False,0,False,0,quiet,quiet,0.4.0
2,201263374,18,120,14411,5.79052255153656,5.55796797743564,0.7213618999240484,False,0,False,0,rotator,pulsator,0.4.0
2,201266092,18,120,14687,0.4247938513755798,,0.07326115782435157,False,7,False,0,flaring,flaring,0.4.0
2,201266486,18,120,14381,2.4494354009628294,5.065607992662534,0.4017846542118206,False,1,False,0,rotator,pulsator,0.4.0
2,201299510,18,120,14209,0.8354485273361205,,0.005732344203609045,False,0,False,0,quiet,quiet,0.4.0
2,201303089,18,120,14687,0.5216472029685975,,0.016576345761244206,False,8,False,0,flaring,flaring,0.4.0
2,201303295,18,120,14409,4.134118151664734,5.556976840030291,0.2254605994064601,False,0,False,0,rotator,pulsator,0.4.0
2,201303833,18,120,14692,0.8077887172824908,,0.08235214064998926,False,0,False,0,quiet,quiet,0.4.0
2,201356128,18,120,14693,0.8310300350189209,,0.05059464963952882,False,0,False,0,quiet,quiet,0.4.0
2,201356300,18,120,14689,1.2529960513114928,4.725916979427711,0.35229567523008076,False,0,False,0,rotator,rotator,0.4.0
2,201357578,18,120,14372,3.3786883188075825,,0.0017367388133543024,False,0,False,0,quiet,quiet,0.4.0
2,201357685,18,120,14331,64.27404034137724,4.470698309029068,0.24786392463814863,False,1,False,1,rotator,rotator,0.4.0
2,201359023,18,120,14335,0.8386298418045044,,0.005730879890829939,False,0,False,0,quiet,quiet,0.4.0
2,201359181,18,120,14437,0.7176515221595764,,0.005035598800631832,False,0,False,0,quiet,quiet,0.4.0
2,201360611,18,120,14539,0.557613730430603,,0.006587188784056254,False,0,False,0,quiet,quiet,0.4.0
2,201360726,18,120,14242,2.6616996132314434,,0.06036878280818436,False,1,False,0,quiet,quiet,0.4.0
2,201361468,18,120,14353,1.131399142742157,,0.03130442831382891,False,0,False,0,quiet,quiet,0.4.0
2,201362667,18,120,14355,3.159575486183166,,0.002073435626349491,False,0,False,0,quiet,quiet,0.4.0
2,201363250,18,120,14450,5.197649407316726,7.802452914797109,0.5420836497433856,False,0,False,0,rotator,rotator,0.4.0
2,201364097,18,120,14414,3.4673235794104214,7.78301045218071,0.5178858465756713,False,0,False,0,rotator,rotator,0.4.0
2,201364319,18,120,14418,1.5716577172279356,,0.002881619012427489,False,0,False,0,quiet,quiet,0.4.0
2,201377295,18,120,14688,0.9549687729766599,3.376648770328107,0.18027004345946301,False,0,False,0,rotator,rotator,0.4.0
2,201379335,18,120,14435,2.2225016355514526,,0.0027967179020872107,False,2,False,2,quiet,quiet,0.4.0
2,201382511,18,120,14360,1.257856355373372,,0.008221849999066787,False,0,False,0,quiet,quiet,0.4.0
2,201382711,18,120,14337,1.2099599361419677,,0.022824834050859617,False,0,False,0,quiet,quiet,0.4.0
2,202352087,18,120,14026,1.92217665546606,,0.003480651994661302,False,0,False,0,quiet,quiet,0.4.0
2,202354641,18,120,14026,2.8141377568244934,0.10716068210638985,0.12714779731845827,False,0,False,0,rotator,pulsator,0.4.0
2,202838142,18,120,14833,13.152967929840086,0.783345242578952,0.48876541515334654,False,3,False,0,flaring,flaring,0.4.0
2,202838948,18,120,14826,0.6713457226753234,,0.004207067673309814,False,0,False,0,quiet,quiet,0.4.0
2,202839275,18,120,14661,5.340101444721221,5.363597792437323,0.6479853748050124,False,0,False,0,rotator,pulsator,0.4.0
2,202841123,18,120,14688,1.764436484443054,,0.009370987411061309,False,0,False,0,quiet,quiet,0.4.0
2,202842992,18,120,15155,0.617705225944519,,0.020635754902021432,False,0,False,0,quiet,quiet,0.4.0
2,202845196,18,120,15155,0.707312250137329,,0.004123337646414162,False,0,False,0,quiet,quiet,0.4.0
2,202864500,18,120,15156,0.7147353172302247,,0.01687881524212917,False,0,False,0,quiet,quiet,0.4.0
2,202867375,18,120,14832,0.7487135454628928,,0.004392810671923151,False,0,False,0,quiet,quiet,0.4.0
2,202872681,18,120,14832,0.4805552244186401,,0.00832175041304699,False,0,False,0,quiet,quiet,0.4.0
2,202895415,18,120,14834,0.5997219622135163,,0.013469108122201293,False,0,False,0,quiet,quiet,0.4.0
2,202896451,18,120,14834,0.45563492774963377,,0.01653017825225165,False,0,False,0,quiet,quiet,0.4.0
2,202897311,18,120,15158,0.7117749273777008,,0.01764038248732964,False,0,False,0,quiet,quiet,0.4.0
2,202899762,18,120,15156,0.786668395598781,,0.010891307201484606,False,0,False,0,quiet,quiet,0.4.0
2,202900083,18,120,15152,1.1717840926775875,0.7883300111385476,0.4884888490117739,False,0,False,0,rotator,pulsator,0.4.0
2,202903044,18,120,14681,2.034008753299713,,0.013222951128826746,False,0,False,0,quiet,quiet,0.4.0
2,202925676,18,120,14831,1.3838717937469482,5.176899364398057,0.11775206416566265,False,0,False,0,rotator,rotator,0.4.0
2,202926704,18,120,14660,102.44650619903244,,0.001483589126381233,False,0,False,0,variable,variable,0.4.0
2,202927141,18,120,14674,6.201397967296899,4.072775668387059,0.4004475951457894,False,0,False,0,rotator,pulsator,0.4.0
2,202927861,18,120,14700,1.3602328598499298,,0.050193619056159086,False,0,False,0,quiet,quiet,0.4.0
2,202928272,18,120,14832,5.801436227560043,5.412221912249917,0.7465482615563905,False,0,False,0,rotator,pulsator,0.4.0
2,202929211,18,120,14862,1.2022716878490634,,0.014870113747981908,False,0,False,0,quiet,quiet,0.4.0
2,202931247,18,120,15156,0.8107049703598022,,0.008176482191537228,False,0,False,0,quiet,quiet,0.4.0
2,202951068,18,120,14834,2.5020597935950635,17.00983420113419,0.30835241364133886,False,3,False,0,flaring,flaring,0.4.0
2,202952692,18,120,14828,2.2901046362550446,,0.1581996324539715,True,0,False,0,quiet,quiet,0.4.0
2,202954912,18,120,14644,2.7904545548422766,,0.0026120721724713332,False,0,False,0,quiet,quiet,0.4.0
2,202955116,18,120,14652,3.3071090432139942,,0.0024782168385741603,False,0,False,0,quiet,quiet,0.4.0
2,202955310,18,120,14660,5.007521229534075,7.374089270375207,0.6719672352337959,False,0,False,0,rotator,pulsator,0.4.0
2,202957427,18,120,14835,1.1986485958099364,,0.058744696218456585,False,0,False,0,quiet,quiet,0.4.0
2,202978058,18,120,15156,1.0972883166498948,4.729985237627352,0.19030234729318166,False,1,False,0,rotator,pulsator,0.4.0
2,202980253,18,120,14681,1.3055761098861693,,0.01301269516079714,False,0,False,0,quiet,quiet,0.4.0
2,202983416,18,120,14699,1.7827732801437377,6.567087389336165,0.2988182583547769,False,0,False,0,rotator,pulsator,0.4.0
2,202983480,18,120,14831,0.5086568355560303,,0.01887151280811884,False,0,False,0,quiet,quiet,0.4.0
2,202984553,18,120,14830,2.5260520577430725,,0.004221268478817433,False,0,False,0,quiet,quiet,0.4.0
2,202985031,18,120,14830,0.28176726346514414,,0.05595169153992156,False,0,False,0,quiet,quiet,0.4.0
2,202985187,18,120,14825,1.0974651217460634,2.5884525135715015,0.17585181956378687,False,0,False,0,rotator,rotator,0.4.0
2,203003567,18,120,14833,2.1549870729446408,8.50491679772095,0.4932415349264885,False,0,False,0,rotator,rotator,0.4.0
2,203004333,18,120,14819,1.7589134216308593,4.957442861052356,0.32945091533045606,False,0,False,0,rotator,pulsator,0.4.0
2,203007493,18,120,15157,1.4068479537963867,1.8476512490244446,0.30415166647418623,False,0,False,0,rotator,pulsator,0.4.0
2,203007705,18,120,15116,3.694699090719223,11.824969932770045,0.6418256967718659,False,5,False,0,flaring,flaring,0.4.0
2,203009757,18,120,14832,0.4961082878048248,,0.049247247503224026,False,0,False,0,quiet,quiet,0.4.0
2,203010521,18,120,14697,4.854685878753662,,0.006020229028306681,False,0,False,0,quiet,quiet,0.4.0
2,203010942,18,120,14832,0.831604414236414,,0.0040853968616413085,False,0,False,0,quiet,quiet,0.4.0
2,203012127,18,120,14668,1.5345865666866303,,0.099563640505677,False,0,False,0,quiet,quiet,0.4.0
2,203035562,18,120,14665,2.624319326877594,,0.02519865862625121,False,0,False,0,quiet,quiet,0.4.0
2,203036339,18,120,14669,4.940051150321961,0.6281002724532504,0.1677893183830523,False,5,False,0,flaring,flaring,0.4.0
2,203036362,18,120,14688,255.18682725508052,,0.00351626058930727,False,0,False,0,variable,variable,0.4.0
2,203037376,18,120,14697,1.2185318112373351,,0.003756217369224029,False,0,False,0,quiet,quiet,0.4.0
2,203041546,18,120,14834,0.7489344924053246,9.922425344698429,0.1341002076094832,False,0,False,0,rotator,pulsator,0.4.0
2,203090705,18,120,14671,1.8732640027999876,,0.02325915209083261,False,0,False,0,quiet,quiet,0.4.0
2,203090786,18,120,14829,0.5271261334419249,,0.01842551772955204,False,0,False,0,quiet,quiet,0.4.0
2,203091661,18,120,14832,0.7215397523915915,,0.01650935798137867,False,0,False,0,quiet,quiet,0.4.0
2,203092353,18,120,14630,1.1317084034768221,,0.0022338324160974437,False,0,False,0,quiet,quiet,0.4.0
2,203094161,18,120,14834,1.6014825880969341,19.84480563239875,0.33243782108268194,False,5,False,0,flaring,flaring,0.4.0
2,203094212,18,120,14631,1.6995288848876953,,0.0014789135319036072,False,0,False,0,quiet,quiet,0.4.0
2,203095668,18,120,14825,1.8425112962722778,2.976723674101379,0.21900162152932964,False,0,False,0,rotator,rotator,0.4.0
2,203095671,18,120,14833,0.6219469785690308,,0.004519250862298634,False,0,False,0,quiet,quiet,0.4.0
2,203097852,18,120,14717,1.3782161235809327,,0.010152191575513,False,0,False,1,quiet,quiet,0.4.0
2,203101983,18,120,14833,2.746534824371338,5.953454469327993,0.2755752323213468,False,0,False,0,rotator,pulsator,0.4.0
2,203102479,18,120,14817,0.8315602540969849,8.50493261556965,0.185369527488641,False,6,False,0,flaring,flaring,0.4.0
2,203104184,18,120,14825,0.5597346067428589,,0.004972633450400758,False,0,False,0,quiet,quiet,0.4.0
2,203105236,18,120,14830,0.5272587039249749,0.7833477800806581,0.18751665888827174,False,0,False,0,rotator,pulsator,0.4.0
2,20703952,18,120,14693,0.6820384740829468,,0.03804457460697381,False,0,False,0,quiet,quiet,0.4.0
2,20704268,18,120,14695,0.9756914734840393,,0.01818027361529278,False,0,False,0,quiet,quiet,0.4.0
2,20704462,18,120,14688,0.2230454921722412,,0.0372732752409793,False,4,False,0,flaring,flaring,0.4.0
2,20705744,18,120,14691,0.46588582992553706,,0.09362504252446448,False,0,False,0,quiet,quiet,0.4.0
2,20705767,18,120,14663,5.349380278587341,6.55748557298264,0.5486351425273444,False,3,False,0,flaring,flaring,0.4.0
2,207402706,18,120,14026,0.7882148679558894,,0.002575041659442673,False,0,False,0,quiet,quiet,0.4.0
2,207402795,18,120,14019,0.41958003044128417,,0.010801539051773704,False,0,False,0,quiet,quiet,0.4.0
2,207402821,18,120,14024,1.1782351964186188,,0.0020108395078933445,False,0,False,0,quiet,quiet,0.4.0
2,207431602,18,120,14026,0.556332334498624,,0.006485092369375448,False,0,False,0,quiet,quiet,0.4.0
2,207431956,18,120,14024,0.7290512323379515,,0.005794286278796548,False,0,False,0,quiet,quiet,0.4.0
2,207435026,18,120,13913,1.4965433478355408,12.740126018689908,0.21734914251206094,False,15,False,0,flaring,flaring,0.4.0
2,207435110,18,120,14021,2.047264230251312,,0.07775488730348691,False,3,False,0,flaring,flaring,0.4.0
2,207438428,18,120,14025,4.063068795204162,,0.021093479521816103,False,0,False,0,quiet,quiet,0.4.0
2,207441832,18,120,14026,3.672473964915455,,0.0024747992146773807,False,0,False,0,quiet,quiet,0.4.0
2,207463446,18,120,14026,1.1857466335817166,,0.0038287662041707844,False,0,False,0,quiet,quiet,0.4.0
2,207463542,18,120,14025,1.133431649208069,,0.00365007456853394,False,0,False,0,quiet,quiet,0.4.0
2,207463935,18,120,14025,5.3028977394104,,0.0014064672147717887,False,0,False,0,variable,variable,0.4.0
2,207466598,18,120,14025,3.0066956520080566,6.74476356556785,0.3210465614473647,False,0,False,0,rotator,rotator,0.4.0
2,207466849,18,120,14026,1.5968431234359741,,0.01054834824368423,False,0,False,0,quiet,quiet,0.4.0
2,207467034,18,120,14024,0.4593464886752658,,0.0281454783550779,False,0,False,0,quiet,quiet,0.4.0
2,207467070,18,120,14003,11.557185244560241,12.739328873881277,0.150232867016902,False,4,False,0,flaring,flaring,0.4.0
2,207490389,18,120,14026,0.7964774488352968,,0.003339072378133337,False,0,False,0,quiet,quiet,0.4.0
2,207490896,18,120,14024,2.5101012256711352,0.7034409639869477,0.23244310834497336,False,0,False,0,rotator,pulsator,0.4.0
2,207493501,18,120,14026,5.01609310411852,,0.0031811368496731576,False,1,False,0,variable,variable,0.4.0
2,207493901,18,120,14025,2.2043858170509334,,0.011375706739689944,False,0,False,0,quiet,quiet,0.4.0
2,207496744,18,120,14026,2.74238144159317,5.21185488009864,0.22260636383540086,False,0,False,0,rotator,pulsator,0.4.0
2,207496824,18,120,14025,109.74456803798675,0.40088769457476947,0.9234578897119208,False,0,False,0,rotator,pulsator,0.4.0
2,207496971,18,120,14025,0.9733938574790955,,0.02323943465631973,False,0,False,0,quiet,quiet,0.4.0
2,207497078,18,120,14024,0.752645981311798,,0.04037614198503729,False,0,False,0,quiet,quiet,0.4.0
2,207500373,18,120,14025,1.6442093610763548,,0.06277963282538278,False,0,False,0,quiet,quiet,0.4.0
2,207501873,18,120,14026,9.1012988448143,,0.0025814633656165305,False,0,False,0,variable,variable,0.4.0
2,207504756,18,120,14024,1.1236668481628207,,0.003775653706149389,False,0,False,0,quiet,quiet,0.4.0
2,207504899,18,120,14024,0.556906771659851,,0.04429382204938379,False,0,False,0,quiet,quiet,0.4.0
2,207504919,18,120,13965,2.133336460590362,,0.004522563776941305,False,0,False,0,quiet,quiet,0.4.0
2,20765984,18,120,14636,1.5001224160267363,,0.007655389858102708,False,0,False,0,quiet,quiet,0.4.0
2,20766993,18,120,14658,2.186932772397995,,0.010567040494350343,False,0,False,0,quiet,quiet,0.4.0
2,20766994,18,120,14694,0.7101400852203369,,0.027130225113020285,False,1,False,0,quiet,quiet,0.4.0
2,20766996,18,120,14623,38.56778225898742,,0.03866496351953495,False,3,False,0,flaring,flaring,0.4.0
2,20767527,18,120,14653,1.2250711798667906,,0.04948214637759538,False,0,False,0,quiet,quiet,0.4.0
2,20770158,18,120,14734,1.5633067201582573,,0.008012141357146644,False,0,False,0,quiet,quiet,0.4.0
2,20771214,18,120,14690,6.0176772415637965,,0.029714491977600645,False,0,False,0,variable,variable,0.4.0
2,20771438,18,120,14693,1.0130719184875487,1.9373883890672212,0.29386114100962735,False,0,False,0,rotator,pulsator,0.4.0
2,20802342,18,120,14574,3.173140352163921,,0.017597766312709102,False,3,False,0,flaring,flaring,0.4.0
2,20802455,18,120,14691,2.2654493808746334,9.848370065103987,0.2910956889528617,False,11,False,0,flaring,flaring,0.4.0
2,20804105,18,120,14678,1.010553377866745,,0.01081497571766105,False,0,False,0,quiet,quiet,0.4.0
2,20804750,18,120,14678,0.48934805329728437,4.3770555392349575,0.12294440855115042,False,0,False,0,rotator,rotator,0.4.0
2,20806008,18,120,14657,2.276230502128601,,0.02156512372193745,False,0,False,0,quiet,quiet,0.4.0
2,20806382,18,120,14689,0.5797061920166016,,0.010373770430224107,False,0,False,0,quiet,quiet,0.4.0
2,20806829,18,120,14682,7.75167036652565,,0.19343199743691955,True,3,False,1,flaring,flaring,0.4.0
2,20806873,18,120,14686,1.2398289072564572,,0.07114954709267068,False,0,False,0,quiet,quiet,0.4.0
2,20808260,18,120,14692,2.107002309173414,0.17612630917858785,0.6849589413197882,False,0,False,0,rotator,pulsator,0.4.0
2,20808412,18,120,14734,9.709901397830162,,0.009467186807349318,False,0,False,0,variable,variable,0.4.0
2,20871653,18,120,14693,0.6604762315750122,,0.00979272824994872,False,0,False,0,quiet,quiet,0.4.0
2,20871895,18,120,14644,1.8410089540180874,,0.03028453674849966,False,0,False,0,quiet,quiet,0.4.0
2,20875485,18,120,14693,0.9267345786094665,,0.08228120951648565,False,0,False,0,quiet,quiet,0.4.0
2,20876306,18,120,14587,9.746840572357177,,0.030401161424872113,False,2,False,0,variable,variable,0.4.0
2,20876588,18,120,14598,6.850872133646245,1.568149198088789,0.36158350613361967,False,0,True,12,dipper,eclipsing,0.4.0
2,20876646,18,120,14690,0.6535833640818784,,0.051284434159504275,False,0,False,0,quiet,quiet,0.4.0
2,20895434,18,120,14693,0.46915551424026486,3.110021646393881,0.10171227906595857,False,0,False,0,rotator,rotator,0.4.0
2,20965200,18,120,14661,1.6172565579414366,,0.002098442521854928,False,0,False,0,quiet,quiet,0.4.0
2,20965412,18,120,14737,0.47401585578918454,11.878246322800806,0.13200017749381093,False,2,False,0,rotator,rotator,0.4.0
2,20965870,18,120,14767,0.4031432390213012,,0.02751404104708977,False,0,False,0,quiet,quiet,0.4.0
2,20966001,18,120,14726,0.9493572026874302,,0.0014914387996998208,False,0,False,0,quiet,quiet,0.4.0
2,20998628,18,120,14703,1.9782473802566527,,0.007159856758359467,False,0,False,0,quiet,quiet,0.4.0
2,20998906,18,120,14694,2.2515751807942874,,0.006742455963827324,False,0,False,0,quiet,quiet,0.4.0
2,20999109,18,120,14766,0.6509764730930327,0.39462542028501846,0.4151945348402091,False,0,False,0,rotator,pulsator,0.4.0
2,20999206,18,120,14762,0.7134539757208221,,0.04758346171146323,False,0,False,0,quiet,quiet,0.4.0
2,20999298,18,120,14761,0.9780774593353271,4.949261773267228,0.16741292531632002,False,0,False,0,rotator,rotator,0.4.0
2,21000429,18,120,14660,1.3954923453633579,,0.011939404177678442,False,0,False,0,quiet,quiet,0.4.0
2,21001586,18,120,14702,2.3328757126853295,,0.0036859576161100477,False,0,False,0,quiet,quiet,0.4.0
2,21001720,18,120,14765,0.7805708527565003,,0.0016264662597244143,False,0,False,0,quiet,quiet,0.4.0
2,21002564,18,120,14251,2.7210843086242678,,0.05851724964657246,False,0,False,0,quiet,quiet,0.4.0
2,21002598,18,120,14443,0.4209055781364441,,0.0038545451794062217,False,0,False,0,quiet,quiet,0.4.0
2,21002602,18,120,14446,2.1903792616837996,2.6431064587914284,0.20772427569743657,False,0,False,0,rotator,rotator,0.4.0
2,21003166,18,120,14444,1.4953503103449846,,0.01173117716164268,False,0,False,0,quiet,quiet,0.4.0
2,21015450,18,120,14326,6.534950137138366,5.503862344659019,0.6302828299160074,False,1,False,0,rotator,pulsator,0.4.0
2,21018611,18,120,14444,1.642176854610443,,0.0355881252044577,False,9,False,0,flaring,flaring,0.4.0
2,21019487,18,120,14763,1.2295780420303344,,0.006310523492545033,False,0,False,0,quiet,quiet,0.4.0
2,21019491,18,120,14753,3.357877421379089,14.847794686869518,0.10748850953783302,False,0,False,0,rotator,rotator,0.4.0
2,21020116,18,120,14444,3.5308170002211927,12.921819190686012,0.10035724636127503,False,8,False,1,flaring,flaring,0.4.0
2,21020982,18,120,14767,0.6259236216545104,,0.017228120915624343,False,0,False,0,quiet,quiet,0.4.0
2,21021029,18,120,14655,1.4084386110305784,,0.0913086687819987,False,0,False,0,quiet,quiet,0.4.0
2,21021536,18,120,14762,0.5698971390724181,,0.009746470184053595,False,0,False,0,quiet,quiet,0.4.0
2,21021863,18,120,14764,3.2683143873027327,,0.47386615676240756,True,0,False,0,quiet,quiet,0.4.0
2,21023541,18,120,14684,1.0123208351326485,,0.0030356379147661854,False,0,False,0,quiet,quiet,0.4.0
2,21024148,18,120,14763,0.632197880744934,,0.0214004912059179,False,0,False,0,quiet,quiet,0.4.0
2,21024286,18,120,14762,0.7142934679985046,,0.0817481168500927,False,0,False,0,quiet,quiet,0.4.0
2,21024436,18,120,14764,1.2907299372336285,3.959414767897821,0.33430182388822,False,0,False,0,rotator,pulsator,0.4.0
2,21024812,18,120,14768,0.7975378632545471,11.878251851364439,0.35089695136326254,False,0,False,0,rotator,rotator,0.4.0
2,21025870,18,120,14765,0.5605299353599548,,0.009718639274851249,False,0,False,0,quiet,quiet,0.4.0
2,21026125,18,120,14653,6.5778978824615475,,0.08329671839918129,False,6,False,0,flaring,flaring,0.4.0
2,21027608,18,120,14677,0.8833449840545654,,0.009141145008553987,False,0,False,0,quiet,quiet,0.4.0
2,21032363,18,120,14443,0.4278867959976196,,0.03007681279537998,False,0,False,0,quiet,quiet,0.4.0
2,21096512,18,120,14701,10.123561227321625,,0.005687830048468996,False,0,False,0,variable,variable,0.4.0
2,21096693,18,120,14730,2.5636974594773374,,0.002871375265775729,False,0,False,0,quiet,quiet,0.4.0
2,21097103,18,120,14726,1.595959424972534,,0.030362969272403093,False,0,False,0,quiet,quiet,0.4.0
2,21097580,18,120,14765,0.5367584466934203,,0.025931141341246727,False,0,False,0,quiet,quiet,0.4.0
2,21097769,18,120,14658,185.6049114882946,,0.003928643804356794,False,0,False,0,variable,variable,0.4.0
2,21097924,18,120,14767,2.3443636536598205,4.095953324557709,0.6862841762659648,False,0,False,0,rotator,pulsator,0.4.0
2,21098377,18,120,14604,3.091486427441643,,0.030041000926574354,False,0,False,0,quiet,quiet,0.4.0
2,21099627,18,120,14730,1.4755996942520142,,0.0032171297694978153,False,0,False,0,quiet,quiet,0.4.0
2,21099865,18,120,14761,0.9183394432067871,,0.0017307137553860229,False,0,False,0,quiet,quiet,0.4.0
2,21099969,18,120,14762,0.6760293245315552,,0.027477834023708472,False,0,False,0,quiet,quiet,0.4.0
2,21100198,18,120,14763,0.5367584466934203,,0.05475090489019732,False,0,False,0,quiet,quiet,0.4.0
2,21100271,18,120,14238,4.001961165725027,,0.009026824409665448,False,0,False,0,quiet,quiet,0.4.0
2,21100276,18,120,14239,3.719133353233337,,0.003994681053388972,False,0,False,0,quiet,quiet,0.4.0
2,21100485,18,120,14770,0.5056964607744354,,0.011640178890929727,False,0,False,0,quiet,quiet,0.4.0
2,21100558,18,120,14249,3.2254993915557857,,0.0317239820736966,False,0,False,0,quiet,quiet,0.4.0
2,21100681,18,120,14695,1.8780359745025634,5.376785907952705,0.12941807663915703,False,0,False,0,rotator,pulsator,0.4.0
2,21100977,18,120,14689,1.564411389827728,,0.0039168739470483585,False,0,False,0,quiet,quiet,0.4.0
2,21117913,18,120,14594,4.2806794142520594,,0.007560559956933679,False,0,False,0,quiet,quiet,0.4.0
2,21119197,18,120,14741,2.065203309059143,4.745465864608559,0.10692210652183898,False,0,False,0,rotator,pulsator,0.4.0
2,21119523,18,120,14765,0.8034586429595947,,0.06279278979040791,False,0,False,0,quiet,quiet,0.4.0
2,21120148,18,120,14714,1.884089308977127,,0.03550769978543946,False,0,False,0,quiet,quiet,0.4.0
2,21120207,18,120,14730,11.292561403138595,,0.007503413667515704,False,0,False,0,variable,variable,0.4.0
2,21120434,18,120,14751,1.5880061388015747,,0.008546266964427264,False,0,False,0,quiet,quiet,0.4.0
2,21120590,18,120,14740,0.9996838271806342,,0.05666557905671269,False,0,False,0,quiet,quiet,0.4.0
2,21123257,18,120,14446,1.1827862436409664,,0.009689431134630437,False,0,False,0,quiet,quiet,0.4.0
2,21123849,18,120,14229,3.0595408201217653,5.481379935353225,0.3454844827241616,False,0,False,0,rotator,pulsator,0.4.0
2,21123949,18,120,14233,2.3748512506484984,,0.03220867827409683,False,0,False,0,quiet,quiet,0.4.0
2,21124766,18,120,14232,5.862720541276915,,0.007916321634172396,False,0,False,0,variable,variable,0.4.0
2,21128847,18,120,14762,0.42373340059121245,,0.06365029862757518,False,0,False,0,quiet,quiet,0.4.0
2,21128990,18,120,14765,0.5498371839523315,3.2103445206153203,0.13795418771545756,False,0,False,0,rotator,pulsator,0.4.0
2,21129142,18,120,14582,1.9310136398370967,11.750504975207377,0.13775952903976205,False,0,False,0,rotator,pulsator,0.4.0
2,21129279,18,120,14765,1.38369505405426,1.9797138238504886,0.21641858296554786,False,0,False,0,rotator,pulsator,0.4.0
2,21129730,18,120,14637,1.4374239206314086,10.717624621575148,0.16659463861336943,False,1,False,0,rotator,rotator,0.4.0
2,21130510,18,120,14762,0.6799176382969402,,0.011117210849724944,False,1,False,0,quiet,quiet,0.4.0
2,21131100,18,120,14723,1.2375313282012939,,0.003700222676055744,False,0,False,0,quiet,quiet,0.4.0
2,21131411,18,120,14694,1.247031049518852,,0.006299984053891343,False,1,False,1,quiet,quiet,0.4.0
2,21131773,18,120,14760,0.271118688583374,,0.03440528849947329,False,0,False,0,quiet,quiet,0.4.0
2,21132019,18,120,14768,0.4940757814600598,,0.028284950499308514,False,0,False,0,quiet,quiet,0.4.0
2,21148816,18,120,14442,0.4999524056911468,,0.06240207169968461,False,0,False,0,quiet,quiet,0.4.0
2,21149574,18,120,14446,0.9865167208601999,,0.006155115457478915,False,0,False,0,quiet,quiet,0.4.0
2,21150978,18,120,14441,0.6187656641006469,,0.001060867846367302,False,0,False,0,quiet,quiet,0.4.0
2,21161995,18,120,14445,0.6678992986679076,,0.004155857756690258,False,0,False,0,quiet,quiet,0.4.0
2,21162252,18,120,14440,0.22189667094369703,,0.07070915651262664,False,0,False,0,quiet,quiet,0.4.0
2,21162524,18,120,14245,1.282511579990387,,0.0013118339066839203,False,0,False,0,quiet,quiet,0.4.0
2,21162620,18,120,14259,9.566389346122742,,0.07846931140836576,False,1,False,0,variable,variable,0.4.0
2,21174723,18,120,14646,108.42728615484494,0.11588431217474346,0.23638421140614999,False,0,False,1,rotator,eclipsing,0.4.0
2,21174796,18,120,14656,2.3832904289191705,,0.0016433016680767038,False,0,False,0,quiet,quiet,0.4.0
2,21174957,18,120,14764,8.091187557315456,9.136600590623297,0.8696200079681407,False,3,False,0,flaring,flaring,0.4.0
2,21174978,18,120,14765,0.7718222379684447,,0.05131398172373919,False,0,False,0,quiet,quiet,0.4.0
2,21175869,18,120,14701,6.096105480194091,1.37610802441309,0.873250030163318,False,0,False,0,rotator,pulsator,0.4.0
2,21177731,18,120,14767,0.6828338027000427,,0.015816411706096437,False,0,False,0,quiet,quiet,0.4.0
2,21178283,18,120,14763,0.42815190553665156,3.29951683817727,0.22042674690855885,False,0,False,0,rotator,pulsator,0.4.0
2,21178609,18,120,14742,1.1421360450346454,1.1644680293665812,0.23018132596055105,False,0,False,0,rotator,pulsator,0.4.0
2,21178767,18,120,14656,0.8956284460799959,,0.0013182465748787684,False,0,False,0,quiet,quiet,0.4.0
2,21178885,18,120,14664,1.1740817785263062,,0.0151009123772874,False,0,False,0,quiet,quiet,0.4.0
2,21189709,18,120,14208,1.6314841032028196,,0.005775363940713917,False,0,False,0,quiet,quiet,0.4.0
2,21189968,18,120,14205,1.3958017230033872,,0.002440977528858487,False,0,False,0,quiet,quiet,0.4.0
2,21190018,18,120,14441,5.123595321178436,1.17471051141783,0.7722447942661513,False,0,False,0,rotator,pulsator,0.4.0
2,21228288,18,120,14446,0.8198070645332336,,0.004141924219214389,False,0,False,0,quiet,quiet,0.4.0
2,21228854,18,120,14188,2.1546337219854426,,0.005924526726966631,False,0,False,0,quiet,quiet,0.4.0
2,21282988,18,120,14445,0.7412462711334228,,0.04037677784788895,False,0,False,0,quiet,quiet,0.4.0
2,21282990,18,120,14226,1.6537533044815063,,0.017209145926083386,False,0,False,0,quiet,quiet,0.4.0
2,219087818,18,120,14189,0.8247557759284972,,0.0021285835489871997,False,0,False,0,quiet,quiet,0.4.0
2,219088671,18,120,14190,0.6020195961600422,,0.009522344709717141,False,0,False,0,quiet,quiet,0.4.0
2,219089934,18,120,13970,4.698182880878448,8.807168032126881,0.3524506926436319,False,0,False,0,rotator,rotator,0.4.0
2,219090146,18,120,14004,6.030800343477736,,0.013760589164285962,False,0,False,0,variable,variable,0.4.0
2,219090281,18,120,14190,0.5973801434820848,,0.053105908642268,False,0,False,0,quiet,quiet,0.4.0
2,219090355,18,120,14189,1.2291361927986144,9.583355554950591,0.16731113714846507,False,0,False,0,rotator,rotator,0.4.0
2,219090359,18,120,13990,2.234254691943246,,0.000825589387639592,False,0,False,0,quiet,quiet,0.4.0
2,219090403,18,120,13990,2.972408151626587,,0.036974088249148294,False,0,False,0,quiet,quiet,0.4.0
2,219090669,18,120,14154,1.5747947998406053,,0.007826548120672069,False,0,False,0,quiet,quiet,0.4.0
2,219090984,18,120,14193,1.327315092086792,,0.003666423092322399,False,0,False,0,quiet,quiet,0.4.0
2,219091656,18,120,13924,2.0794751012168855,0.22861225741156885,0.19651274204420427,False,0,False,0,rotator,pulsator,0.4.0
2,219092312,18,120,14193,1.101530134677887,,0.0012860276396694404,False,0,False,0,quiet,quiet,0.4.0
2,219092658,18,120,14192,1.0451060189338333,,0.0034598819066694324,False,0,False,0,quiet,quiet,0.4.0
2,219092860,18,120,13997,36.667123603820805,0.18842545034197813,0.635055355010266,False,0,False,0,rotator,pulsator,0.4.0
2,219094946,18,120,14190,3.9263604088806856,2.8750061743348567,0.6891064870628658,False,0,False,0,rotator,pulsator,0.4.0
2,219095214,18,120,14194,1.828725709243161,,0.00993173253079547,False,0,False,0,quiet,quiet,0.4.0
2,219095273,18,120,13993,3.4579120874404907,5.727794269578453,0.25868641091798883,False,0,False,0,rotator,rotator,0.4.0
2,219095541,18,120,14145,1.9936237335205078,4.992167913778016,0.15476642250303918,False,0,False,0,rotator,pulsator,0.4.0
2,219095664,18,120,13981,13.189641416072845,,0.024217483289574425,False,0,False,0,variable,variable,0.4.0
2,219095686,18,120,13973,5.40355099439621,10.409133738205997,0.4941175436931529,False,0,False,0,rotator,rotator,0.4.0
2,219095882,18,120,13915,7.036537384986877,,0.0008452617216138293,False,0,False,0,variable,variable,0.4.0
2,219096061,18,120,14193,0.8815775871276855,,0.0125910480181884,False,0,False,0,quiet,quiet,0.4.0
2,219096494,18,120,14051,1.6815014362335203,,0.02302147921398224,False,0,True,4,dipper,dipper,0.4.0
2,219096679,18,120,14023,2.1182252168655396,,0.0010306075109114336,False,0,False,0,quiet,quiet,0.4.0
2,219096868,18,120,14192,1.2645283539452659,,0.0026607073435955452,False,0,False,0,quiet,quiet,0.4.0
2,219097028,18,120,14138,1.9154606044292448,,0.09807548150916791,False,0,False,0,quiet,quiet,0.4.0
2,219097728,18,120,14188,2.411392038381574,3.965519257300622,0.4229715975975998,False,0,False,0,rotator,pulsator,0.4.0
2,219098955,18,120,14192,2.3838649749755856,,0.016420363695097636,False,0,False,0,quiet,quiet,0.4.0
2,219099171,18,120,14190,1.1910487890243528,,0.0034240402278548614,False,0,False,0,quiet,quiet,0.4.0
2,219099282,18,120,14003,28.61839799880981,,0.005936239989296438,False,0,False,0,variable,variable,0.4.0
2,219099369,18,120,14187,1.7396487951278685,3.8333404806556173,0.46800056211425545,False,0,False,0,rotator,pulsator,0.4.0
2,219099564,18,120,14180,0.7133213996887207,,0.03755514110436719,False,0,False,0,quiet,quiet,0.4.0
2,219099719,18,120,14028,1.7487950742244718,,0.0029998428166140303,False,0,False,0,quiet,quiet,0.4.0
2,219099807,18,120,14188,1.5918501796767062,0.7823153238040718,0.26832909943637473,False,0,False,0,rotator,pulsator,0.4.0
2,219100040,18,120,13988,2.0306508201748623,,0.004990234925917898,False,0,False,0,quiet,quiet,0.4.0
2,219100066,18,120,13986,1.7390743392981785,,0.07740819389311855,False,0,False,0,quiet,quiet,0.4.0
2,219100171,18,120,13960,2.8836848258972165,,0.00278688340490376,False,0,False,0,quiet,quiet,0.4.0
2,219100626,18,120,14189,1.5611417055130006,,0.0038862166154560373,False,0,False,0,quiet,quiet,0.4.0
2,219100714,18,120,13998,8.349492128208514,,0.001753900262818289,False,0,False,0,variable,variable,0.4.0
2,219100883,18,120,13982,1.4507677674293518,,0.002247237299865178,False,0,False,0,quiet,quiet,0.4.0
2,219100948,18,120,14193,1.3617793321609497,,0.0008270958731998807,False,0,False,0,quiet,quiet,0.4.0
2,219101431,18,120,14192,1.1237551845239158,,0.002516469561616952,False,0,False,0,quiet,quiet,0.4.0
2,219101602,18,120,14193,1.7980612635612487,7.666677546073743,0.4323023696658241,False,0,False,0,rotator,rotator,0.4.0
2,219102076,18,120,14192,1.3880694441836743,,0.003942326396708991,False,0,False,0,quiet,quiet,0.4.0
2,219103582,18,120,14000,2.0281320376317478,,0.001812112379104105,False,0,False,0,quiet,quiet,0.4.0
2,219104552,18,120,14000,3.6557279884815217,,0.0054344064700475245,False,0,False,0,quiet,quiet,0.4.0
2,219104885,18,120,13966,4.932628230232841,,0.002085561670170611,False,0,False,0,quiet,quiet,0.4.0
2,219104971,18,120,14189,0.8289091587066649,,0.08109657100468975,False,0,False,0,quiet,quiet,0.4.0
2,219104977,18,120,14176,2.564846420288086,4.597518999398926,0.2796371718047277,False,0,False,0,rotator,rotator,0.4.0
2,219105073,18,120,14192,1.544439758526094,0.6764731340275871,0.21128810535588047,False,0,False,0,rotator,pulsator,0.4.0
2,219105327,18,120,14023,2.578632116317749,,0.0013610860807653313,False,0,False,0,quiet,quiet,0.4.0
2,219105682,18,120,14019,2.4643699049949643,,0.00803176811619445,False,0,False,0,quiet,quiet,0.4.0
2,219105733,18,120,14026,8.225598342752356,,0.013306432160050903,False,0,False,0,variable,variable,0.4.0
2,219105888,18,120,14029,1.44740971326828,,0.0025499137968828128,False,0,False,0,quiet,quiet,0.4.0
2,219105944,18,120,14193,1.039582872390747,,0.0016831887748145356,False,0,False,0,quiet,quiet,0.4.0
2,219106078,18,120,13984,2.7566975210128732,,0.003611995365767478,False,0,False,0,quiet,quiet,0.4.0
2,219107930,18,120,14194,1.1330781698226928,,0.006683260263848306,False,0,False,0,quiet,quiet,0.4.0
2,219108160,18,120,14187,4.0238325834274296,5.227279955657103,0.605391299639318,False,0,False,0,rotator,pulsator,0.4.0
2,219108187,18,120,14026,1.7666457305358134,,0.001612609841321014,False,0,False,0,quiet,quiet,0.4.0
2,219108912,18,120,14009,21.355457067489624,,0.0008541181358505385,False,0,False,0,variable,variable,0.4.0
2,219109297,18,120,14193,0.8962469816207885,,0.0031510072786717492,False,0,False,0,quiet,quiet,0.4.0
2,219109580,18,120,14030,2.38024174033875,,0.0019345421030185525,False,0,False,0,quiet,quiet,0.4.0
2,219109618,18,120,14187,1.0309226274490355,2.875008572557789,0.3421342488516327,False,0,False,0,rotator,rotator,0.4.0
2,219109797,18,120,14191,0.9298275232315063,,0.013687511551816033,False,0,False,0,quiet,quiet,0.4.0
2,219109815,18,120,14032,16.803482598170117,,0.0030565250717292567,False,0,False,0,variable,variable,0.4.0
2,219109908,18,120,14194,162.7850432148601,0.21217756942215857,0.9404572309983045,False,0,False,0,rotator,pulsator,0.4.0
2,219110155,18,120,14193,1.2110203742980956,,0.0012948699755515453,False,0,False,0,quiet,quiet,0.4.0
2,219110531,18,120,14194,1.4237707793712615,,0.0012441514542296322,False,0,False,0,quiet,quiet,0.4.0
2,219110549,18,120,14004,2.1952395379543304,,0.045787678633064446,False,0,False,0,quiet,quiet,0.4.0
2,219110563,18,120,14007,3.4863671779632566,,0.002100725337413851,False,0,False,0,quiet,quiet,0.4.0
2,219112487,18,120,14194,1.4241684012362836,6.052634950907532,0.35873619823365094,False,2,False,0,rotator,pulsator,0.4.0
2,219112871,18,120,14029,14.509445071220396,,0.001715129104866016,False,0,False,0,variable,variable,0.4.0
2,219112910,18,120,14116,1.7403115689754487,,0.0015180340095298217,False,0,False,0,quiet,quiet,0.4.0
2,219113011,18,120,14017,45.452411878108975,5.4590057766360935,0.2996781964793505,False,0,False,0,rotator,pulsator,0.4.0
2,219113304,18,120,14125,1.8327906131744385,,0.0017596996265537917,False,0,False,0,quiet,quiet,0.4.0
2,219113615,18,120,14188,1.9932701353269737,,0.08983360991459448,False,0,False,0,quiet,quiet,0.4.0
2,219113617,18,120,14190,0.7322766880824155,,0.07249349512010539,False,0,False,0,quiet,quiet,0.4.0
2,219114035,18,120,14192,0.6876941442489624,,0.006535210588376974,False,0,False,0,quiet,quiet,0.4.0
2,219114041,18,120,14192,0.7615271281740924,,0.005806372005230351,False,0,False,0,quiet,quiet,0.4.0
2,219114049,18,120,14053,1.5284448623657225,,0.04007927546034059,False,0,False,0,quiet,quiet,0.4.0
2,219114193,18,120,14052,2.002460658476929,,0.0012679815488075214,False,0,False,0,quiet,quiet,0.4.0
2,219115017,18,120,14189,1.0149276852607727,,0.0039026648321207223,False,0,False,0,quiet,quiet,0.4.0
2,219115807,18,120,14664,1.1218993842601774,,0.024231197061046605,False,0,False,0,quiet,quiet,0.4.0
2,219116192,18,120,14664,1.1731538601769844,,0.008915461716654069,False,0,False,0,quiet,quiet,0.4.0
2,219117614,18,120,14186,5.332059629796158,4.259265692530241,0.7044388050985437,False,0,False,0,rotator,pulsator,0.4.0
2,219117956,18,120,14093,21.268324398994444,0.1534373335306388,0.5025025364133933,False,1,False,0,rotator,pulsator,0.4.0
2,219118336,18,120,14017,7.803941130638122,,0.008733509461208055,False,0,False,0,variable,variable,0.4.0
2,219428470,18,120,13113,1.3607188940048216,,0.000989607541887712,False,0,False,0,quiet,quiet,0.4.0
2,219428571,18,120,13146,4.05091806205863,,0.06018997879696464,False,2,False,0,quiet,quiet,0.4.0
2,219428871,18,120,13480,3.6920478852973018,3.769005286435079,0.5342436016564145,False,0,False,0,rotator,pulsator,0.4.0
2,219429013,18,120,13543,1.9237231850624084,,0.031869658951590586,False,0,False,0,quiet,quiet,0.4.0
2,219429036,18,120,13549,3.4462472677230833,,0.06298009018307284,False,0,False,0,quiet,quiet,0.4.0
2,219429062,18,120,14020,0.6387814342975616,,0.014163357130536652,False,0,False,0,quiet,quiet,0.4.0
2,219429236,18,120,14024,1.1564961791038513,,0.002862157808874199,False,0,False,0,quiet,quiet,0.4.0
2,219429281,18,120,13824,4.51459479418962,,0.0015663966283997858,False,0,False,0,quiet,quiet,0.4.0
2,219429730,18,120,14014,17.108800426387802,,0.001480879243605509,False,0,False,0,variable,variable,0.4.0
2,219429741,18,120,14016,1.4859389219898307,,0.0016826114814504985,False,0,False,0,quiet,quiet,0.4.0
2,219737629,18,120,13459,2.3375591754913327,,0.015622480734388603,False,0,False,0,quiet,quiet,0.4.0
2,219737858,18,120,14026,0.9515665054321288,,0.009311592383626775,False,0,False,0,quiet,quiet,0.4.0
2,219738202,18,120,14024,186.97746636934676,0.28951424459983677,0.9674556844492426,False,0,False,0,rotator,pulsator,0.4.0
2,219738210,18,120,14021,0.4312448501586914,,0.004702874962877332,False,0,False,0,quiet,quiet,0.4.0
2,219738526,18,120,14025,0.7813661813735961,,0.0030559332185635464,False,0,False,0,quiet,quiet,0.4.0
2,219738659,18,120,14024,0.9343785146249226,,0.0024994209162380785,False,0,False,0,quiet,quiet,0.4.0
2,219739093,18,120,14026,0.5991475582122803,,0.0014334588135159686,False,0,False,0,quiet,quiet,0.4.0
2,219739171,18,120,14025,3.0696149826049806,4.410054983642602,0.3767549850244895,False,0,False,0,rotator,rotator,0.4.0
2,219739230,18,120,14025,1.1413849353790282,,0.007486358529779347,False,0,False,0,quiet,quiet,0.4.0
2,219739288,18,120,14024,0.7517622828483581,,0.003203740671036558,False,0,False,0,quiet,quiet,0.4.0
2,219739414,18,120,14021,0.46261614561080927,,0.009375114638570879,False,0,False,0,quiet,quiet,0.4.0
2,219739795,18,120,13853,2.1705401659011843,,0.011726274738923,False,0,False,0,quiet,quiet,0.4.0
2,219740029,18,120,13467,8.131263041496277,,0.03798619162167054,False,1,False,0,variable,variable,0.4.0
2,219740128,18,120,14021,1.0771400570869445,,0.07514011795583303,False,0,False,0,quiet,quiet,0.4.0
2,219740650,18,120,13889,1.5162498235702513,,0.0020183116894881125,False,0,False,0,quiet,quiet,0.4.0
2,219740926,18,120,14021,0.5180240392684936,2.3887805509050017,0.26987276973911695,False,0,False,0,rotator,pulsator,0.4.0
2,219741010,18,120,14024,0.618942403793335,,0.022900865324868937,False,0,False,0,quiet,quiet,0.4.0
2,219741079,18,120,14008,2.004979199022675,5.7295996977654795,0.10544789523519008,False,0,False,0,rotator,pulsator,0.4.0
2,219742132,18,120,13961,1.986907625198364,,0.07875376567083775,False,0,False,0,quiet,quiet,0.4.0
2,219742721,18,120,13440,2.6940430553542654,,0.012035140724093984,False,0,False,0,quiet,quiet,0.4.0
2,219742837,18,120,13696,1.8562085118169478,,0.03436705615627658,False,5,False,0,flaring,flaring,0.4.0
2,219742885,18,120,14022,0.5294237494468689,,0.029251688301383628,False,0,False,0,quiet,quiet,0.4.0
2,219743183,18,120,14025,1.1655982732772827,,0.003994342027785674,False,0,False,0,quiet,quiet,0.4.0
2,219743359,18,120,13886,1.5312726974487305,,0.003559866447824728,False,0,False,0,quiet,quiet,0.4.0
2,219750378,18,120,14025,0.8683221101760864,,0.0042628033811003005,False,0,False,0,quiet,quiet,0.4.0
2,219750509,18,120,14025,13.945822191238403,4.246668627955404,0.9412402437175842,False,0,False,0,rotator,pulsator,0.4.0
2,219750618,18,120,14025,0.9010189533233642,,0.0025852487428768708,False,0,False,0,quiet,quiet,0.4.0
2,219750629,18,120,14026,1.3455192804336547,,0.03814089780756394,False,0,False,0,quiet,quiet,0.4.0
2,219750688,18,120,14026,0.9606244719400686,,0.0018776957837762743,False,0,False,0,quiet,quiet,0.4.0
2,219750936,18,120,14025,1.2544983386993407,,0.001558053097235391,False,0,False,0,quiet,quiet,0.4.0
2,219751049,18,120,13961,2.336675477027893,,0.0034323727241058937,False,0,False,0,quiet,quiet,0.4.0
2,219751163,18,120,14025,1.0471826791763303,,0.0029728070955397034,False,0,False,0,quiet,quiet,0.4.0
2,219751195,18,120,13955,1.507943058013916,,0.0024151496361088268,False,0,False,0,quiet,quiet,0.4.0
2,219751308,18,120,13939,1.8815707683563232,,0.001168552106801862,False,0,False,0,quiet,quiet,0.4.0
2,219751969,18,120,14442,0.24792158914079732,0.4766330652882113,0.23851074934425526,False,0,False,0,rotator,pulsator,0.4.0
2,219753167,18,120,14026,1.3544004096269484,,0.0020719260709570557,False,0,False,0,quiet,quiet,0.4.0
2,219753239,18,120,14024,0.9832470953464508,,0.006372522651602535,False,0,False,0,quiet,quiet,0.4.0
2,219753273,18,120,13989,1.7168493747711182,,0.0012019889585498556,False,0,False,0,quiet,quiet,0.4.0
2,219753310,18,120,14024,0.5838595747947692,,0.00962919832754109,False,0,False,0,quiet,quiet,0.4.0
2,219753908,18,120,14026,1.6986451864242553,4.0950048408327735,0.17863846926339136,False,0,False,0,rotator,rotator,0.4.0
2,219754045,18,120,14022,0.948827040195465,,0.09041693918355234,False,0,False,0,quiet,quiet,0.4.0
2,219754475,18,120,14001,2.2350501537322995,,0.0016833877920866688,False,0,False,0,quiet,quiet,0.4.0
2,219754975,18,120,14025,0.5553161144256592,,0.002523966913149428,False,0,False,0,quiet,quiet,0.4.0
2,219755088,18,120,14024,0.8654059052467346,,0.0018144154621826144,False,0,False,0,quiet,quiet,0.4.0
2,219755102,18,120,13943,4.206051206588745,,0.003375469928173178,False,0,False,0,quiet,quiet,0.4.0
2,219756788,18,120,13982,1.815425884263936,,0.08366987157578022,False,0,False,0,quiet,quiet,0.4.0
2,219756852,18,120,14023,1.372383713722229,,0.0025839433350611177,False,0,False,0,quiet,quiet,0.4.0
2,219757125,18,120,14001,5.3716494798660275,,0.028925187174668944,False,4,False,0,flaring,flaring,0.4.0
2,219757132,18,120,14026,1.298462414649869,,0.002131296536404391,False,0,False,0,quiet,quiet,0.4.0
2,219757178,18,120,14023,0.9047304868698121,,0.004104515014905934,False,0,False,0,quiet,quiet,0.4.0
2,219757430,18,120,14021,0.7467252016067505,5.4600017879147345,0.13662302535767415,False,0,False,0,rotator,rotator,0.4.0
2,219757469,18,120,14022,1.4138734408541582,,0.009322090725405711,False,0,False,0,quiet,quiet,0.4.0
2,219757770,18,120,14024,1.3187432169914244,,0.007379950154278063,False,0,False,0,quiet,quiet,0.4.0
2,219758120,18,120,13973,2.3292524099349974,,0.030874502392458276,False,0,False,0,quiet,quiet,0.4.0
2,219758536,18,120,13983,2.338796353340149,,0.003479706481914459,False,0,False,1,quiet,quiet,0.4.0
2,219758723,18,120,13994,1.9070212841033933,,0.0012889923347787857,False,0,False,0,quiet,quiet,0.4.0
2,219758802,18,120,13971,1.837120735645294,,0.0028445436652159398,False,0,False,0,quiet,quiet,0.4.0
2,219759451,18,120,13989,3.1383667230606074,,0.0025090669090894837,False,0,False,0,quiet,quiet,0.4.0
2,219760573,18,120,14005,2.1169880390167237,,0.001420967436572394,False,0,False,0,quiet,quiet,0.4.0
2,219761084,18,120,14025,1.2691677331924436,,0.004029723161323214,False,0,False,0,quiet,quiet,0.4.0
2,219761293,18,120,14025,0.7480507493019103,,0.0047851814744470245,False,0,False,0,quiet,quiet,0.4.0
2,219762107,18,120,14011,1.8495808839797974,,0.007633604669485113,False,0,False,0,quiet,quiet,0.4.0
2,219762465,18,120,14003,2.451909756660461,,0.008809367242724932,False,0,False,0,quiet,quiet,0.4.0
2,219762611,18,120,14014,214.54400365948675,5.211491537846871,0.13338350013004777,False,9,False,0,flaring,flaring,0.4.0
2,219762620,18,120,14023,0.9059676647186279,,0.041004284505293476,False,0,False,0,quiet,quiet,0.4.0
2,219763205,18,120,13980,1.7107960912822509,,0.006216478500455199,False,0,False,0,quiet,quiet,0.4.0
2,219765170,18,120,14026,1.2922322630882264,,0.0013040631672028558,False,0,False,0,quiet,quiet,0.4.0
2,219765875,18,120,14025,2.924865174293518,6.034734795076522,0.11897420164522307,False,0,False,0,rotator,pulsator,0.4.0
2,219766122,18,120,14021,0.5952592849731445,,0.013651369702946468,False,0,False,0,quiet,quiet,0.4.0
2,219766348,18,120,13999,28.402068614959713,,0.012314376376361475,False,1,False,0,variable,variable,0.4.0
2,219772714,18,120,14426,1.8144096310612667,,0.06402600076785188,False,1,False,0,quiet,quiet,0.4.0
2,219773017,18,120,14444,0.8486156344413757,,0.0024615473729300156,False,0,False,0,quiet,quiet,0.4.0
2,219773223,18,120,13991,13.63316967487335,,0.08770317657413021,False,0,False,0,variable,variable,0.4.0
2,219773853,18,120,14011,13.112671279907225,,0.0009756139661998487,False,0,False,0,variable,variable,0.4.0
2,219773944,18,120,14023,1.1115159273147581,,0.0023072491435552666,False,0,False,0,quiet,quiet,0.4.0
2,219774920,18,120,14020,0.5862013582527232,5.732996615152388,0.23417929933359694,False,0,False,0,rotator,pulsator,0.4.0
2,219775063,18,120,14020,0.6808896660804749,,0.06686980694990632,False,0,False,0,quiet,quiet,0.4.0
2,219775505,18,120,14019,2.1136299848556517,,0.0011019815093220597,False,0,False,0,quiet,quiet,0.4.0
2,219775509,18,120,14026,1.524158924818039,,0.005040822473728363,False,0,False,0,quiet,quiet,0.4.0
2,219776325,18,120,14282,2.453588856863643,9.61919484331721,0.40732025853905585,False,0,False,0,rotator,rotator,0.4.0
2,219776351,18,120,14443,0.9330088376998901,,0.0019616791724023394,False,0,False,0,quiet,quiet,0.4.0
2,219776641,18,120,14015,2.915497970581055,,0.01348163135910979,False,0,False,0,quiet,quiet,0.4.0
2,219776694,18,120,14443,0.3028434634208679,,0.006339371403482292,False,0,False,0,quiet,quiet,0.4.0
2,219776784,18,120,14019,1.4391913175582884,,0.0059242918548792385,False,0,False,0,quiet,quiet,0.4.0
2,219777076,18,120,14199,1.8953564643859862,,0.021335689655251937,False,0,False,0,quiet,quiet,0.4.0
2,219777216,18,120,14015,1.5657369375228882,,0.00751475139633332,False,0,False,0,quiet,quiet,0.4.0
2,219777235,18,120,14446,1.5630416572093964,6.120967629119246,0.20060433879572967,False,0,False,0,rotator,rotator,0.4.0
2,219777482,18,120,14441,0.5765248775482177,5.538021833047077,0.5795957613290358,False,0,False,0,rotator,pulsator,0.4.0
2,219778329,18,120,14020,0.4309797277754626,,0.016427337458758684,False,0,False,0,quiet,quiet,0.4.0
2,219778464,18,120,14008,2.150480082602496,,0.028719113529057764,False,0,False,0,quiet,quiet,0.4.0
2,219778705,18,120,14006,2.0462921009572717,,0.0030698783689523217,False,0,False,0,quiet,quiet,0.4.0
2,219778756,18,120,14024,1.258872608576041,,0.012424982163909215,False,0,False,0,quiet,quiet,0.4.0
2,219778773,18,120,14025,0.8637268781661988,,0.006470589568466146,False,0,False,0,quiet,quiet,0.4.0
2,219779220,18,120,14025,1.2177364826202393,,0.001143908279879611,False,0,False,0,quiet,quiet,0.4.0
2,219779294,18,120,14011,1.8591248273849488,,0.0018161443431297369,False,0,False,0,quiet,quiet,0.4.0
2,219779380,18,120,14025,1.3059295892715455,,0.0033843431093058887,False,0,False,0,quiet,quiet,0.4.0
2,219780306,18,120,14437,0.558850908279419,12.922047329436484,0.1199618160960836,False,0,False,0,rotator,rotator,0.4.0
2,219780528,18,120,14025,56.27736457586288,,0.0009308916893913133,False,0,False,0,variable,variable,0.4.0
2,219780871,18,120,14442,0.6467788668406685,,0.0032460586735402483,False,0,False,0,quiet,quiet,0.4.0
2,219785744,18,120,14234,1.2826883579101669,,0.003672213908501495,False,0,False,0,quiet,quiet,0.4.0
2,219785826,18,120,14166,1.5155869593866491,,0.002864596523884074,False,0,False,0,quiet,quiet,0.4.0
2,219785910,18,120,14438,1.325415140390396,1.3067226342381923,0.32075001833618033,False,0,False,0,rotator,pulsator,0.4.0
2,219787445,18,120,14024,0.9517432451248168,,0.004631244977751596,False,0,False,0,quiet,quiet,0.4.0
2,219787707,18,120,14015,3.373430514335632,,0.0012224775197009893,False,0,False,0,quiet,quiet,0.4.0
2,219787770,18,120,14016,4.279398179054261,0.41989772610849696,0.20807404663609608,False,2,False,0,rotator,pulsator,0.4.0
2,219788053,18,120,14023,1.1196459531784055,,0.009682437759809292,False,0,False,0,quiet,quiet,0.4.0
2,219788712,18,120,14446,0.7647084653377533,,0.04005746715182312,False,0,False,0,quiet,quiet,0.4.0
2,219789227,18,120,14133,1.4325635790824889,,0.0015676527625239222,False,0,False,0,quiet,quiet,0.4.0
2,219789498,18,120,14045,5.550244939327239,7.173586835449441,0.4501475277313343,False,0,False,0,rotator,pulsator,0.4.0
2,219789588,18,120,14440,0.5058290004730224,,0.017442138431231904,False,0,False,0,quiet,quiet,0.4.0
2,219790149,18,120,14441,67.03294694423676,1.8460049873679703,0.3613300724922557,False,5,False,0,flaring,flaring,0.4.0
2,219790151,18,120,14434,15.992202723026274,1.8460050022848382,0.7125826991695329,False,3,False,0,flaring,flaring,0.4.0
2,219790345,18,120,14445,0.9688869953155518,,0.007115286763064628,False,0,False,0,quiet,quiet,0.4.0
2,219790615,18,120,14047,3.736807322502136,12.7507509791048,0.3101111054102654,False,0,False,0,rotator,rotator,0.4.0
2,219791385,18,120,14025,1.0306575179100037,,0.001014116382752039,False,0,False,0,quiet,quiet,0.4.0
2,219791669,18,120,14006,6.201839816515451,,0.0009327777137939106,False,0,False,0,variable,variable,0.4.0
2,219791988,18,120,14023,0.6799175977706908,,0.042887908780666235,False,0,False,0,quiet,quiet,0.4.0
2,219792132,18,120,14026,2.9648967146873475,5.21180943024402,0.30416090535753976,False,0,False,0,rotator,pulsator,0.4.0
2,219792306,18,120,14021,0.4135708808898925,,0.01501905578005937,False,0,False,0,quiet,quiet,0.4.0
2,219792330,18,120,14022,0.8381438076496124,,0.004496776563668314,False,0,False,0,quiet,quiet,0.4.0
2,219793020,18,120,14056,6.082319602897179,,0.006981767129205699,False,0,False,0,variable,variable,0.4.0
2,219793117,18,120,14445,1.1497800707817076,,0.04195811837968351,False,0,False,0,quiet,quiet,0.4.0
2,219793303,18,120,14446,1.3213501274585724,,0.004314059217936805,False,0,False,0,quiet,quiet,0.4.0
2,219794282,18,120,14140,1.9980422258377073,,0.008572321788268016,False,0,False,0,quiet,quiet,0.4.0
2,219794363,18,120,14443,0.7155306458473205,,0.004927848450816171,False,0,False,0,quiet,quiet,0.4.0
2,219794415,18,120,14437,0.5897803544998169,,0.02992058474177477,False,0,False,0,quiet,quiet,0.4.0
2,219795029,18,120,14063,14.989558446407317,,0.020279510602108235,False,0,False,0,variable,variable,0.4.0
2,219795050,18,120,14279,1.4796647071838378,,0.08877125821188307,False,0,False,0,quiet,quiet,0.4.0
2,219795086,18,120,14079,1.4696789145469664,,0.005157312482018512,False,0,False,0,quiet,quiet,0.4.0
2,219795119,18,120,14048,8.248264226420865,,0.002362322502742795,False,0,False,0,variable,variable,0.4.0
2,219795960,18,120,14010,1.6513674170593868,,0.005199123528663348,False,0,False,0,quiet,quiet,0.4.0
2,219796346,18,120,14024,0.7504808753442243,,0.01367228639236042,False,0,False,0,quiet,quiet,0.4.0
2,219796429,18,120,14002,1.8866521469743336,,0.0012473144688582398,False,0,False,0,quiet,quiet,0.4.0
2,219797504,18,120,14095,2.131127214431763,,0.004028379642097842,False,0,False,0,quiet,quiet,0.4.0
2,219797811,18,120,14116,11.42617762840853,,0.0032917841997773018,False,0,False,0,variable,variable,0.4.0
2,219797873,18,120,14239,1.6963475704193114,,0.08625185504548046,False,0,False,0,quiet,quiet,0.4.0
2,219798074,18,120,14072,22.716307839265227,,0.0024485471103831828,False,0,False,0,variable,variable,0.4.0
2,219798137,18,120,14067,1.9169187068939209,5.4669102681345105,0.10992473527981537,False,0,False,0,rotator,pulsator,0.4.0
2,219798168,18,120,14445,1.1825652837753295,,0.0028521823147336658,False,0,False,0,quiet,quiet,0.4.0
2,219798240,18,120,14067,7.282382297515869,,0.0018130161326476294,False,0,False,0,variable,variable,0.4.0
2,219798536,18,120,14161,1.5657369375228882,,0.0016882862244089656,False,0,False,0,quiet,quiet,0.4.0
2,219798745,18,120,14444,0.765503771141059,,0.019203617877155604,False,0,False,0,quiet,quiet,0.4.0
2,219799330,18,120,14444,0.6348489761352538,,0.0023450968797888677,False,0,False,0,quiet,quiet,0.4.0
2,219800321,18,120,14023,1.175760805606842,,0.0012527683591057835,False,0,False,0,quiet,quiet,0.4.0
2,219800534,18,120,14021,1.057610321044922,,0.003274233952017962,False,0,False,0,quiet,quiet,0.4.0
2,219801023,18,120,14010,1.7246258698515333,,0.0036240956703523534,False,0,False,0,quiet,quiet,0.4.0
2,219801618,18,120,14445,1.0058255910873413,,0.0015324537242430668,False,0,False,0,quiet,quiet,0.4.0
2,219802448,18,120,14095,9.844665992259978,,0.0017793381526831176,False,0,False,0,variable,variable,0.4.0
2,219802774,18,120,14438,0.6674574096526259,,0.039900768693877965,False,0,False,0,quiet,quiet,0.4.0
2,219802852,18,120,14057,2.318736398220062,,0.021269958294207972,False,0,False,0,quiet,quiet,0.4.0
2,219803078,18,120,14071,11.102080535888671,,0.0073615639505662505,False,0,False,0,variable,variable,0.4.0
2,219804078,18,120,14441,2.376707017421722,11.629144900992742,0.5502246998738026,False,0,False,0,rotator,pulsator,0.4.0
2,219804982,18,120,14024,0.7112447082996368,,0.006839164972154287,False,0,False,0,quiet,quiet,0.4.0
2,219805839,18,120,14399,2.2677469968795774,6.110736820754592,0.36710855641376494,False,0,False,0,rotator,pulsator,0.4.0
2,219806074,18,120,14086,2.3123296532729163,,0.0043252888341324455,False,1,False,0,quiet,quiet,0.4.0
2,219806194,18,120,14142,2.0173951019409238,,0.010883093595689607,False,0,False,0,quiet,quiet,0.4.0
2,219806384,18,120,14442,0.7595388293266296,,0.0017356546082773461,False,0,False,0,quiet,quiet,0.4.0
2,219806427,18,120,14147,10.099082779884338,,0.06708853983213643,False,0,False,0,variable,variable,0.4.0
2,219806838,18,120,14159,1.6784968614578246,,0.0011237190442080157,False,0,False,0,quiet,quiet,0.4.0
2,219807052,18,120,14141,2.984072971343994,,0.012889312717499674,False,1,False,0,quiet,quiet,0.4.0
2,219807217,18,120,14015,4.7193032741546626,,0.06142843359673802,False,1,False,0,quiet,quiet,0.4.0
2,219807548,18,120,14077,1.7804756641387938,,0.007674480460361749,False,0,False,0,quiet,quiet,0.4.0
2,219807735,18,120,14446,1.1810629259906456,10.57255915535486,0.13711697422262262,False,0,False,1,rotator,rotator,0.4.0
2,219807827,18,120,14153,4.268970537185669,,0.02970679477411345,False,0,False,0,quiet,quiet,0.4.0
2,219808072,18,120,14227,1.3274034619331359,,0.00333034781347574,False,0,False,0,quiet,quiet,0.4.0
2,219808183,18,120,14152,7.655081896332446,,0.0014090084244388638,False,0,False,0,variable,variable,0.4.0
2,219808422,18,120,14134,2.7506882891264044,,0.0031783757703414315,False,0,False,0,quiet,quiet,0.4.0
2,219808429,18,120,14438,0.39660387039184564,,0.014306787114731347,False,0,False,0,quiet,quiet,0.4.0
2,219809247,18,120,14024,0.6998891830444336,,0.04174203949380439,False,0,False,0,quiet,quiet,0.4.0
2,219810111,18,120,14115,8.40547467470169,,0.003438397030358296,False,1,False,0,variable,variable,0.4.0
2,219810122,18,120,14446,1.8325253944083812,,0.0021516874561055437,False,0,False,0,quiet,quiet,0.4.0
2,219810229,18,120,14138,2.2777769065565794,,0.004382346082490023,False,0,False,0,quiet,quiet,0.4.0
2,219810383,18,120,14132,4.239941042661666,,0.0012686614957774657,False,0,False,0,quiet,quiet,0.4.0
2,219810391,18,120,14444,6.48745115138736,4.473014429414399,0.6905571714305294,False,0,False,0,rotator,pulsator,0.4.0
2,219810819,18,120,14126,2.558130311965942,8.2033457460776,0.34888152680058365,False,0,False,0,rotator,pulsator,0.4.0
2,219811064,18,120,14444,0.9777681065936024,,0.0023282734487267017,False,0,False,0,quiet,quiet,0.4.0
2,219811092,18,120,14439,0.6823035836219787,,0.04326241313275227,False,0,False,0,quiet,quiet,0.4.0
2,219811379,18,120,14111,2.3324337244033813,,0.004716511656120445,False,0,False,0,quiet,quiet,0.4.0
2,219811568,18,120,14031,1.9532387137413025,,0.0014949309751088567,False,0,False,0,quiet,quiet,0.4.0
2,219811619,18,120,14232,1.32704998254776,,0.008684442598104926,False,0,False,0,quiet,quiet,0.4.0
2,219811991,18,120,14141,3.1058466196060177,,0.001385704651381226,False,0,False,0,quiet,quiet,0.4.0
2,219812248,18,120,14158,9.443643629550934,,0.042328910562239586,False,0,False,0,variable,variable,0.4.0
2,219812327,18,120,14164,2.9186792850494383,,0.012446922916802154,False,0,False,0,quiet,quiet,0.4.0
2,219812363,18,120,14446,1.29704838105892,,0.05573412658625111,False,0,False,0,quiet,quiet,0.4.0
2,219812472,18,120,14446,1.3848439445998635,,0.005173170744282697,False,0,False,0,quiet,quiet,0.4.0
2,219812867,18,120,14442,0.26837922334671016,,0.016654003686795562,False,0,False,0,quiet,quiet,0.4.0
2,219812966,18,120,14445,0.481615662574768,,0.02003891973440483,False,0,False,0,quiet,quiet,0.4.0
2,219813035,18,120,14165,3.338966274261474,,0.0020282311554767132,False,0,False,0,quiet,quiet,0.4.0
2,219813337,18,120,14077,2.4678163290023805,,0.007424386913983432,False,0,False,0,quiet,quiet,0.4.0
2,219814545,18,120,14445,1.1957323908805848,,0.005329287053596601,False,0,False,0,quiet,quiet,0.4.0
2,219815120,18,120,14171,2.2548449993133546,,0.05687367569686377,False,0,False,0,quiet,quiet,0.4.0
2,219815508,18,120,14166,3.360572801845455,,0.008993292556392127,False,0,False,0,quiet,quiet,0.4.0
2,219815833,18,120,14156,1.6482743740081784,,0.00458798841642639,False,0,False,0,quiet,quiet,0.4.0
2,219816151,18,120,14444,10.683030087767238,10.572541427298924,0.8440193502557773,False,9,False,0,flaring,flaring,0.4.0
2,219817223,18,120,14446,1.2867534093113784,,0.019810575181366266,False,0,False,0,quiet,quiet,0.4.0
2,219817268,18,120,14166,2.8562460737301727,,0.001901123309729798,False,0,False,0,quiet,quiet,0.4.0
2,219817433,18,120,14444,1.2756187699919572,,0.043844359868500556,False,0,False,0,quiet,quiet,0.4.0
2,219817506,18,120,14159,6.735549688339233,,0.012741521647528726,False,0,False,0,variable,variable,0.4.0
2,219817815,18,120,14443,1.4801949262619019,,0.03141521426521243,False,0,False,0,quiet,quiet,0.4.0
2,219819314,18,120,14138,2.894333478639527,,0.0038036310306347344,False,0,False,0,quiet,quiet,0.4.0
2,219819462,18,120,14443,0.5830642461776733,,0.007834960873569405,False,0,False,0,quiet,quiet,0.4.0
2,219819539,18,120,14168,8.860624096430785,,0.004466075731981952,False,0,False,0,variable,variable,0.4.0
2,219819747,18,120,14227,1.5212869048118591,,0.0026759407708397726,False,0,False,0,quiet,quiet,0.4.0
2,219819948,18,120,14180,2.225638698767462,,0.0016108499413251983,False,0,False,0,quiet,quiet,0.4.0
2,219819987,18,120,14186,2.304597222805023,,0.0012417847178472752,False,0,False,0,quiet,quiet,0.4.0
2,219820006,18,120,14442,0.8799869561191486,,0.09456686524983124,False,0,False,0,quiet,quiet,0.4.0
2,219820588,18,120,14446,0.607012438356135,,0.006272889487317103,False,0,False,0,quiet,quiet,0.4.0
2,219820988,18,120,14423,10.895825314521788,5.056432333905397,0.4145798976668444,False,0,False,0,rotator,rotator,0.4.0
2,219820991,18,120,14444,6.4666842381154215,5.056432362484093,0.7652767743863608,False,0,False,0,rotator,rotator,0.4.0
2,219821233,18,120,14273,1.7605040788650512,,0.002804999542890959,False,0,False,0,quiet,quiet,0.4.0
2,219821435,18,120,14186,1.4666743397712707,,0.002613381627775943,False,0,False,0,quiet,quiet,0.4.0
2,219821654,18,120,14443,0.9040235280990601,,0.08273332738948302,False,0,False,0,quiet,quiet,0.4.0
2,219821937,18,120,14440,0.8643896520137786,,0.006886151610966854,False,0,False,0,quiet,quiet,0.4.0
2,219822382,18,120,14440,2.560383743047714,11.629839215042464,0.12106775480668194,False,0,False,0,rotator,pulsator,0.4.0
2,219822384,18,120,14438,0.8963795096761135,,0.09456807817817141,False,0,False,0,quiet,quiet,0.4.0
2,219822564,18,120,14446,0.9936305522918701,11.629845635776748,0.14230628168602477,False,0,False,0,rotator,rotator,0.4.0
2,219844197,18,120,13034,1.2822906171592887,,0.01630457151462986,False,0,False,0,quiet,quiet,0.4.0
2,219844703,18,120,12397,1.944666838645935,,0.0015840194416248208,False,0,False,0,quiet,quiet,0.4.0
2,219844820,18,120,12619,1.2020066499710083,,0.0032835716249555178,False,0,False,0,quiet,quiet,0.4.0
2,219844898,18,120,12518,4.896749487809882,,0.0036785450497467966,False,0,False,0,quiet,quiet,0.4.0
2,219845007,18,120,13102,3.001305091381073,6.571955360596294,0.573757381061321,False,0,False,0,rotator,rotator,0.4.0
2,219845083,18,120,12665,2.1332480907440186,,0.062461440281215114,False,0,False,0,quiet,quiet,0.4.0
2,219845310,18,120,14020,0.821972174762021,,0.04769986209812295,False,0,False,0,quiet,quiet,0.4.0
2,219845585,18,120,13031,8.7937717795372,12.38358492596414,0.15060142269420015,False,1,False,0,rotator,rotator,0.4.0
2,219845752,18,120,13973,1.5169567823410033,5.204273670687536,0.2950588142119523,False,0,False,0,rotator,pulsator,0.4.0
2,219845915,18,120,13348,1.2398289072564572,,0.03310593334091435,False,0,False,0,quiet,quiet,0.4.0
2,219845970,18,120,13494,0.936190152168274,,0.0038851403652504558,False,0,False,0,quiet,quiet,0.4.0
2,219845981,18,120,12638,2.261914587020874,,0.010432956211683992,False,0,False,0,quiet,quiet,0.4.0
2,219845989,18,120,12633,1.6828269839286805,,0.012551899651540391,False,0,False,0,quiet,quiet,0.4.0
2,219846062,18,120,12587,1.8862543702125547,,0.005969587517393892,False,0,False,0,quiet,quiet,0.4.0
2,219846064,18,120,13991,1.701649761199951,,0.0959958780904102,False,0,False,0,quiet,quiet,0.4.0
2,219846107,18,120,12539,14.511389207839965,,0.0053461361548513145,False,0,False,0,variable,variable,0.4.0
2,219846123,18,120,12554,6.810398745226897,,0.007186056604026566,False,0,False,0,variable,variable,0.4.0
2,219846158,18,120,13765,0.783310317993164,,0.00583373067135248,False,0,False,0,quiet,quiet,0.4.0
2,219846230,18,120,12508,1.403578269481659,,0.00396024668529892,False,0,False,0,quiet,quiet,0.4.0
2,219846307,18,120,13530,0.7771686136722564,,0.005493988783231423,False,0,False,0,quiet,quiet,0.4.0
2,219846645,18,120,12441,1.341896116733551,,0.0015107483105235382,False,0,False,0,quiet,quiet,0.4.0
2,219846750,18,120,14184,1.083811980485916,1.9166879096467822,0.3092672242208168,False,0,False,0,rotator,pulsator,0.4.0
2,219846818,18,120,12004,1.927169494201571,,0.009416650327780524,False,0,False,0,quiet,quiet,0.4.0
2,219847885,18,120,12520,2.3873113989830017,,0.030215329578547525,False,0,False,0,quiet,quiet,0.4.0
2,219848145,18,120,14021,0.647397494316101,,0.08869323657113812,False,0,False,0,quiet,quiet,0.4.0
2,219848613,18,120,14023,0.799040150642395,,0.034645006963103006,False,0,False,0,quiet,quiet,0.4.0
2,219848819,18,120,14021,0.6413883447647094,,0.005852209622995198,False,0,False,0,quiet,quiet,0.4.0
2,219849228,18,120,12842,3.4981205760312424,2.6273364752596318,0.3939843154838905,False,0,False,0,rotator,rotator,0.4.0
2,219849662,18,120,12977,1.0756377696990966,,0.013029795843132226,False,0,False,0,quiet,quiet,0.4.0
2,219849667,18,120,12432,3.7406954842598594,,0.09072341439850344,False,0,False,0,quiet,quiet,0.4.0
2,219849947,18,120,14193,0.42391015291213985,,0.010640286665641102,False,0,False,0,quiet,quiet,0.4.0
2,219850059,18,120,13043,0.8941261053085326,,0.0035375994879872754,False,0,False,0,quiet,quiet,0.4.0
2,219850194,18,120,11933,2.218701732158661,,0.017242887584821204,False,0,False,0,quiet,quiet,0.4.0
2,219850460,18,120,13076,0.8636385083198547,,0.0024509297057060176,False,0,False,0,quiet,quiet,0.4.0
2,219850742,18,120,12189,2.276760721206665,,0.01288875883660655,False,0,False,0,quiet,quiet,0.4.0
2,219851336,18,120,14024,0.699668300132054,,0.04016080894944276,False,0,False,0,quiet,quiet,0.4.0
2,219851795,18,120,13052,1.7946590779620135,,0.003223311733015163,False,0,False,0,quiet,quiet,0.4.0
2,219851877,18,120,13976,1.3566539215044355,,0.00848033524123496,False,0,False,0,quiet,quiet,0.4.0
2,219852286,18,120,14020,0.5053871211178826,,0.0027241496692328826,False,0,False,0,quiet,quiet,0.4.0
2,219852735,18,120,12627,1.434949564933777,,0.005497169732869214,False,0,False,0,quiet,quiet,0.4.0
2,219852868,18,120,13486,0.925629927944245,,0.002681136155287392,False,0,False,0,quiet,quiet,0.4.0
2,219852882,18,120,13093,3.1113255500793455,5.585813889678889,0.24428466427304704,False,7,False,1,flaring,flaring,0.4.0
2,219852891,18,120,12557,7.749151825904845,,0.0032125179961094187,False,0,False,0,variable,variable,0.4.0
2,219852964,18,120,14025,0.6401511669158935,,0.02180351896485619,False,0,False,0,quiet,quiet,0.4.0
2,219852971,18,120,12511,2.8363185882568356,,0.014033159736781518,False,0,False,0,quiet,quiet,0.4.0
2,219853206,18,120,13749,0.8213977217674255,,0.013552107133476687,False,0,False,0,quiet,quiet,0.4.0
2,219853425,18,120,14187,0.4904526472091675,,0.002207646415630512,False,0,False,0,quiet,quiet,0.4.0
2,219853640,18,120,11937,2.2993834018707275,,0.02206897375720088,False,0,False,0,quiet,quiet,0.4.0
2,219854858,18,120,14009,7.032472372055053,4.777526579041857,0.7132679169941932,False,0,False,0,rotator,rotator,0.4.0
2,219854909,18,120,14021,0.843755292892456,,0.011263752553413367,False,0,False,0,quiet,quiet,0.4.0
2,219854987,18,120,14021,0.6652482032775878,,0.005451003166417742,False,0,False,0,quiet,quiet,0.4.0
2,219855010,18,120,13002,7.754586571455001,1.6869867153368228,0.2666115192484748,False,1,False,0,rotator,pulsator,0.4.0
2,219855064,18,120,13039,9.473601007461546,,0.0015826893720914126,False,0,False,0,variable,variable,0.4.0
2,219855102,18,120,13119,1.3023947954177855,,0.002452745438343832,False,0,False,0,quiet,quiet,0.4.0
2,219855194,18,120,13092,11.288805684780904,,0.0046262540456889455,False,0,False,0,variable,variable,0.4.0
2,219855366,18,120,13275,8.60792999267578,,0.004760063525336422,False,0,False,0,variable,variable,0.4.0
2,219855370,18,120,14025,1.040466570854187,,0.02041617701485035,False,0,False,0,quiet,quiet,0.4.0
2,219855548,18,120,14019,0.5318097352981568,,0.0338131478712385,False,0,False,0,quiet,quiet,0.4.0
2,219855821,18,120,14025,0.6201795816421509,,0.004819679741314824,False,0,False,0,quiet,quiet,0.4.0
2,219856119,18,120,12650,3.020216148489232,,0.016192235663732835,False,0,False,0,quiet,quiet,0.4.0
2,219856738,18,120,14044,2.183928262708433,,0.0833066508511842,False,2,False,0,quiet,quiet,0.4.0
2,219856821,18,120,13345,0.8738894104957581,,0.047385251225294425,False,0,False,0,quiet,quiet,0.4.0
2,219857012,18,120,14193,0.47136476039886477,,0.01339881929252744,False,0,False,0,quiet,quiet,0.4.0
2,219857180,18,120,12064,1.8454716311254609,,0.003709031469068993,False,0,False,0,quiet,quiet,0.4.0
2,219857804,18,120,13745,1.0156346440315245,,0.007127312818290384,False,0,False,0,quiet,quiet,0.4.0
2,219857924,18,120,12758,2.1572846889495847,,0.0019726682932797463,False,0,False,0,quiet,quiet,0.4.0
2,219857965,18,120,13762,1.2732769310474394,,0.03657017526292183,False,0,False,1,quiet,quiet,0.4.0
2,219858225,18,120,13085,1.3735325217247008,,0.009504887301491028,False,0,False,0,quiet,quiet,0.4.0
2,219858246,18,120,13025,3.9533134460449215,,0.17322895024161114,True,1,False,0,quiet,quiet,0.4.0
2,219858309,18,120,13051,5.383314299583435,5.3115460223878985,0.6301927835496518,False,0,False,0,rotator,pulsator,0.4.0
2,219858369,18,120,13518,1.1976323782692069,,0.003299455718356709,False,0,False,0,quiet,quiet,0.4.0
2,219859088,18,120,13131,1.430796182155609,,0.03354754730770854,False,0,False,0,quiet,quiet,0.4.0
2,219859253,18,120,12999,4.811914873123169,,0.0031948213239854964,False,0,False,0,quiet,quiet,0.4.0
2,219859796,18,120,13772,0.8997375905513763,,0.0022121160334167044,False,0,False,0,quiet,quiet,0.4.0
2,219860013,18,120,13956,0.7882590293884277,,0.020944067541518736,False,0,False,0,quiet,quiet,0.4.0
2,219860288,18,120,11957,4.021888446807861,,0.01429415628678999,False,0,False,0,quiet,quiet,0.4.0
2,219860348,18,120,11998,1.4606210488266065,,0.003539563211725729,False,0,False,0,quiet,quiet,0.4.0
2,219860549,18,120,14191,1.2225084543228149,0.7012264556399136,0.43176716086288336,False,0,False,0,rotator,pulsator,0.4.0
2,219860712,18,120,12514,1.669041238157712,,0.0016231850084658802,False,0,False,0,quiet,quiet,0.4.0
2,219860722,18,120,12487,2.74105589389801,9.946432583507308,0.11913144041675237,False,0,False,0,rotator,rotator,0.4.0
2,219860902,18,120,12597,2.1785818219184874,,0.02973601544169547,False,0,False,0,quiet,quiet,0.4.0
2,219861429,18,120,13947,2.2719887495040894,2.242663867374515,0.5075452028979858,False,0,False,0,rotator,pulsator,0.4.0
2,219861470,18,120,13083,1.160296082496643,,0.003555762842126689,False,0,False,0,quiet,quiet,0.4.0
2,219861551,18,120,14014,0.5044592528206332,,0.01469251637641002,False,0,False,0,quiet,quiet,0.4.0
2,219861580,18,120,13038,2.2491892621162752,,0.0059189669996089385,False,0,False,0,quiet,quiet,0.4.0
2,219862138,18,120,14026,2.8829776952876034,5.460018649652002,0.585304744272146,False,0,False,0,rotator,pulsator,0.4.0
2,219862158,18,120,14024,0.7059867445222582,,0.0022400813600712806,False,0,False,0,quiet,quiet,0.4.0
2,219862791,18,120,13342,1.076344696392277,,0.00370729526917419,False,0,False,0,quiet,quiet,0.4.0
2,219862924,18,120,13070,1.2597563070131448,,0.003396114171444171,False,0,False,0,quiet,quiet,0.4.0
2,219862957,18,120,12851,3.1706217169761657,5.018030834636419,0.23466277160521032,False,0,False,0,rotator,pulsator,0.4.0
2,219863288,18,120,12598,3.5685068437902077,,0.022356817956262272,False,0,False,0,quiet,quiet,0.4.0
2,219863451,18,120,13992,0.9911120116710662,,0.0020551466555537943,False,0,False,0,quiet,quiet,0.4.0
2,219863898,18,120,12117,1.9480248928070067,,0.0060566857101770856,False,0,False,0,quiet,quiet,0.4.0
2,219863949,18,120,12174,7.715041065216064,,0.05424107299426058,False,0,False,0,variable,variable,0.4.0
2,219864233,18,120,12534,2.3870904743671417,,0.048114110546476234,False,0,False,0,quiet,quiet,0.4.0
2,219864415,18,120,12632,1.7092053321240743,,0.007797335190121707,False,0,False,0,quiet,quiet,0.4.0
2,219865258,18,120,13127,1.71844003200531,,0.01122772710699149,False,0,False,0,quiet,quiet,0.4.0
2,219865365,18,120,13305,2.3709629774093623,,0.00200001625830739,False,0,False,0,quiet,quiet,0.4.0
2,219865383,18,120,13285,3.3944625377655027,,0.0029450713682446306,False,0,False,0,quiet,quiet,0.4.0
2,219865662,18,120,13461,4.792738616466522,,0.015821425509043273,False,1,False,0,quiet,quiet,0.4.0
2,219865855,18,120,13447,6.505964827537536,,0.0025781563710078783,False,0,False,0,variable,variable,0.4.0
2,219865888,18,120,14023,0.936190152168274,,0.007219040647713414,False,0,False,0,quiet,quiet,0.4.0
2,219865895,18,120,14021,6.47839343547821,0.44270424398795555,0.5009735512896705,False,0,False,0,rotator,pulsator,0.4.0
2,219866469,18,120,14022,0.7108028378843415,,0.07553763626556562,False,0,False,0,quiet,quiet,0.4.0
2,219867078,18,120,12802,2.0778843200837276,,0.021928284634139233,False,0,False,0,quiet,quiet,0.4.0
2,219867444,18,120,14184,0.4029664993286133,11.499420190507294,0.22870421185543,False,9,False,0,flaring,flaring,0.4.0
2,219867604,18,120,14188,0.5542998777121269,,0.014598049125531304,False,0,False,0,quiet,quiet,0.4.0
2,219867620,18,120,13178,0.9617732226848602,,0.021928677246681162,False,0,False,0,quiet,quiet,0.4.0
2,219867818,18,120,14192,0.7247211530638428,,0.008717908251464375,False,0,False,0,quiet,quiet,0.4.0
2,219867845,18,120,14187,0.5229727506637573,,0.009853109061325471,False,0,False,0,quiet,quiet,0.4.0
2,219868113,18,120,12780,2.167226232074909,,0.0072155345195877,False,0,False,0,quiet,quiet,0.4.0
2,219868114,18,120,12773,3.210918366909027,,0.004392862500224165,False,0,False,0,quiet,quiet,0.4.0
2,219868560,18,120,13076,2.5210149765014647,12.403634337146439,0.2101787308711925,False,0,False,0,rotator,rotator,0.4.0
2,219868662,18,120,13096,2.875819823866492,,0.0012261728171580318,False,0,False,0,quiet,quiet,0.4.0
2,219868783,18,120,13992,1.3224546717134313,,0.003356821355693936,False,0,False,0,quiet,quiet,0.4.0
2,219868884,18,120,14024,0.9685335159301757,,0.0039316170926228045,False,0,False,0,quiet,quiet,0.4.0
2,219868955,18,120,14021,0.8239604473114014,,0.012406500878506197,False,0,False,0,quiet,quiet,0.4.0
2,219869036,18,120,13422,2.394469356536865,,0.001500119026662901,False,0,False,0,quiet,quiet,0.4.0
2,219869064,18,120,13441,2.7379629492759703,,0.006840696443316889,False,0,False,0,quiet,quiet,0.4.0
2,219869214,18,120,13480,2.355144634536228,,0.0027415232589795774,False,0,False,0,quiet,quiet,0.4.0
2,219869224,18,120,14025,5.25553150177002,1.1025033212075206,0.36641955013545197,False,1,False,0,rotator,pulsator,0.4.0
2,219869329,18,120,13748,1.914621090888977,,0.001333232789813301,False,0,False,0,quiet,quiet,0.4.0
2,219869487,18,120,13477,1.7867499232292174,,0.026658521391079527,False,0,False,0,quiet,quiet,0.4.0
2,219869754,18,120,13854,1.0808957433433608,,0.007537254749818651,False,0,False,0,quiet,quiet,0.4.0
2,219869910,18,120,13137,1.6250331044197082,,0.001919078352607049,False,0,False,0,quiet,quiet,0.4.0
2,219869918,18,120,13138,3.179767901308301,5.325100520525439,0.13150831986103198,False,0,False,0,rotator,pulsator,0.4.0
2,219869957,18,120,13109,11.85693576335907,,0.0022790480188703624,False,0,False,0,variable,variable,0.4.0
2,219869966,18,120,14024,1.0127625938426674,,0.0013367146151234363,False,0,False,0,quiet,quiet,0.4.0
2,219869988,18,120,14022,0.6640994348585268,,0.004490336044858521,False,0,False,0,quiet,quiet,0.4.0
2,219870500,18,120,12789,1.7970008254051208,,0.0016700793145958165,False,0,False,0,quiet,quiet,0.4.0
2,219870537,18,120,13898,1.2454846143722533,12.687602650554355,0.1740463960897971,False,0,False,0,rotator,pulsator,0.4.0
2,219870819,18,120,12621,7.1664410591125485,,0.0028210380469577447,False,1,False,0,variable,variable,0.4.0
2,219871089,18,120,12603,1.431061291694641,,0.005095466440856201,False,0,False,0,quiet,quiet,0.4.0
2,219871477,18,120,14184,0.2940948486328125,,0.014512021617452376,False,0,False,1,quiet,quiet,0.4.0
2,219871829,18,120,13005,1.8069866180419922,,0.0019960740185273767,False,0,False,0,quiet,quiet,0.4.0
2,219872444,18,120,13373,2.4404216766357423,,0.0015199803594009758,False,0,False,0,quiet,quiet,0.4.0
2,219872479,18,120,14016,11.38504010528087,16.380057004089394,0.6794144069350708,False,0,False,0,rotator,eclipsing,0.4.0
2,219872511,18,120,13435,1.6123962163925172,,0.002548961586878287,False,0,False,0,quiet,quiet,0.4.0
2,219872904,18,120,13735,1.6175216674804687,,0.0037002348752991666,False,0,False,0,quiet,quiet,0.4.0
2,219873138,18,120,14021,0.407208251953125,,0.044223358771385744,False,0,False,0,quiet,quiet,0.4.0
2,219873323,18,120,14023,7.437206268310547,5.4600170993602495,0.767688975718647,False,0,False,0,rotator,rotator,0.4.0
2,219873515,18,120,13387,2.6736297011375423,,0.04312541668438853,False,0,False,0,quiet,quiet,0.4.0
2,219873666,18,120,13236,3.5761511550039735,,0.004273950814263676,False,0,False,0,quiet,quiet,0.4.0
2,219874540,18,120,12746,2.260191307658216,,0.006779974186325467,False,0,False,0,quiet,quiet,0.4.0
2,219874849,18,120,12813,1.1822118043899537,,0.003727175220274957,False,0,False,0,quiet,quiet,0.4.0
2,219875097,18,120,12802,16.291379323344806,,0.0036414847300929977,False,0,False,0,variable,variable,0.4.0
2,219875126,18,120,12815,2.183442163467407,12.242384537016733,0.2746753892870487,False,0,False,0,rotator,pulsator,0.4.0
2,219875897,18,120,14026,1.1019719510682833,,0.04226735940116686,False,0,False,0,quiet,quiet,0.4.0
2,219875919,18,120,13344,1.7943939149379728,,0.0018413416333786898,False,0,False,0,quiet,quiet,0.4.0
2,219875976,18,120,13425,3.947834515571594,,0.0021660707445733535,False,0,False,0,quiet,quiet,0.4.0
2,219876780,18,120,14024,0.78781720363549,,0.004461552958043638,False,0,False,0,quiet,quiet,0.4.0
2,219876978,18,120,14024,1.001583898161882,,0.0022693457926851127,False,0,False,0,quiet,quiet,0.4.0
2,219877024,18,120,13972,1.3639002897679977,,0.009855780985745187,False,0,False,0,quiet,quiet,0.4.0
2,219877043,18,120,14025,2.1991719961166383,,0.7502159196978251,True,0,False,0,quiet,quiet,0.4.0
2,219877118,18,120,13413,2.1314806938171387,,0.014434211349796206,False,0,False,0,quiet,quiet,0.4.0
2,219877230,18,120,14023,0.8796334505081177,,0.03533014231040376,False,0,False,0,quiet,quiet,0.4.0
2,219877270,18,120,13474,1.355239963531494,,0.009159866946506336,False,0,False,0,quiet,quiet,0.4.0
2,219877628,18,120,14185,0.4503327369689941,,0.006109689493523123,False,0,False,0,quiet,quiet,0.4.0
2,219877950,18,120,13760,1.0970674574375152,,0.016107293838595084,False,0,False,0,quiet,quiet,0.4.0
2,219878119,18,120,14191,0.6915824174880981,,0.0037311869754929534,False,0,False,0,quiet,quiet,0.4.0
2,219878176,18,120,14142,32.050461906194684,,0.7319178735706903,True,6,False,1,flaring,eclipsing,0.4.0
2,219878393,18,120,14190,0.8056678891181945,,0.01714109192147431,False,0,False,0,quiet,quiet,0.4.0
2,219878526,18,120,12840,1.9144001092195475,,0.001964774914480143,False,0,False,0,quiet,quiet,0.4.0
2,219878689,18,120,13033,2.8934055089950563,2.9344152599952915,0.3536489455265422,False,0,False,0,rotator,pulsator,0.4.0
2,219878788,18,120,13110,1.4961014094292275,,0.03162985037810848,False,0,False,0,quiet,quiet,0.4.0
2,219878815,18,120,14190,0.9888144546040568,,0.011104906700666337,False,0,False,0,quiet,quiet,0.4.0
2,219878939,18,120,14190,0.7275047383456009,,0.004008565376929449,False,0,False,0,quiet,quiet,0.4.0
2,219879207,18,120,13300,1.5334377129841532,,0.003127045263417544,False,0,False,0,quiet,quiet,0.4.0
2,219879365,18,120,14022,0.6856616786516713,,0.0021844793573423077,False,0,False,0,quiet,quiet,0.4.0
2,219879481,18,120,14023,1.4695905447006226,,0.033776292324579245,False,0,False,0,quiet,quiet,0.4.0
2,219879716,18,120,13738,2.0798284566453558,,0.01866722848559921,False,0,False,0,quiet,quiet,0.4.0
2,219879903,18,120,14026,1.2765024304389954,,0.003470926269115357,False,0,False,0,quiet,quiet,0.4.0
2,219879989,18,120,14024,0.7928542613983154,,0.012436399362875298,False,0,False,0,quiet,quiet,0.4.0
2,219880177,18,120,14019,1.4679115176200868,3.9538013947160295,0.35661298145956066,False,21,False,0,flaring,flaring,0.4.0
2,219880312,18,120,13736,2.6520233527428907,3.54038137736346,0.15214600155713504,False,0,False,0,rotator,pulsator,0.4.0
2,219880383,18,120,13738,2.3584586441516877,,0.0010335594449492455,False,0,False,0,quiet,quiet,0.4.0
2,219880402,18,120,14026,0.23559401035308836,,0.013464090718639642,False,1,False,0,quiet,quiet,0.4.0
2,219880453,18,120,13520,2.029678509850591,,0.0026946463097382634,False,0,False,0,quiet,quiet,0.4.0
2,219881066,18,120,13300,1.3724720017628669,,0.0009782769050991173,False,0,False,0,quiet,quiet,0.4.0
2,219881072,18,120,13087,5.384728217124938,,0.012248196722254188,False,0,False,0,variable,variable,0.4.0
2,219881125,18,120,13067,3.553439891338348,,0.007451437229986471,False,0,False,0,quiet,quiet,0.4.0
2,219881478,18,120,12840,2.1735447406768795,,0.0280080010155136,False,0,False,0,quiet,quiet,0.4.0
2,219881618,18,120,14194,1.8278859777518521,5.000043493040988,0.484035706876199,False,0,False,0,rotator,pulsator,0.4.0
2,219881731,18,120,12776,5.193981903791427,,0.03087833630237076,False,0,False,0,variable,variable,0.4.0
2,219881777,18,120,12787,1.655874180793762,,0.015089208441676997,False,0,False,0,quiet,quiet,0.4.0
2,219882087,18,120,14193,0.8720336437225342,,0.01555813793121883,False,0,False,0,quiet,quiet,0.4.0
2,219882756,18,120,13463,26.87521440982818,,0.0038390644449866384,False,0,False,0,variable,variable,0.4.0
2,219882847,18,120,13525,2.6622299909591676,,0.001089653462305099,False,0,False,0,quiet,quiet,0.4.0
2,219883529,18,120,14024,0.820558183772618,,0.0032118472579033917,False,0,False,1,quiet,quiet,0.4.0
2,219883898,18,120,14025,2.964985084533691,6.370014903496263,0.22551532091456442,False,11,False,1,flaring,flaring,0.4.0
2,219884489,18,120,13148,51.75388733882047,,0.0010054105341705192,False,0,False,0,variable,variable,0.4.0
2,219884551,18,120,13104,8.413384026687861,6.208376349123279,0.4610611388463922,False,0,False,0,rotator,rotator,0.4.0
2,219884807,18,120,14192,1.656846249103546,,0.011245026973529054,False,0,False,0,quiet,quiet,0.4.0
2,219884888,18,120,13022,2.2843606641507543,,0.02879799752131862,False,1,False,0,quiet,quiet,0.4.0
2,219884963,18,120,13330,4.016011612653039,5.1057870916883985,0.41243147301667643,False,0,False,0,rotator,pulsator,0.4.0
2,219892254,18,120,14024,2.0000304877748936,6.744712320249377,0.36977502728267714,False,2,False,0,rotator,rotator,0.4.0
2,219892516,18,120,14024,1.3354893028736115,,0.0030166711734124175,False,0,False,0,quiet,quiet,0.4.0
2,219892705,18,120,14024,1.2922322630882264,,0.0015520994472948708,False,0,False,0,quiet,quiet,0.4.0
2,219892798,18,120,14025,1.2599772691726683,,0.032687092045030834,False,0,False,0,quiet,quiet,0.4.0
2,219893265,18,120,14191,0.903935158252716,,0.0019073866645690956,False,0,False,0,quiet,quiet,0.4.0
2,219893560,18,120,14191,1.900658655166626,6.0523096255128985,0.4273409291673639,False,0,False,0,rotator,rotator,0.4.0
2,219893630,18,120,14192,8.144871512361078,1.5131690923178396,0.9685813425621367,False,0,False,0,rotator,pulsator,0.4.0
2,219893761,18,120,14188,0.4980082542297763,,0.003055581527852894,False,0,False,0,quiet,quiet,0.4.0
2,219894058,18,120,13051,2.822532892227173,,0.02328151312028544,False,0,False,0,quiet,quiet,0.4.0
2,219894486,18,120,13994,1.309022533893585,,0.001447319493699315,False,0,False,0,quiet,quiet,0.4.0
2,219894651,18,120,14044,1.2300640761852264,,0.0013458970830523716,False,0,False,0,quiet,quiet,0.4.0
2,219894679,18,120,14190,0.6320653071384039,,0.05243973142792477,False,0,False,0,quiet,quiet,0.4.0
2,219894715,18,120,14191,0.9697706937789916,2.2115514314637172,0.14613220243527064,False,0,False,0,rotator,pulsator,0.4.0
2,219894728,18,120,13440,1.7893567803693775,,0.002352726972253874,False,0,False,0,quiet,quiet,0.4.0
2,219895795,18,120,14022,1.045812977725654,2.047501041398943,0.11072115714268253,False,0,False,0,rotator,pulsator,0.4.0
2,219896037,18,120,14026,0.4444119572639465,,0.043276429230604686,False,0,False,0,quiet,quiet,0.4.0
2,219896231,18,120,13784,2.181498026847839,,0.013038306458523684,False,0,False,0,quiet,quiet,0.4.0
2,219896856,18,120,14194,0.8975725560656951,,0.003063286457245832,False,0,False,0,quiet,quiet,0.4.0
2,219896893,18,120,13356,1.6302027890146609,,0.008144786366904928,False,0,False,0,quiet,quiet,0.4.0
2,219897017,18,120,14185,0.8771590948104858,,0.0973831018986863,False,0,False,0,quiet,quiet,0.4.0
2,219897064,18,120,13855,1.175849175453186,,0.001445642202203342,False,0,False,0,quiet,quiet,0.4.0
2,219897099,18,120,13347,2.6275890111923212,12.48928153023447,0.11057222825018227,False,0,False,0,rotator,rotator,0.4.0
2,219897487,18,120,14193,0.9125070333480835,,0.036165442300241664,False,0,False,0,quiet,quiet,0.4.0
2,219897611,18,120,13084,4.055866894475632,,0.008306825708481597,False,0,False,0,quiet,quiet,0.4.0
2,219897786,18,120,13763,2.169302988052368,4.362210656732941,0.1650588994749612,False,0,False,0,rotator,rotator,0.4.0
2,219898046,18,120,14189,0.7469019412994384,,0.002310871615563589,False,0,False,0,quiet,quiet,0.4.0
2,219898227,18,120,13495,1.7138447999954223,,0.08052235586800215,False,0,False,0,quiet,quiet,0.4.0
2,219898343,18,120,14192,1.1396175044889,,0.006011497665999212,False,0,False,0,quiet,quiet,0.4.0
2,219898822,18,120,14024,0.42360084582564694,,0.0703523138722692,False,0,False,0,quiet,quiet,0.4.0
2,219898841,18,120,13908,4.367767895228627,,0.001693774861972577,False,0,False,0,quiet,quiet,0.4.0
2,219898924,18,120,13892,2.4346774915052958,,0.0023881807133946968,False,0,False,0,quiet,quiet,0.4.0
2,219899292,18,120,13968,1.4945992112159727,,0.0014357409327606452,False,0,False,0,quiet,quiet,0.4.0
2,219899368,18,120,14024,1.2457055761130327,,0.0022864743042208925,False,0,False,0,quiet,quiet,0.4.0
2,219900027,18,120,13736,103.73607816886668,0.257498077373317,0.7914636375039895,False,0,False,3,rotator,pulsator,0.4.0
2,219900191,18,120,13504,2.3529355287551876,,0.007459498031191914,False,0,False,0,quiet,quiet,0.4.0
2,219900255,18,120,13531,1.402606201171875,,0.0038673856615323095,False,0,False,0,quiet,quiet,0.4.0
2,219900265,18,120,13483,1.6525161266326904,,0.0024158299323932,False,0,False,0,quiet,quiet,0.4.0
2,219900327,18,120,13485,3.7330957889556884,4.186495791807964,0.3298156041766684,False,4,False,0,flaring,flaring,0.4.0
2,219900423,18,120,14192,0.8688965400724571,,0.004282648977221689,False,0,False,0,quiet,quiet,0.4.0
2,224596017,18,120,14025,1.1634773969650267,,0.008392322747435942,False,0,False,0,quiet,quiet,0.4.0
2,224596075,18,120,14026,1.2373104035854339,0.7593374071420358,0.13921702562481764,False,0,False,0,rotator,pulsator,0.4.0
2,224596152,18,120,14026,1.2191061789063757,,0.01239256058580759,False,0,False,0,quiet,quiet,0.4.0
2,224596574,18,120,14026,2.05163853764534,,0.0023526761036118684,False,0,False,0,quiet,quiet,0.4.0
2,224597130,18,120,14026,2.9337464312835464,,0.0008358677682887731,False,0,False,0,quiet,quiet,0.4.0
2,224597223,18,120,14026,2.2361105918884276,,0.0025922711152138074,False,0,False,0,quiet,quiet,0.4.0
2,224597832,18,120,14025,7.866683721542358,,0.0017168666710495766,False,0,False,0,variable,variable,0.4.0
2,224597852,18,120,14025,6.141350841522216,,0.0043652825470988305,False,0,False,0,variable,variable,0.4.0
2,224597955,18,120,14025,3.0084630489349364,,0.0056012359371716315,False,0,False,0,quiet,quiet,0.4.0
2,224597987,18,120,14026,0.7938263770238385,,0.002597338450064415,False,0,False,0,quiet,quiet,0.4.0
2,224600500,18,120,14024,0.24814252853393556,,0.01856248350287456,False,0,False,0,quiet,quiet,0.4.0
2,224600668,18,120,14026,0.9894329256157323,,0.00882454994083813,False,0,False,0,quiet,quiet,0.4.0
2,224600774,18,120,14025,1.9808984756469723,,0.002414767866454421,False,0,False,0,quiet,quiet,0.4.0
2,224601129,18,120,14024,16.477617306851307,,0.5483931457189546,True,0,False,0,variable,variable,0.4.0
2,224601357,18,120,14025,0.6946753621101379,,0.09145291431758348,False,0,False,0,quiet,quiet,0.4.0
2,224601836,18,120,14023,0.33545193672180174,,0.0018820793076583776,False,0,False,0,quiet,quiet,0.4.0
2,224603921,18,120,14024,0.5848316431045532,,0.012933821885024255,False,0,False,0,quiet,quiet,0.4.0
2,224604034,18,120,14024,1.982400644874534,,0.0011596929945257462,False,0,False,0,quiet,quiet,0.4.0
2,224604153,18,120,14026,2.339856791496277,,0.0020140096058129677,False,0,False,0,quiet,quiet,0.4.0
2,224604195,18,120,14026,1.1838466112659392,,0.007735346980806126,False,0,False,0,quiet,quiet,0.4.0
2,224604365,18,120,14021,0.2467286109924316,,0.016539031762120945,False,0,False,0,quiet,quiet,0.4.0
2,224604423,18,120,14026,0.8665988981723785,,0.002662878456901255,False,0,False,0,quiet,quiet,0.4.0
2,224604816,18,120,14026,1.613986873626709,5.460003763711418,0.1132109818024907,False,0,False,0,rotator,pulsator,0.4.0
2,224604854,18,120,14026,3.732212090492248,,0.0026519471278828566,False,0,False,0,quiet,quiet,0.4.0
2,224604945,18,120,14024,3.2909372627735136,,0.003720761791988533,False,0,False,0,quiet,quiet,0.4.0
2,224604999,18,120,14026,0.723837411403656,,0.0019277890424658464,False,0,False,0,quiet,quiet,0.4.0
2,224605072,18,120,14026,75.75368330340633,0.332347804906364,0.8133662354465316,False,0,False,0,rotator,pulsator,0.4.0
2,224605278,18,120,14025,0.9812587738037108,,0.004686100447466309,False,0,False,0,quiet,quiet,0.4.0
2,224605616,18,120,14026,1.4194848418235777,,0.006287397279388384,False,0,False,0,quiet,quiet,0.4.0
2,224607505,18,120,14026,0.9057909790152895,,0.002326548485426314,False,0,False,0,quiet,quiet,0.4.0
2,224607583,18,120,14025,2.529498481750488,,0.006617911060107737,False,0,False,0,quiet,quiet,0.4.0
2,224607600,18,120,14010,2.124057690026095,,0.04533605725214758,False,3,False,0,flaring,flaring,0.4.0
2,224607604,18,120,14001,3.0098769664764404,,0.047700600778821545,False,3,False,0,flaring,flaring,0.4.0
2,224607620,18,120,14025,1.356830620765686,,0.005660798491768993,False,0,False,0,quiet,quiet,0.4.0
2,224607716,18,120,14020,10.447966310503105,0.2553516808146375,0.7521310830151107,False,0,False,0,rotator,pulsator,0.4.0
2,224607994,18,120,14025,1.4941573619842528,,0.005029574255691142,False,0,False,0,quiet,quiet,0.4.0
2,224608088,18,120,14025,1.4740974068641661,,0.0019875857614763525,False,0,False,0,quiet,quiet,0.4.0
2,224608202,18,120,14025,29.356286215782166,,0.0014592636428529535,False,0,False,0,variable,variable,0.4.0
2,224608226,18,120,14024,1.1266713895401774,5.459999715576486,0.19130085390739598,False,0,False,0,rotator,pulsator,0.4.0
2,224608227,18,120,14026,2.4944157270913045,,0.011774211498741215,False,0,False,0,quiet,quiet,0.4.0
2,224608234,18,120,14026,11.807581907962673,5.21181799764773,0.1069185124491708,False,1,False,0,rotator,rotator,0.4.0
2,224608312,18,120,14017,0.42258460521697994,,0.016901399141111512,False,0,False,0,quiet,quiet,0.4.0
2,224608361,18,120,14026,0.9374715428790911,,0.01751519684323297,False,0,False,0,quiet,quiet,0.4.0
2,224608402,18,120,14014,2.0540687084197997,,0.006952930047401366,False,0,False,0,quiet,quiet,0.4.0
2,22661772,18,120,14702,200.66732489266022,,0.0013366922186464796,False,0,False,0,variable,variable,0.4.0
2,22662013,18,120,14719,8.021065843105315,,0.015344597719236961,False,0,False,0,variable,variable,0.4.0
2,22711430,18,120,14731,1.9353880047798155,,0.09725581407731392,False,0,False,0,quiet,quiet,0.4.0
2,22712485,18,120,14649,2.624761176109314,9.075185326564855,0.2545391852482443,False,0,False,0,rotator,rotator,0.4.0
2,22735795,18,120,14753,3.0353274822235106,,0.0027214304557528,False,0,False,0,quiet,quiet,0.4.0
2,22737138,18,120,14760,0.6024172066201443,,0.03555281103528575,False,0,False,0,quiet,quiet,0.4.0
2,22737267,18,120,14761,0.6841593503952026,,0.032008826429451846,False,0,False,0,quiet,quiet,0.4.0
2,22737525,18,120,14674,60.908386373519896,,0.0011821074151374294,False,0,False,0,variable,variable,0.4.0
2,22737835,18,120,14765,0.6569414377212525,,0.05360221159879934,False,0,False,0,quiet,quiet,0.4.0
2,22737972,18,120,14767,0.48797829151153566,6.599056402565617,0.12228743303446667,False,0,False,0,rotator,rotator,0.4.0
2,22739330,18,120,14646,1.344237837538848,,0.012159374095244488,False,0,False,0,quiet,quiet,0.4.0
2,22740011,18,120,14763,0.8269650220870972,,0.0028002445970117867,False,0,False,0,quiet,quiet,0.4.0
2,22740263,18,120,14764,0.4794947862625122,,0.00835841861149347,False,0,False,0,quiet,quiet,0.4.0
2,22740298,18,120,14743,3.91655158996582,,0.0027673396525740215,False,0,False,0,quiet,quiet,0.4.0
2,22747462,18,120,14764,0.49845008859335843,,0.0052833414388680396,False,2,False,3,quiet,quiet,0.4.0
2,22747490,18,120,14713,1.2841906070709228,,0.0019276232197174893,False,0,False,1,quiet,quiet,0.4.0
2,22749484,18,120,14631,7.662019157409667,6.9325028051725095,0.7268430373540256,False,0,False,0,rotator,rotator,0.4.0
2,22750628,18,120,14763,0.49752223491668696,,0.012630332056365053,False,0,False,0,quiet,quiet,0.4.0
2,22750743,18,120,14718,2.2954510121181904,,0.011757461668407599,False,11,False,0,flaring,flaring,0.4.0
2,22750775,18,120,14767,0.693526554107666,,0.007313296436429214,False,0,False,1,quiet,quiet,0.4.0
2,22812057,18,120,14713,2.402157533168793,,0.008730877741681433,False,0,False,0,quiet,quiet,0.4.0
2,22813384,18,120,14642,2.0953373017706096,,0.022290733204425997,False,0,False,0,quiet,quiet,0.4.0
2,22813753,18,120,14603,0.9278833866119385,,0.0057540834286763775,False,0,False,0,quiet,quiet,0.4.0
2,22814580,18,120,14608,8.127993841647735,3.4615559573175605,0.8215709222979768,False,0,False,0,rotator,pulsator,0.4.0
2,22814600,18,120,14617,2.4533236742019655,6.926788763186697,0.5142531256504173,False,0,False,0,rotator,pulsator,0.4.0
2,22814761,18,120,14766,1.7424765782810276,1.9158565597857182,0.30570842799776676,False,0,False,0,rotator,pulsator,0.4.0
2,22816037,18,120,14766,8.875999921560288,0.8484489836973156,0.24393655608316311,False,3,False,0,flaring,flaring,0.4.0
2,22840990,18,120,14696,1.166481902212983,,0.002567329620146523,False,0,False,0,quiet,quiet,0.4.0
2,22842007,18,120,14647,1.6790270805358884,,0.012998412223790386,False,0,False,0,quiet,quiet,0.4.0
2,22842507,18,120,14767,3.509785187244415,,0.008495691065345687,False,0,False,0,quiet,quiet,0.4.0
2,22843633,18,120,14733,0.8953632831573486,5.388496007282026,0.11207626012093863,False,0,False,0,rotator,pulsator,0.4.0
2,22843856,18,120,14717,1.5390492439270018,1.879601962846281,0.23167908372543597,False,0,False,0,rotator,eclipsing,0.4.0
2,22843888,18,120,14716,1.0303481620342636,,0.0017895913576895916,False,0,False,0,quiet,quiet,0.4.0
2,22844983,18,120,14762,2.196079116942856,9.89858103009207,0.4951282962600634,False,0,False,0,rotator,pulsator,0.4.0
2,22871761,18,120,14687,1.190518569946289,,0.002443205840055811,False,0,False,0,quiet,quiet,0.4.0
2,22871913,18,120,14672,2.954380702972412,10.740386318253016,0.4785523655492118,False,0,False,0,rotator,rotator,0.4.0
2,22872366,18,120,14646,13.409152114391327,,0.005505179394401901,False,1,False,1,variable,variable,0.4.0
2,22872440,18,120,14729,0.859131646156311,,0.09313022546727877,False,3,False,1,flaring,flaring,0.4.0
2,22872502,18,120,14652,0.9200626826304996,,0.058224087684431367,False,0,False,0,quiet,quiet,0.4.0
2,22872917,18,120,14768,1.1517683923244475,1.627168260389126,0.2679008761942827,False,0,False,0,rotator,pulsator,0.4.0
2,22872938,18,120,14687,1.7977961540222167,4.379062025893155,0.3485282309989655,False,0,False,0,rotator,pulsator,0.4.0
2,22873303,18,120,14654,1.3102154877717649,,0.006461080490148179,False,0,False,0,quiet,quiet,0.4.0
2,22874387,18,120,14702,1.3723836319217901,,0.00365397454014938,False,0,False,0,quiet,quiet,0.4.0
2,22874788,18,120,14736,3.7755572750832274,1.3198104744016947,0.19740701927759374,False,0,False,0,rotator,pulsator,0.4.0
2,22874790,18,120,14764,1.7674412171507605,0.5550280396067342,0.30248326414295046,False,1,False,0,rotator,pulsator,0.4.0
2,22874866,18,120,14712,1.0101998683750668,,0.002329543284535807,False,0,False,0,quiet,quiet,0.4.0
2,22876232,18,120,14672,2.6024477123484697,3.691791577709438,0.4259863767760448,False,0,False,0,rotator,pulsator,0.4.0
2,22897967,18,120,14765,0.6982985258102417,,0.05396218814395019,False,0,False,0,quiet,quiet,0.4.0
2,22898396,18,120,14766,0.9872237972750543,9.898608793012043,0.3069957112650234,False,0,False,0,rotator,pulsator,0.4.0
2,22898821,18,120,14767,0.843578553199768,,0.038981869028735835,False,3,False,0,flaring,flaring,0.4.0
2,22900249,18,120,14770,0.8054469885065254,,0.09585399698323983,False,0,False,0,quiet,quiet,0.4.0
2,22901054,18,120,14706,0.9566918994967997,,0.0032048561120806944,False,0,False,0,quiet,quiet,0.4.0
2,22901115,18,120,14762,0.6599901974201202,,0.06537766377389852,False,0,False,0,quiet,quiet,0.4.0
2,22901827,18,120,14652,2.732042169570923,,0.0968395841148312,False,1,False,0,quiet,quiet,0.4.0
2,22901840,18,120,14658,1.7282490849494931,,0.00853801473956743,False,0,False,0,quiet,quiet,0.4.0
2,229398041,18,120,14166,1.7230793975866021,9.574536899635671,0.21494991135106065,False,0,False,0,rotator,rotator,0.4.0
2,229399630,18,120,14286,2.3999484300582665,2.5640023574112294,0.4599110776762519,False,0,False,0,rotator,rotator,0.4.0
2,229400552,18,120,14189,10.211224114894867,,0.0027413479861888987,False,0,False,0,variable,variable,0.4.0
2,229400643,18,120,14663,1.6661250829696654,0.17961213207828364,0.5591071467895601,False,0,False,0,rotator,pulsator,0.4.0
2,229401206,18,120,14666,1.718970251083374,8.339126037636463,0.20181359824074063,False,0,False,0,rotator,pulsator,0.4.0
2,229401943,18,120,14663,1.0961395740509032,,0.002921883218279181,False,0,False,0,quiet,quiet,0.4.0
2,229402092,18,120,14664,0.827671980857849,,0.004342029198948893,False,0,False,0,quiet,quiet,0.4.0
2,229402125,18,120,14660,1.0104649779061978,2.048203283925232,0.17808366694619088,False,0,False,0,rotator,pulsator,0.4.0
2,229402137,18,120,14662,2.6762366116046903,,0.021415539324536218,False,0,False,0,quiet,quiet,0.4.0
2,229402347,18,120,14286,2.311180707479098,,0.005345119117571483,False,0,False,0,quiet,quiet,0.4.0
2,229403316,18,120,14666,1.1801351481716378,,0.0008563757874979463,False,0,False,0,quiet,quiet,0.4.0
2,229403646,18,120,14664,0.6897708561948196,,0.0007979921405108345,False,0,False,0,quiet,quiet,0.4.0
2,229403836,18,120,14663,0.5401165008544923,,0.018157024432524274,False,0,False,0,quiet,quiet,0.4.0
2,229404121,18,120,14136,13.726134344156554,,0.0773961941421724,False,0,False,0,variable,variable,0.4.0
2,229404208,18,120,14309,1.384402012825012,,0.0034157429207040137,False,0,False,0,quiet,quiet,0.4.0
2,229404675,18,120,14663,5.535310435295105,5.306733513999068,0.7369591927341884,False,0,False,0,rotator,pulsator,0.4.0
2,229406743,18,120,14196,3.7163055181503295,9.583206679426343,0.20401280061511842,False,0,False,0,rotator,rotator,0.4.0
2,229408344,18,120,14170,2.1028489889412514,,0.004491375527765938,False,0,False,0,quiet,quiet,0.4.0
2,229409655,18,120,14658,0.3355403065681457,,0.005665389223350351,False,0,False,0,quiet,quiet,0.4.0
2,229409916,18,120,14279,1.9800147771835328,,0.07919694383302783,False,0,False,0,quiet,quiet,0.4.0
2,229410798,18,120,14258,4.4376684416035275,,0.002188289056903197,False,0,False,0,quiet,quiet,0.4.0
2,229410939,18,120,14268,1.6601600193881976,,0.026555796715015168,False,0,False,0,quiet,quiet,0.4.0
2,229411011,18,120,14276,21.858503069236964,1.9883461731973875,0.8362893838153014,False,0,False,0,rotator,pulsator,0.4.0
2,229411303,18,120,14265,1.8888170957565307,,0.00185925515827362,False,0,False,0,quiet,quiet,0.4.0
2,229411571,18,120,14666,1.0160764932632447,,0.0012683916449145434,False,0,False,0,quiet,quiet,0.4.0
2,229412511,18,120,14138,7.909719836711883,,0.011952263896340192,False,0,False,0,variable,variable,0.4.0
2,229412903,18,120,14652,2.216934203092205,11.674809509403758,0.3883314166398418,False,1,False,0,rotator,pulsator,0.4.0
2,229413945,18,120,14140,2.35156565597262,,0.00640141550072,False,0,False,0,quiet,quiet,0.4.0
2,22942521,18,120,14660,10.807499653100967,,0.09674474944531333,False,1,False,0,variable,variable,0.4.0
2,22942921,18,120,14769,1.7909033060073851,16.969046611425906,0.20596002407266098,False,4,False,0,flaring,flaring,0.4.0
2,22943413,18,120,14674,1.3084481298923492,,0.026623295522102356,False,0,False,0,quiet,quiet,0.4.0
2,229434204,18,120,14167,1.7412394523620605,,0.006339398902826847,False,0,False,0,quiet,quiet,0.4.0
2,229435382,18,120,14183,1.581555140018463,,0.00531804567872534,False,0,False,0,quiet,quiet,0.4.0
2,229436090,18,120,14167,1.7891359090805052,,0.006995356674470531,False,0,False,0,quiet,quiet,0.4.0
2,229436215,18,120,14177,2.934409117698669,8.208693259281777,0.1263776030234555,False,0,False,0,rotator,rotator,0.4.0
2,229436791,18,120,14665,2.823416590690613,,0.761283726459025,True,0,False,0,quiet,quiet,0.4.0
2,229437077,18,120,14210,1.9059167746255858,,0.002966844537011795,False,0,False,0,quiet,quiet,0.4.0
2,229437412,18,120,14238,21.87595546245575,,0.012244137801631921,False,0,False,0,variable,variable,0.4.0
2,229438448,18,120,14594,1.3726045565244818,10.61341570371393,0.4489028249079492,False,0,False,0,rotator,rotator,0.4.0
2,229438910,18,120,14662,2.5496469586877204,,0.03767945084479066,False,1,False,0,quiet,quiet,0.4.0
2,229439761,18,120,14665,0.9234648942947387,,0.004333063771691696,False,0,False,0,quiet,quiet,0.4.0
2,229440229,18,120,14471,1.5164265632629392,,0.004468286599224339,False,0,False,0,quiet,quiet,0.4.0
2,229440321,18,120,14665,1.6208797216415403,,0.0022956390627769515,False,0,False,0,quiet,quiet,0.4.0
2,229440557,18,120,14649,1.3520586490631104,,0.0015615525925362216,False,0,False,0,quiet,quiet,0.4.0
2,229440890,18,120,14664,2.848469527020142,3.8916001775782356,0.6926459842210029,False,0,False,0,rotator,pulsator,0.4.0
2,229440959,18,120,14191,16.97187083959579,,0.002955679731599374,False,0,False,0,variable,variable,0.4.0
2,229441400,18,120,14647,1.088363027572632,3.1553544777251332,0.13507197709170385,False,0,False,0,rotator,rotator,0.4.0
2,229441786,18,120,14192,2.904274826987098,,0.0018721842105266712,False,0,False,0,quiet,quiet,0.4.0
2,229442062,18,120,14458,1.3457843097576911,,0.003466908620916622,False,0,False,0,quiet,quiet,0.4.0
2,229442487,18,120,14663,1.2179132223129272,3.4337765159653046,0.36562853654368604,False,0,False,0,rotator,pulsator,0.4.0
2,229442763,18,120,14654,0.46142313893368425,,0.023350706324192737,False,0,False,0,quiet,quiet,0.4.0
2,229443068,18,120,14664,0.7781406587916415,,0.001984459837660149,False,0,False,0,quiet,quiet,0.4.0
2,229443755,18,120,14404,1.1942742528237624,,0.009777496144998125,False,0,False,0,quiet,quiet,0.4.0
2,229444326,18,120,14159,4.875717902183533,,0.0023301762747756764,False,0,False,0,quiet,quiet,0.4.0
2,229444776,18,120,14665,11.392022001743316,0.5586031974184279,0.6658115655588871,False,0,False,0,rotator,pulsator,0.4.0
2,229444785,18,120,14176,2.3399893462657926,0.5578049431857076,0.12491632884653002,False,0,False,0,rotator,pulsator,0.4.0
2,22944506,18,120,14755,7.097689318656921,,0.01368776940918526,False,1,False,0,variable,variable,0.4.0
2,229445805,18,120,14666,1.1853047490119935,,0.00198469965909696,False,0,False,0,quiet,quiet,0.4.0
2,22944619,18,120,14766,0.49937800168991087,,0.002870714347855099,False,0,False,0,quiet,quiet,0.4.0
2,229446305,18,120,14243,9.340869498252868,,0.004297240044206458,False,0,False,0,variable,variable,0.4.0
2,22944697,18,120,14759,0.5077731370925903,,0.03166840563473038,False,0,False,0,quiet,quiet,0.4.0
2,229447727,18,120,14662,0.6169982303978068,,0.04079124129332976,False,0,False,0,quiet,quiet,0.4.0
2,229448535,18,120,14665,0.843225073814392,,0.0054054733929820254,False,0,False,0,quiet,quiet,0.4.0
2,229448538,18,120,14662,1.0410410058808626,5.837386008004273,0.19796791922978055,False,0,False,0,rotator,rotator,0.4.0
2,229448563,18,120,14255,1.840920639038086,,0.004602824556262956,False,0,False,0,quiet,quiet,0.4.0
2,229448801,18,120,14247,4.533019638061523,,0.004660417217358157,False,0,False,0,quiet,quiet,0.4.0
2,22944930,18,120,14769,1.86911062002182,1.9472630150700798,0.7686139367421341,False,0,False,0,rotator,pulsator,0.4.0
2,229449321,18,120,14665,0.9396365761756896,,0.013323861988934194,False,0,False,0,quiet,quiet,0.4.0
2,229449616,18,120,14666,1.737086173122297,,0.0032020771489942907,False,0,False,0,quiet,quiet,0.4.0
2,229449838,18,120,14228,3.964492113456365,,0.018706705317270016,False,0,False,0,quiet,quiet,0.4.0
2,229450059,18,120,14665,1.0524848699569702,,0.0013499855627407626,False,0,False,0,quiet,quiet,0.4.0
2,22945095,18,120,14766,0.7045728268964784,,0.022162462262025853,False,0,False,1,quiet,quiet,0.4.0
2,229451096,18,120,14666,1.107583502161011,,0.0016542006704421013,False,0,False,0,quiet,quiet,0.4.0
2,229451118,18,120,14664,0.9178092241287231,,0.002147348226252184,False,0,False,0,quiet,quiet,0.4.0
2,229451168,18,120,14662,0.7755337715148926,8.98064438591361,0.18413773531508837,False,0,False,0,rotator,rotator,0.4.0
2,229451170,18,120,14666,5.8818967973620655,,0.06669955647648965,False,0,False,0,variable,variable,0.4.0
2,229452237,18,120,14197,2.5114710330963135,,0.0017940974081857837,False,0,False,0,quiet,quiet,0.4.0
2,22945274,18,120,14752,1.023985594511032,,0.002203872851137628,False,0,False,0,quiet,quiet,0.4.0
2,229452839,18,120,14661,0.4981408238410949,2.289180095724978,0.16532319890416108,False,0,False,0,rotator,rotator,0.4.0
2,229452961,18,120,14664,1.7946590779620135,0.13481311662743115,0.19893711268670544,False,0,False,0,rotator,pulsator,0.4.0
2,229452981,18,120,14665,1.1832722425460815,,0.007354548223290619,False,0,False,0,quiet,quiet,0.4.0
2,229454007,18,120,14249,68.76225646734237,,0.00182550631265939,False,0,False,0,variable,variable,0.4.0
2,229454246,18,120,14235,4.687578499317169,,0.002611260735052157,False,0,False,0,quiet,quiet,0.4.0
2,229455001,18,120,14661,0.649076521396637,,0.00889582872420815,False,0,False,0,quiet,quiet,0.4.0
2,229455094,18,120,14666,0.9576640248298643,,0.002273406986194549,False,0,False,0,quiet,quiet,0.4.0
2,229455340,18,120,14649,1.2531727910041808,,0.00836570563804563,False,0,False,0,quiet,quiet,0.4.0
2,229455419,18,120,14297,5.391444325447082,,0.0019147428379887436,False,0,False,0,variable,variable,0.4.0
2,229455920,18,120,14664,0.8929330591599309,,0.023878880167272337,False,0,False,0,quiet,quiet,0.4.0
2,229455944,18,120,14185,2.622375190258026,12.772208302011828,0.18175783813359112,False,0,False,0,rotator,rotator,0.4.0
2,229456081,18,120,14647,4.765078854560851,9.729035145109606,0.568168413182278,False,0,False,0,rotator,eclipsing,0.4.0
2,229456125,18,120,14662,1.4650836825370788,,0.013802768237236841,False,0,False,0,quiet,quiet,0.4.0
2,229457272,18,120,14203,2.0734217047691343,,0.03697707291695642,False,0,False,0,quiet,quiet,0.4.0
2,229458022,18,120,14233,7.132507038116455,,0.0009412619154130506,False,0,False,0,variable,variable,0.4.0
2,229459070,18,120,14665,1.1972346782684324,,0.005710353180913053,False,1,False,0,quiet,quiet,0.4.0
2,229461186,18,120,14273,124.80119919776917,0.20125145762877553,0.9363228015917702,False,0,False,2,rotator,pulsator,0.4.0
2,229462143,18,120,14666,3.3146643689474837,2.3349562065638114,0.6575977622708741,False,0,False,0,rotator,rotator,0.4.0
2,229462659,18,120,14663,0.3389867305755615,5.306723423886255,0.1651043023694505,False,0,False,0,rotator,rotator,0.4.0
2,22946349,18,120,14664,4.10526527448698,,0.031748446684535206,False,0,False,0,quiet,quiet,0.4.0
2,229463907,18,120,14438,1.433756572008133,,0.015330942816609808,False,0,False,0,quiet,quiet,0.4.0
2,229464446,18,120,14663,1.9523550152778626,8.98064115805255,0.35655515068239757,False,3,False,0,flaring,flaring,0.4.0
2,229465305,18,120,14644,2.3396800518035885,8.335203846155698,0.40808565857014684,False,0,False,0,rotator,rotator,0.4.0
2,229465428,18,120,14262,1.7339930732848325,,0.0021232038208355954,False,0,False,0,quiet,quiet,0.4.0
2,22946967,18,120,14670,1.5325981537939217,,0.006913074556780368,False,0,False,0,quiet,quiet,0.4.0
2,22947112,18,120,14767,0.7592737197875977,,0.009682052414724421,False,0,False,0,quiet,quiet,0.4.0
2,229471709,18,120,14489,1.309817862510681,,0.0013664704944644527,False,0,False,0,quiet,quiet,0.4.0
2,229472112,18,120,14208,9.671372435350047,,0.016338789850243087,False,0,False,0,variable,variable,0.4.0
2,229472230,18,120,14666,4.117416250705719,1.2161267464560648,0.6741680349295134,False,0,False,0,rotator,pulsator,0.4.0
2,229472460,18,120,14263,2.4344125270843504,2.022384515908095,0.2639156364467942,False,0,False,0,rotator,rotator,0.4.0
2,229473197,18,120,14666,3.9108077830557693,,0.002070578777044444,False,0,False,0,quiet,quiet,0.4.0
2,229473211,18,120,14233,5.563058567047118,9.594737117454315,0.4273141543638153,False,4,False,0,flaring,flaring,0.4.0
2,229473261,18,120,14665,1.2555587768554688,5.837395758562366,0.15180490295457966,False,0,False,0,rotator,pulsator,0.4.0
2,229473543,18,120,14663,0.6254817724227905,11.674785788312192,0.2651598284201008,False,11,False,0,flaring,flaring,0.4.0
2,229473874,18,120,14280,6.832402836310779,,0.09577394687979045,False,0,False,0,variable,variable,0.4.0
2,229473905,18,120,14663,2.4011854648590085,,0.0007426737874159506,False,0,False,0,quiet,quiet,0.4.0
2,229475021,18,120,14426,1.8948704302310944,,0.0033339557852048213,False,0,False,0,quiet,quiet,0.4.0
2,229476285,18,120,14444,6.174445164965237,,0.06901542591672308,False,0,True,12,dipper,dipper,0.4.0
2,229476369,18,120,14663,0.4605836391448974,,0.022848939845921495,False,0,False,0,quiet,quiet,0.4.0
2,229476372,18,120,14557,1.7679271459579469,,0.002659669707236638,False,0,False,0,quiet,quiet,0.4.0
2,229477384,18,120,14661,0.6600343823432923,,0.003180679631885602,False,0,False,0,quiet,quiet,0.4.0
2,229477721,18,120,14316,2.2967323064804077,,0.009608446151268062,False,0,False,0,quiet,quiet,0.4.0
2,229479255,18,120,14659,1.1546404123306273,11.674813305416365,0.38867838664699367,False,0,False,0,rotator,rotator,0.4.0
2,229479753,18,120,14661,0.4421143412590027,,0.0038716969939451666,False,0,False,0,quiet,quiet,0.4.0
2,229480400,18,120,14212,1.646992913067763,,0.03475595662402862,False,0,False,0,quiet,quiet,0.4.0
2,229481409,18,120,14666,0.9940724015235901,,0.01931722761284608,False,0,False,0,quiet,quiet,0.4.0
2,229481553,18,120,14663,0.90534907579422,,0.01007314425973533,False,0,False,0,quiet,quiet,0.4.0
2,229482394,18,120,14659,0.5849200129508971,,0.03464067929174495,False,0,False,0,quiet,quiet,0.4.0
2,229482892,18,120,14442,1.3617792509925812,,0.03437971969506217,False,0,False,0,quiet,quiet,0.4.0
2,229483270,18,120,14257,4.312978720664978,,0.0013141680098760168,False,0,False,0,quiet,quiet,0.4.0
2,229483903,18,120,14268,4.045041346549987,,0.0073208416773141195,False,0,False,0,quiet,quiet,0.4.0
2,229484546,18,120,14449,1.358951497077942,,0.0026082454305750504,False,0,False,0,quiet,quiet,0.4.0
2,229484800,18,120,14663,1.3370357751846311,,0.0016562523635003103,False,0,False,0,quiet,quiet,0.4.0
2,229485883,18,120,14451,91.63758652210235,,0.002944557008268323,False,0,False,0,variable,variable,0.4.0
2,229486096,18,120,14480,1.5698019504547118,,0.002189375876469057,False,0,False,0,quiet,quiet,0.4.0
2,229486109,18,120,14415,12.880346953868864,,0.002912905938031515,False,0,False,0,variable,variable,0.4.0
2,229487733,18,120,14664,1.4141826510429383,,0.008918888898069655,False,0,False,0,quiet,quiet,0.4.0
2,229487874,18,120,14251,2.833844232559204,,0.006133047253960601,False,0,False,0,quiet,quiet,0.4.0
2,229488690,18,120,14258,5.361442443046425,5.762057921346354,0.4482637428990524,False,0,False,0,rotator,rotator,0.4.0
2,229489199,18,120,14661,0.48497371673583983,,0.01901725030027653,False,0,False,0,quiet,quiet,0.4.0
2,229490055,18,120,14188,7.831203228235245,,0.001999562176565132,False,0,False,0,variable,variable,0.4.0
2,229491540,18,120,14666,0.9910236122899171,,0.001555425496057643,False,0,False,0,quiet,quiet,0.4.0
2,229491669,18,120,14665,1.1033859014511107,,0.005643180294590133,False,0,False,0,quiet,quiet,0.4.0
2,229492162,18,120,14664,0.9244812026310683,,0.002401868116890857,False,0,False,0,quiet,quiet,0.4.0
2,229492667,18,120,14264,1.778575712442398,,0.003492425651310994,False,0,False,0,quiet,quiet,0.4.0
2,229493117,18,120,14666,1.632456074210639,,0.0030034827314780483,False,0,False,0,quiet,quiet,0.4.0
2,229493335,18,120,14449,1.4559815883636473,,0.001532901125027071,False,0,False,0,quiet,quiet,0.4.0
2,229495882,18,120,14434,1.6790713154992851,,0.003273082037520274,False,0,False,0,quiet,quiet,0.4.0
2,229495981,18,120,14283,2.854876255989075,,0.07019530070582553,False,0,True,4,dipper,eclipsing,0.4.0
2,229496201,18,120,14215,3.134831929206848,,0.0018090493796036502,False,0,False,0,quiet,quiet,0.4.0
2,229497183,18,120,14275,3.6240473985671997,,0.0562496321371563,False,0,False,0,quiet,quiet,0.4.0
2,229497278,18,120,14665,3.7295609951019286,11.674780135562514,0.3452700298798186,False,0,False,0,rotator,eclipsing,0.4.0
2,229497381,18,120,14662,1.0304365318753403,1.8241846877792867,0.17277397813563794,False,0,False,0,rotator,pulsator,0.4.0
2,229498188,18,120,14663,0.40941749811172484,,0.08186047968567095,False,0,False,0,quiet,quiet,0.4.0
2,229498730,18,120,14237,2.879266333580017,,0.002770245123553929,False,0,False,0,quiet,quiet,0.4.0
2,229500092,18,120,14662,0.4906735572018159,,0.003578158630260844,False,0,False,0,quiet,quiet,0.4.0
2,229500187,18,120,14294,1.8821451162652634,,0.0036373264254020324,False,0,False,0,quiet,quiet,0.4.0
2,229500224,18,120,14666,1.220431799305433,,0.02353035396674993,False,0,False,0,quiet,quiet,0.4.0
2,229500377,18,120,14338,3.0671406269073485,,0.004245662895582054,False,0,False,0,quiet,quiet,0.4.0
2,229500593,18,120,14657,0.5374654054641723,,0.08123166729485828,False,0,False,0,quiet,quiet,0.4.0
2,229500595,18,120,14657,3.8835012674331666,,0.0867556991907383,False,0,False,0,quiet,quiet,0.4.0
2,229500837,18,120,14270,3.22050639925878,,0.012160347406434308,False,0,False,0,quiet,quiet,0.4.0
2,229500962,18,120,14665,1.5427607774734495,,0.07930171500665449,False,0,False,0,quiet,quiet,0.4.0
2,229501076,18,120,14514,5.339438352618315,6.47288774468671,0.4527098493909049,False,3,False,0,flaring,flaring,0.4.0
2,229501295,18,120,14660,6.763518543138547,8.980618155202102,0.5583385141915267,False,0,False,0,rotator,rotator,0.4.0
2,229502129,18,120,14269,6.918298530578613,,0.001177786686915202,False,0,False,0,variable,variable,0.4.0
2,229502230,18,120,14658,0.6567204935335965,2.7150660561087108,0.15174392250256932,False,0,False,0,rotator,rotator,0.4.0
2,229502781,18,120,14659,0.5038848638534547,,0.017562414031527154,False,0,False,0,quiet,quiet,0.4.0
2,229502951,18,120,14253,2.7023499011993404,5.48699443630063,0.33377396668171516,False,0,False,0,rotator,pulsator,0.4.0
2,229503249,18,120,14664,0.526772654056549,,0.001889552644552237,False,0,False,0,quiet,quiet,0.4.0
2,229506283,18,120,14656,2.2964671969413755,8.98058533586471,0.6286265127030973,False,0,False,0,rotator,pulsator,0.4.0
2,229506841,18,120,14666,1.4348170101642608,,0.002046151060483048,False,0,False,0,quiet,quiet,0.4.0
2,229506873,18,120,14663,0.603654420375824,,0.00512724775236959,False,0,False,0,quiet,quiet,0.4.0
2,229507076,18,120,14666,1.2686375897310724,,0.0011636654958457754,False,0,False,0,quiet,quiet,0.4.0
2,229508304,18,120,14658,0.2907367944717407,,0.004843090637620606,False,0,False,0,quiet,quiet,0.4.0
2,229509454,18,120,14658,0.41264298520556136,,0.007227878798775049,False,0,False,0,quiet,quiet,0.4.0
2,229509531,18,120,14258,2.297085648948809,,0.001723657103801805,False,0,False,0,quiet,quiet,0.4.0
2,229509761,18,120,14656,0.37592532634735104,,0.009050309018415364,False,0,False,0,quiet,quiet,0.4.0
2,229510015,18,120,14277,2.3274850130081175,,0.0028159683470024744,False,0,False,0,quiet,quiet,0.4.0
2,229510147,18,120,14398,3.5593163800443297,,0.012281394011205964,False,0,False,0,quiet,quiet,0.4.0
2,229511748,18,120,14635,1.2328477263450623,1.9787782064204527,0.4170091319961254,False,0,False,0,rotator,pulsator,0.4.0
2,229513498,18,120,14323,1.326784873008728,,0.005935135690746185,False,0,False,0,quiet,quiet,0.4.0
2,22951350,18,120,12860,12.891658294200896,6.490323116614117,0.11815570457346418,False,0,False,0,rotator,rotator,0.4.0
2,229513534,18,120,14664,1.0335736612335644,,0.01740867877426488,False,0,False,0,quiet,quiet,0.4.0
2,22952259,18,120,14542,1.210092418784355,4.68869462705843,0.1880630142812494,False,0,False,0,rotator,pulsator,0.4.0
2,229552340,18,120,13821,19.99491491317749,1.7248852469312186,0.9096153328366154,False,0,False,0,rotator,pulsator,0.4.0
2,229552665,18,120,14025,0.9400784254074096,,0.05742948148680122,False,0,False,0,quiet,quiet,0.4.0
2,229552962,18,120,14025,1.0005234003067016,,0.0013815579041706646,False,0,False,0,quiet,quiet,0.4.0
2,229553083,18,120,13988,2.529631036520004,,0.00808780798765112,False,0,False,0,quiet,quiet,0.4.0
2,229553118,18,120,14026,3.3332220355735993,8.820135722630416,0.4361766631421682,False,0,False,0,rotator,rotator,0.4.0
2,229553363,18,120,14026,0.7232629642925879,,0.015053548310765644,False,0,False,0,quiet,quiet,0.4.0
2,229580016,18,120,14192,0.8510016202926636,,0.003283042002950668,False,0,False,0,quiet,quiet,0.4.0
2,229580390,18,120,14192,1.0432060050008891,1.9491707868606272,0.39401370164038974,False,0,False,0,rotator,pulsator,0.4.0
2,229580412,18,120,13535,1.4510328769683836,,0.001158202794143956,False,0,False,0,quiet,quiet,0.4.0
2,229580535,18,120,14005,1.1528730154037474,,0.0028221322079309986,False,0,False,0,quiet,quiet,0.4.0
2,229580544,18,120,14193,0.8706197261810302,,0.003377645541364023,False,0,False,0,quiet,quiet,0.4.0
2,229580731,18,120,14193,1.1065672159194946,11.500091139645406,0.19374215094192684,False,0,False,0,rotator,rotator,0.4.0
2,229581208,18,120,13760,1.6421327186266397,,0.0023409432989629788,False,0,False,0,quiet,quiet,0.4.0
2,229581416,18,120,13885,1.9255789518356323,,0.003051258644921692,False,0,False,0,quiet,quiet,0.4.0
2,229581466,18,120,13952,2.0515059217361835,,0.0016496974284619967,False,0,False,0,quiet,quiet,0.4.0
2,229581547,18,120,14008,1.203553050544676,,0.0035084070399945514,False,0,False,0,quiet,quiet,0.4.0
2,229581854,18,120,13535,4.200395536422729,,0.017063764220402802,False,0,False,0,quiet,quiet,0.4.0
2,229581948,18,120,14029,4.716652178764343,3.8243297862099253,0.5500598416638494,False,0,False,0,rotator,rotator,0.4.0
2,229582422,18,120,13441,2.8449788331985473,,0.0028758996965973405,False,0,False,0,quiet,quiet,0.4.0
2,229582596,18,120,13100,6.4274042256892985,,0.0031000437346680784,False,0,False,0,variable,variable,0.4.0
2,229582807,18,120,14190,0.9817889636221835,1.1855777874048028,0.15929244174131166,False,0,False,0,rotator,pulsator,0.4.0
2,229582925,18,120,13995,1.2072204709053038,,0.0020970493205212993,False,0,False,0,quiet,quiet,0.4.0
2,229582970,18,120,13348,2.83534635094724,,0.015628085423254976,False,0,False,0,quiet,quiet,0.4.0
2,22992173,18,120,12766,1.5287541112675036,12.211662431228786,0.2794954491692485,False,0,False,0,rotator,rotator,0.4.0
2,22993665,18,120,14537,0.44564913511276244,,0.021897382229087214,False,0,False,0,quiet,quiet,0.4.0
2,22997595,18,120,13065,1.796824085712433,10.152975130787665,0.41504980554890203,False,0,False,0,rotator,rotator,0.4.0
2,23050898,18,120,11838,1.6214098440760465,6.67765250459567,0.20066517908561754,False,12,False,0,flaring,flaring,0.4.0
2,23051493,18,120,14433,0.9025212407112121,6.468870533648088,0.3052070989799534,False,0,False,0,rotator,pulsator,0.4.0
2,23052028,18,120,14541,3.831097948551178,0.4669742156566787,0.3323419582895064,False,5,False,0,flaring,flaring,0.4.0
2,23054778,18,120,12716,3.0545479238033293,,0.046693264840096484,False,1,False,0,quiet,quiet,0.4.0
2,26354060,18,120,14022,405.7885140952025,4.250837244849293,0.6926647383033082,False,0,False,0,rotator,pulsator,0.4.0
2,26390966,18,120,14189,51.00654509067535,,0.07903817529147708,False,0,False,0,variable,variable,0.4.0
2,26391211,18,120,14355,1.8152933835983276,,0.0036431015207580167,False,0,False,0,quiet,quiet,0.4.0
2,26394932,18,120,14113,1.2220666050910949,,0.009887188408740626,False,0,False,0,quiet,quiet,0.4.0
2,26397294,18,120,14078,1.4467910812261378,,0.0018454309398749243,False,0,False,0,quiet,quiet,0.4.0
2,26397483,18,120,14124,18.588641917367035,,0.003754808059408853,False,0,False,0,variable,variable,0.4.0
2,26398701,18,120,14190,2.154059125362065,4.429820987406681,0.14690696472862952,False,0,False,0,rotator,pulsator,0.4.0
2,26432264,18,120,14538,1.9684824535702925,,0.7082496629485068,True,0,False,2,quiet,quiet,0.4.0
2,26432645,18,120,14398,1.0039697943934858,,0.09722104796728255,False,0,False,0,quiet,quiet,0.4.0
2,26432942,18,120,14444,1.9004819721127142,,0.004131486380062566,False,0,False,0,quiet,quiet,0.4.0
2,26433189,18,120,14541,2.346749639511108,5.581757582077399,0.39682737680281566,False,1,False,0,rotator,pulsator,0.4.0
2,26434928,18,120,14410,2.53108913898468,,0.0059093442502802015,False,0,False,0,quiet,quiet,0.4.0
2,26435432,18,120,14234,1.29452987909317,,0.011410172098600645,False,0,False,0,quiet,quiet,0.4.0
2,26439704,18,120,14181,1.4467027544975282,10.464812697639445,0.11761105548419856,False,0,False,0,rotator,pulsator,0.4.0
2,26439707,18,120,14368,0.7338232040405273,,0.020646616263799454,False,0,False,0,quiet,quiet,0.4.0
2,26499708,18,120,14501,0.96508709192276,,0.01658555649373235,False,0,False,0,quiet,quiet,0.4.0
2,26499737,18,120,14485,11.591296005249022,1.6692700717202826,0.763298725408607,False,1,False,0,rotator,pulsator,0.4.0
2,26500322,18,120,14544,1.0296854496002197,0.8432874630816252,0.15409442250072128,False,0,False,0,rotator,pulsator,0.4.0
2,26500907,18,120,14504,7.704834577585296,,0.006089581470160547,False,0,False,0,variable,variable,0.4.0
2,26501587,18,120,14544,3.242819978082775,,0.0413538396366336,False,0,False,0,quiet,quiet,0.4.0
2,26502804,18,120,14451,13.713409495353698,19.53618211336713,0.9164664706126494,False,3,False,0,flaring,flaring,0.4.0
2,26503465,18,120,14540,0.32741028070449824,,0.010266412112166763,False,0,False,0,quiet,quiet,0.4.0
2,26504405,18,120,14388,0.7754011936366202,,0.005414928558182698,False,0,False,0,quiet,quiet,0.4.0
2,26505269,18,120,14174,3.280509620904922,5.4809114834559605,0.5178039636066062,False,0,False,0,rotator,pulsator,0.4.0
2,26505380,18,120,14176,1.0147067606449127,,0.004925547573111544,False,0,False,0,quiet,quiet,0.4.0
2,26505600,18,120,14424,0.7722199022769928,,0.023078931061772,False,0,False,0,quiet,quiet,0.4.0
2,26506316,18,120,14255,1.0832375764846802,,0.006875172638607672,False,0,False,0,quiet,quiet,0.4.0
2,26506527,18,120,14353,0.9687102556228637,,0.00517759502672007,False,0,False,0,quiet,quiet,0.4.0
2,26530192,18,120,14478,1.4653487920761108,,0.011479499500628333,False,3,False,0,flaring,flaring,0.4.0
2,26530954,18,120,14541,0.6687829971313476,,0.008719813577570092,False,0,False,0,quiet,quiet,0.4.0
2,26533124,18,120,14544,1.7389417327081123,10.6561016937733,0.6033912150876215,False,0,False,0,rotator,rotator,0.4.0
2,26533207,18,120,14479,15.052831256389616,0.8813317968658401,0.9128688145232963,False,0,False,0,rotator,pulsator,0.4.0
2,26534158,18,120,14537,0.6071892142295837,,0.03720116594369469,False,0,False,0,quiet,quiet,0.4.0
2,26534237,18,120,14209,1.5895084261894226,,0.01184028884400979,False,0,False,0,quiet,quiet,0.4.0
2,26534591,18,120,14187,33.9325187087059,4.608132664821913,0.14147922011576786,False,8,False,0,flaring,flaring,0.4.0
2,26535713,18,120,14419,6.887722563743591,2.7185531999663093,0.8221206406599278,False,0,False,0,rotator,pulsator,0.4.0
2,26535741,18,120,14543,1.0888932466506958,2.5482009065462594,0.2836617923073942,False,0,False,0,rotator,pulsator,0.4.0
2,26537612,18,120,14407,2.2057113647460938,,0.01734206028503348,False,0,False,0,quiet,quiet,0.4.0
2,26618961,18,120,14515,10.810106563568114,,0.002603551768075408,False,0,False,0,variable,variable,0.4.0
2,26619249,18,120,14497,3.179723811149597,,0.009104087340627749,False,0,False,0,quiet,quiet,0.4.0
2,26621058,18,120,14433,13.398989582061766,3.239250158356539,0.9081391968880145,False,0,False,0,rotator,pulsator,0.4.0
2,26622134,18,120,14536,1.1021487236022949,5.328054703197102,0.2501210647497481,False,0,False,0,rotator,pulsator,0.4.0
2,26624429,18,120,14354,53.054336377719856,3.0612730311829757,0.11224563287313098,False,1,False,0,rotator,pulsator,0.4.0
2,26647554,18,120,14417,1.3222780108451841,,0.06265973730712913,False,0,False,0,quiet,quiet,0.4.0
2,26647592,18,120,14422,5.008449411392212,,0.0055695811318982,False,0,False,0,variable,variable,0.4.0
2,26647984,18,120,14542,0.5503673702259438,,0.0403801292872983,False,0,False,0,quiet,quiet,0.4.0
2,26649570,18,120,14501,1.4729485988616944,,0.003243969256103863,False,0,False,0,quiet,quiet,0.4.0
2,26650901,18,120,14493,0.8229000091552734,,0.00665888436078538,False,0,False,0,quiet,quiet,0.4.0
2,26653246,18,120,14538,1.1389547306610723,,0.8710323669427807,True,0,False,0,quiet,quiet,0.4.0
2,26653731,18,120,14544,3.2145858113344254,9.768107054671114,0.1796794639913615,False,6,False,0,flaring,flaring,0.4.0
2,26653737,18,120,14544,2.6572370946407315,19.53621404841821,0.1317714634343509,False,5,False,1,flaring,flaring,0.4.0
2,28672500,18,120,14637,1.6375816226005553,,0.06286047160017463,False,0,False,0,quiet,quiet,0.4.0
2,28672674,18,120,14648,9.583886575698852,3.3707672819598753,0.4485687871903833,False,4,False,0,flaring,flaring,0.4.0
2,28690420,18,120,14833,1.8877566576004028,4.252389335969724,0.5733594082648173,False,0,False,0,rotator,pulsator,0.4.0
2,28690841,18,120,14611,2.319001507759094,7.354883144580241,0.16642034031752317,False,0,False,0,rotator,pulsator,0.4.0
2,28691100,18,120,14833,0.8327974319458008,,0.0879552806449768,False,0,False,0,quiet,quiet,0.4.0
2,28691601,18,120,14832,1.7849824731057145,4.762683873807782,0.288629692232337,False,0,False,0,rotator,rotator,0.4.0
2,28693837,18,120,14825,2.5132384300231934,,0.004962240320571493,False,0,False,0,quiet,quiet,0.4.0
2,28757331,18,120,14667,1.329612708091736,10.730205229253691,0.13339312264475733,False,0,False,0,rotator,pulsator,0.4.0
2,28757763,18,120,14835,2.482485723495483,,0.0009588945860241931,False,0,False,0,quiet,quiet,0.4.0
2,28758762,18,120,14831,0.7069587707519531,,0.004718397565460773,False,0,False,0,quiet,quiet,0.4.0
2,28760069,18,120,14829,0.6383837699890136,,0.01221053087404987,False,0,False,0,quiet,quiet,0.4.0
2,28760365,18,120,14833,0.8663779735565185,,0.0185821206468559,False,0,False,0,quiet,quiet,0.4.0
2,28763463,18,120,14833,0.4156033873558044,,0.0525657690527197,False,3,False,0,flaring,flaring,0.4.0
2,28763578,18,120,14544,1.33005463660089,,0.004648484718348641,False,0,False,0,quiet,quiet,0.4.0
2,28763622,18,120,14517,2.251840424537659,,0.01879886416608036,False,0,False,0,quiet,quiet,0.4.0
2,28776718,18,120,14517,1.6657716035842896,,0.002859765492863706,False,0,False,0,quiet,quiet,0.4.0
2,28779763,18,120,14531,1.5022873878479002,,0.0064199216972873445,False,0,False,0,quiet,quiet,0.4.0
2,28782374,18,120,14616,284.9604824804972,,0.03489201489939804,False,0,False,0,variable,variable,0.4.0
2,28782699,18,120,14826,0.5016756475970535,,0.048062830552727746,False,0,False,0,quiet,quiet,0.4.0
2,28782834,18,120,14790,0.8589106959429176,,0.019660940821004072,False,0,False,0,quiet,quiet,0.4.0
2,28783002,18,120,14830,0.7464600920677185,,0.03353047600890896,False,1,False,0,quiet,quiet,0.4.0
2,28829379,18,120,14824,0.5198356366108549,,0.040247680208982915,False,0,False,0,quiet,quiet,0.4.0
2,28829431,18,120,14493,190.439493227005,,0.0012162248476608848,False,0,False,0,variable,variable,0.4.0
2,28831674,18,120,14545,1.6366095542907713,,0.002996248767826554,False,0,False,0,quiet,quiet,0.4.0
2,28831845,18,120,14542,1.7610785353505176,,0.06537697562276658,False,6,False,0,flaring,flaring,0.4.0
2,28831960,18,120,14543,1.0495686650276184,,0.003252944324349873,False,0,False,0,quiet,quiet,0.4.0
2,28833320,18,120,14546,1.018374169968019,,0.0037145087225950346,False,0,False,0,quiet,quiet,0.4.0
2,28833455,18,120,14545,1.400927174091339,1.627991964483297,0.2917768086545772,False,0,False,0,rotator,pulsator,0.4.0
2,28834220,18,120,14524,3.1467178610991153,10.655956747172736,0.746118675736483,False,0,False,0,rotator,rotator,0.4.0
2,28869591,18,120,14542,0.4242636070094343,,0.006420785202121657,False,0,False,0,quiet,quiet,0.4.0
2,28870270,18,120,14472,0.9243485652104447,,0.0023410741397859847,False,0,False,0,quiet,quiet,0.4.0
2,28870698,18,120,14546,1.0613218545913694,,0.00781724423442796,False,0,False,0,quiet,quiet,0.4.0
2,28870886,18,120,14543,0.6862802267074584,,0.006891079332414332,False,0,False,0,quiet,quiet,0.4.0
2,28871369,18,120,14542,0.7180050015449524,,0.03984329339797814,False,0,False,0,quiet,quiet,0.4.0
2,28871747,18,120,14546,1.5194311380386352,,0.02296960211812372,False,0,False,0,quiet,quiet,0.4.0
2,28873422,18,120,14543,0.9918631553649901,,0.06742090602662977,False,0,False,0,quiet,quiet,0.4.0
2,28909725,18,120,14546,1.5719227330730716,,0.014767454726017046,False,0,False,0,quiet,quiet,0.4.0
2,28909805,18,120,14545,5.658321261405945,,0.0023330504956907247,False,2,False,0,variable,variable,0.4.0
2,28910925,18,120,14540,0.8280254602432251,,0.011315112738184281,False,0,False,0,quiet,quiet,0.4.0
2,28912737,18,120,14493,0.31256414651870723,,0.036294074093849556,False,0,False,0,quiet,quiet,0.4.0
2,28913327,18,120,14539,0.5058290004730224,,0.008695338576565808,False,0,False,0,quiet,quiet,0.4.0
2,28914138,18,120,14413,0.9358366727828978,,0.007652274046064936,False,0,False,0,quiet,quiet,0.4.0
2,28914573,18,120,14507,1.3639002084732055,6.5119837223664945,0.482675135298791,False,4,False,0,flaring,flaring,0.4.0
2,28958705,18,120,14543,0.7027170181274414,,0.004794061968751214,False,0,False,0,quiet,quiet,0.4.0
2,28960026,18,120,14541,0.5212053537368774,,0.06520122829671847,False,0,False,0,quiet,quiet,0.4.0
2,28962402,18,120,14545,1.6068289160728455,,0.006034462188864856,False,0,False,0,quiet,quiet,0.4.0
2,28997171,18,120,14542,0.43999349117240255,,0.016619402762927355,False,0,False,0,quiet,quiet,0.4.0
2,28998331,18,120,14546,3.8794800925719652,,0.003456395481569355,False,0,False,0,quiet,quiet,0.4.0
2,28999424,18,120,14540,3.783201491832733,,0.34918117422464817,True,0,False,0,quiet,quiet,0.4.0
2,28999460,18,120,14544,1.6111589425111446,,0.028099436644737096,False,0,False,0,quiet,quiet,0.4.0
2,29000381,18,120,14537,0.4382260680198669,2.3921574405283867,0.14083685416575809,False,0,False,0,rotator,rotator,0.4.0
2,29001845,18,120,14423,1.4080851316452028,,0.009567125593997777,False,0,False,0,quiet,quiet,0.4.0
2,29002055,18,120,14457,8.270622289180755,,0.09139176772531768,False,5,False,0,flaring,flaring,0.4.0
2,29002161,18,120,14544,0.8023098110464271,,0.026687592046966992,False,0,False,0,quiet,quiet,0.4.0
2,29015116,18,120,14545,1.0196112871170044,11.721570382213029,0.14809825662905501,False,0,False,0,rotator,rotator,0.4.0
2,29017412,18,120,14542,2.637089005448431,4.883985715410594,0.43249372133179786,False,0,False,0,rotator,pulsator,0.4.0
2,29018046,18,120,14539,0.25538885593414307,,0.014493901510227792,False,0,False,0,quiet,quiet,0.4.0
2,29018344,18,120,14546,2.3780768209122662,,0.010890164508136506,False,0,False,0,quiet,quiet,0.4.0
2,29018437,18,120,14545,0.6230074167251587,,0.07516397167212689,False,0,False,0,quiet,quiet,0.4.0
2,29020857,18,120,14539,2.0292367815971377,0.8083845750359236,0.6135827662796737,False,0,False,0,rotator,pulsator,0.4.0
2,29053989,18,120,14546,6.039990627765655,0.6622355227212257,0.2961846159811799,False,0,True,12,dipper,eclipsing,0.4.0
2,29054328,18,120,14544,2.0802260589464865,10.65596826784465,0.32248873061408795,False,0,False,0,rotator,rotator,0.4.0
2,29054413,18,120,14546,1.3385380625724792,,0.006911693798876158,False,0,False,0,quiet,quiet,0.4.0
2,29056869,18,120,14531,4.5544935107231135,,0.0017205519215600627,False,0,False,0,quiet,quiet,0.4.0
2,29057080,18,120,14507,1.3969505310058594,,0.0014560272639838182,False,0,False,0,quiet,quiet,0.4.0
2,29057309,18,120,14517,0.7081959486007691,,0.0035091979245608054,False,0,False,0,quiet,quiet,0.4.0
2,29057703,18,120,14362,1.6609553974582134,,0.004757986669831267,False,0,False,0,quiet,quiet,0.4.0
2,29058513,18,120,14546,1.1264504313468933,,0.002776132205417252,False,0,False,0,quiet,quiet,0.4.0
2,29059028,18,120,14543,1.1166413784027098,,0.025864450178476158,False,0,False,0,quiet,quiet,0.4.0
2,29059029,18,120,14546,1.1109415233135223,,0.012848849248433224,False,0,False,0,quiet,quiet,0.4.0
2,29106953,18,120,14546,2.3116668105125426,,0.008653507378884567,False,0,False,0,quiet,quiet,0.4.0
2,29109961,18,120,14434,1.053722047805786,,0.007049908875806349,False,0,False,0,quiet,quiet,0.4.0
2,29110273,18,120,14459,0.6751456260681151,,0.0062355790820300995,False,0,False,0,quiet,quiet,0.4.0
2,29700539,18,120,14533,0.8013377666473389,3.255996207937338,0.15484777351772544,False,0,False,0,rotator,pulsator,0.4.0
2,29700937,18,120,14544,0.6768246934905465,,0.007172601282210557,False,0,False,0,quiet,quiet,0.4.0
2,29701408,18,120,14488,11.99413030726106,6.511997878728329,0.7676187823968891,False,21,False,0,flaring,flaring,0.4.0
2,34552689,18,120,14670,1.748706704378128,,0.0028869061853679157,False,0,False,0,quiet,quiet,0.4.0
2,34553024,18,120,14698,1.6302469253540037,,0.0028785997868772937,False,0,False,0,quiet,quiet,0.4.0
2,34553671,18,120,14768,19.017280436592127,3.3938235548898126,0.8838463083357825,False,1,False,0,rotator,pulsator,0.4.0
2,34553729,18,120,14772,4.214800072598462,,0.015968456979944257,False,0,False,0,quiet,quiet,0.4.0
2,34554520,18,120,14770,0.5669809341430664,,0.0021611833202107027,False,0,False,0,quiet,quiet,0.4.0
2,34576133,18,120,14758,6.557440458459868,9.137244354084872,0.6324921796345488,False,6,False,0,flaring,flaring,0.4.0
2,34576161,18,120,14768,0.4881550312042236,,0.022568969348265827,False,0,False,0,quiet,quiet,0.4.0
2,34576309,18,120,14611,22.302251601219176,0.6726956707228315,0.8653759904779967,False,0,False,0,rotator,pulsator,0.4.0
2,34576895,18,120,14680,0.8667314012806773,,0.03576662864030668,False,0,False,0,quiet,quiet,0.4.0
2,34576937,18,120,14767,1.0906606435775756,1.4664702280499766,0.19609663899290017,False,0,False,0,rotator,pulsator,0.4.0
2,34577180,18,120,14770,0.5313678860664367,,0.039361520997508614,False,0,False,0,quiet,quiet,0.4.0
2,34578511,18,120,14770,1.8320835452029975,4.568611345402691,0.5585577827677554,False,0,False,0,rotator,pulsator,0.4.0
2,34578743,18,120,14768,0.5461256178542602,,0.033469254764776496,False,0,False,0,quiet,quiet,0.4.0
2,34579372,18,120,14766,0.4143661848088393,,0.0565428732397856,False,0,False,0,quiet,quiet,0.4.0
2,34622015,18,120,14769,0.3055829286575317,,0.0238117071301268,False,0,False,0,quiet,quiet,0.4.0
2,34622064,18,120,14638,3.415141081809997,,0.013914839624631825,False,0,False,0,quiet,quiet,0.4.0
2,34622284,18,120,14700,0.722997897863388,,0.002212196840372017,False,0,False,0,quiet,quiet,0.4.0
2,34622802,18,120,14556,2.301769250525877,,0.012276914452988842,False,0,False,0,quiet,quiet,0.4.0
2,34644312,18,120,14700,1.3285522699356078,,0.025463817472487195,False,0,False,0,quiet,quiet,0.4.0
2,34647604,18,120,14763,0.8119421482086181,,0.08967832206426285,False,0,False,0,quiet,quiet,0.4.0
2,34649320,18,120,14708,1.6642693161964415,,0.005416284710474573,False,0,False,0,quiet,quiet,0.4.0
2,34649466,18,120,14767,0.4858574151992798,,0.005247941694565704,False,0,False,0,quiet,quiet,0.4.0
2,34649482,18,120,14766,0.32931023240089413,,0.02917494736685701,False,0,False,0,quiet,quiet,0.4.0
2,34688187,18,120,14694,1.0874793291091918,,0.019809179093967122,False,0,False,0,quiet,quiet,0.4.0
2,34688228,18,120,14694,3.5723512513846902,,0.08152802928513471,False,0,False,0,quiet,quiet,0.4.0
2,34688231,18,120,14696,3.3208943437730363,10.74994908316202,0.12696499843908096,False,0,False,0,rotator,pulsator,0.4.0
2,34689506,18,120,14736,0.737667292356491,,0.010418849517234515,False,0,False,0,quiet,quiet,0.4.0
2,34689974,18,120,14548,1.2854278615372097,8.377953383686727,0.19950219548143017,False,0,False,0,rotator,pulsator,0.4.0
2,34690309,18,120,14526,15.282636586349112,,0.0060178731644438275,False,0,False,0,variable,variable,0.4.0
2,34691355,18,120,14636,6.750218680487949,8.417625857995615,0.7649391307499678,False,0,False,0,rotator,pulsator,0.4.0
2,34691510,18,120,14768,1.157070548621698,1.291132766112182,0.20168049316971914,False,0,False,0,rotator,pulsator,0.4.0
2,34691643,18,120,14770,0.23435683250427247,,0.06116702170528607,False,0,False,0,quiet,quiet,0.4.0
2,34692428,18,120,14769,1.9347694158554076,0.14960210331175416,0.27814768914353943,False,0,False,0,rotator,pulsator,0.4.0
2,34712286,18,120,14769,4.162219762802123,,0.00821288841674209,False,0,False,0,quiet,quiet,0.4.0
2,34713008,18,120,14770,0.6181029086739691,,0.035603235371561445,False,0,False,0,quiet,quiet,0.4.0
2,34713291,18,120,14659,19.649919033050537,,0.0019988876820973564,False,0,False,0,variable,variable,0.4.0
2,34713545,18,120,14634,164.08752645775832,0.3282253669193333,0.9622981091443574,False,0,False,2,rotator,pulsator,0.4.0
2,34714652,18,120,14665,0.693349814414978,,0.012404212040100887,False,0,False,0,quiet,quiet,0.4.0
2,34715560,18,120,14758,0.22958486080169677,,0.016387778252488775,False,0,False,0,quiet,quiet,0.4.0
2,34717708,18,120,14743,5.6697209715843195,,0.008623479010842407,False,0,False,0,variable,variable,0.4.0
2,34717817,18,120,14718,17.475798325914294,2.6313150007995825,0.896863022218102,False,0,False,0,rotator,pulsator,0.4.0
2,34749778,18,120,14659,1.2823348402976988,,0.004099328847028427,False,0,False,0,quiet,quiet,0.4.0
2,34751870,18,120,14766,0.5254470750423029,,0.023078068432101913,False,0,False,0,quiet,quiet,0.4.0
2,34752840,18,120,14669,3.0699684619903564,11.806903115593059,0.4617058570032452,False,0,False,0,rotator,rotator,0.4.0
2,34753196,18,120,14695,0.9011956930160523,,0.016199178866760006,False,0,False,0,quiet,quiet,0.4.0
2,34753456,18,120,14721,1.3488773345947265,,0.004791418967479275,False,0,False,0,quiet,quiet,0.4.0
2,34754679,18,120,14692,4.614673376083373,,0.002196229063208968,False,0,False,0,quiet,quiet,0.4.0
2,34781149,18,120,14601,13.370269381999968,,0.07884168243117105,False,5,False,0,flaring,flaring,0.4.0
2,34781256,18,120,14762,1.2731443383352656,3.8317544941025603,0.3859468960121043,False,0,False,0,rotator,pulsator,0.4.0
2,34783203,18,120,14771,0.5247401475906371,,0.05607874875654587,False,0,False,0,quiet,quiet,0.4.0
2,34783303,18,120,14767,0.406678032875061,,0.015126234416094729,False,0,False,1,quiet,quiet,0.4.0
2,34783979,18,120,14681,1.0138672471046448,,0.0018652717944713888,False,0,False,0,quiet,quiet,0.4.0
2,34786681,18,120,14768,0.4414957260193988,,0.003417051447629039,False,0,False,0,quiet,quiet,0.4.0
2,34820774,18,120,14741,1.4897388696670533,,0.0037837102992643364,False,0,False,0,quiet,quiet,0.4.0
2,34821040,18,120,14691,0.8819310665130615,,0.006375102587805533,False,0,False,0,quiet,quiet,0.4.0
2,34821191,18,120,14689,1.840213680267334,11.82010402646597,0.24921225991042809,False,0,False,0,rotator,rotator,0.4.0
2,34821265,18,120,14727,0.7574179530143738,,0.05080320869052257,False,0,False,0,quiet,quiet,0.4.0
2,34821405,18,120,14671,1.489031910896301,,0.00343390555100657,False,0,False,0,quiet,quiet,0.4.0
2,34853519,18,120,14767,2.41293865442276,9.137262102943938,0.49392006617945694,False,0,False,0,rotator,rotator,0.4.0
2,34853963,18,120,14767,0.37026965618133545,,0.04302595337589801,False,0,False,0,quiet,quiet,0.4.0
2,34854348,18,120,14704,11.554755073785781,4.22543316744513,0.5860803295713513,False,1,False,0,rotator,pulsator,0.4.0
2,34855570,18,120,14749,3.4025925636291503,,0.0800488372591273,False,4,False,0,flaring,flaring,0.4.0
2,34856044,18,120,14747,0.7822498798370361,,0.009904505087109081,False,0,False,0,quiet,quiet,0.4.0
2,34856578,18,120,14765,0.5160799026489258,,0.07409299046951577,False,0,False,0,quiet,quiet,0.4.0
2,34884744,18,120,14760,2.3885042495426982,6.5991341616624295,0.3460089700589355,False,0,False,0,rotator,rotator,0.4.0
2,34884829,18,120,14765,0.30858750343322755,,0.018208916257273295,False,0,False,0,quiet,quiet,0.4.0
2,34885799,18,120,14771,0.5105126023292541,,0.020194801630161078,False,0,False,0,quiet,quiet,0.4.0
2,34888092,18,120,14544,0.7909984946250915,,0.039306453387439336,False,0,False,0,quiet,quiet,0.4.0
2,34888384,18,120,14542,1.3483029305934906,8.372517536521888,0.3581094020874095,False,0,False,0,rotator,rotator,0.4.0
2,34888848,18,120,14545,0.2437240362167358,,0.03246239798535168,False,0,False,0,quiet,quiet,0.4.0
2,34939903,18,120,14749,4.422027111053466,,0.003906607886457222,False,0,False,0,quiet,quiet,0.4.0
2,34941471,18,120,14546,2.9175746619701384,1.9215602861460537,0.5906028273841266,False,0,False,0,rotator,pulsator,0.4.0
2,34942007,18,120,14541,0.5395862817764281,,0.004919376815984789,False,0,False,0,quiet,quiet,0.4.0
2,34942805,18,120,14468,2.179686509957507,,0.07087430204634979,False,0,False,0,quiet,quiet,0.4.0
2,34944174,18,120,14544,0.9145395125585939,,0.0230949337199816,False,0,False,0,quiet,quiet,0.4.0
2,34976105,18,120,14454,2.8752455055713653,10.603544379756924,0.35359375246659913,False,0,False,0,rotator,rotator,0.4.0
2,34976197,18,120,14540,1.6648437698138883,2.8589110577505794,0.2875381574430156,False,0,False,0,rotator,pulsator,0.4.0
2,34976460,18,120,14450,0.9662359287213065,,0.06947243835304033,False,0,False,0,quiet,quiet,0.4.0
2,34976493,18,120,14539,0.3927155971527099,,0.009445442200836382,False,0,False,0,quiet,quiet,0.4.0
2,34976512,18,120,14545,0.3928039669990539,,0.016937719909159817,False,0,False,0,quiet,quiet,0.4.0
2,34978817,18,120,14534,11.190715491771696,0.7280019505639154,0.7621691765852346,False,0,False,1,rotator,pulsator,0.4.0
2,34979222,18,120,14544,1.067861223220825,,0.003163128328177918,False,0,False,0,quiet,quiet,0.4.0
2,35013928,18,120,14448,0.906762939288441,,0.0050785795744752,False,0,False,0,quiet,quiet,0.4.0
2,35014644,18,120,14537,1.3050458908081053,7.325958673080776,0.2933417321156028,False,3,False,0,flaring,flaring,0.4.0
2,35015321,18,120,14543,3.691296851634979,7.814349387829377,0.3830112297974436,False,0,False,0,rotator,rotator,0.4.0
2,35015326,18,120,14546,12.359141600131988,,0.00034802917480348026,False,0,False,0,variable,variable,0.4.0
2,35015702,18,120,14539,0.4644719123840332,,0.01488480333991315,False,0,False,0,quiet,quiet,0.4.0
2,35024089,18,120,14499,19.227246057987212,3.3400827457976443,0.7269530729779214,False,0,False,0,rotator,pulsator,0.4.0
2,35025268,18,120,14490,7.485146909952163,,0.005119765454606402,False,0,False,0,variable,variable,0.4.0
2,35025541,18,120,14546,3.6178174322193097,,0.018301686856006433,False,0,False,0,quiet,quiet,0.4.0
2,35027553,18,120,14538,0.4305820506464213,,0.021082294961765908,False,0,False,0,quiet,quiet,0.4.0
2,35027579,18,120,14513,6.565879583358765,3.9071751515045134,0.6024595145931825,False,0,False,0,rotator,pulsator,0.4.0
2,35027858,18,120,14540,0.8637269296483355,,0.076679448921589,False,0,False,0,quiet,quiet,0.4.0
2,35082488,18,120,14543,0.6857500076293944,6.89502078551788,0.24273829360386623,False,0,False,0,rotator,rotator,0.4.0
2,35082498,18,120,14546,1.264395723807939,,0.008475410295763723,False,0,False,0,quiet,quiet,0.4.0
2,35083155,18,120,14543,2.210660076141357,1.1270715282246502,0.4544054491708124,False,1,False,0,rotator,pulsator,0.4.0
2,35083787,18,120,14434,1.1126647353172303,,0.004494969315254133,False,0,False,0,quiet,quiet,0.4.0
2,35084851,18,120,14543,0.9680032968521117,,0.042366092326935466,False,0,False,0,quiet,quiet,0.4.0
2,35084863,18,120,14544,0.9675613611136651,,0.004158051562795401,False,0,False,0,quiet,quiet,0.4.0
2,35085220,18,120,14545,2.6251146554946896,,0.0032785372835013415,False,2,False,1,quiet,quiet,0.4.0
2,35086365,18,120,14541,2.1067371368408203,1.075369396079656,0.7711985137743259,False,0,False,0,rotator,pulsator,0.4.0
2,35087818,18,120,14519,1.5002548813819883,8.360629078780612,0.27717151462632345,False,0,False,0,rotator,pulsator,0.4.0
2,35114358,18,120,14437,1.1818583250045775,,0.010231530750842785,False,0,False,0,quiet,quiet,0.4.0
2,35114517,18,120,14543,0.5266842842102051,,0.032358202939549684,False,3,False,0,flaring,flaring,0.4.0
2,35114577,18,120,14461,14.542848873138427,,0.006751665420257139,False,0,False,0,variable,variable,0.4.0
2,35115673,18,120,14540,0.4494490385055542,,0.011015237951422365,False,0,False,0,quiet,quiet,0.4.0
2,35116329,18,120,14540,0.5358305792758041,,0.004133775949615462,False,0,False,0,quiet,quiet,0.4.0
2,35117110,18,120,14544,0.3892691731452942,,0.05072804739197047,False,0,False,0,quiet,quiet,0.4.0
2,35118182,18,120,14534,0.49752224974400544,1.483740957694552,0.20456112425825393,False,0,False,0,rotator,pulsator,0.4.0
2,35118194,18,120,14545,0.813179326057434,,0.010932756761775093,False,0,False,0,quiet,quiet,0.4.0
2,35154506,18,120,14480,2.2667307436466215,,0.04722780081473075,False,0,False,0,quiet,quiet,0.4.0
2,35158303,18,120,14540,1.5983895004755557,1.4652113824956818,0.6782746663567292,False,0,False,0,rotator,pulsator,0.4.0
2,35158994,18,120,14493,10.130895924568176,,0.003017696023402329,False,0,False,0,variable,variable,0.4.0
2,35159084,18,120,14514,9.116056880833414,,0.007832376786558147,False,0,False,0,variable,variable,0.4.0
2,35200668,18,120,14540,2.596747934818268,,0.027212218993287653,False,0,False,0,quiet,quiet,0.4.0
2,35200715,18,120,14413,1.3960668325424195,,0.01911357663319349,False,0,False,0,quiet,quiet,0.4.0
2,35200769,18,120,14545,0.633965277671814,,0.0038582324780897658,False,0,False,1,quiet,quiet,0.4.0
2,35201045,18,120,14539,0.5396746516227722,,0.040815619979671154,False,0,False,0,quiet,quiet,0.4.0
2,35201106,18,120,14512,1.643634957075119,,0.008327348387940274,False,0,False,0,quiet,quiet,0.4.0
2,35201196,18,120,14539,1.3260779142379762,,0.013691248662092488,False,0,False,0,quiet,quiet,0.4.0
2,35201229,18,120,14534,2.781529200627529,,0.009014847873550823,False,0,False,0,quiet,quiet,0.4.0
2,35203627,18,120,14541,0.9394598364830017,,0.018521108377126852,False,0,False,0,quiet,quiet,0.4.0
2,35203641,18,120,14542,0.7308186292648314,,0.0028778434011677116,False,0,False,0,quiet,quiet,0.4.0
2,35204049,18,120,14460,3.9654202331727815,6.1408039191755845,0.5525945726254978,False,0,False,0,rotator,pulsator,0.4.0
2,35225781,18,120,14544,1.1629472472040203,6.895115779461776,0.3256908469726711,False,0,False,0,rotator,rotator,0.4.0
2,35226277,18,120,14500,2.769952916203526,,0.004878446343755184,False,0,False,0,quiet,quiet,0.4.0
2,35226997,18,120,14530,0.3412843465805054,,0.04899882063518001,False,0,False,0,quiet,quiet,0.4.0
2,46424462,18,120,14456,1.0590242385864257,,0.003317114641938415,False,0,False,0,quiet,quiet,0.4.0
2,46424488,18,120,14540,1.0039698243141173,3.6630045274335994,0.12942783120916002,False,1,False,0,rotator,pulsator,0.4.0
2,46424807,18,120,14491,2.625644874572754,,0.010516645761717673,False,0,False,1,quiet,quiet,0.4.0
2,46424905,18,120,14545,0.7067820310592651,,0.0025874703081482297,False,0,False,0,quiet,quiet,0.4.0
2,46428264,18,120,14544,360.20645155906675,,0.025278664197867357,False,6,False,0,flaring,flaring,0.4.0
2,46428778,18,120,14472,8.116725959875406,6.866472370864304,0.5115905249079308,False,2,False,0,rotator,rotator,0.4.0
2,46429314,18,120,14259,1.3154735326766966,,0.022112580469159773,False,0,False,0,quiet,quiet,0.4.0
2,46475911,18,120,14506,1.4464818729901872,14.652013777629238,0.17576837283245833,False,0,False,0,rotator,rotator,0.4.0
2,46475987,18,120,14539,0.361255931854248,,0.03613679760485455,False,1,False,0,quiet,quiet,0.4.0
2,46475988,18,120,14511,2.8764384984970093,11.72161147542465,0.15987594292789,False,5,False,0,flaring,flaring,0.4.0
2,46476141,18,120,14542,0.617705225944519,,0.061693497107067445,False,0,False,0,quiet,quiet,0.4.0
2,46476250,18,120,14543,5.721594071388244,,0.008335317376428484,False,2,False,0,variable,variable,0.4.0
2,46476466,18,120,14537,2.5211917161941524,7.326003523102145,0.40403693192524953,False,0,False,0,rotator,rotator,0.4.0
2,46476558,18,120,14544,0.832797407126504,,0.007170713877776218,False,0,False,0,quiet,quiet,0.4.0
2,46476992,18,120,14545,1.4250521421432494,,0.00107531833959899,False,0,False,0,quiet,quiet,0.4.0
2,46478551,18,120,14545,4.444649791717529,1.6509304673229668,0.19636185353990432,False,0,False,0,rotator,pulsator,0.4.0
2,46479301,18,120,14542,0.527391242980957,,0.01928514026327786,False,0,False,0,quiet,quiet,0.4.0
2,46479551,18,120,14476,5.511715686321258,0.4785442193662319,0.20717937414552282,False,0,False,0,rotator,pulsator,0.4.0
2,46480406,18,120,14538,0.33819138180068836,,0.02492013393140394,False,0,False,0,quiet,quiet,0.4.0
2,46480453,18,120,14430,0.797449493408203,,0.012205731643310734,False,0,False,0,quiet,quiet,0.4.0
2,46481054,18,120,14501,25.74142928123474,,0.025080287594389083,False,0,False,0,variable,variable,0.4.0
2,46481120,18,120,14544,0.7959913672211358,,0.016550284709477045,False,1,False,0,quiet,quiet,0.4.0
2,46481251,18,120,14532,2.6578556043548702,6.507379486164634,0.30203836983623267,False,0,False,0,rotator,pulsator,0.4.0
2,46503327,18,120,14546,0.7801731419460092,,0.002930278341937997,False,0,False,0,quiet,quiet,0.4.0
2,46504038,18,120,14465,5.056699347496032,0.4138627206736168,0.6096568040973239,False,1,False,0,rotator,pulsator,0.4.0
2,46504603,18,120,14279,1.5549558162689208,6.086676587335062,0.11728434252342315,False,0,False,0,rotator,pulsator,0.4.0
2,46504751,18,120,14372,2.079519100217873,,0.007382569248882313,False,0,False,0,quiet,quiet,0.4.0
2,46505495,18,120,14508,4.816112584355848,,0.0026794624367595175,False,0,False,0,quiet,quiet,0.4.0
2,46505710,18,120,14542,0.7538389967035948,,0.001972452103884422,False,0,False,0,quiet,quiet,0.4.0
2,46506352,18,120,14544,1.1023254632949828,4.041936390035047,0.36291533720771096,False,0,False,0,rotator,rotator,0.4.0
2,46534290,18,120,14545,5.506943714618682,,0.005764374227165469,False,0,False,0,variable,variable,0.4.0
2,46616373,18,120,14545,1.6541067838668821,,0.008518884196985566,False,0,False,0,quiet,quiet,0.4.0
2,46616662,18,120,14544,0.6280003130435943,,0.008871996151680524,False,0,False,0,quiet,quiet,0.4.0
2,46617192,18,120,14528,13.817066501553862,,0.010150255062915524,False,0,False,0,variable,variable,0.4.0
2,46617577,18,120,14472,2.7471534132957456,,0.025981763625953534,False,0,False,0,quiet,quiet,0.4.0
2,46618513,18,120,14449,1.7058915138244628,,0.00167013628530682,False,0,False,0,quiet,quiet,0.4.0
2,46619163,18,120,14536,0.6084263920783997,0.14970154294051646,0.29919420090673304,False,0,False,0,rotator,pulsator,0.4.0
2,46619319,18,120,14535,0.4312448501586914,,0.018418265759830008,False,0,False,0,quiet,quiet,0.4.0
2,46619808,18,120,14544,1.5322890420132305,,0.012956058267097713,False,4,False,0,flaring,flaring,0.4.0
2,46620245,18,120,14546,2.39566227806621,4.0419382192007545,0.3777659458088817,False,0,False,0,rotator,rotator,0.4.0
2,46628794,18,120,14546,2.2080972847909544,,0.010477072756866986,False,0,False,0,quiet,quiet,0.4.0
2,46628867,18,120,14545,6.798115539550781,0.7513861012705839,0.4362686161576024,False,1,False,0,rotator,pulsator,0.4.0
2,46629076,18,120,14546,0.8498086020407497,,0.006063040523064383,False,0,False,0,quiet,quiet,0.4.0
2,46629080,18,120,14545,1.7573227643966673,,0.033211637140683585,False,1,False,0,quiet,quiet,0.4.0
2,46629595,18,120,14543,1.676199245452881,4.508319859640744,0.33130452807134464,False,0,False,0,rotator,pulsator,0.4.0
2,46629720,18,120,14538,0.46142313893368425,,0.06660080320376198,False,0,False,0,quiet,quiet,0.4.0
2,46630964,18,120,14456,0.7433671474456787,,0.05081488220421558,False,0,False,0,quiet,quiet,0.4.0
2,46631360,18,120,14540,0.6003405690294673,,0.034477771085715966,False,0,False,0,quiet,quiet,0.4.0
2,46631417,18,120,14448,1.2254246592521667,,0.008019351155717433,False,0,False,0,quiet,quiet,0.4.0
2,46674348,18,120,14538,15.459066518600789,1.890585511230623,0.6199401192733187,False,0,False,0,rotator,pulsator,0.4.0
2,46674911,18,120,14546,1.8518342598726074,,0.008832675979688726,False,0,False,0,quiet,quiet,0.4.0
2,46676303,18,120,14395,2.2845372676849363,,0.0045123422218805755,False,0,False,0,quiet,quiet,0.4.0
2,46676658,18,120,14411,1.175760805606842,,0.0033582703766850187,False,0,False,1,quiet,quiet,0.4.0
2,46676992,18,120,14488,1.284278900368279,,0.006295021428073663,False,0,False,0,quiet,quiet,0.4.0
2,46677021,18,120,14499,1.581820249557495,,0.0046971451935364505,False,0,False,0,quiet,quiet,0.4.0
2,46681071,18,120,14545,3.989279973506927,,0.027766090040147153,False,0,False,0,quiet,quiet,0.4.0
2,46681447,18,120,14533,0.9314181804656982,1.2084169649924004,0.15786853705741938,False,0,False,0,rotator,pulsator,0.4.0
2,46681865,18,120,14520,4.335777882589228,8.372605849185025,0.6702938427562881,False,0,False,0,rotator,pulsator,0.4.0
2,46682182,18,120,14416,1.595473438366456,,0.04616747107820914,False,1,False,0,quiet,quiet,0.4.0
2,46682352,18,120,14375,2.200409173965454,,0.0032357089647016596,False,0,False,0,quiet,quiet,0.4.0
2,47624981,18,120,14446,1.2079716505995883,,0.003813514662382534,False,0,False,0,quiet,quiet,0.4.0
2,49656844,18,120,14541,1.7810058832168578,10.596695961937918,0.10679035190604254,False,0,False,0,rotator,pulsator,0.4.0
2,49720925,18,120,14761,2.3002671003341675,,0.0739606051352788,False,0,False,0,quiet,quiet,0.4.0
2,49721269,18,120,14765,1.7755269527435302,,0.05286109392510119,False,0,False,0,quiet,quiet,0.4.0
2,49794215,18,120,14711,4.612022280693054,,0.030707620730957123,False,0,False,0,quiet,quiet,0.4.0
2,49853887,18,120,14483,4.880048024654388,,0.05322438235789124,False,0,False,0,quiet,quiet,0.4.0
2,49854241,18,120,14757,1.5132452487945556,3.6638840309785796,0.44211868040702595,False,0,False,0,rotator,pulsator,0.4.0
2,49855037,18,120,14756,0.3712859094142914,,0.03293116880227244,False,0,False,0,quiet,quiet,0.4.0
2,49856014,18,120,14401,8.23995795249939,,0.0064717897451591535,False,0,False,0,variable,variable,0.4.0
2,49857122,18,120,14297,4.844700086116791,,0.011192138778688132,False,0,False,0,quiet,quiet,0.4.0
2,49948996,18,120,14763,2.1571079492568965,5.329270620242658,0.4484942418433095,False,2,False,0,rotator,pulsator,0.4.0
2,50044130,18,120,14308,6.7588789249134695,,0.008177367074967195,False,0,False,0,variable,variable,0.4.0
2,50048746,18,120,14759,0.9794913768768311,5.862210629920811,0.1665520045263715,False,0,False,0,rotator,pulsator,0.4.0
2,50189810,18,120,14506,22.07372783642196,1.1207358299776398,0.1797501835219198,False,0,True,12,dipper,eclipsing,0.4.0
2,50191648,18,120,14501,17.620593881607054,0.5341534923208715,0.1094359516053377,False,0,False,9,rotator,eclipsing,0.4.0
2,50197861,18,120,14202,10.458041095733643,,0.0026006395429384495,False,0,False,0,variable,variable,0.4.0
2,50198047,18,120,14210,3.009170097385946,,0.005597968968950027,False,0,False,0,quiet,quiet,0.4.0
2,50263599,18,120,14220,6.8666021704673765,,0.013630430913038182,False,0,False,0,variable,variable,0.4.0
2,50264830,18,120,14189,22.042444252967833,,0.013850810694359748,False,0,False,0,variable,variable,0.4.0
2,50267150,18,120,14205,3.8294189214706416,,0.012870018033613559,False,0,False,0,quiet,quiet,0.4.0
2,50508724,18,120,14188,5.886271455474837,,0.0038677739621581974,False,0,False,0,variable,variable,0.4.0
2,50518138,18,120,14256,3.381516456053151,,0.03581896679240266,False,0,False,0,quiet,quiet,0.4.0
2,50612147,18,120,14090,18.299406856298447,,0.008172988272518455,False,0,False,0,variable,variable,0.4.0
2,50615090,18,120,14081,22.480316841602324,,0.016389114385350984,False,0,False,0,variable,variable,0.4.0
2,50616459,18,120,14113,5.590806698799133,,0.004722513241871766,False,0,False,0,variable,variable,0.4.0
2,50687548,18,120,14214,7.144481578140352,,0.008142538928433887,False,0,False,0,variable,variable,0.4.0
2,50688656,18,120,14512,2.1917489290237424,10.585979060218836,0.4528303253616811,False,0,False,0,rotator,rotator,0.4.0
2,50759246,18,120,14242,1.8568715069813433,,0.043919047500261925,False,0,False,0,quiet,quiet,0.4.0
2,50759279,18,120,14240,9.690196078431372,,0.0020439110747880384,False,0,False,0,variable,variable,0.4.0
2,50760638,18,120,14765,1.9129420638084411,,0.45519138948484666,True,0,False,0,quiet,quiet,0.4.0
2,50760927,18,120,14760,1.4910201435673152,4.689766281568154,0.33584080500702845,False,0,False,0,rotator,pulsator,0.4.0
2,50761168,18,120,14212,15.689756456322774,2.7399403722757225,0.9130401598470713,False,0,False,0,rotator,pulsator,0.4.0
2,50767967,18,120,14152,3.2725123448677267,2.344835573262061,0.5268056264313705,False,0,False,0,rotator,pulsator,0.4.0
2,50770953,18,120,14108,3.1291319808622604,,0.011796921813211375,False,0,False,0,quiet,quiet,0.4.0
2,50842975,18,120,14764,10.440102328065105,,0.29530884755049247,True,0,False,1,variable,variable,0.4.0
2,50849800,18,120,14684,35.963833253497874,0.7148628501614639,0.396592933206835,False,0,True,12,dipper,eclipsing,0.4.0
2,50850670,18,120,14762,1.7562623262405395,,0.020878233147740472,False,0,False,0,quiet,quiet,0.4.0
2,50852811,18,120,14764,0.4320401787757873,,0.03069057885118744,False,0,False,0,quiet,quiet,0.4.0
2,50943371,18,120,14031,10.695225763320924,,0.006156589563067363,False,0,False,0,variable,variable,0.4.0
2,51021357,18,120,14019,3.354607737064361,,0.029830566604837322,False,0,False,0,quiet,quiet,0.4.0
2,51024887,18,120,13984,48.43604155671473,,0.023989761871708013,False,0,False,2,variable,variable,0.4.0
2,51025156,18,120,14760,1.0318947572645398,1.749914571498551,0.20234816499584396,False,0,False,0,rotator,pulsator,0.4.0
2,51042921,18,120,14245,5.085773026943206,,0.03362396124069333,False,0,False,0,variable,variable,0.4.0
2,51883673,18,120,15110,0.9980931997867464,0.8261884311952115,0.10470725877335366,False,0,False,0,rotator,pulsator,0.4.0
2,51955546,18,120,15111,18.9972193479538,0.9087513300646608,0.5321498258215428,False,0,True,12,dipper,eclipsing,0.4.0
2,51955556,18,120,14945,4.663453531265259,,0.007105707218388502,False,0,False,0,quiet,quiet,0.4.0
2,51960132,18,120,15078,21.102454197406768,,0.0945328546177562,False,0,True,12,dipper,eclipsing,0.4.0
2,51961168,18,120,15112,1.59896399974823,0.7292868762388137,0.176746963857337,False,5,False,0,flaring,flaring,0.4.0
2,51961599,18,120,15108,0.3536561250686645,1.4064821612730936,0.2345176955389381,False,0,False,0,rotator,pulsator,0.4.0
2,51964499,18,120,15072,8.200368505727305,,0.005589144694056813,False,0,False,0,variable,variable,0.4.0
2,52038585,18,120,15109,0.20696218013763426,,0.044521370615333164,False,2,False,0,quiet,quiet,0.4.0
2,52038797,18,120,14931,5.888613080978393,,0.018489198131590234,False,1,False,0,variable,variable,0.4.0
2,52040900,18,120,14932,16.489945391120152,,0.0036892982218504015,False,0,False,0,variable,variable,0.4.0
2,52072316,18,120,14890,9.908910279934984,,0.004055301911716529,False,3,False,0,flaring,flaring,0.4.0
2,52074231,18,120,14921,2.9273395299911495,,0.034773514998463984,False,0,False,0,quiet,quiet,0.4.0
2,52180381,18,120,14906,7.893548390077007,,0.03294984543740012,False,1,False,0,variable,variable,0.4.0
2,52183206,18,120,14887,13.48205723762512,,0.3307447289486886,True,3,False,1,flaring,flaring,0.4.0
2,52187513,18,120,15112,3.1218416548324126,,0.0877972269613947,False,1,False,0,quiet,quiet,0.4.0
2,52187600,18,120,15104,0.26784898830360243,0.8438909068210186,0.31643848471494784,False,0,False,0,rotator,pulsator,0.4.0
2,52261296,18,120,15105,9.475368404388426,,0.003941208601757235,False,0,False,0,variable,variable,0.4.0
2,52263090,18,120,15106,4.997005665213038,,0.003566417508267523,False,0,False,0,quiet,quiet,0.4.0
2,52264484,18,120,15103,0.35392123460769653,6.9496946024671225,0.10421690910627102,False,2,False,0,rotator,pulsator,0.4.0
2,52346658,18,120,14873,18.200653553009033,,0.02078938092440429,False,0,False,0,variable,variable,0.4.0
2,52433282,18,120,15104,0.44237943761410004,,0.014425742947727027,False,0,False,0,quiet,quiet,0.4.0
2,52528290,18,120,14801,39.23444437980652,,0.0022505849205637076,False,0,False,0,variable,variable,0.4.0
2,52625731,18,120,15110,0.9222719288549401,,0.09147431735551671,False,0,False,0,quiet,quiet,0.4.0
2,52626846,18,120,15104,0.4488304495811462,10.740470655650412,0.14497072922597964,False,0,False,0,rotator,rotator,0.4.0
2,52627373,18,120,15092,0.9977838755974844,6.2181658269142455,0.2662146843648331,False,8,False,0,flaring,eclipsing,0.4.0
2,52710498,18,120,15057,8.59220016002655,0.6748755867541408,0.5565570484555419,False,2,False,0,rotator,pulsator,0.4.0
2,52713606,18,120,15081,2.542400479316711,9.845418074038813,0.7019975571538352,False,0,False,0,rotator,eclipsing,0.4.0
2,52781907,18,120,14926,1.5723646759986878,,0.004845329210875107,False,0,False,0,quiet,quiet,0.4.0
2,52790536,18,120,15110,0.8263906427142215,6.949727497396774,0.1465570822214153,False,0,False,0,rotator,pulsator,0.4.0
2,52850796,18,120,15055,3.9516344189643857,2.3629011427114164,0.13580644806086434,False,0,False,0,rotator,pulsator,0.4.0
2,52851609,18,120,14851,9.309144723415375,,0.0033795162999651217,False,0,False,0,variable,variable,0.4.0
2,52855338,18,120,15107,4.053436481952667,,0.010205985642972827,False,0,False,0,quiet,quiet,0.4.0
2,52945564,18,120,14878,36.24798434233712,,0.007320739827032349,False,0,False,0,variable,variable,0.4.0
2,52946662,18,120,14878,24.89405156654273,,0.08883692616949608,False,0,False,0,variable,variable,0.4.0
2,52947505,18,120,14878,17.361801751744643,0.8022909142719259,0.6896607050964542,False,0,False,0,rotator,pulsator,0.4.0
2,53015040,18,120,14834,5.834972236456141,,0.0025876058221860824,False,0,False,0,variable,variable,0.4.0
2,53619624,18,120,15108,0.29952958525629086,,0.06260361653402845,False,0,False,0,quiet,quiet,0.4.0
2,53706564,18,120,15059,11.779877257347106,,0.011564498751166868,False,0,False,0,variable,variable,0.4.0
2,53706849,18,120,15094,6.409420579391105,,0.05498874589004889,False,0,False,0,variable,variable,0.4.0
2,53708581,18,120,15112,2.5702810126375546,1.0838980551670827,0.11748375331089739,False,0,False,0,rotator,pulsator,0.4.0
2,53708889,18,120,15097,6.682704520225524,4.219460217875297,0.11342720749364656,False,2,True,8,dipper,eclipsing,0.4.0
2,53709049,18,120,15112,2.8748036563396453,,0.02918211386979687,False,0,False,0,quiet,quiet,0.4.0
2,53709985,18,120,15111,335.98507200479503,,0.03174285208554069,False,0,False,0,variable,variable,0.4.0
2,53712608,18,120,15108,0.8679686307907104,3.4748453006704954,0.14296592189065335,False,0,False,0,rotator,pulsator,0.4.0
2,53713272,18,120,15052,7.305004978179931,,0.024183820684053187,False,0,False,6,variable,variable,0.4.0
2,53713778,18,120,15110,96.09125290188945,,0.0011879126638031526,False,0,False,0,variable,variable,0.4.0
2,53799750,18,120,15091,22.696204376220702,,0.002050589140068452,False,0,False,0,variable,variable,0.4.0
2,53803114,18,120,14878,12.356358318220325,,0.002778347259462984,False,0,False,0,variable,variable,0.4.0
2,53806491,18,120,15109,0.5328701734542847,,0.026107588233350205,False,0,False,0,quiet,quiet,0.4.0
2,53809577,18,120,15105,0.23250106573104856,0.7338223343890462,0.24544430484798788,False,0,False,0,rotator,pulsator,0.4.0
2,53867500,18,120,14832,12.3923252160743,,0.0034465260588776307,False,0,False,0,variable,variable,0.4.0
2,53868824,18,120,15104,4.203753715865425,0.5274337262186788,0.31960311474880815,False,2,False,0,rotator,pulsator,0.4.0
2,53871278,18,120,14876,11.83948201301801,,0.27183755628784223,True,4,False,0,flaring,flaring,0.4.0
2,53961302,18,120,15102,1.055268520116806,,0.03558357667963801,False,0,False,0,quiet,quiet,0.4.0
2,53964985,18,120,15057,6.087091755867004,,0.0032305403950162455,False,0,False,0,variable,variable,0.4.0
2,53968952,18,120,15106,11.05577473640442,0.8751474193285739,0.7049951006973814,False,0,False,0,rotator,pulsator,0.4.0
2,53974577,18,120,14868,2.844271874427795,2.3113973664346177,0.421037386366483,False,0,False,0,rotator,pulsator,0.4.0
2,54046409,18,120,14931,6.057841336727142,,0.005040534259776218,False,0,False,0,variable,variable,0.4.0
2,54124149,18,120,14919,24.608969700336452,,0.01995143708013745,False,0,False,0,variable,variable,0.4.0
2,54124314,18,120,14892,12.354237073659897,,0.0023808645120366096,False,0,False,0,variable,variable,0.4.0
2,54126818,18,120,15108,0.41003608703613276,,0.08696357613082839,False,0,False,0,quiet,quiet,0.4.0
2,54127064,18,120,15109,6.215934991836547,5.370223678461447,0.8646371964221676,False,0,False,0,rotator,rotator,0.4.0
2,54127687,18,120,15082,13.692996060848236,,0.0017044052077047499,False,0,False,0,variable,variable,0.4.0
2,54202213,18,120,15112,1.2809651076793669,8.438917874114589,0.16180807230628846,False,0,False,0,rotator,pulsator,0.4.0
2,54202777,18,120,15078,4.906956642866134,3.6898567546037953,0.16729286145508943,False,5,False,0,flaring,flaring,0.4.0
2,54262621,18,120,15107,0.6468672752380371,,0.07138342710255827,False,0,False,0,quiet,quiet,0.4.0
2,54272677,18,120,14881,2.6665601134300227,7.371491465012525,0.2433014546077298,False,0,False,0,rotator,pulsator,0.4.0
2,54365102,18,120,14939,8.352010917663574,,0.04604128970005142,False,0,False,0,variable,variable,0.4.0
2,54365761,18,120,15080,32.44847872708801,,0.001907684506856296,False,0,False,0,variable,variable,0.4.0
2,54459518,18,120,15108,1.2485774845732758,10.740462447946895,0.4547572218780984,False,0,False,0,rotator,rotator,0.4.0
2,54463463,18,120,14855,12.4810919880867,,0.0032035782346847203,False,0,False,0,variable,variable,0.4.0
2,54466185,18,120,14874,22.45782738500319,,0.006121619191348737,False,0,False,0,variable,variable,0.4.0
2,54469098,18,120,14813,2.13925724029541,,0.007129722909329148,False,0,False,0,quiet,quiet,0.4.0
2,54469882,18,120,14800,18.249345338344572,4.359557222529998,0.45242469634363014,False,0,False,0,rotator,pulsator,0.4.0
2,54527515,18,120,14796,12.917772353754778,0.30008028168742956,0.16522005920369018,False,0,False,0,rotator,pulsator,0.4.0
2,54527757,18,120,14824,3.596210682617981,,0.007087378406066509,False,0,False,0,quiet,quiet,0.4.0
2,54529331,18,120,14847,11.857642722129821,,0.0016430847541576599,False,0,False,0,variable,variable,0.4.0
2,54618468,18,120,15107,2.077044868469238,,0.02096764341815046,False,0,False,0,quiet,quiet,0.4.0
2,54629538,18,120,14884,5.916052094580294,,0.0020363144978413415,False,0,False,0,variable,variable,0.4.0
2,54630229,18,120,14862,12.997260647930522,,0.08330092378738276,False,0,False,0,variable,variable,0.4.0
2,54710093,18,120,15044,3.97098717862444,,0.008170498677670932,False,0,False,0,quiet,quiet,0.4.0
2,54796251,18,120,14818,6.256010903597202,,0.03628235826345595,False,0,False,0,variable,variable,0.4.0
2,54798080,18,120,14766,10.104341086874635,,0.0026923131810352966,False,0,False,0,variable,variable,0.4.0
2,54798119,18,120,14758,11.4585206526077,,0.0118559105756439,False,0,False,0,variable,variable,0.4.0
2,54990385,18,120,15056,5.428603845834732,,0.0032353947579115646,False,0,False,0,variable,variable,0.4.0
2,55000645,18,120,15065,3.6547117352485654,,0.044950838895007166,False,1,False,0,quiet,quiet,0.4.0
2,55001022,18,120,15101,2.3139644265174866,,0.016765449555927976,False,0,False,0,quiet,quiet,0.4.0
2,55001280,18,120,15094,5.833603199339103,,0.003304321957692322,False,0,False,0,variable,variable,0.4.0
2,55083482,18,120,14899,6.855114090442656,,0.0012443920906089565,False,0,False,0,variable,variable,0.4.0
2,5613228,18,120,14765,0.9747194051742554,,0.005707875576749746,False,0,False,0,quiet,quiet,0.4.0
2,5634829,18,120,14769,0.8314718842506408,,0.017292081096742132,False,1,False,0,quiet,quiet,0.4.0
2,5634949,18,120,14705,1.6797340393066407,,0.0035289083627595363,False,0,False,0,quiet,quiet,0.4.0
2,5638341,18,120,14757,1.2884323596954343,,0.0036806858205576157,False,0,False,0,quiet,quiet,0.4.0
2,5638536,18,120,14765,0.919488251209259,,0.003043643336738863,False,0,False,0,quiet,quiet,0.4.0
2,5642796,18,120,14761,6.44940812587738,,0.0014726715260872884,False,0,False,0,variable,variable,0.4.0
2,5645224,18,120,14766,0.8674384117126464,,0.0031601740910653683,False,0,False,0,quiet,quiet,0.4.0
2,5645557,18,120,14716,1.3681419610977172,,0.0022889274223352285,False,0,False,0,quiet,quiet,0.4.0
2,5645875,18,120,14764,0.41812192797660824,,0.008181046437228102,False,0,False,0,quiet,quiet,0.4.0
2,5646185,18,120,14703,2.659225416183472,5.379619888604608,0.33283596304367125,False,0,False,0,rotator,pulsator,0.4.0
2,5646420,18,120,14706,1.3468448281288148,,0.0086278538729389,False,0,False,0,quiet,quiet,0.4.0
2,5646504,18,120,14742,1.4261126228008454,,0.07745936869146514,False,0,False,0,quiet,quiet,0.4.0
2,5672399,18,120,14764,5.775676589479345,,0.00599117566868336,False,0,False,0,variable,variable,0.4.0
2,5672410,18,120,14769,0.812914216518402,,0.0012766058964611996,False,0,False,0,quiet,quiet,0.4.0
2,5673771,18,120,14765,1.6822967648506164,3.1258459669379595,0.46254411264037754,False,0,False,0,rotator,pulsator,0.4.0
2,5674169,18,120,14771,160.27250204086303,0.15900283742807567,0.9467734269714062,False,0,False,1,rotator,pulsator,0.4.0
2,5720689,18,120,14763,2.26182621717453,9.137081391081665,0.3096431744692281,False,0,False,0,rotator,rotator,0.4.0
2,5720866,18,120,14742,2.4072829842567445,9.125867271248772,0.40761617337477557,False,0,False,0,rotator,pulsator,0.4.0
2,5721576,18,120,14683,2.642346775531769,,0.017536094412401386,False,1,False,0,quiet,quiet,0.4.0
2,5722346,18,120,14765,0.6033893108367919,,0.0037299840993231517,False,0,False,0,quiet,quiet,0.4.0
2,5722370,18,120,14730,10.92657834668691,5.645050547039838,0.7882961726735783,False,0,False,0,rotator,rotator,0.4.0
2,5722472,18,120,14723,1.3331475019454957,,0.002424082851145723,False,0,False,2,quiet,quiet,0.4.0
2,5722534,18,120,14732,1.1120902981731207,,0.0019492367066426828,False,0,False,0,quiet,quiet,0.4.0
2,5722607,18,120,14721,1.1249481439590454,,0.007883274381678969,False,0,False,0,quiet,quiet,0.4.0
2,5722828,18,120,14770,2.1457966089248655,6.251687405932611,0.4221124008193711,False,0,False,0,rotator,pulsator,0.4.0
2,5734229,18,120,14759,0.6808012962341309,,0.06067968094868371,False,0,False,0,quiet,quiet,0.4.0
2,5734477,18,120,14685,6.8844528794288635,,0.001425616784422548,False,0,False,0,variable,variable,0.4.0
2,5734579,18,120,14768,0.7649293443602715,,0.049963054076224506,False,0,False,0,quiet,quiet,0.4.0
2,5735668,18,120,14766,0.5937569975852965,,0.010076633454874551,False,0,False,0,quiet,quiet,0.4.0
2,5735829,18,120,14730,2.3921717405319214,,0.006863446168927565,False,0,False,0,quiet,quiet,0.4.0
2,5736215,18,120,14761,1.913737392425537,,0.049388280135275055,False,1,False,0,quiet,quiet,0.4.0
2,5738018,18,120,14701,1.1245946645736693,,0.01190420071281526,False,0,False,0,quiet,quiet,0.4.0
2,5738204,18,120,14720,0.27359304428100584,,0.023618195903662327,False,4,False,0,flaring,flaring,0.4.0
2,61011554,18,120,14770,0.37203705310821533,,0.09596208740401493,False,0,False,0,quiet,quiet,0.4.0
2,61017000,18,120,14767,0.7894962072372437,4.2422366550775745,0.11509637805854955,False,0,False,0,rotator,rotator,0.4.0
2,61018588,18,120,14757,0.467829966545105,,0.022772406371439343,False,0,False,0,quiet,quiet,0.4.0
2,61044859,18,120,14771,0.7216281652450561,,0.0024374748366614695,False,0,False,1,quiet,quiet,0.4.0
2,61044958,18,120,14761,0.5772318363189697,,0.006328710203522318,False,0,False,0,quiet,quiet,0.4.0
2,61045650,18,120,14771,9.085127162933349,,0.06925793514318071,False,0,False,0,variable,variable,0.4.0
2,61085196,18,120,14756,4.006953823359196,,0.08773548021578222,False,8,False,0,flaring,flaring,0.4.0
2,61104869,18,120,14768,0.46261614561080927,,0.026012551525061444,False,0,False,0,quiet,quiet,0.4.0
2,63310637,18,120,14676,47.67531401963913,1.6422311263000704,0.5092079865058597,False,0,True,12,dipper,eclipsing,0.4.0
2,63313543,18,120,14743,1.4999897718429565,,0.008963411738867185,False,0,False,0,quiet,quiet,0.4.0
2,63345447,18,120,14818,1.206778693603199,,0.0797523421334833,False,11,False,0,flaring,flaring,0.4.0
2,63345936,18,120,14691,16.164523923397063,0.9095428077989535,0.21006727396718458,False,2,False,0,rotator,pulsator,0.4.0
2,63346293,18,120,14826,0.7887892014509915,,0.01263892072130909,False,0,False,0,quiet,quiet,0.4.0
2,63346698,18,120,14732,1.3324847678090563,,0.05877179307035917,False,0,False,0,quiet,quiet,0.4.0
2,63346806,18,120,14834,0.800233191265654,,0.01835964808407347,False,0,False,0,quiet,quiet,0.4.0
2,63346858,18,120,14749,1.5547790765762328,10.78637197926665,0.15121399889719014,False,0,False,0,rotator,rotator,0.4.0
2,63348652,18,120,14816,0.8520178989177316,,0.012883789489022295,False,0,False,0,quiet,quiet,0.4.0
2,63349323,18,120,14671,1.6991754055023192,,0.054566224048717284,False,0,False,0,quiet,quiet,0.4.0
2,63395521,18,120,14828,0.3062015175819397,,0.022225035057286794,False,0,False,0,quiet,quiet,0.4.0
2,63395663,18,120,14835,6.541931354999542,,0.0009018196576982154,False,0,False,0,variable,variable,0.4.0
2,63395907,18,120,14825,1.1126647353172303,2.2897472856735357,0.2725545316397953,False,0,False,0,rotator,pulsator,0.4.0
2,63396470,18,120,14823,0.6253050327301025,,0.0344193410015233,False,0,False,0,quiet,quiet,0.4.0
2,63397756,18,120,14748,0.9741008162498473,,0.00460318124102189,False,0,False,0,quiet,quiet,0.4.0
2,63398390,18,120,14809,0.16896314620971678,,0.09645815935740161,False,0,False,0,quiet,quiet,0.4.0
2,63399190,18,120,14831,1.6912221193313597,2.204946291209437,0.3128181134687718,False,0,False,0,rotator,pulsator,0.4.0
2,63399689,18,120,14823,29.959675526618955,,0.9228548584444164,True,6,False,1,flaring,eclipsing,0.4.0
2,63399993,18,120,14826,0.5263308048248291,,0.02018492018054385,False,0,False,0,quiet,quiet,0.4.0
2,63402741,18,120,14829,0.6352024555206298,,0.015183890294694843,False,1,False,0,quiet,quiet,0.4.0
2,63403396,18,120,14829,0.3556002616882324,,0.03674960083708999,False,0,False,0,quiet,quiet,0.4.0
2,63462720,18,120,14828,0.9298275232315063,,0.09252883392048486,False,0,False,0,quiet,quiet,0.4.0
2,63462780,18,120,14829,0.5271261334419249,,0.03676625980931787,False,0,False,0,quiet,quiet,0.4.0
2,63462893,18,120,14826,0.707798263198189,,0.012108014679310901,False,0,False,0,quiet,quiet,0.4.0
2,63463579,18,120,14755,0.36832551956176757,,0.015391706513343349,False,0,False,0,quiet,quiet,0.4.0
2,63464208,18,120,14691,1.9918563365936277,,0.012349571888097075,False,0,False,0,quiet,quiet,0.4.0
2,63465383,18,120,14663,1.084032905101776,,0.005719775810590687,False,0,False,0,quiet,quiet,0.4.0
2,63468501,18,120,14766,0.5960104109045741,,0.0458598454002672,False,0,False,0,quiet,quiet,0.4.0
2,63468694,18,120,14767,0.6949404716491699,,0.00503143191813789,False,0,False,0,quiet,quiet,0.4.0
2,63468990,18,120,14764,0.5341073513031006,,0.009546978957229063,False,0,False,0,quiet,quiet,0.4.0
2,63469042,18,120,14690,1.965654618571561,,0.02194408205013426,False,0,False,0,quiet,quiet,0.4.0
2,63471118,18,120,14829,0.6940567731857299,,0.01653515152543454,False,0,False,0,quiet,quiet,0.4.0
2,63471598,18,120,14828,0.525933109168225,,0.009184211151697031,False,0,False,0,quiet,quiet,0.4.0
2,63472088,18,120,14653,171.00890815258023,,0.00104744049504661,False,0,False,0,variable,variable,0.4.0
2,63472749,18,120,14649,142.77898399829863,,0.0014490551698855714,False,0,False,0,variable,variable,0.4.0
2,63473438,18,120,14571,2.4515562772750856,5.8720979371250905,0.25885776133321,False,0,False,0,rotator,pulsator,0.4.0
2,63505607,18,120,14695,46.60652207136154,,0.001799923407190855,False,0,False,0,variable,variable,0.4.0
2,63506391,18,120,14832,1.6798223090277726,3.218026752582269,0.37081088898266545,False,0,False,0,rotator,pulsator,0.4.0
2,63508170,18,120,14826,0.3139338791370392,,0.021956430731004034,False,0,False,0,quiet,quiet,0.4.0
2,63508650,18,120,14733,1.5858852624893187,1.3166421538929476,0.3645089406734573,False,0,False,0,rotator,pulsator,0.4.0
2,63508701,18,120,14827,0.6139936923980712,,0.032820088665157794,False,0,False,0,quiet,quiet,0.4.0
2,63509175,18,120,14646,2.1112439360843913,,0.005885616447075293,False,0,False,0,quiet,quiet,0.4.0
2,63511043,18,120,14681,1.143947660923004,,0.06935394830641509,False,0,False,0,quiet,quiet,0.4.0
2,63559513,18,120,14825,0.4991128921508789,,0.0074849287768310015,False,0,False,0,quiet,quiet,0.4.0
2,63560075,18,120,14632,1.5588882744312287,,0.009093890936364219,False,0,False,0,quiet,quiet,0.4.0
2,63560810,18,120,14828,0.3580745960429551,,0.013531917988047074,False,0,False,0,quiet,quiet,0.4.0
2,63561650,18,120,14829,0.5606183052062989,,0.029747765839604725,False,0,False,0,quiet,quiet,0.4.0
2,63562824,18,120,14655,0.9535106420516967,,0.014736406613432184,False,0,False,0,quiet,quiet,0.4.0
2,63583853,18,120,14638,19.719863766431807,,0.0014814850027960469,False,0,False,0,variable,variable,0.4.0
2,63584244,18,120,14641,1.1261853218078612,,0.04417639760075746,False,0,False,0,quiet,quiet,0.4.0
2,63584475,18,120,14744,0.15208450555801392,6.266700936674672,0.18640614595384639,False,6,False,0,flaring,eclipsing,0.4.0
2,63585149,18,120,14631,2.5732415556907653,,0.003947180340736697,False,0,False,0,quiet,quiet,0.4.0
2,63587217,18,120,14745,0.9860307455062867,,0.007549661102857355,False,0,False,0,quiet,quiet,0.4.0
2,63587384,18,120,14696,1.3904111623764037,,0.0024809649669855077,False,0,False,0,quiet,quiet,0.4.0
2,63587453,18,120,14758,2.697887063152369,2.047969718586626,0.23515916436360648,False,0,False,0,rotator,pulsator,0.4.0
2,63588369,18,120,14685,3.904179811477661,5.373318573040044,0.5735971150875573,False,0,False,0,rotator,pulsator,0.4.0
2,63588946,18,120,14617,3.2032301902770994,6.925936724946549,0.14042371086140368,False,0,False,2,rotator,eclipsing,0.4.0
2,63589034,18,120,14622,7.146778555310411,,0.020998803769873058,False,8,False,0,flaring,flaring,0.4.0
2,63623869,18,120,14600,50.78583988589525,0.38115126134216615,0.24832067217609874,False,0,True,12,dipper,eclipsing,0.4.0
2,63624467,18,120,14834,0.526861023902893,,0.004545077501211004,False,0,False,0,quiet,quiet,0.4.0
2,63624817,18,120,14828,0.5896036148071289,,0.06252461353509495,False,0,False,0,quiet,quiet,0.4.0
2,63625365,18,120,14827,3.378202486038208,0.4119975015496682,0.13975036537462596,False,0,False,0,rotator,pulsator,0.4.0
2,63626283,18,120,14766,0.23581492091328377,,0.09010617022139189,False,2,False,0,quiet,quiet,0.4.0
2,63627476,18,120,14768,1.1582635069928464,9.137109124076932,0.34908990048160043,False,0,False,0,rotator,rotator,0.4.0
2,63628426,18,120,14829,1.9775404214859007,,0.672913652055042,True,0,False,0,quiet,quiet,0.4.0
2,63673019,18,120,14615,0.979137897491455,,0.011728462034226044,False,0,False,0,quiet,quiet,0.4.0
2,63674424,18,120,14764,0.903758418560028,,0.09932047183565773,False,0,False,0,quiet,quiet,0.4.0
2,63674732,18,120,14731,10.289254689216614,6.987195651986706,0.6258763727581242,False,2,False,0,rotator,pulsator,0.4.0
2,63675273,18,120,14641,164.56904397010803,,0.0014735191912859172,False,0,False,0,variable,variable,0.4.0
2,63678152,18,120,14600,2.0240229606628417,10.692371360644303,0.11753004370558065,False,0,False,0,rotator,rotator,0.4.0
2,63689221,18,120,14822,0.3962062178911631,,0.020025411208742874,False,0,False,0,quiet,quiet,0.4.0
2,63690222,18,120,14662,1.2468984575928175,,0.03498447663781393,False,1,False,0,quiet,quiet,0.4.0
2,63690702,18,120,14762,2.2901044997541753,,0.058883325535991925,False,0,False,0,quiet,quiet,0.4.0
2,63692303,18,120,14828,0.6916266230233498,,0.005533534355798511,False,0,False,0,quiet,quiet,0.4.0
2,63692397,18,120,14824,0.5427233951472223,,0.029265518350887684,False,0,False,0,quiet,quiet,0.4.0
2,63693177,18,120,14574,1.9398948669433593,10.67723350041557,0.25703044255341684,False,0,False,0,rotator,rotator,0.4.0
2,63694261,18,120,14827,0.4559884071350097,,0.02225866901908934,False,0,False,0,quiet,quiet,0.4.0
2,63715238,18,120,14827,0.5148427248001098,7.937821647924921,0.10749045581803296,False,0,False,0,rotator,pulsator,0.4.0
2,63715839,18,120,14625,22.894506311416624,0.24760278793376111,0.936269803830459,False,0,False,0,rotator,pulsator,0.4.0
2,63715947,18,120,14765,0.6770897626876831,,0.006374001583818123,False,0,False,0,quiet,quiet,0.4.0
2,63716659,18,120,14644,3.4421821522062372,,0.0036337518993159877,False,0,False,0,quiet,quiet,0.4.0
2,63717991,18,120,14564,6.868546716484231,6.17789603162512,0.7913631482247769,False,3,False,0,flaring,flaring,0.4.0
2,63719032,18,120,14527,80.01023561954499,,0.005032305056857601,False,0,False,0,variable,variable,0.4.0
2,63719320,18,120,14830,0.6389139890670775,,0.0044669936416430545,False,0,False,0,quiet,quiet,0.4.0
2,63719894,18,120,14572,13.382949657264371,,0.0014064113457564682,False,0,False,0,variable,variable,0.4.0
2,63720038,18,120,14766,0.3651883682496328,,0.08458226985331506,False,21,False,0,flaring,eclipsing,0.4.0
2,63777485,18,120,14768,0.7956820727681495,,0.02093443423399183,False,0,False,0,quiet,quiet,0.4.0
2,63777591,18,120,14636,6.989435840282687,1.26782303581764,0.3885577189998811,False,3,False,0,flaring,flaring,0.4.0
2,63778098,18,120,14669,2.3155550837516783,9.842405370249216,0.12743415123962848,False,0,False,0,rotator,pulsator,0.4.0
2,63779009,18,120,14759,2.546112012863159,0.7155575111253336,0.4382885722530812,False,0,False,0,rotator,pulsator,0.4.0
2,63780571,18,120,14831,1.4120617747306823,1.777126772828843,0.28411986195370453,False,0,False,0,rotator,pulsator,0.4.0
2,63781396,18,120,14765,0.7617480754852294,,0.004821986157916887,False,0,False,0,quiet,quiet,0.4.0
2,63781635,18,120,14532,6.711203795671462,0.275812915900427,0.5543654029817912,False,3,False,0,flaring,flaring,0.4.0
2,63781884,18,120,14825,0.7891427278518676,,0.0423174938171234,False,0,False,0,quiet,quiet,0.4.0
2,63782132,18,120,14804,0.135382604598999,,0.09380335542073562,False,4,False,0,flaring,flaring,0.4.0
2,63783296,18,120,14610,1.437777485715001,,0.015948027537632394,False,0,False,0,quiet,quiet,0.4.0
2,63783396,18,120,14761,0.44043531417846676,,0.027759998647478176,False,0,False,0,quiet,quiet,0.4.0
2,63789265,18,120,14765,0.6961776494979858,,0.05984949491318097,False,3,False,0,flaring,flaring,0.4.0
2,63789424,18,120,14577,2.2836535692214963,,0.00349293601224665,False,0,False,0,quiet,quiet,0.4.0
2,63789968,18,120,14533,3.2493592500686646,,0.025389446649470872,False,0,False,0,quiet,quiet,0.4.0
2,63791394,18,120,14673,0.8166257500648498,,0.004824502743028038,False,0,False,0,quiet,quiet,0.4.0
2,63791778,18,120,14732,14.020229184024656,,0.8945890212618567,True,6,False,0,flaring,eclipsing,0.4.0
2,63792511,18,120,14828,0.3853808769356682,,0.05387663092714018,False,0,False,0,quiet,quiet,0.4.0
2,65084033,18,120,14686,0.4041152952875109,,0.012183869548717597,False,0,False,0,quiet,quiet,0.4.0
2,65158967,18,120,14593,9.713613510131836,,0.0028936585133421534,False,0,False,0,variable,variable,0.4.0
2,65160210,18,120,14687,0.980905294418335,1.3903792755029774,0.15898946968302685,False,0,False,0,rotator,pulsator,0.4.0
2,65161419,18,120,14693,0.8345648288726807,,0.0794175021658761,False,1,False,0,quiet,quiet,0.4.0
2,65165118,18,120,14676,0.2398357629776001,3.1100588141298675,0.24658284514346812,False,3,False,0,flaring,flaring,0.4.0
2,65166720,18,120,14695,21.056590247154233,0.20167610001423064,0.582391649672085,False,0,False,0,rotator,pulsator,0.4.0
2,65198269,18,120,14681,0.9256741404533385,,0.2014774758113014,True,0,False,0,quiet,quiet,0.4.0
2,65198912,18,120,14369,1.1867186665534972,,0.020754463865033355,False,0,False,0,quiet,quiet,0.4.0
2,65200051,18,120,14621,0.7362975597381591,7.878810616867062,0.37558915199833653,False,0,False,0,rotator,rotator,0.4.0
2,65200579,18,120,14695,0.7679339647293091,1.9697031055977736,0.14589647873421313,False,0,True,5,dipper,dipper,0.4.0
2,65203528,18,120,14671,12.487012767791747,3.193927717389744,0.7978665259906876,False,0,False,0,rotator,pulsator,0.4.0
2,65205162,18,120,14687,0.4203753590583801,,0.017774614751845576,False,0,False,0,quiet,quiet,0.4.0
2,65276727,18,120,15272,3.7174099196547314,6.588983382595694,0.20798799372905835,False,2,False,0,rotator,eclipsing,0.4.0
2,65281139,18,120,14684,0.5646391163873936,,0.017481361052361248,False,0,False,0,quiet,quiet,0.4.0
2,65284026,18,120,14398,2.846216011047363,11.661969080393874,0.5545569178871421,False,0,False,0,rotator,rotator,0.4.0
2,65284293,18,120,14688,0.5449326249997243,,0.055224592357498783,False,0,False,0,quiet,quiet,0.4.0
2,65286724,18,120,14684,0.2699257117465563,,0.08126762290666957,False,0,False,0,quiet,quiet,0.4.0
2,65288221,18,120,14692,2.332080106015199,6.951490038747632,0.45528975680426903,False,7,False,0,flaring,flaring,0.4.0
2,65436476,18,120,14369,10.370289838314056,,0.014310829713707828,False,0,False,0,variable,variable,0.4.0
2,65438842,18,120,14423,1.6337817192077635,,0.019352172842884412,False,0,False,0,quiet,quiet,0.4.0
2,65444381,18,120,14675,1.0931349992752075,9.090956935091736,0.4263907507505657,False,4,False,0,flaring,flaring,0.4.0
2,65444501,18,120,14691,0.5897803544998169,,0.01114403691559186,False,0,False,0,quiet,quiet,0.4.0
2,65445866,18,120,14581,6.808101332187652,,0.0011243310497200563,False,0,False,0,variable,variable,0.4.0
2,65495369,18,120,14694,0.723837411403656,,0.02575315225747123,False,0,False,0,quiet,quiet,0.4.0
2,65569150,18,120,14693,0.3819344758987427,,0.035752674717259174,False,2,False,0,quiet,quiet,0.4.0
2,65577318,18,120,14678,0.192204404341912,,0.04352647968942316,False,0,False,0,quiet,quiet,0.4.0
2,65577518,18,120,14680,0.43946324586868285,,0.014522215369809239,False,0,False,0,quiet,quiet,0.4.0
2,65640473,18,120,14386,1.1349780876941058,,0.002713525023071791,False,0,False,0,quiet,quiet,0.4.0
2,65643204,18,120,14572,5.496294984331876,,0.002456857468345847,False,0,False,0,variable,variable,0.4.0
2,65644951,18,120,14551,5.217178988456726,,0.0274321143872341,False,7,False,0,flaring,flaring,0.4.0
2,65647973,18,120,14688,1.1662168622016906,11.818254533743584,0.45881479255331903,False,2,False,0,rotator,rotator,0.4.0
2,65689772,18,120,14691,0.7058099627494813,,0.0693564368626224,False,0,False,0,quiet,quiet,0.4.0
2,65691243,18,120,14686,0.5175821900367736,,0.010222701964298784,False,0,False,0,quiet,quiet,0.4.0
2,65693214,18,120,14689,0.8238720774650573,,0.03889028358717381,False,0,False,0,quiet,quiet,0.4.0
2,65696745,18,120,14690,0.4146313190460205,,0.04586350540753397,False,0,False,0,quiet,quiet,0.4.0
2,65697559,18,120,14638,3.0970537275953967,1.5970610956910727,0.8061483341791288,False,0,False,0,rotator,pulsator,0.4.0
2,65747160,18,120,14693,2.450584208965301,5.371934037934186,0.5748745464966755,False,0,False,0,rotator,pulsator,0.4.0
2,67389501,18,120,14815,0.694233512878418,1.6770043440195124,0.15820661665672867,False,0,False,0,rotator,pulsator,0.4.0
2,67389532,18,120,14833,1.1359060049057006,5.953364744430587,0.5490541559193534,False,11,False,0,flaring,flaring,0.4.0
2,67389574,18,120,14553,2.8111331820487973,,0.03918677799404737,False,0,False,0,quiet,quiet,0.4.0
2,67390562,18,120,14832,1.314368870426152,2.0888967858209786,0.30591287011119483,False,0,False,0,rotator,rotator,0.4.0
2,67390812,18,120,14668,1.973210181402553,,0.0061362298272725525,False,0,False,0,quiet,quiet,0.4.0
2,67390998,18,120,14663,4.649491095542907,,0.002955703075202352,False,0,False,0,quiet,quiet,0.4.0
2,67391132,18,120,14665,145.87617037296295,,0.004237667090600761,False,0,False,0,variable,variable,0.4.0
2,67418560,18,120,14808,0.5930942590888892,3.133341312884986,0.2329279015853628,False,8,False,0,flaring,flaring,0.4.0
2,67418624,18,120,14829,0.5372002959251403,,0.014291520526704692,False,0,False,0,quiet,quiet,0.4.0
2,67420118,18,120,14828,0.543651294708252,,0.020056416614929937,False,0,False,0,quiet,quiet,0.4.0
2,67421559,18,120,14591,2.874671101570129,,0.001151631430026157,False,0,False,0,quiet,quiet,0.4.0
2,67422395,18,120,14620,1.2107994135976012,,0.021012915647086752,False,0,False,0,quiet,quiet,0.4.0
2,67423472,18,120,14467,50.11065158843994,0.19356575024228206,0.9669260633141101,False,0,False,0,rotator,pulsator,0.4.0
2,67423996,18,120,14828,0.6404604613780975,,0.002195411877678865,False,0,False,0,quiet,quiet,0.4.0
2,67424187,18,120,14826,0.5396746516227722,,0.016171351494101257,False,0,False,0,quiet,quiet,0.4.0
2,67425010,18,120,14748,4.316557699441909,10.82427436273747,0.7936471131348264,False,3,False,0,flaring,flaring,0.4.0
2,67425026,18,120,14827,0.5624740719795227,2.33464754259513,0.13798044909107768,False,0,False,0,rotator,pulsator,0.4.0
2,67460953,18,120,14829,0.6309607028961182,,0.08593785732030132,False,0,False,0,quiet,quiet,0.4.0
2,67462185,18,120,14828,1.4179383695125578,,0.08089484612610806,False,11,False,0,flaring,flaring,0.4.0
2,67462520,18,120,14668,1.2527309417724608,,0.010591960936692598,False,0,False,0,quiet,quiet,0.4.0
2,67464277,18,120,14540,2.440510191947829,,0.061585692284523895,False,2,False,0,quiet,quiet,0.4.0
2,67465915,18,120,14550,1.1379826962947845,,0.02430002821998928,False,0,False,0,quiet,quiet,0.4.0
2,67466087,18,120,14809,0.9610220789909363,,0.01900369292459095,False,0,False,0,quiet,quiet,0.4.0
2,67466573,18,120,14707,0.949357259273529,,0.0019185595085816237,False,0,False,0,quiet,quiet,0.4.0
2,67466616,18,120,14823,0.513252067565918,,0.05000716927729858,False,0,False,0,quiet,quiet,0.4.0
2,67467015,18,120,14816,0.9231114149093628,,0.011751618964893386,False,0,False,0,quiet,quiet,0.4.0
2,67515442,18,120,14832,1.4077758371829985,11.906711496873186,0.4924685679850788,False,0,False,0,rotator,pulsator,0.4.0
2,67515586,18,120,14826,0.5059615401637095,,0.04234184943788864,False,0,False,0,quiet,quiet,0.4.0
2,67515633,18,120,14688,2.623347102204138,,0.035961342585636755,False,0,False,0,quiet,quiet,0.4.0
2,67515842,18,120,14827,0.6124030351638794,3.1333467474585657,0.1075208055304371,False,0,False,0,rotator,pulsator,0.4.0
2,67516879,18,120,14447,25.982413852214812,,0.05033238239723406,False,0,False,0,variable,variable,0.4.0
2,67516961,18,120,14468,1.850464582443237,,0.004921795585848804,False,0,False,0,quiet,quiet,0.4.0
2,67517270,18,120,14828,0.2621933341026306,,0.021927868612209345,False,3,False,0,flaring,flaring,0.4.0
2,67517415,18,120,14513,1.6615298509597778,,0.0036641937013870214,False,0,False,0,quiet,quiet,0.4.0
2,67517644,18,120,14784,13.585670882463454,8.504820188969363,0.6060655570943894,False,23,False,0,flaring,flaring,0.4.0
2,67518487,18,120,14590,1.1728003458499703,,0.012883682346546358,False,0,False,0,quiet,quiet,0.4.0
2,67518579,18,120,14820,0.33956112445708736,,0.010455578922592692,False,0,False,0,quiet,quiet,0.4.0
2,67518721,18,120,14832,0.4254124149434319,,0.025796307798381216,False,0,False,0,quiet,quiet,0.4.0
2,67519099,18,120,14826,1.6337375829737657,,0.05290116263126969,False,0,False,0,quiet,quiet,0.4.0
2,67519597,18,120,14827,0.5600880861282348,,0.0024433529916284497,False,0,False,0,quiet,quiet,0.4.0
2,67519898,18,120,14834,2.682113046520171,0.5616378960886893,0.141666824121607,False,0,False,0,rotator,pulsator,0.4.0
2,67520261,18,120,14828,0.5502790659832398,,0.01516332173654219,False,0,False,0,quiet,quiet,0.4.0
2,67520281,18,120,14832,5.480918631526273,0.7172720089512362,0.6152324814159209,False,0,False,0,rotator,pulsator,0.4.0
2,67521196,18,120,14832,1.4729043261465833,2.3813398775634145,0.5271580384331325,False,0,False,0,rotator,pulsator,0.4.0
2,67568168,18,120,14678,12.941145022477356,0.7118748761027781,0.6986824817822553,False,1,False,0,rotator,pulsator,0.4.0
2,67568639,18,120,14825,0.44405847787857056,,0.008852241370002865,False,0,False,0,quiet,quiet,0.4.0
2,67568990,18,120,14829,0.5322515845298768,,0.03414710564673541,False,0,False,0,quiet,quiet,0.4.0
2,67569102,18,120,14826,0.523635508905783,,0.032350974089249016,False,0,False,0,quiet,quiet,0.4.0
2,67569253,18,120,14833,0.5938453674316406,,0.020665723324990566,False,0,False,0,quiet,quiet,0.4.0
2,67569718,18,120,14828,0.6141262288651995,,0.04179257794489657,False,0,False,0,quiet,quiet,0.4.0
2,67570697,18,120,14519,7.353961873054503,0.48572854102323415,0.39682075618305435,False,1,False,0,rotator,pulsator,0.4.0
2,67571225,18,120,14831,0.7140283584594727,,0.014060066048836443,False,0,False,0,quiet,quiet,0.4.0
2,67571426,18,120,14687,0.5561114430427552,,0.07125927627090471,False,0,False,0,quiet,quiet,0.4.0
2,67575028,18,120,14828,0.29502274081178725,,0.04105810621533658,False,3,False,0,flaring,flaring,0.4.0
2,67575336,18,120,14643,1.448381781578064,,0.010477654255823522,False,0,False,0,quiet,quiet,0.4.0
2,67631567,18,120,14665,1.0273878335952757,,0.026450722756039758,False,0,False,0,quiet,quiet,0.4.0
2,67631616,18,120,14831,0.8928889274597168,,0.03750544930635301,False,0,False,0,quiet,quiet,0.4.0
2,67631662,18,120,14831,0.47569488286972045,,0.08635696287994438,False,0,False,0,quiet,quiet,0.4.0
2,67632530,18,120,14830,1.3705278652591784,0.8099940284405174,0.2579225411116767,False,0,False,0,rotator,pulsator,0.4.0
2,67634904,18,120,14692,1.037461934240941,6.220025448524691,0.10889287607260656,False,0,False,0,rotator,pulsator,0.4.0
2,67635138,18,120,14623,3.388806867599487,,0.0032610006476739744,False,0,False,0,quiet,quiet,0.4.0
2,67657256,18,120,14614,1.3192733967520773,,0.006145924857357798,False,0,False,0,quiet,quiet,0.4.0
2,67657786,18,120,14631,261.5712103843689,,0.0010845934570853622,False,0,False,0,variable,variable,0.4.0
2,67658062,18,120,14825,1.1350223064422607,7.441820877717334,0.2717408921658056,False,0,False,0,rotator,rotator,0.4.0
2,67661640,18,120,14687,1.371411645412445,1.3903600716040967,0.216595375537769,False,0,False,0,rotator,pulsator,0.4.0
2,67663211,18,120,14693,6.369168305397034,,0.5136576709911612,True,0,False,0,variable,variable,0.4.0
2,67709362,18,120,14827,0.5639763593673706,,0.019651482032955216,False,0,False,0,quiet,quiet,0.4.0
2,67709558,18,120,14614,2.1260017633438113,,0.027836118686883925,False,0,False,0,quiet,quiet,0.4.0
2,67712325,18,120,14683,0.6618901491165161,,0.03265587184745832,False,0,False,0,quiet,quiet,0.4.0
2,67712703,18,120,14692,1.2331128358840941,,0.4454116832184436,True,0,False,0,quiet,quiet,0.4.0
2,67714989,18,120,14654,3.240478177084868,,0.00447890877448458,False,0,False,0,quiet,quiet,0.4.0
2,67715652,18,120,14692,0.7963890552520752,,0.06391148153165825,False,0,False,0,quiet,quiet,0.4.0
2,67765983,18,120,14645,1.4363634824752807,,0.015716060895644042,False,0,False,0,quiet,quiet,0.4.0
2,67766013,18,120,14688,0.7120842218399047,,0.03162580932939623,False,0,False,0,quiet,quiet,0.4.0
2,67955656,18,120,14645,3.0869354724884035,,0.0034864839175486307,False,0,False,0,quiet,quiet,0.4.0
2,67955828,18,120,14624,1.1944951418343102,,0.041171495225502085,False,0,False,0,quiet,quiet,0.4.0
2,67995718,18,120,14831,0.4804668545722961,,0.014908505653788427,False,0,False,0,quiet,quiet,0.4.0
2,67995908,18,120,14832,1.2132737330631178,1.5265064215495785,0.14054411606740583,False,0,False,0,rotator,pulsator,0.4.0
2,67996221,18,120,14438,6.342436426877975,,0.06268406481524066,False,0,False,0,variable,variable,0.4.0
2,68000319,18,120,14618,23.665399255430742,,0.001331886166676375,False,0,False,0,variable,variable,0.4.0
2,68001241,18,120,14639,24.907659780979156,,0.002842926161772849,False,0,False,0,variable,variable,0.4.0
2,68038052,18,120,14690,6.020328157534356,7.386292561020298,0.8005683257823316,False,11,False,0,flaring,flaring,0.4.0
2,68038123,18,120,14692,1.0531918915028506,,0.02753886943559444,False,2,False,0,quiet,quiet,0.4.0
2,68038159,18,120,14608,2.1369153756822534,,0.03319597745154959,False,0,False,0,quiet,quiet,0.4.0
2,68038256,18,120,14689,0.4645602822303772,,0.005153501259088095,False,1,False,0,quiet,quiet,0.4.0
2,68040412,18,120,14680,0.48325051913411965,3.376586009431126,0.11426854416174316,False,0,False,0,rotator,pulsator,0.4.0
2,68041337,18,120,14594,1.2423032628803472,,0.005098957572284199,False,0,False,0,quiet,quiet,0.4.0
2,68043217,18,120,14666,2.481425285339355,,0.014927220289421523,False,0,False,0,quiet,quiet,0.4.0
2,68043999,18,120,14612,1.5008733808473718,,0.007405382284160093,False,0,False,0,quiet,quiet,0.4.0
2,68044307,18,120,14688,0.5068894688421169,,0.039215522592588536,False,0,False,0,quiet,quiet,0.4.0
2,68044742,18,120,14674,1.1259643300792974,,0.021520206253393077,False,0,False,0,quiet,quiet,0.4.0
2,68044751,18,120,14634,1.3652700224679721,,0.006027132572983975,False,0,False,0,quiet,quiet,0.4.0
2,68044886,18,120,14691,0.7431904077529907,,0.020279783951576792,False,0,False,0,quiet,quiet,0.4.0
2,68045458,18,120,14669,1.1483661532402039,,0.03892000360213146,False,0,False,0,quiet,quiet,0.4.0
2,68091455,18,120,14600,2.0965745420284705,,0.010670952135304234,False,0,False,0,quiet,quiet,0.4.0
2,68091664,18,120,14695,2.515359306335449,14.772585832756135,0.28350173903319403,False,1,False,0,rotator,pulsator,0.4.0
2,68095631,18,120,14684,1.0283157169818877,,0.09772303999872713,False,0,False,0,quiet,quiet,0.4.0
2,68097096,18,120,14683,0.8449924707412719,,0.06154143037385957,False,0,False,0,quiet,quiet,0.4.0
2,68098259,18,120,14620,1.7674410591292065,,0.06294897613593992,False,12,False,0,flaring,flaring,0.4.0
2,68098581,18,120,14619,1.1047998189926147,,0.01340949298042727,False,0,False,0,quiet,quiet,0.4.0
2,68098863,18,120,14625,0.9176324844360351,2.3636117780223684,0.3989174127494825,False,8,False,0,flaring,flaring,0.4.0
2,68152902,18,120,14690,0.5355212369250514,,0.051304136806208385,False,0,False,0,quiet,quiet,0.4.0
2,68153733,18,120,14692,0.797228568792343,,0.025819157633945305,False,0,False,0,quiet,quiet,0.4.0
2,68153815,18,120,14575,102.9740238904953,,0.0017896212801780493,False,0,False,0,variable,variable,0.4.0
2,68155805,18,120,14625,3.221699488162994,11.779871965441544,0.175812765458471,False,0,False,0,rotator,rotator,0.4.0
2,68155828,18,120,14689,0.5867757797241211,0.6753180393847028,0.21347830423244163,False,0,False,0,rotator,pulsator,0.4.0
2,68157625,18,120,14584,7.934418735836819,,0.0018434364286495674,False,0,False,0,variable,variable,0.4.0
2,71743119,18,120,15151,0.4577558040618896,,0.029869767665995525,False,0,False,0,quiet,quiet,0.4.0
2,71747132,18,120,15031,6.458156740665435,,0.05783166973596331,False,3,False,0,flaring,flaring,0.4.0
2,71749279,18,120,15111,12.799488544464111,,0.011322826924169681,False,0,False,0,variable,variable,0.4.0
2,71751168,18,120,15103,0.7908217549324035,,0.0881286650954096,False,2,False,0,quiet,quiet,0.4.0
2,71843224,18,120,15099,16.375639486312867,,0.009645122035759722,False,0,False,0,variable,variable,0.4.0
2,71847068,18,120,15101,1.761564517021179,1.298222088140232,0.17860390362088452,False,2,True,12,dipper,eclipsing,0.4.0
2,71853881,18,120,15039,5.372179698944091,,0.004429272898532994,False,0,False,0,variable,variable,0.4.0
2,71926656,18,120,14900,2.6275006413459776,,0.003986072733800148,False,0,False,0,quiet,quiet,0.4.0
2,71932414,18,120,15107,0.7465484619140624,,0.038909767390839,False,0,False,0,quiet,quiet,0.4.0
2,71932456,18,120,15059,4.684662294387817,,0.02948580386390621,False,0,False,0,quiet,quiet,0.4.0
2,71934863,18,120,15109,8.023805308341979,,0.011816728673074622,False,0,False,0,variable,variable,0.4.0
2,71974442,18,120,15072,3.4624633409061034,,0.00395175254946741,False,0,False,0,quiet,quiet,0.4.0
2,71975430,18,120,15106,0.9609778940677642,4.544047142005813,0.2033739118742651,False,0,False,0,rotator,rotator,0.4.0
2,71978849,18,120,14883,5.962932121753692,,0.03354262912996556,False,0,False,0,variable,variable,0.4.0
2,71979583,18,120,15141,2.7345165252685546,9.854095875718372,0.1471453996217278,False,19,False,0,flaring,eclipsing,0.4.0
2,72032287,18,120,15060,551.187442351136,,0.00848159820016193,False,0,False,0,variable,variable,0.4.0
2,72084445,18,120,15062,9.792749291226226,,0.04749517639206913,False,0,False,0,variable,variable,0.4.0
2,73446226,18,120,14826,0.4297425371561922,,0.06150373333799814,False,0,False,0,quiet,quiet,0.4.0
2,73446268,18,120,14826,1.1180553625855065,2.4805869085431693,0.19194081863809015,False,0,False,0,rotator,rotator,0.4.0
2,73446697,18,120,14731,0.827848720550537,,0.00230323864190058,False,0,False,0,quiet,quiet,0.4.0
2,73447367,18,120,14597,1.4075549125671385,,0.006073303166683476,False,0,False,0,quiet,quiet,0.4.0
2,73448830,18,120,14600,1.0520430834319046,,0.020581186433828946,False,0,False,0,quiet,quiet,0.4.0
2,73449052,18,120,14735,0.7656363487243653,,0.009794427192737234,False,0,False,0,quiet,quiet,0.4.0
2,73486289,18,120,14644,168.00844758178138,,0.001313640682168722,False,0,False,0,variable,variable,0.4.0
2,73486617,18,120,14826,0.6650714437642263,,0.01817673307499197,False,0,False,0,quiet,quiet,0.4.0
2,73487584,18,120,14646,194.25261370100418,,0.0007280816563083241,False,0,False,0,variable,variable,0.4.0
2,73487688,18,120,14828,0.7678456406501316,,0.023193638363094633,False,0,False,1,quiet,quiet,0.4.0
2,73488496,18,120,14628,1.9088328659534453,10.710108028402331,0.38776432262702465,False,0,False,0,rotator,rotator,0.4.0
2,73489065,18,120,14760,0.37822294235229487,,0.041827644628283527,False,0,False,0,quiet,quiet,0.4.0
2,73490229,18,120,14621,10.576633429527282,,0.0008560864546518899,False,0,False,0,variable,variable,0.4.0
2,73491149,18,120,14624,4.566202515363693,,0.02877194688552632,False,0,False,2,quiet,quiet,0.4.0
2,73491278,18,120,14641,1.0219089031219484,,0.006188315634646925,False,0,False,0,quiet,quiet,0.4.0
2,73491618,18,120,14641,1.6450930595397948,,0.03229735323465298,False,0,False,0,quiet,quiet,0.4.0
2,73492470,18,120,14830,0.7792011433601719,0.6803902405444205,0.6561902501570841,False,0,False,0,rotator,pulsator,0.4.0
2,73521279,18,120,14660,2.724663206199908,,0.0024168948905725685,False,0,False,0,quiet,quiet,0.4.0
2,73521664,18,120,14833,0.7296698212623596,,0.036359685306007805,False,0,False,0,quiet,quiet,0.4.0
2,73523899,18,120,14629,8.155741488933563,1.2538273640680162,0.5818004859240684,False,1,False,0,rotator,pulsator,0.4.0
2,73524767,18,120,14615,1.1787653803825378,,0.002865662621399765,False,0,False,0,quiet,quiet,0.4.0
2,73525080,18,120,14640,1.2250270314522693,,0.005098619898598519,False,0,False,0,quiet,quiet,0.4.0
2,73525197,18,120,14762,1.1252574048859654,1.1998316775504527,0.1345061340708035,False,0,False,0,rotator,pulsator,0.4.0
2,73526172,18,120,14762,1.3166223406791686,4.399385094423754,0.2793333661891486,False,0,False,0,rotator,rotator,0.4.0
2,73526931,18,120,14645,0.948208451271057,,0.007913266461895649,False,0,False,0,quiet,quiet,0.4.0
2,73528879,18,120,14649,5.242717874050141,0.5869555025916988,0.15924647426833996,False,1,False,0,rotator,pulsator,0.4.0
2,73529146,18,120,14761,1.265456199645996,10.824392452746618,0.4971610071470203,False,6,False,0,flaring,eclipsing,0.4.0
2,73530061,18,120,14665,1.4360100030899048,,0.00958075362720665,False,2,False,0,quiet,quiet,0.4.0
2,73565512,18,120,14662,2.10006515085503,,0.005628130141866846,False,0,False,0,quiet,quiet,0.4.0
2,73565915,18,120,14682,0.9753821208845304,,0.0120768744392242,False,0,False,0,quiet,quiet,0.4.0
2,73566080,18,120,14830,0.6713457226753234,,0.005118929335521312,False,0,False,0,quiet,quiet,0.4.0
2,73566270,18,120,14830,0.7423508942127228,,0.013507019848657048,False,0,False,0,quiet,quiet,0.4.0
2,73568118,18,120,14758,0.364172158489952,,0.013544606479055227,False,0,False,0,quiet,quiet,0.4.0
2,73568841,18,120,14821,0.6732014894485473,,0.046607495081803924,False,0,False,0,quiet,quiet,0.4.0
2,73569030,18,120,14656,2.4090062680544335,,0.07223138787819194,False,0,False,0,quiet,quiet,0.4.0
2,73570422,18,120,14766,0.19335322380065917,,0.03662420477783723,False,2,False,0,quiet,quiet,0.4.0
2,73570664,18,120,14665,1.6080660939216613,,0.0034628649238491347,False,0,False,0,quiet,quiet,0.4.0
2,73570841,18,120,14660,1.1260085821151733,,0.001864515845151076,False,0,False,0,quiet,quiet,0.4.0
2,73621159,18,120,14714,0.8622688013991355,,0.06875110728653278,False,0,False,0,quiet,quiet,0.4.0
2,73624083,18,120,14661,16.257754111289977,,0.0044563903505933046,False,1,False,1,variable,variable,0.4.0
2,73626552,18,120,14761,0.2776580572128296,,0.010051927773823105,False,0,False,0,quiet,quiet,0.4.0
2,73626744,18,120,14724,5.133802038431167,6.9684682565886815,0.6679486368946116,False,2,False,0,rotator,rotator,0.4.0
2,73639278,18,120,14826,0.5986615418988926,,0.026683321407142007,False,0,False,0,quiet,quiet,0.4.0
2,73641411,18,120,14677,1.3502912521362302,,0.0027318858427960555,False,0,False,0,quiet,quiet,0.4.0
2,73641828,18,120,14675,4.198097920417785,,0.016089353323592254,False,3,False,0,flaring,flaring,0.4.0
2,73690810,18,120,14766,0.5065801592642116,,0.04889974313123848,False,0,False,0,quiet,quiet,0.4.0
2,73693127,18,120,14656,3.867948059202788,,0.0044264326285809105,False,0,False,0,quiet,quiet,0.4.0
2,73694029,18,120,14766,2.849750804901123,0.2705777269072183,0.1444399314744627,False,0,False,0,rotator,pulsator,0.4.0
2,73727927,18,120,14730,2.5398379051588718,11.878356738542607,0.24831559783869148,False,1,False,0,rotator,eclipsing,0.4.0
2,73728189,18,120,14682,66.64300903889456,,0.003844884826772044,False,0,False,0,variable,variable,0.4.0
2,73728243,18,120,14684,1.5148359060287475,,0.029931476011268887,False,0,False,0,quiet,quiet,0.4.0
2,73730008,18,120,14807,2.3971204519271847,5.948220093988198,0.623134208759553,False,0,False,0,rotator,pulsator,0.4.0
2,77173756,18,120,14827,0.8262580633163452,,0.009941779048109068,False,0,False,0,quiet,quiet,0.4.0
2,77173758,18,120,14830,4.596645653447768,4.409948965463644,0.7476525961194616,False,0,False,0,rotator,pulsator,0.4.0
2,77173817,18,120,14830,0.8654059310378411,,0.06420474690209167,False,0,False,0,quiet,quiet,0.4.0
2,77174833,18,120,14660,96.94905035799441,,0.0011168004539688027,False,0,False,0,variable,variable,0.4.0
2,77222077,18,120,14674,7.39668847332333,,0.0013994396280393772,False,0,False,0,variable,variable,0.4.0
2,77223157,18,120,14680,0.9919957692620617,,0.018437559560965378,False,0,False,0,quiet,quiet,0.4.0
2,77223475,18,120,14751,0.32741028070449824,,0.050039166715248024,False,0,False,0,quiet,quiet,0.4.0
2,77224436,18,120,14674,5.944904318755607,,0.0018308091608402902,False,0,False,0,variable,variable,0.4.0
2,77224930,18,120,14657,2.0867655515670775,,0.0028282893853938335,False,0,False,0,quiet,quiet,0.4.0
2,77227074,18,120,14764,0.5318980892927024,,0.013335228061167196,False,0,False,0,quiet,quiet,0.4.0
2,77227825,18,120,14767,0.8813124775886535,,0.09139644220225619,False,0,False,0,quiet,quiet,0.4.0
2,77256976,18,120,14685,0.8619594812393189,,0.020732660259183966,False,0,False,0,quiet,quiet,0.4.0
2,77257392,18,120,14685,5.188016939163208,1.6192772983838464,0.8508745115417853,False,0,False,0,rotator,pulsator,0.4.0
2,77257806,18,120,14690,1.10745084837372,,0.004291848770440955,False,0,False,0,quiet,quiet,0.4.0
2,77258640,18,120,14662,15.650917910012069,,0.01341968984490127,False,0,False,1,variable,variable,0.4.0
2,77258978,18,120,14764,0.5028686106204987,,0.02108399347273544,False,1,False,1,quiet,quiet,0.4.0
2,77259837,18,120,14829,0.5359631180763245,,0.07160331768637941,False,0,False,0,quiet,quiet,0.4.0
2,77260046,18,120,14830,0.7576830625534057,,0.043823453787620564,False,0,False,0,quiet,quiet,0.4.0
2,77261701,18,120,14681,1.3757417678833008,,0.08541280793314872,False,0,False,0,quiet,quiet,0.4.0
2,77265987,18,120,14678,2.0465571494962482,,0.012065497263486701,False,0,False,0,quiet,quiet,0.4.0
2,77267700,18,120,14768,0.5429443359375,,0.010070683268344384,False,0,False,0,quiet,quiet,0.4.0
2,77268338,18,120,14763,0.6569414377212525,,0.012465291233789939,False,0,False,0,quiet,quiet,0.4.0
2,77268414,18,120,14686,1.5747948467731474,,0.002763461048532167,False,0,False,0,quiet,quiet,0.4.0
2,77268473,18,120,14695,0.8280254602432251,,0.011597976876493448,False,0,False,0,quiet,quiet,0.4.0
2,77269099,18,120,14760,0.5003942698357782,,0.09597994957429633,False,0,False,0,quiet,quiet,0.4.0
2,77270532,18,120,14722,0.9457783086829874,,0.012020676110824503,False,0,False,0,quiet,quiet,0.4.0
2,77270956,18,120,14772,1.3247081816196442,,0.0027345568894070315,False,0,False,0,quiet,quiet,0.4.0
2,77320223,18,120,14663,1.2099599361419677,,0.041421540579815945,False,0,False,2,quiet,eclipsing,0.4.0
2,77320441,18,120,14766,0.6956474304199218,,0.007928016335764199,False,0,False,0,quiet,quiet,0.4.0
2,77320645,18,120,14732,0.9010189533233642,,0.0020109778732798323,False,0,False,0,quiet,quiet,0.4.0
2,77320784,18,120,14682,1.3882460183950651,5.137645487267708,0.14719988690298988,False,0,False,0,rotator,pulsator,0.4.0
2,77321023,18,120,14686,1.1294107875403525,,0.005351492635609717,False,0,False,0,quiet,quiet,0.4.0
2,77322352,18,120,14683,5.51551558971405,,0.002660063158169793,False,0,False,0,variable,variable,0.4.0
2,77322668,18,120,14695,2.0287949323654173,,0.01972030855500532,False,0,False,0,quiet,quiet,0.4.0
2,77323122,18,120,14689,1.673371410369873,,0.008052793031601115,False,0,False,0,quiet,quiet,0.4.0
2,77323188,18,120,14766,0.6955590605735779,,0.0099936504026513,False,0,False,0,quiet,quiet,0.4.0
2,77324996,18,120,14822,4.341168442894909,,0.7831367628352792,True,0,False,0,quiet,quiet,0.4.0
2,77351789,18,120,14646,1.6698807019066393,,0.05462674811281707,False,0,False,0,quiet,quiet,0.4.0
2,77352069,18,120,14768,0.6937916222934948,,0.05124333379754841,False,0,False,0,quiet,quiet,0.4.0
2,77353259,18,120,14760,0.4278867959976196,,0.08241690506831101,False,0,False,0,quiet,quiet,0.4.0
2,77353410,18,120,14683,1.6330747604370115,,0.010688333433901537,False,1,False,0,quiet,quiet,0.4.0
2,77354319,18,120,14761,0.8801636695861816,,0.005964847840250644,False,0,False,0,quiet,quiet,0.4.0
2,77354786,18,120,14687,2.106383657455444,,0.021849025542153445,False,0,False,0,quiet,quiet,0.4.0
2,77356704,18,120,14831,1.3239570379257202,,0.019460442434635846,False,0,False,0,quiet,quiet,0.4.0
2,77357508,18,120,14643,2.429728925228119,6.55012186738721,0.12460609418852057,False,0,False,0,rotator,pulsator,0.4.0
2,77357855,18,120,14767,0.7997471094131469,,0.004241879691438107,False,0,False,0,quiet,quiet,0.4.0
2,77420828,18,120,14665,1.7091611981391908,,0.009955203751816587,False,0,False,0,quiet,quiet,0.4.0
2,77421188,18,120,14682,1.3816184038406136,,0.007146918862401155,False,0,False,1,quiet,quiet,0.4.0
2,77421900,18,120,14766,0.45461868806537054,,0.015059416279101392,False,0,False,0,quiet,quiet,0.4.0
2,77422483,18,120,14671,2.8752013206481934,2.3630378846802165,0.3884399812239347,False,0,False,0,rotator,pulsator,0.4.0
2,77422863,18,120,14674,2.0442596554756163,,0.006921545571028428,False,0,False,0,quiet,quiet,0.4.0
2,77422977,18,120,14755,9.594490957260131,11.878388482206901,0.4739030385336367,False,2,False,0,rotator,rotator,0.4.0
2,77423458,18,120,14772,2.8657015621662136,,0.0005141789989748988,False,0,False,0,quiet,quiet,0.4.0
2,77423834,18,120,14768,0.46460445330725747,,0.014156864264985355,False,0,False,0,quiet,quiet,0.4.0
2,77425559,18,120,14831,2.4231011867523193,,0.0614081943573708,False,0,False,0,quiet,quiet,0.4.0
2,77426442,18,120,14629,6.974590122699737,11.786748979901176,0.1243673302508214,False,2,False,0,rotator,rotator,0.4.0
2,77426762,18,120,14765,1.0215554237365723,2.6396466855922984,0.6760455453565956,False,0,False,0,rotator,pulsator,0.4.0
2,77427181,18,120,14672,147.67555718421934,,0.0018693945852171741,False,0,False,0,variable,variable,0.4.0
2,77451438,18,120,14665,96.1355233311653,,0.00448511912245725,False,0,False,0,variable,variable,0.4.0
2,77451844,18,120,14770,2.2551984786987305,10.798542422551856,0.4433720555305538,False,3,False,0,flaring,flaring,0.4.0
2,77452839,18,120,14768,0.6011800646781922,,0.003096507689796239,False,0,False,0,quiet,quiet,0.4.0
2,77453085,18,120,14754,0.4129964768886566,,0.03731699967606548,False,0,False,0,quiet,quiet,0.4.0
2,77453766,18,120,14764,0.5903989434242248,,0.02434733926415775,False,0,False,0,quiet,quiet,0.4.0
2,77454237,18,120,14771,1.5685647726058958,11.878406308419471,0.3434192016737745,False,0,False,0,rotator,rotator,0.4.0
2,77454744,18,120,14769,1.4542141914367677,0.7155669794499511,0.48632229486631773,False,0,False,0,rotator,pulsator,0.4.0
2,77457435,18,120,14662,2.8087029275684676,,0.03308687213916173,False,1,False,0,quiet,quiet,0.4.0
2,77457440,18,120,14664,1.7651433905873661,,0.020338519122712773,False,0,False,0,quiet,quiet,0.4.0
2,77488661,18,120,14768,1.2906416058540344,4.242287697708044,0.2895000802865579,False,0,False,0,rotator,rotator,0.4.0
2,77488832,18,120,14769,0.7562691450119019,,0.025302455128169896,False,0,False,0,quiet,quiet,0.4.0
2,77488926,18,120,14770,0.43447034955024716,1.9797335395225366,0.3077333894701359,False,0,False,0,rotator,pulsator,0.4.0
2,77489358,18,120,14680,5.324018132686615,,0.017431455429883856,False,0,False,0,variable,variable,0.4.0
2,77489502,18,120,14730,2.894907796382904,3.4858837962936455,0.5455682957670966,False,0,False,0,rotator,pulsator,0.4.0
2,77489946,18,120,14665,1.0215554237365723,,0.004976192742840096,False,0,False,0,quiet,quiet,0.4.0
2,77490014,18,120,14762,0.3402680933475494,,0.02048239428673994,False,0,False,0,quiet,quiet,0.4.0
2,77490927,18,120,14758,1.3672581811393392,4.568617740364972,0.4311976452451088,False,0,False,0,rotator,rotator,0.4.0
2,77492102,18,120,14750,2.011518567457242,3.4936532567379643,0.3232410126258681,False,0,False,0,rotator,pulsator,0.4.0
2,77492175,18,120,14628,2.902109852370326,,0.005787835926501125,False,0,False,0,quiet,quiet,0.4.0
2,77493781,18,120,14641,1.0288017511367797,,0.003422098970323664,False,0,False,0,quiet,quiet,0.4.0
2,77494057,18,120,14762,0.8952749133110046,,0.04590999888712805,False,0,False,0,quiet,quiet,0.4.0
2,77494523,18,120,14676,3.732079424498098,4.219474171540502,0.523531308254575,False,0,False,0,rotator,rotator,0.4.0
2,77543207,18,120,14670,1.31600379097473,,0.006333247789465274,False,0,False,0,quiet,quiet,0.4.0
2,77543590,18,120,14766,0.7557830883329186,3.5995138635704893,0.11098641114919902,False,0,False,0,rotator,rotator,0.4.0
2,77543941,18,120,14767,0.38670644760131834,,0.012635343314816048,False,0,False,0,quiet,quiet,0.4.0
2,77544063,18,120,14665,1.022085642814636,,0.0012773987532388692,False,0,False,0,quiet,quiet,0.4.0
2,77544103,18,120,14763,0.41056630611419676,,0.005848140275098471,False,0,False,0,quiet,quiet,0.4.0
2,77544535,18,120,14669,1.0959628343582153,,0.0018248550185822792,False,0,False,0,quiet,quiet,0.4.0
2,77545160,18,120,14768,1.0828840325543863,,0.06205129978205699,False,0,True,7,dipper,eclipsing,0.4.0
2,77546087,18,120,14762,0.5037964940071106,,0.033419315990925305,False,0,False,0,quiet,quiet,0.4.0
2,77547696,18,120,14616,128.01789815915237,,0.0011909732542215827,False,0,False,0,variable,variable,0.4.0
2,77548580,18,120,14657,6.909108066558837,,0.013217242638490015,False,2,False,0,variable,variable,0.4.0
2,77562901,18,120,14769,0.8881169557571411,1.4848009843921088,0.21236700877007184,False,0,False,0,rotator,pulsator,0.4.0
2,77564268,18,120,14671,5.18165431022644,,0.0021994983085762095,False,0,False,0,variable,variable,0.4.0
2,77566718,18,120,14580,2.122245918378477,,0.0019427332979088565,False,0,False,0,quiet,quiet,0.4.0
2,77567328,18,120,14584,1.158528651042919,,0.012861078846877393,False,0,False,0,quiet,quiet,0.4.0
2,77567538,18,120,14617,2.6185752868652346,,0.003118731560029189,False,0,False,0,quiet,quiet,0.4.0
2,77568002,18,120,14638,5.028951365618448,,0.003370196062124684,False,0,False,0,variable,variable,0.4.0
2,77568727,18,120,14766,1.1412081956863402,,0.004336548178223642,False,0,False,0,quiet,quiet,0.4.0
2,77568740,18,120,14771,0.7501716256141663,,0.015346748586874218,False,0,False,0,quiet,quiet,0.4.0
2,77569037,18,120,14765,1.0777586460113526,0.25435576253407943,0.1734785583090938,False,0,False,0,rotator,pulsator,0.4.0
2,77631789,18,120,14766,0.7214956104755401,,0.003934353489257757,False,1,False,0,quiet,quiet,0.4.0
2,77632226,18,120,14646,11.840321879377308,,0.0013016470497396225,False,0,False,0,variable,variable,0.4.0
2,77632323,18,120,14653,130.24160041809083,,0.0010266157581532008,False,0,False,0,variable,variable,0.4.0
2,77633335,18,120,14766,0.694410211181032,,0.04255359279200267,False,0,False,0,quiet,quiet,0.4.0
2,77634328,18,120,14766,0.8961586117744446,,0.02878042758026296,False,0,False,0,quiet,quiet,0.4.0
2,77634567,18,120,14620,4.117857977215707,,0.004697387489451215,False,0,False,0,quiet,quiet,0.4.0
2,81304761,18,120,14027,12.828827333450317,6.748056678088554,0.6013899425240213,False,4,False,0,flaring,flaring,0.4.0
2,81382817,18,120,13761,1.4225777864456175,,0.03502742951644013,False,0,False,0,quiet,quiet,0.4.0
2,81383137,18,120,13703,9.873739671707153,,0.07471297027593608,False,0,False,0,variable,variable,0.4.0
2,81390067,18,120,14763,16.3250919342041,2.548796623168132,0.16428101859017202,False,23,False,3,flaring,eclipsing,0.4.0
2,81451393,18,120,14071,40.53427644968033,,0.006560602693614476,False,0,False,0,variable,variable,0.4.0
2,81506915,18,120,13937,6.613069081306457,,0.007992316389246178,False,0,False,0,variable,variable,0.4.0
2,81507108,18,120,14762,0.6028591097253295,,0.04361834633666394,False,0,False,0,quiet,quiet,0.4.0
2,81508038,18,120,13850,41.71574084005423,,0.03298474433603674,False,0,False,0,variable,variable,0.4.0
2,81517241,18,120,13724,10.399098408222198,,0.0139984184440281,False,0,False,0,variable,variable,0.4.0
2,81518402,18,120,14729,0.5698971390724181,13.003262505589849,0.13248605457779045,False,2,False,0,rotator,eclipsing,0.4.0
2,81594681,18,120,13965,10.729601633548736,,0.00781949482838048,False,0,False,0,variable,variable,0.4.0
2,81594701,18,120,13995,2.71737277507782,,0.00388391017133174,False,0,False,0,quiet,quiet,0.4.0
2,81596127,18,120,14019,773.2283789634704,,0.001656099060689606,False,0,False,0,variable,variable,0.4.0
2,81596800,18,120,14756,0.28733454682426013,2.298917712887844,0.32672227464810577,False,0,False,0,rotator,pulsator,0.4.0
2,81599319,18,120,14217,20.468930768966676,,0.002664039099446114,False,0,False,0,variable,variable,0.4.0
2,81603679,18,120,14045,9.718032002449036,5.738282300490596,0.428038902599796,False,1,False,0,rotator,rotator,0.4.0
2,81682067,18,120,14756,6.6527469440476015,,0.722322333882765,True,0,False,0,variable,variable,0.4.0
2,81748349,18,120,13979,23.092984986305236,,0.0032887808332038525,False,0,False,0,variable,variable,0.4.0
2,81751236,18,120,14752,0.35825135707855227,,0.14722133019496875,True,0,False,0,quiet,quiet,0.4.0
2,81753252,18,120,14217,7.8958457708358765,4.428756984258809,0.6321719919264687,False,0,False,0,rotator,pulsator,0.4.0
2,81755263,18,120,14760,0.48223422275577643,,0.037441958177654576,False,0,False,0,quiet,quiet,0.4.0
2,81756642,18,120,14175,8.79863212108612,,0.0020438420536923645,False,0,False,0,variable,variable,0.4.0
2,81757777,18,120,14762,1.0730308272531381,1.4298152786028455,0.14575274955026202,False,0,False,0,rotator,pulsator,0.4.0
2,81819255,18,120,13992,8.767128270864486,,0.005929494753572051,False,0,False,0,variable,variable,0.4.0
2,81822105,18,120,13895,3.8510695338249206,,0.006243776434721721,False,1,False,0,quiet,quiet,0.4.0
2,81826601,18,120,13831,16.525161266326904,,0.03294581775086865,False,0,False,1,variable,variable,0.4.0
2,81906376,18,120,13990,11.473279101247705,,0.004193566333560086,False,0,False,0,variable,variable,0.4.0
2,81911818,18,120,14184,30.960286374083566,,0.001148961367080737,False,0,False,0,variable,variable,0.4.0
2,81913475,18,120,14761,0.632197880744934,,0.0965695857692357,False,0,False,0,quiet,quiet,0.4.0
2,82003950,18,120,14759,0.43796095848083494,,0.052749207549467186,False,0,False,0,quiet,quiet,0.4.0
2,82005465,18,120,13988,10.147421388251226,,0.051748842848498455,False,0,False,1,variable,variable,0.4.0
2,82013566,18,120,14736,1.8486971855163574,10.658624141105975,0.5321269233119087,False,2,False,0,rotator,rotator,0.4.0
2,82095016,18,120,14212,6.466861170530319,,0.003282800369434282,False,0,False,0,variable,variable,0.4.0
2,82098827,18,120,14263,3.3061810612678526,,0.05752147959597844,False,0,False,0,quiet,quiet,0.4.0
2,82099975,18,120,14174,15.364157767171925,,0.08489730182913972,False,1,False,0,variable,variable,0.4.0
2,82167432,18,120,14719,3.2147182703018187,3.6569570764995514,0.26588095086007507,False,0,False,0,rotator,pulsator,0.4.0
2,82169137,18,120,14732,13.207271594025837,16.718514656957463,0.5810942919369003,False,0,False,0,rotator,eclipsing,0.4.0
2,82238225,18,120,14760,0.5824898421764374,,0.07840883566333035,False,0,False,0,quiet,quiet,0.4.0
2,82238383,18,120,14173,10.482784652709961,,0.025482132547795158,False,0,False,1,variable,variable,0.4.0
2,82238830,18,120,14178,5.247843481536015,,0.009025975145716071,False,0,False,0,variable,variable,0.4.0
2,82238855,18,120,14394,1.4022527217864988,10.54878974661175,0.1558225989299168,False,0,False,0,rotator,rotator,0.4.0
2,82239157,18,120,14220,5.887773742907456,,0.014507219085994887,False,0,False,0,variable,variable,0.4.0
2,82239365,18,120,14210,6.9898778978026535,1.7986417614389083,0.5270635692970209,False,1,False,0,rotator,pulsator,0.4.0
2,82243350,18,120,14759,2.6048779606819155,1.890937701480858,0.3452314841741926,False,0,False,0,rotator,pulsator,0.4.0
2,82243818,18,120,14266,9.730757260322571,,0.09435879345946187,False,0,False,0,variable,variable,0.4.0
2,82337696,18,120,14050,1.8965493442684802,,0.013638489079139119,False,0,False,0,quiet,quiet,0.4.0
2,82337809,18,120,14019,1.504585003852844,,0.07617662660385402,False,0,True,11,dipper,eclipsing,0.4.0
2,82344092,18,120,14105,7.272308135032653,0.6344489539047868,0.42293976735488864,False,5,False,0,flaring,flaring,0.4.0
2,82345641,18,120,14151,8.462649965286255,,0.006224763634549277,False,0,False,0,variable,variable,0.4.0
2,82375858,18,120,14569,16.015974211692807,,0.0011247599767545391,False,0,False,0,variable,variable,0.4.0
2,82376352,18,120,14831,0.6003847360610961,,0.013463527789385503,False,0,False,0,quiet,quiet,0.4.0
2,82376441,18,120,14830,0.3594001650810242,,0.029376428340740644,False,0,False,0,quiet,quiet,0.4.0
2,82376727,18,120,14827,0.28649504184722896,3.5019678129415692,0.12632991180830247,False,0,False,0,rotator,rotator,0.4.0
2,82376960,18,120,14665,1.5441746950149535,8.43235799272309,0.13060532074714726,False,0,False,0,rotator,rotator,0.4.0
2,82377148,18,120,14683,1.2454846143722533,5.371726107681216,0.12882685917123549,False,0,False,0,rotator,pulsator,0.4.0
2,82377220,18,120,14829,0.6733782291412354,,0.004441781006719462,False,0,False,0,quiet,quiet,0.4.0
2,82390109,18,120,14700,1.7065542876720428,,0.054098409098286934,False,0,False,0,quiet,quiet,0.4.0
2,82390298,18,120,14832,0.48691788237797506,,0.01571946628969149,False,0,False,0,quiet,quiet,0.4.0
2,82390350,18,120,14822,0.391036570072174,,0.01811756463977248,False,1,False,0,quiet,quiet,0.4.0
2,82390592,18,120,14643,5.814912629127502,,0.011175188909890965,False,0,False,0,variable,variable,0.4.0
2,82390604,18,120,14830,1.7407091295296473,,0.011880153071306139,False,0,False,0,quiet,quiet,0.4.0
2,82391023,18,120,14544,12.771210193634031,,0.0012951196882822241,False,0,False,0,variable,variable,0.4.0
2,82391828,18,120,14543,2.274109625816345,,0.00925753323669251,False,0,False,0,quiet,quiet,0.4.0
2,82391832,18,120,14833,3.4904321908950804,,0.07536359318624346,False,0,False,0,quiet,quiet,0.4.0
2,82392457,18,120,14826,0.7595829916124645,3.053006569507313,0.19157964612297254,False,2,False,0,rotator,rotator,0.4.0
2,82392968,18,120,14819,0.9026096105575561,,0.012550094004129222,False,1,False,0,quiet,quiet,0.4.0
2,82393240,18,120,14827,0.9140976905822754,3.1333503936477167,0.2607219122844487,False,0,False,0,rotator,rotator,0.4.0
2,82393481,18,120,14603,2.4230128169059753,,0.009561973800041474,False,0,False,0,quiet,quiet,0.4.0
2,82396308,18,120,14309,4.017558324337005,,0.019434252429192354,False,0,False,0,quiet,quiet,0.4.0
2,82397698,18,120,14359,5.024886202812194,,0.00976105837858033,False,0,False,0,variable,variable,0.4.0
2,82402963,18,120,14243,213.2754987001419,,0.00315171309137317,False,0,False,0,variable,variable,0.4.0
2,82489682,18,120,14196,45.600605392419965,,0.0419483430342182,False,0,False,0,variable,variable,0.4.0
2,82490722,18,120,14161,4.566335070133209,,0.015260221580200253,False,0,False,0,quiet,quiet,0.4.0
2,82492546,18,120,14127,9.122154128551482,,0.0029162741042888162,False,0,False,0,variable,variable,0.4.0
2,82493462,18,120,14733,0.6383837699890136,,0.01014041873965888,False,0,False,0,quiet,quiet,0.4.0
2,82496071,18,120,14178,140.63088977336884,,0.005160068973189372,False,0,False,0,variable,variable,0.4.0
2,82557453,18,120,14749,0.377162504196167,10.658654248224844,0.22564847628885173,False,4,False,0,flaring,eclipsing,0.4.0
2,82558890,18,120,14759,0.47136476039886477,,0.02379177680158502,False,0,False,0,quiet,quiet,0.4.0
2,82561650,18,120,14480,9.922033497034503,6.46578370237522,0.12789501529913586,False,0,False,0,rotator,rotator,0.4.0
2,82568508,18,120,14288,8.523138617090067,,0.0011185880927288869,False,0,False,0,variable,variable,0.4.0
2,82570498,18,120,14254,8.380421823263168,,0.006698198931372474,False,0,False,0,variable,variable,0.4.0
2,82626660,18,120,14760,0.7625434041023254,,0.06794134291668733,False,0,False,0,quiet,quiet,0.4.0
2,82688506,18,120,14372,6.637901205953992,,0.006070897342172628,False,0,False,0,variable,variable,0.4.0
2,82688639,18,120,14759,3.751653456687927,0.3418025638069747,0.33206486528085316,False,0,False,0,rotator,pulsator,0.4.0
2,82689824,18,120,14448,7.068394925248471,,0.009127000886038333,False,0,False,0,variable,variable,0.4.0
2,82690713,18,120,14450,2.3074250578880307,,0.010049182825055928,False,0,False,0,quiet,quiet,0.4.0
2,82971213,18,120,15227,2.8111331820487973,,0.00930625616167715,False,0,False,0,quiet,quiet,0.4.0
2,82971339,18,120,15273,38.37098261117935,,0.0017965205727907563,False,0,False,0,variable,variable,0.4.0
2,82972933,18,120,15267,0.23939391374588012,,0.009574588790582105,False,0,False,0,quiet,quiet,0.4.0
2,82976205,18,120,15274,13.38171367590766,,0.004774496737630975,False,0,False,0,variable,variable,0.4.0
2,82976793,18,120,15270,5.961076710288328,,0.24788578848530649,True,15,False,0,flaring,flaring,0.4.0
2,82979860,18,120,15262,0.6968404648804941,,0.09979448169788356,False,0,False,0,quiet,quiet,0.4.0
2,82981089,18,120,15274,15.649768635644396,,0.02418681276291167,False,0,False,0,variable,variable,0.4.0
2,83138981,18,120,15274,2.4811159908771514,,0.021295715334766117,False,0,False,0,quiet,quiet,0.4.0
2,83143526,18,120,15274,7.069764236516826,,0.09897384246484375,False,1,False,0,variable,variable,0.4.0
2,83214587,18,120,15271,0.40597107410430905,,0.011017350823827977,False,0,False,0,quiet,quiet,0.4.0
2,83222019,18,120,15273,2.0015770196914673,1.9443048824703015,0.11865464472294937,False,0,False,3,rotator,eclipsing,0.4.0
2,83342983,18,120,15110,3.8371511686697253,,0.005656716846050537,False,0,False,0,quiet,quiet,0.4.0
2,83344134,18,120,15106,0.6576483964920044,,0.06046580631067356,False,0,False,0,quiet,quiet,0.4.0
2,83351519,18,120,15112,3.6845807433128357,,0.009102125712230525,False,0,False,0,quiet,quiet,0.4.0
2,83420552,18,120,15271,1.2632469534873962,9.12327828617278,0.4451883452825101,False,0,False,0,rotator,pulsator,0.4.0
2,83612641,18,120,15105,0.2758906602859497,5.370183251071385,0.1632236417914723,False,0,False,0,rotator,pulsator,0.4.0
2,83614388,18,120,15110,4.415531927347183,,0.00826576235612099,False,0,False,0,quiet,quiet,0.4.0
2,83620534,18,120,15102,0.4813947379589081,,0.09922525282299911,False,0,False,0,quiet,quiet,0.4.0
2,83624822,18,120,15110,7.536887904220098,,0.02403107298098265,False,0,False,0,variable,variable,0.4.0
2,83626245,18,120,15112,22.278656188289638,,0.016359305486017866,False,0,False,0,variable,variable,0.4.0
2,83627107,18,120,15108,60.477938654361324,,0.007423672403127032,False,0,False,0,variable,variable,0.4.0
2,83720213,18,120,15106,1.1280852735042572,11.814406504769064,0.40628717528497554,False,0,False,0,rotator,rotator,0.4.0
2,83721623,18,120,15273,0.7966541647911072,,0.05523673615199692,False,0,False,0,quiet,quiet,0.4.0
2,83730709,18,120,15267,0.3373960733413696,,0.021286696930523125,False,0,False,0,quiet,quiet,0.4.0
2,83800391,18,120,15159,24.736222279071807,,0.0007840637575227395,False,0,False,0,variable,variable,0.4.0
2,83803744,18,120,15273,0.4434398889541626,,0.0242658999278034,False,0,False,0,quiet,quiet,0.4.0
2,83806907,18,120,15274,3.1752610392790723,,0.013597245297447914,False,0,False,0,quiet,quiet,0.4.0
2,83812531,18,120,15095,40.45059020519257,1.9689525963511492,0.25932047257904745,False,2,True,12,dipper,eclipsing,0.4.0
2,83904591,18,120,15111,12.742578363418579,,0.035789055525816224,False,1,False,0,variable,variable,0.4.0
2,83904913,18,120,15111,28.355939555168153,,0.05439206485047311,False,0,False,0,variable,variable,0.4.0
2,83905462,18,120,15110,17.067841510048,1.9367837913377426,0.15354402751650603,False,0,True,11,dipper,eclipsing,0.4.0
2,83905580,18,120,15111,24.812308716773984,1.936783818571294,0.2550587779545127,False,0,False,0,rotator,pulsator,0.4.0
2,83907586,18,120,15107,0.32166624069213867,,0.059515483147597296,False,0,False,0,quiet,quiet,0.4.0
2,83973350,18,120,15195,5.835944652557373,,0.006142194970212807,False,0,False,0,variable,variable,0.4.0
2,84155016,18,120,15103,0.3773392438888549,6.2181055071117655,0.13077956853679498,False,3,False,0,flaring,flaring,0.4.0
2,84156382,18,120,15112,21.03277394673902,,0.01313659190538714,False,0,False,0,variable,variable,0.4.0
2,84158878,18,120,15109,0.5045918226242064,,0.012991374062807986,False,0,False,0,quiet,quiet,0.4.0
2,84165381,18,120,15112,10.898476409912108,,0.010160734525965583,False,1,False,0,variable,variable,0.4.0
2,84226028,18,120,15274,9.525606945920197,,0.0062200231033301655,False,0,False,0,variable,variable,0.4.0
2,84332248,18,120,14417,4.118388319015503,3.0634578584952603,0.11334984326796291,False,9,False,0,flaring,flaring,0.4.0
2,84332607,18,120,14395,2.091095674037933,10.57780667553123,0.15416059905149526,False,0,False,0,rotator,pulsator,0.4.0
2,84333236,18,120,14542,0.6916708285612362,,0.0056694681578239635,False,0,False,0,quiet,quiet,0.4.0
2,84333383,18,120,14519,1.4117082953453064,,0.024306553053674282,False,0,False,0,quiet,quiet,0.4.0
2,84333679,18,120,14545,1.6663018226623534,10.65609531802362,0.4218410214492739,False,3,False,0,flaring,flaring,0.4.0
2,84334016,18,120,14467,2.375027990341186,,0.01014580111589273,False,0,False,0,quiet,quiet,0.4.0
2,84335155,18,120,14544,0.6396651136974956,,0.08794189372625792,False,7,False,0,flaring,flaring,0.4.0
2,84335903,18,120,14220,5.45842866897583,,0.09518977164927905,False,0,False,0,variable,variable,0.4.0
2,84335971,18,120,14420,1.1497800707817076,0.17584807537249608,0.4550141056067401,False,0,False,1,rotator,pulsator,0.4.0
2,85397128,18,120,14829,0.5703389883041382,,0.0290246747272055,False,0,False,0,quiet,quiet,0.4.0
2,85397793,18,120,14833,0.738595175743103,,0.01191457199263519,False,1,False,0,quiet,quiet,0.4.0
2,85399872,18,120,14720,0.5056522607803345,,0.06628498456655665,False,0,False,0,quiet,quiet,0.4.0
2,85400193,18,120,14653,15.910107135772705,,0.003068413004914409,False,0,False,0,variable,variable,0.4.0
2,85400459,18,120,14762,0.5161240875720977,,0.02518745808650837,False,0,False,0,quiet,quiet,0.4.0
2,85400893,18,120,14761,4.344261646270752,8.484580252928545,0.6563544310845731,False,0,False,0,rotator,pulsator,0.4.0
2,85402077,18,120,14763,0.663569176197052,,0.03874361698689065,False,0,False,0,quiet,quiet,0.4.0
2,85402712,18,120,14707,0.8912982702255249,,0.0038438530852245587,False,0,False,0,quiet,quiet,0.4.0
2,85403382,18,120,14580,4.399492669120649,5.10777693265353,0.37049921781830214,False,0,False,0,rotator,rotator,0.4.0
2,85431097,18,120,14544,1.4706509828567504,6.169234544794516,0.31962115467478613,False,0,False,0,rotator,rotator,0.4.0
2,85431283,18,120,14541,0.8517085790634155,,0.005059569863741985,False,0,False,0,quiet,quiet,0.4.0
2,85432094,18,120,14536,0.528186571598053,,0.06288458153517011,False,0,False,0,quiet,quiet,0.4.0
2,85432997,18,120,14540,2.198199993318319,2.4939424448650165,0.5614724253747918,False,0,False,0,rotator,pulsator,0.4.0
2,85434524,18,120,14541,0.48285284042358395,0.38941930067789826,0.2054514969672049,False,0,False,0,rotator,pulsator,0.4.0
2,85434602,18,120,14540,0.5508092194313275,,0.033537025268440046,False,0,False,0,quiet,quiet,0.4.0
2,85434947,18,120,14536,0.7703199505805969,,0.015471415938690909,False,0,False,0,quiet,quiet,0.4.0
2,85435539,18,120,14545,2.614333534240722,,0.003958993364166584,False,0,False,0,quiet,quiet,0.4.0
2,85485091,18,120,14535,1.0514244318008423,3.349013219079747,0.16637639605201832,False,0,False,0,rotator,rotator,0.4.0
2,85485773,18,120,14544,0.5565090741807773,,0.008869920333409703,False,0,False,0,quiet,quiet,0.4.0
2,85486219,18,120,14543,10.112691736221313,2.3443067850250374,0.7201299377477789,False,0,False,0,rotator,pulsator,0.4.0
2,85486380,18,120,14541,1.9810752153396607,,0.06547817268936566,False,0,False,1,quiet,quiet,0.4.0
2,85486613,18,120,14521,123.00817501544951,,0.002743633250356519,False,0,False,0,variable,variable,0.4.0
2,85487896,18,120,14474,2.5887503865733628,,0.008516106407872634,False,0,False,0,quiet,quiet,0.4.0
2,85487932,18,120,14472,0.9643801906335467,,0.009255494472460216,False,0,False,0,quiet,quiet,0.4.0
2,85487971,18,120,14543,8.935517013072968,2.6639828752835952,0.37032821656338033,False,1,False,0,rotator,pulsator,0.4.0
2,85488035,18,120,14542,0.6966194987297057,,0.07923912123110248,False,1,False,0,quiet,quiet,0.4.0
2,85489111,18,120,14538,1.6504835217902944,,0.0014332934512596496,False,0,False,0,quiet,quiet,0.4.0
2,85489432,18,120,14545,0.9132139921188354,,0.006786644244226927,False,0,False,0,quiet,quiet,0.4.0
2,85489435,18,120,14543,0.5698087692260743,,0.006749027916240702,False,0,False,0,quiet,quiet,0.4.0
2,85490976,18,120,14545,1.2863114833831786,9.76796041502136,0.10156721109108596,False,0,False,0,rotator,rotator,0.4.0
2,85522548,18,120,14543,3.566960477828979,4.88369312762605,0.357072183591176,False,0,False,0,rotator,pulsator,0.4.0
2,85522882,18,120,14543,1.099055778980255,1.6745080914736592,0.49470170873021746,False,0,False,0,rotator,pulsator,0.4.0
2,85525494,18,120,14489,2.349577474594116,,0.0014643092278179913,False,0,False,0,quiet,quiet,0.4.0
2,85592074,18,120,14544,1.1579100966453553,,0.006903716585407559,False,0,False,0,quiet,quiet,0.4.0
2,85592550,18,120,14544,1.491594503081336,,0.0028508809990896223,False,0,False,0,quiet,quiet,0.4.0
2,85592658,18,120,14543,0.6861034870147705,,0.01838686740017557,False,0,False,0,quiet,quiet,0.4.0
2,85593343,18,120,14541,2.0584872007369994,,0.0009371541876945173,False,0,False,0,quiet,quiet,0.4.0
2,85595350,18,120,14499,3.9179655075073243,,0.0024145430576906998,False,0,False,0,quiet,quiet,0.4.0
2,85595397,18,120,14503,9.076732027530669,,0.003738423969148004,False,0,False,0,variable,variable,0.4.0
2,85595783,18,120,14546,1.3927086953694405,,0.008027521032896296,False,0,False,0,quiet,quiet,0.4.0
2,85596846,18,120,14530,2.3685769915580748,,0.010201094732994138,False,0,False,0,quiet,quiet,0.4.0
2,85597065,18,120,14545,2.141819965839386,,0.0025699849824954383,False,0,False,0,quiet,quiet,0.4.0
2,90552086,18,120,14077,2.02066490650177,5.46763788986379,0.33143849025307526,False,0,False,0,rotator,rotator,0.4.0
2,90566902,18,120,13894,0.6371907960531352,,0.021326530082451816,False,0,False,0,quiet,quiet,0.4.0
2,90568487,18,120,13064,0.9718915700912476,,0.008361711854226463,False,0,False,0,quiet,quiet,0.4.0
2,90568744,18,120,13063,1.131575882434845,6.97750841888734,0.11252922352603276,False,0,False,0,rotator,pulsator,0.4.0
2,90569855,18,120,13022,7.170373303581079,7.9643697978959995,0.1441517098426085,False,0,False,0,rotator,eclipsing,0.4.0
2,90570394,18,120,13033,0.8111468195915221,,0.015060300391570264,False,0,False,0,quiet,quiet,0.4.0
2,90571139,18,120,13041,12.913662385940551,1.6661643890808673,0.8670086807260273,False,0,False,0,rotator,pulsator,0.4.0
2,90571283,18,120,13041,1.5569883227348327,,0.04693414980585835,False,0,False,0,quiet,quiet,0.4.0
2,90571524,18,120,13312,50.91751398794394,,0.020316190707382466,False,0,False,0,variable,variable,0.4.0
2,90572339,18,120,13474,138.40255160324122,4.924562133479491,0.3092271864412501,False,0,False,0,rotator,rotator,0.4.0
2,90573548,18,120,14259,1.6141636133193968,4.808785067017235,0.5206569117599751,False,0,False,0,rotator,pulsator,0.4.0
2,90645320,18,120,13020,1.2305501103401182,,0.045920587087554664,False,0,False,0,quiet,quiet,0.4.0
2,90646791,18,120,13052,7.0445346461375165,6.200302640350956,0.9169983516707898,False,0,False,0,rotator,pulsator,0.4.0
2,90647390,18,120,13007,4.864406561851501,0.14643723039274242,0.12874578772278206,False,0,False,0,rotator,pulsator,0.4.0
2,90647994,18,120,12802,1.0768307305326839,,0.027906865870910735,False,0,False,0,quiet,quiet,0.4.0
2,90648501,18,120,12850,0.7529110459738345,,0.03995134986041381,False,0,False,0,quiet,quiet,0.4.0
2,90649596,18,120,14155,3.5314357995986936,,0.008382176652690013,False,0,False,0,quiet,quiet,0.4.0
2,90650244,18,120,13306,23.580566316263862,8.695063526454481,0.34148383146783484,False,0,False,0,rotator,rotator,0.4.0
2,90650288,18,120,13096,1.505512887239456,,0.047432829038577165,False,0,False,0,quiet,quiet,0.4.0
2,90650303,18,120,13115,280.7349185228348,4.665266931884844,0.3178180265281767,False,0,False,0,rotator,rotator,0.4.0
2,90650418,18,120,14490,0.45815344106236444,,0.007410627318001187,False,0,False,0,quiet,quiet,0.4.0
2,90651611,18,120,14126,0.6446138441562652,,0.01568520547019709,False,0,False,0,quiet,quiet,0.4.0
2,90665055,18,120,14525,0.5305725574493408,1.9867208615579652,0.47129691599178625,False,0,False,0,rotator,pulsator,0.4.0
2,90665203,18,120,14543,0.7495530366897583,3.9072179854356373,0.2535396210936529,False,0,False,0,rotator,rotator,0.4.0
2,90666872,18,120,13001,3.3177575111389155,,0.01566627035683102,False,0,False,0,quiet,quiet,0.4.0
2,90667261,18,120,12773,7.450638484954834,2.750204973768291,0.17909308680706318,False,0,False,0,rotator,rotator,0.4.0
2,90667315,18,120,14171,0.7809243321418762,,0.08599796692286482,False,0,False,0,quiet,quiet,0.4.0
2,90667817,18,120,12627,5.180417132377624,,0.02031095679522807,False,0,False,0,variable,variable,0.4.0
2,90667875,18,120,12634,0.9029630899429322,,0.01269836330453016,False,0,False,0,quiet,quiet,0.4.0
2,90669280,18,120,13949,1.6361677050590515,5.724709167234664,0.16882200919786935,False,0,False,0,rotator,pulsator,0.4.0
2,90669457,18,120,13187,310.22906169891354,5.619849504200488,0.4550027225502388,False,0,False,0,rotator,pulsator,0.4.0
2,90690275,18,120,12795,1.5579603910446165,,0.0042672018168649775,False,4,False,0,flaring,flaring,0.4.0
2,90690287,18,120,12790,1.1808862566947935,,0.008127688114427937,False,0,False,1,quiet,quiet,0.4.0
2,90692895,18,120,14537,6.827719438076018,0.6622399815464401,0.7455510237698829,False,0,False,0,rotator,pulsator,0.4.0
2,90694666,18,120,13081,0.8501179218292236,,0.011989368706455292,False,0,False,0,quiet,quiet,0.4.0
2,90695166,18,120,14458,0.5037081241607666,,0.011852518047704522,False,0,False,0,quiet,quiet,0.4.0
2,90695178,18,120,13274,1.8242628686349727,,0.028430163310085205,False,0,False,0,quiet,quiet,0.4.0
2,90764235,18,120,13334,1.1906069397926329,,0.036159235418116026,False,0,False,0,quiet,quiet,0.4.0
2,90764259,18,120,14452,0.4698624450050327,,0.011296104717661855,False,0,False,0,quiet,quiet,0.4.0
2,90765203,18,120,14416,1.9490410298680643,10.578400627544562,0.551980169863916,False,0,False,0,rotator,rotator,0.4.0
2,90766242,18,120,12650,51.29409904199543,,0.013214405922548038,False,0,False,0,variable,variable,0.4.0
2,90766826,18,120,14540,8.175271224975587,1.8605787642361917,0.6362732304542332,False,0,False,0,rotator,pulsator,0.4.0
2,90767549,18,120,14544,0.3555118918418884,3.3490410479295996,0.12518119382157705,False,0,False,0,rotator,pulsator,0.4.0
2,90768237,18,120,13451,3.397997331619263,0.4285348737989186,0.22652801855010135,False,2,False,0,rotator,pulsator,0.4.0
2,90770341,18,120,13250,0.783531219257974,,0.001969219631317661,False,0,False,0,quiet,quiet,0.4.0
2,91416826,18,120,14767,1.279948854446411,3.0457361630105417,0.30740586502195894,False,0,False,0,rotator,rotator,0.4.0
2,91416984,18,120,14771,0.8962469816207885,,0.025922829750364026,False,0,False,0,quiet,quiet,0.4.0
2,91417346,18,120,14769,0.8812241077423095,,0.022270743808233986,False,0,False,0,quiet,quiet,0.4.0
2,91436439,18,120,14772,2.5914457440376277,,0.014606449100461272,False,0,False,0,quiet,quiet,0.4.0
2,94279409,18,120,14398,55.13496174410099,,0.001603680719345045,False,0,False,0,variable,variable,0.4.0
2,94280898,18,120,14539,0.46173244714736933,,0.021880420943592483,False,0,False,0,quiet,quiet,0.4.0
2,94332869,18,120,14534,0.27774644361415163,,0.03860782327827724,False,0,False,0,quiet,quiet,0.4.0
2,94335354,18,120,14355,89.47040441036224,5.2964954195013805,0.3597447993665491,False,0,False,0,rotator,pulsator,0.4.0
2,94336955,18,120,14543,0.5607950448989868,,0.0037259928643670784,False,0,False,0,quiet,quiet,0.4.0
2,94337444,18,120,14411,3.739193308353424,4.862353063593522,0.3066650461598809,False,0,False,0,rotator,pulsator,0.4.0
2,94338101,18,120,14461,2.194753503799438,,0.01038030301094443,False,0,False,0,quiet,quiet,0.4.0
2,94339197,18,120,14539,0.6594157934188842,,0.09734708837261627,False,0,False,0,quiet,quiet,0.4.0
2,94339439,18,120,14480,1.5766947984695434,,0.010300784194551634,False,0,False,0,quiet,quiet,0.4.0
2,94367286,18,120,14481,5.200211977958679,1.9215947166072715,0.19191998165065333,False,4,False,0,flaring,flaring,0.4.0
2,94368565,18,120,14429,18.015960574150085,,0.03946513556917648,False,0,False,2,variable,eclipsing,0.4.0
2,94369231,18,120,14421,7.620750439167022,,0.002947857605180477,False,0,False,0,variable,variable,0.4.0
2,94369816,18,120,14408,16.263012117147444,6.14265455781223,0.5492659093017145,False,0,False,0,rotator,rotator,0.4.0
2,94371227,18,120,14545,3.095684087276459,9.768117937175397,0.33434838155751984,False,0,False,0,rotator,eclipsing,0.4.0
2,94371228,18,120,14536,5.351633869160231,9.768117881102018,0.1694413586930353,False,10,False,0,flaring,flaring,0.4.0
2,94372417,18,120,14539,0.7753570318222045,2.664030871574554,0.10497434395676847,False,0,False,0,rotator,rotator,0.4.0
2,94448299,18,120,14471,2.47576961517334,,0.004601569573135214,False,4,False,1,flaring,flaring,0.4.0
2,94448339,18,120,14465,3.2530707836151125,7.296565609840542,0.6458650176473384,False,0,False,0,rotator,pulsator,0.4.0
2,94448456,18,120,14541,0.8517085790634155,,0.00920927643413638,False,0,False,0,quiet,quiet,0.4.0
2,94449232,18,120,14436,25.51290637927689,,0.008285385826888926,False,2,False,0,variable,variable,0.4.0
2,94454896,18,120,14543,1.4473213434219359,5.096410669970203,0.3291900711550617,False,0,False,0,rotator,pulsator,0.4.0
2,94471007,18,120,14515,4.121569633483887,0.574594613479295,0.21130477184438698,False,0,False,0,rotator,pulsator,0.4.0
2,94471263,18,120,14542,0.530219046460447,,0.06863212399539916,False,0,False,0,quiet,quiet,0.4.0
2,94474202,18,120,14536,0.4774180948734283,,0.07239661954701025,False,0,False,0,quiet,quiet,0.4.0
2,94474326,18,120,14538,0.3644814421081973,,0.0154590793985478,False,0,False,0,quiet,quiet,0.4.0
2,94476279,18,120,14458,3.0188465058803557,,0.03389427502219215,False,0,False,0,quiet,quiet,0.4.0
2,94477760,18,120,14442,2.00007485151737,9.016729446301234,0.12240223030185536,False,0,False,0,rotator,rotator,0.4.0
2,94478586,18,120,14542,0.5199681603918027,,0.014408202217128385,False,0,False,0,quiet,quiet,0.4.0
2,94479398,18,120,14445,137.68269495964051,,0.009178774822899487,False,0,False,0,variable,variable,0.4.0
2,94540975,18,120,14438,2.581283211708069,,0.02123821486197521,False,0,False,0,quiet,quiet,0.4.0
2,94541010,18,120,14543,0.7985099315643309,,0.019095884926984146,False,0,False,0,quiet,quiet,0.4.0
2,94541786,18,120,14406,8.946872804965757,5.833438685128272,0.6274234148932841,False,3,False,0,flaring,flaring,0.4.0
2,94543325,18,120,14541,0.54206063747406,,0.004876789919483072,False,0,False,0,quiet,quiet,0.4.0
2,94545854,18,120,14425,1.71844003200531,,0.031427729629557984,False,1,False,0,quiet,quiet,0.4.0
2,94549493,18,120,14477,6.787334418296814,4.884063605603993,0.5598372714178234,False,5,False,0,flaring,flaring,0.4.0
2,94606831,18,120,14539,0.5500139236450196,,0.04124471997086775,False,0,False,0,quiet,quiet,0.4.0
2,94669595,18,120,14543,0.769347882270813,,0.019612665959492525,False,0,False,0,quiet,quiet,0.4.0
2,94669854,18,120,14463,2.6634671688079834,,0.009635714406011341,False,0,False,0,quiet,quiet,0.4.0
2,94724365,18,120,14540,0.5251378118991851,,0.013307954194760387,False,0,False,0,quiet,quiet,0.4.0
2,94725354,18,120,14543,0.7635154724121093,,0.02285375854113994,False,0,False,0,quiet,quiet,0.4.0
2,94725465,18,120,14541,0.5892501354217529,,0.052928501586010125,False,0,False,0,quiet,quiet,0.4.0
2,94725695,18,120,13503,9.467591857910156,,0.003956857653923991,False,0,False,0,variable,variable,0.4.0
